word	freq	syllables	flags	bucket	context
กษัตริย์	788	กะ-สัด	sound mismatch @1 (กษัต vs กะ)	REVIEW	วงศ์พงศ์กษัตริย์โองการตรัส
อนงค์	113	อะ-นง	syllable count differs (ssg 1 vs w2p 2)	REVIEW	ทรงเหล่าอนงค์สาวใช้ขึ้น
พฤฒา	107	พรึด-ทา	sound mismatch @1 (พฤ vs พรึด)	REVIEW	พวกเสวกาพฤฒามาตย์ไปบอก
พลขันธ์	107	พล-ละ-ขัน	syllable count differs (ssg 2 vs w2p 3)	REVIEW	มสั่งพหลพลขันธ์ให้ปลูกเป็
ว	105	ว		AUTO	บาทหลวงงกตกประหม
ตลบ	103	ตะ-หลบ	syllable count differs (ssg 1 vs w2p 2)	REVIEW	ื้นคลื่นตลบกระทบด้งกำ
เสาวคนธ์	94	เสา-วะ-คน	syllable count differs (ssg 2 vs w2p 3)	REVIEW	่หัวเจ้าเสาวคนธ์บ้างก็ไปคำ
ชนนี	77	ชน-นะ-นี	syllable count differs (ssg 2 vs w2p 3)	REVIEW	ล้วลานางชนนีจะไคลคลา¦เ
สกล	73	สะ-กล	syllable count differs (ssg 1 vs w2p 2)	REVIEW	ั่งพวกพลสกลไกรให้รีบไ
บทจร	69	บท-ทะ-จร	syllable count differs (ssg 2 vs w2p 3)	REVIEW	ั้งสามรถบทจรโดยวิถีพวก
ณรงค์	62	นะ-รง	syllable count differs (ssg 1 vs w2p 2)	REVIEW	อกประจญรณรงค์ให้งวยงงเม
พลากร	62	พะ-ลา-กร	syllable count differs (ssg 2 vs w2p 3)	REVIEW	ายจะขยายพลากรกลับเข้านอ
ร	61	ร		AUTO	ลวงงกตกประหม่าให้ล่
จัตุรงค์	58	จะ-ตุ-รง	syllable count differs (ssg 2 vs w2p 3)	REVIEW	พลขับพหลจัตุรงค์ทรงอาชา¦บา
ถนน	55	ถะ-หนน	syllable count differs (ssg 1 vs w2p 2)	REVIEW	่ห้อมตามถนนดูล้นเหลือ
สลบ	54	สะ-หลบ	syllable count differs (ssg 1 vs w2p 2)	REVIEW	หัวออกรบสลบนิ่งเหมือน
พลทหาร	52	พล-ทะ-หาน	syllable count differs (ssg 2 vs w2p 3)	REVIEW	ัดพวกพหลพลทหารไปต่อต้านด
สามกษัตริย์	47	สาม-กะ-สัด	sound mismatch @2 (กษัต vs กะ)	REVIEW	าตั้งที่สามกษัตริย์จัดประจงทั
บุษบง	46	บุด-สะ-บง	syllable count differs (ssg 2 vs w2p 3)	REVIEW	ะจากห้องบุษบงอย่าสงสัยพ
ศีรษะ	46	สี-สะ	sound mismatch @1 (ศีร vs สี)	REVIEW	พัฒน์ตัดศีรษะให้สมกะแค้
สนม	44	สะ-หนม	syllable count differs (ssg 1 vs w2p 2)	REVIEW	ทร์เกณฑ์สนมพอแสงทองส่
พระฤๅษี	42	พระ-รือ-สี		COMPOSED	านของตน¦พระฤๅษีชักเหตุเทศ
ธำมรงค์	42	ทำ-มะ-รง	syllable count differs (ssg 2 vs w2p 3)	REVIEW	ววาวเวหาธำมรงค์เรือนมณีศร
มร	41	มร		AUTO	ยระวังตามระบอบเร่งสอ
เก็จ	41	เก็จ		AUTO	งเขาแก้วเก็จเพชรน้ำค้า
นค	41	นะ-คะ		COMPOSED	งเสียงปืนครื้นเครงวั
ชลนา	41	ชน-ละ-นา	syllable count differs (ssg 2 vs w2p 3)	REVIEW	แกฟูมฟายชลนาให้อาวรณ์¦
จวนจะ	40	จวน-จะ	ssg splits more than override (3 vs 2)	REVIEW	พอสุริยาจวนจะลบภพไกรก็น
แล้	39	แล้		AUTO	ากนักหนาแล้วสุมให้เป็
บาทบงสุ์	39	บาด-บง	ssg splits more than override (3 vs 2)	REVIEW	ขอจงทราบบาทบงสุ์พระทรงชัยต
ไห	38	ไห		AUTO	งให้หวาดไหวไปทั้งตัว
บ่าย	38	บ่าย		AUTO	องตำราจนบ่ายแสงทินกรอา
ย่ำ	38	ย่ำ		AUTO	าตกพรำจนย่ำเย็น¦จนบ่า
ฝืน	38	ฝืน		AUTO	นแสงพลางฝืนองค์ทรงกำล
เยี่ยม	38	เยี่ยม		AUTO	อยากจะไปเยี่ยมเยือนเพื่อ
ทาน	38	ทาน		AUTO	ย่นไม่ทนทานพากันแตกกล
ซา	38	ซา		AUTO	ลุกขึ้นเซายังเมามัวก
ทา	38	ทา		AUTO	ให้คนตัดทางแยกห่างไป
ดื้อ	38	ดื้อ		AUTO	ซื่ออย่าดื้อดึงกูกับมึ
สรรพ์	38	สับ		AUTO	งทุกสิ่งสรรพ์กูสอนสั่งค
แขวง	38	แขวง		AUTO	งเกตแก่งแขวงมุ่งเอากรุ
นัค	38	นัค		AUTO	ไปรมจักรนัคเรศนางเทวษ
เก	38	เก		AUTO	ให้ขับพลเกือบจะถึงธา
นัด	38	นัด		AUTO	ำการไม่ถนัดยังขัดข้อง
ราว	38	ราว		AUTO	ว่างแผ้วราวกับเขียนวิ
กริช	38	กริช		AUTO	ือหอกตรีกริชปืนนับหมื่
ผาง	38	ผา-งะ		COMPOSED	ไปแกตบอกผางผางเป็นอย่
ปลง	38	ปะ-ลง		COMPOSED	ิตจะปลิดปลงได้อ้ายพวก
เสือก	38	เสือ-กะ		COMPOSED	รประนมกรเสือกเข้ายังฝั่
กรม	38	กะ-รม		COMPOSED	จอมจุลจักรมีศักดาทั้ง
ลาม	38	ลา-มะ		COMPOSED	คนมาล้นหลามขู่ค่ารามแ
กรู	37	กรู		AUTO	ลาสินธุ์กรูเข้าไปในด่
ซ่อน	37	ซ่อน		AUTO	สรเที่ยวซ่อนซอกตามโตรก
เหิน	37	เหิน		AUTO	ูงนกวิหคเหินกะเรียนร้อ
เต้น	37	เต้น		AUTO	หวออกโลดเต้นเข่นเขี้ยว
พลุ่ง	37	พลุ่ง		AUTO	รงก็โพลงพลุ่งเป็นเปลวฟุ
อย	37	อย		AUTO	ยับยั้งคอยฟังเขาแต่ต
คล้ำ	37	คล้ำ		AUTO	ฟ้าครึ้มคล้ำมัวทั่วทิศ
แบ่ง	37	แบ่ง		AUTO	ะแสร้งมาแบ่งปัน¦กูก็เป
เม	37	เม		AUTO	ีเพราะอีเมียแม้นกูได
เทว	37	เทด		AUTO	งศาสนาขอเทวาช่วยบำรุง
ม่าน	37	ม่าน		AUTO	ดาดเพดานม่านผูกทุกตำบล
ฝึก	37	ฝึก		AUTO	นนครเร่งฝึกสอนช้างม้า
เหลียว	37	เหลียว		AUTO	ดแท้จะแลเหลียวเพราะไม่เห
เยื้อน	37	เยื้อน		AUTO	ตรัสแย้มเยื้อนเอื้อนโองก
สบายใจ	37	สะ-บาย-ใจ		COMPOSED	ลนดับหายสบายใจ¦น้ำมันกรด
พยายาม	37	พะ-ยา-ยาม		COMPOSED	าเกรงขามพยายามเอาให้ได้ไ
หมาง	37	หะ-มา-งะ		COMPOSED	ิตไม่คิดหมางจึงอมเรศสา
โยม	37	โย-มะ		COMPOSED	ัวหวงเอาโยมนั่งจ๋อก้อ
แก่ง	37	แก่-งะ		COMPOSED	แม้พบพานแก่งเกาะแวะเสา
ผม	37	ผะ-มะ		COMPOSED	้าทาเผ้าผมใครเห็นชมร
ผ่า	36	ผ่า		AUTO	้ลังกาจะผ่าอกเอาใส่คร
สับ	36	สับ		AUTO	อาใส่ครกสับคั่วเช่นตั
ง่วง	36	ง่วง		AUTO	เห็นนั่งง่วงผินหลังเข้
อาบ	36	อาบ		AUTO	ให้คนกินอาบจงปราบปราม
กัด	36	กัด		AUTO	คลุกคลีสกัดตีแตกยับทั
ก้อน	36	ก้อน		AUTO	ช่ที¦เอาก้อนหินศิลาลงม
ยุทธ์	36	ยุด		AUTO	รับสัประยุทธ์โยนชุดไฟแต
โล	36	โล		AUTO	็นป้อมวงโล่ดั้งกำบัง
เต้า	36	เต้า		AUTO	ฐานจนลูกเต้าเผ่าพงศ์ทั
ผ่อง	36	ผ่อง		AUTO	แก้วค่อยผ่องแผ้วปรีดิ์
เชือก	36	เชือก		AUTO	่งโถงผูกเชือกเสาเพลาใบช
เบือน	36	เบือน		AUTO	ุมพิตนางเบือนบิดเหหันแล
แหน	36	แหน		AUTO	่าได้นึกแหนงระแวงวนคง
ต้าน	36	ต้าน		AUTO	หารไปต่อต้านดูฤทธิ์อย่
พับ	36	พับ		AUTO	ือแล้วก็พับประทับตราอ
มัด	36	มัด		AUTO	ตราเอามามัดแล้วรีบรัด
ผวา	36	ผะ-วา		COMPOSED	็นสุขลุกผวาได้ยินเสีย
พราก	36	พะ-รา-กะ		COMPOSED	ญแต่พลัดพรากจากพงศ์จาก
พร้อมพรัก	36	พร้อม-พรัก	ssg splits more than override (3 vs 2)	REVIEW	ณาจักรคนพร้อมพรักทั้งในไอศว
กรด	35	กรด		AUTO	อาน้ำมันกรดสาดฟาดเข้า
นั่น	35	นั่น		AUTO	้วยมรณังนั่นยังก่อนไม่
แห	35	แห		AUTO	่าได้นึกแหนงระแวงวนค
สันต์	35	สัน		AUTO	เปรมเกษมสันต์พลางแล่นลั
เที่ยง	35	เที่ยง		AUTO	ะแพ้เป็นเที่ยงแท้บุญเขาม
เทียบ	35	เทียบ		AUTO	เรียบประเทียบถวายพอรุ่ง
เหาะ	35	เหาะ		AUTO	นฤทธิ์มีเหาะได้ในเวหนถ
ห่ม	35	ห่ม		AUTO	บวนเรือแห่มาแออัดให้ต
สบ	35	สบ		AUTO	ลนดับหายสบายใจ¦น้ำมั
หาม	35	หา-มะ		COMPOSED	ั้งศิษย์หามาแข็งขัดเค
อาจ	35	อา-จะ		COMPOSED	นต์กูผู้อาจารย์¦เล่นอ
ปีก	35	ปี-กะ		COMPOSED	้แข็งขันปีกนกสับคาบศิ
นอบนบ	35	นอบ-นบ	sound mismatch @1 (นอ vs นอบ)	REVIEW	กรภพเข้านอบนบทูลองค์พระ
เสมียน	34	สะ-เหมียน	syllable count differs (ssg 1 vs w2p 2)	REVIEW	เสร็จให้เสมียนเขียนหนังส
ย้อย	34	ย้อย		AUTO	ล่องเปลวย้อยเป็นแท่งดั
สูง	34	สูง		AUTO	ข่งตะวันสูงชะงั่นเป็น
เปลี่ยว	34	เปลี่ยว		AUTO	ร้ายควายเปลี่ยวเที่ยวเลี้
เคลิ้ม	34	เคลิ้ม		AUTO	วศรีอย่าเคลิ้มไคล้ใช่อนง
เจียน	34	เจียน		AUTO	หันเหียนเจียนจะคว่ำแล้ว
เร้า	34	เร้า		AUTO	รตั้งโห่เร้าจะเอาชัย¦บ
ร่ม	34	ร่ม		AUTO	กพหลพลไพร่มิได้รู้ลงง
เฉื่อย	34	เฉื่อย		AUTO	มให้เย็นเฉื่อยแต่เรื่อยเ
ผิว	34	ผิว		AUTO	พานชราดูผิวหน้าแดงก่ำ
หมอก	34	หมอ-กะ		COMPOSED	ดูเหมือนหมอกหอบน้ำค้าง
สลด	34	สะ-ลด		COMPOSED	มองรันทดสลดลง¦สินสมุท
จม	34	จะ-มะ		COMPOSED	มายาเข้าจมูกทั้งลูกห
สละ	34	สะ-ละ		COMPOSED	งองค์ดาบสละเวงวัณฬารา
ถอนสมอ	34	ถอน-สะ-หมอ	sound mismatch @2 (สม vs สะ)	REVIEW	วสั่งให้ถอนสมออย่ารอรั้ง
รจนา	34	รด-จะ-นา	syllable count differs (ssg 2 vs w2p 3)	REVIEW	ึงพระโรงรจนามุกดาหารก็
เอ็ง	33	เอ็ง		AUTO	ไรเลยบุญเอ็งเคยได้บำรุ
ตับ	33	ตับ		AUTO	พลยิงปืนตับคาบชุดอาวุ
อิ่ม	33	อิ่ม		AUTO	ยบาทหลวงอิ่มใจดั่งได้แ
ชุบ	33	ชุบ		AUTO	ักมาช่วยชุบอุปถัมภ์เข
เจือ	33	เจือ		AUTO	้งกองหุงเจือจานใส่สารล
ป่วน	33	ป่วน		AUTO	าตันทั้งป่วนปั่นในนภาง
ด่วน	33	ด่วน		AUTO	่พอควรจะด่วนไป¦รับเสด็
สรรพ	33	สรรพ		AUTO	งทุกสิ่งสรรพ์กูสอนสั่ง
ลักษณ์	33	ลัก		AUTO	ึงพระไตรลักษณ์หักประหารก
หน่วง	33	หน่วง		AUTO	ต้องหนักหน่วงในอุระยังส
ทุ่ง	33	ทุ่ง		AUTO	มออกท้องทุ่งมุ่งข้ามพอ
คลอ	33	คลอ		AUTO	แม่น้ำลำคลองทั้งสองฟา
แพลง	33	แพลง		AUTO	ยท่าพลิกแพลงจะแย่งชิงท
ไข้	33	ไข้		AUTO	นไม่เจ็บไข้เลยนะวะเดช
จาม	33	จา-มะ		COMPOSED	ายพวกประจามิตรที่คิดค
ปลด	33	ปะ-ลด		COMPOSED	ายหมดไม่ปลดปลง¦ขุนนาง
กลม	33	กะ-ลม		COMPOSED	งข้อวิ่งกลมระดมยิงบาท
บ่วง	33	บ่-วง		COMPOSED	็เห็นว่าบ่วงน้อยจะคอยก
ปลุก	33	ปะ-ลุก		COMPOSED	พลางแล้วปลุกนุชบุษบงอน
ราง	33	รา-งะ		COMPOSED	้ทันรุ่งรางสว่างตาเอา
ขยับ	33	ขะ-ยับ		COMPOSED	ร้อมล้อมขยับจับพาชีเสี
ตูม	32	ตูม		AUTO	พหลเสียงตูมตึงผึงผางท
ปลิว	32	ปลิว		AUTO	เหมือนลมปลิวฉิวถึงมิทั
ชัง	32	ชัง		AUTO	ฝรั่งมันชังชิงเอายาทิ
คู	32	คู		AUTO	งนั่งคุดคู้เงี่ยแต่ห
ไก	32	ไก		AUTO	ซึ่งกรุงไกร¦แต่ป่างก
แพะ	32	แพะ		AUTO	ไก่เนื้อแพะแกะกระทิงข
เคล้น	32	เคล้น		AUTO	มาลัยพระเคล้นไคล้เคล้าพ
กราด	32	กราด		AUTO	อากาศพยุกราดปั่นป่วนให
ซัก	32	ซัก		AUTO	่ามไปถามซักก็รู้จักพู
ช่วง	32	ช่วง		AUTO	้เว้นชิงช่วงที่หวงหึงเ
เหม	32	เหมะ		AUTO	วนอนอ่อนเหมือนว่าตำรา
ฉีก	32	ฉีก		AUTO	ลสอนแล้วฉีกเสื้อเผาไฟ
จันทน์	32	จัน		AUTO	ระถินอินจันทน์ต้นคันทรงป
เผย	32	เผย		AUTO	นั่งพยักเผยอหยิ่งทุกส
ตาด	32	ตาด		AUTO	จียระบาดตาดปักเครื่อง
เรื่อย	32	เรื่อย		AUTO	เจื้อยระเรื่อยร้องประสาน
วัด	32	วัด		AUTO	ภพจบจังหวัดโองการตรัส
ล้ำ	32	ล้ำ		AUTO	้าครึ้มคล้ำมัวทั่วทิศ
แหวน	32	แหวน		AUTO	เสด็จใส่แหวนเพชรดูก็งา
ปู่	32	ปู่		AUTO	้วยมิใช่ปู่เจ้าเขาสิง
เหนื่อย	32	เหนื่อย		AUTO	าพอพักคนเหนื่อยอ่อนที่นอน
อัง	32	อัง		AUTO	ฆราชชาติอังกฤษกำเริบจ
ตรอม	32	ตะ-รอ-มะ		COMPOSED	ป็นทุกข์ตรอมจงอดออมเสี
หุน	32	หุ-นะ		COMPOSED	งขุ่นให้หุนหันเป็นไรม
ขว้าง	31	ขว้าง		AUTO	ศิลาลงมาขว้างโดยนภางค์เ
ลิบ	31	ลิบ		AUTO	ย์ที่ลอยลิบอย่าพะวงส่
ตบ	31	ตบ		AUTO	แถลงไปแกตบอกผางผางเป
ผึง	31	ผึง		AUTO	ยงตูมตึงผึงผางทางประจ
บุก	31	บุก		AUTO	ฝรั่งไล่บุกเข้าคลุกคล
ควบ	31	ควบ		AUTO	ัสไขขึ้นควบขับจับม้าร
ลัง	31	ลัง		AUTO	ม้นกูได้ลังกาจะผ่าอกเ
เว้น	31	เว้น		AUTO	ข็ญจะได้เว้นชิงช่วงที่
ศิล	31	ศิล		AUTO	าก้อนหินศิลาลงมาขว้าง
อิง	31	อิง		AUTO	งนอนนิ่งอิงหมอนถอนหาย
อับ	31	อับ		AUTO	พายุพยับอับฟ้าเวหาห้อ
เขน	31	เขน		AUTO	บนิ่งพิงเขนยตระกองเกย
พ่น	31	พ่น		AUTO	อุราแล้วพ่นพิษกรอกใส่
รุด	31	รุด		AUTO	้ศพแล้วทรุดนั่งข้างฟา
เงา	31	เงา		AUTO	ืดมิดบังเงาแม่เจ้าเอ๋
ฮือ	31	ฮือ		AUTO	ใจดั่งไฟฮือมันเล่าลือ
เด็ด	31	เด็ด		AUTO	บ้างเดินเด็ดดอกกลอยสอย
หวั่น	31	หวั่น		AUTO	กันเสียงหวั่นไหวฝ่ายพระ
เสียว	31	เสียว		AUTO	ัวเปียจนเสียวงศ์จะต้องล
กสิณ	31	กะ-สิ-นะ		COMPOSED	อย่างทางกสิณเป็นสุดสิ้
แกม	31	แก-มะ		COMPOSED	งคุ์แย้มแกมเกสรมะลุลี
ขจร	31	ขะ-จร		COMPOSED	วัลย์พันขจรที่ชะง่อนเ
สิงโต	31	สิ-งะ-โต		COMPOSED	ตะเคียน¦สิงโตเต้นเล่นหา
ชรา	31	ชะ-รา		COMPOSED	เป็นชาติชราไม่ฝ่าฝืนอ
ทรามสงวน	31	ทะ-รา-มะ-สะ-งะ-วน		COMPOSED	้าโฉมงามทรามสงวนนวลละอองอย
ทลาย	31	ทะ-ลาย		COMPOSED	มปรุทะลุทลาย¦ให้ยิงปืน
หลาก	31	หะ-ลาก		COMPOSED	เม็ดหลายหลากมากนักหนาแ
ปีน	31	ปี-นะ		COMPOSED	ยสิบเก้าปีนี้แล้วแต่แ
ขลัง	30	ขลัง		AUTO	คาถาวิชาขลังเป็นน้ำขัง
วะ	30	วะ		AUTO	บสารท้าววะลำสำปันหนา
เพศ	30	เพศ		AUTO	นเห็นผิดเพศเหตุไรไฉนห
กิ่ง	30	กิ่ง		AUTO	ับนิ่งบนกิ่งเกดฝูงโนเร
สด	30	สด		AUTO	าวคำร่ำแสดงให้แจ้งคว
แหลน	30	แหลน		AUTO	ะบองสั้นแหลนหลาวทั้งง้
เวร	30	เวร		AUTO	ไปบอกให้เวรนอกจัดหากะ
ชา	30	ชา		AUTO	านผู้บัญชา¦สั่งให้ตร
เงิน	30	เงิน		AUTO	สคงจะได้เงินทองของโตโต
เงาะ	30	เงาะ		AUTO	นเป็นแขกเงาะใส่เสื้อเก
ขรรค์	30	ขัน		AUTO	องทรงพระขรรค์อันศักดาที
ซื่อ	30	ซื่อ		AUTO	ียงสัตย์ซื่ออย่าดื้อดึ
เกิน	30	เกิน		AUTO	นแม้นบินเกินเวหนคนมักห
ไห้	30	ไห้		AUTO	ต่างร้องไห้ใจคอเพียงจ
หยอก	30	หยอก		AUTO	อเล่นนอกหยอกเอินพอเพลิ
สัจ	30	สัจ		AUTO	ูกยาเป็นสัจจาใจจริงทุ
ขยาย	30	ขะ-ยาย		COMPOSED	ยฝนหายจะขยายพลากรกลับเ
ตามเสด็จ	30	ตาม-สะ-เด็ด		COMPOSED	ธาสมาทานตามเสด็จพระมุนีฤๅษ
ดวงสมร	30	ดวง-สะ-หมอน		COMPOSED	ดพุ่มพวงดวงสมรแสนอาลัยไป
แสงสว่าง	30	แสง-สะ-หว่าง		COMPOSED	สุนีก้องแสงสว่างกระจ่างฉาย
ฉงน	30	ฉะ-งะ-นะ		COMPOSED	สดีใจไม่ฉงนอยากจะได้ห
ครุฑ	30	คะ-รุ-ทะ		COMPOSED	าคมนุษย์ครุฑาสุราลัยสุ
กรง	30	กร-งะ		COMPOSED	เองอย่าเกรงขามพยายามเ
หลัก	30	หะ-ลัก		COMPOSED	่องลายจำหลักปักกุณฑลมา
แคล้ว	29	แคล้ว		AUTO	อแล้วไม่แคล้วเลยแต่ป่าง
บก	29	บก		AUTO	อยบังลมโบกปัดจะพัดมา
สำ	29	สำ		AUTO	ไว้ชอบกลสำหรับคนล้าง
พุ่ม	29	พุ่ม		AUTO	ือนหนึ่งพุ่มไม้ไพรระหง
สูร	29	สูร		AUTO	นบดินทร์สูรองค์พระจอม
เรียบ	29	เรียบ		AUTO	จัดเรียงเรียบประเทียบถว
ร้าน	29	ร้าน		AUTO	ตึกกว้านร้านโรงก็โพลงพ
คล้อย	29	คล้อย		AUTO	่อนเดือนคล้อยจะลอยไปลับ
เจิม	29	เจิม		AUTO	่องเฉลิมเจิมขวัญสุพรรณ
ยัน	29	ยัน		AUTO	ุรุษสุดขยันเกณฑ์พหลพล
กว้าง	29	กว้าง		AUTO	ลออกทุ่งกว้างกลางย่านพ้
พิศ	29	พิศ		AUTO	เริญใจจะพิศไหนงามสิ้น
ภักดิ์	29	พัก		AUTO	ห้ด้วยใจภักดิ์เพราะความร
วี	29	วี		AUTO	้าเข้าราวีเร่งให้ตีก
ศอ	29	ศอ		AUTO	าศจะลีลาศออกไปจากไอศ
ปลอม	29	ปลอม		AUTO	ดอุบายจะปลอมเข้าเผาบุร
ฉาก	29	ฉาก		AUTO	ขึ้นไปบนฉากกั้นชั้นเฉ
พิ	29	พิ		AUTO	พัดมากับพิษยาโบกไปให
กุน	29	กุน		AUTO	เงาะเกาะกุนตั๋งเที่ยว
อันตราย	29	อัน-ตะ-ราย		COMPOSED	ยป้องกันอันตรายคิดถ่ายเทค
คล่อง	29	คะ-ล่อง		COMPOSED	ิใช่น้อยคล่องคอหอยคว้าใ
กลอก	29	กล-อก		COMPOSED	งสั่นรัวกลอกหัวหูให้หา
ออ	28	ออ		AUTO	ัวพองไม่ออกจากรถฝรั่
นา	28	นา		AUTO	ญพอฝนตกหนาวล้นเหลือท
สั้น	28	สั้น		AUTO	ชุดอาวุธสั้นเข้าโรมรัน
สะ	28	สะ		AUTO	ลพลฝรั่งสะพรั่งพร้อม
มาร	28	มาร		AUTO	าเจ้าคุณมาราชการสถานใ
ดอน	28	ดอน		AUTO	็นประหลาดอนาถนักแจ้งป
โขน	28	โขน		AUTO	นเขาเล่นโขนบ้างโลดเต้
บ้า	28	บ้า		AUTO	ขาดปะกันบ้างหันเหคลื่
พุ่ง	28	พุ่ง		AUTO	วยสมทบรบพุ่งยุ่งนักหนา
งอน	28	งอน		AUTO	ก็ไม่ง้องอนอย่าค่อนแค
ดาด	28	ดาด		AUTO	อกกลาดระดาดาษงอกงามตา
ธร	28	ธร		AUTO	ารากรศศิธรแจ่มกระจ่า
ก้าว	28	ก้าว		AUTO	ประการใดก้าวกุลามาลีศร
มีด	28	มีด		AUTO	ส้อมช้อนมีดสำหรับเชือ
แหลม	28	แหลม		AUTO	าชญ์ฉลาดแหลมมาหลอกกูผู
กึก	28	กึก		AUTO	าพวกโยธากึกก้องร้องตะ
เกราะ	28	เกราะ		AUTO	พิกันกันเกราะสะเดาดง¦ผล
นุ่ง	28	นุ่ง		AUTO	สีตากุ้งนุ่งโสร่งคาดตา
ส่าห์	28	ส่า		AUTO	กดาจงอุตส่าห์เคี่ยวขับค
สนุก	28	สะ-นุ-กะ		COMPOSED	กองทุกข์สนุกสนานฟังถ้อ
ส่องสว่าง	28	ส่อง-สะ-หว่าง		COMPOSED	พอแสงทองส่องสว่างน้ำค้างพรม
โปรดเกล้า	28	โปรด-เกล้า	ssg splits more than override (3 vs 2)	REVIEW	่านจงได้โปรดเกล้าแก่ท้าวเธอ
ค่า	27	ค่า		AUTO	ออกมานอกค่ายต่างเรียง
ลุย	27	ลุย		AUTO	ยวใจเข้าลุยไล่พวกฝรั่
โผง	27	โผง		AUTO	เสียงผึงโผงถูกซี่โครง
มาตย์	27	มาด		AUTO	กาศขุนอำมาตย์พร้อมพรั่ง
พิง	27	พิง		AUTO	หลับนิ่งพิงเขนยตระกอง
ซ้อง	27	ซ้อง		AUTO	องประสานซ้องก้องดงพลาง
ชู้	27	ชู้		AUTO	ามตะกลามชู้มันฆ่าคู่ท
พรรณ	27	พรรณ		AUTO	สงสุวรรณพรรณรายพลางถวา
ริ	27	ริ		AUTO	ิบสุรามารินกินคนเดีย
ช้ำ	27	ช้ำ		AUTO	นผู้เจ็บช้ำระส่ำระสาย
เผื่อ	27	เผื่อ		AUTO	จัดชำนาญเผื่อจะมีข้าศึก
ขำ	27	ขำ		AUTO	ียวเขียวขำดูอำไพมาพร
เริง	27	เริง		AUTO	ดคบเพลิงเริงแรงแสงสว่า
คลุ้ม	27	คลุ้ม		AUTO	ปราโมทย์คลุ้มคลั่งกำลัง
แทรก	27	แทรก		AUTO	แปลกเข้าแทรกแซมที่เขิง
ฟัด	27	ฟัด		AUTO	กกัดทั้งฟัดวีอ้ายโจรต
เล็ง	27	เล็ง		AUTO	ษฐาพระแลเล็งเพ่งพักตร์
รื้อ	27	รื้อ		AUTO	ถึงจะคิดรื้อถอนก้อนศิล
ไอ	27	ไอ		AUTO	่วไปทั้งไอศวรรย์แล้ว
หุ่น	27	หุ่น		AUTO	อญรำทั้งหุ่นจีนหุ่นไทย
เจน	27	เจน		AUTO	ดล้วนจัดเจนคนที่เกณฑ์
หวีด	27	หวีด		AUTO	พระยาปตาหวีดูท่วงทีเขา
ถม	27	ถะ-มะ		COMPOSED	ครื่องจมถมแผ่นสุธาวา
กวน	27	กะ-วน		COMPOSED	อนยาพลางกวนใส่ไว้เสร็
คั่ว	26	คั่ว		AUTO	ส่ครกสับคั่วเช่นตั้วเห
เซ	26	เซ		AUTO	วเปลคนก็เซซบเมาอดข้า
ย่าน	26	ย่าน		AUTO	ไวไวหวาอย่านิ่งช้าจะสว
ฉุน	26	ฉุน		AUTO	พิโรธให้ฉุนโกรธร้องไป
ถัง	26	ถัง		AUTO	พวกผีขี้ถังมาสั่งสอนจ
ครื้น	26	ครื้น		AUTO	เสียงปืนครื้นเครงวังเวง
ฝอย	26	ฝอย		AUTO	ปรอยตั้งฝอยฝนพนักงานค
เงื้อม	26	เงื้อม		AUTO	อนชะง่อนเงื้อมผาคูหาบรรพ
เอื้อน	26	เอื้อน		AUTO	่าขานจึงเอื้อนอรรถตรัสไป
ลาด	26	ลาด		AUTO	ู้กลตายกลาดดาษดาจะย้อ
หวิว	26	หวิว		AUTO	ิ่นรสจิตหวิวให้หิวโหยใ
พริ้ม	26	พริ้ม		AUTO	ทับทิมดูพริ้มพรายสังวาล
ผอม	26	ผอม		AUTO	ไปจนผ่ายผอมให้กายต้อง
ถีบ	26	ถีบ		AUTO	างกลางวิถีบาทหลวงว่าอ
ชิม	26	ชิม		AUTO	งหวังเชยชิมพออิ่มเอมต
ขบ	26	ขบ		AUTO	ณหาสดให้ขบถข้าศึกพลอ
เพลี่ยง	26	เพลี่ยง		AUTO	วียงอย่าเพลี่ยงพล้ำมันจะท
ครา	26	คะ-รา		COMPOSED	วรณ์พระเคราะห์จรเข้าซ
ชลธี	26	ชล-ธี		COMPOSED	ต่ทางท่าชลธีไม่มีใครจะ
แกง	26	แก-งะ		COMPOSED	ไก่พะแนงแกงเกาเหลาทั้
กรบ	26	กะ-รบ		COMPOSED	่โงหัวออกรบสลบนิ่งเหม
เอื้อนอรรถ	26	เอื้อ-อัด	sound mismatch @1 (เอื้อน vs เอื้อ)	REVIEW	่าขานจึงเอื้อนอรรถตรัสไปว่าใ
บรมนาถ	26	บอ-รม-มะ-นาด	syllable count differs (ssg 2 vs w2p 4)	REVIEW	ำรงราชย์บรมนาถถามในพระทั
ยุ่ง	25	ยุ่ง		AUTO	ทบรบพุ่งยุ่งนักหนาบังเ
ยัก	25	ยัก		AUTO	พไทยอ้ายยักษ์หมีเห็นค
ฟุ้ง	25	ฟุ้ง		AUTO	เป็นเปลวฟุ้งคงถูกกระดู
รวม	25	รวม		AUTO	ระการ¦สำรวมจิตกิจอย่า
ย่า	25	ย่า		AUTO	ปกับเราอย่าเพ่อเอากอง
หวาด	25	หวาด		AUTO	นหมองให้หวาดไหวไปทั้งต
โอร	25	โอร		AUTO	์สามองค์โอรสากับไทท้า
หนู	25	หนู		AUTO	หน้าเป็นหนูมันละเลยเฉ
เมื่อย	25	เมื่อย		AUTO	ยอุราที่เมื่อยมาค่อยเป็น
ยอบ	25	ยอบ		AUTO	นถึงหมอบยอบองค์ลงอภิว
เก๋ง	25	เก๋ง		AUTO	วหยุดพักเก๋งทองอันผ่อง
รด	25	รด		AUTO	าน้ำมันกรดสาดฟาดเข้า
โอษฐ์	25	โอด		AUTO	ึงเอื้อนโอษฐ์ไปแจ้งเหตุ
หิว	25	หิว		AUTO	ยาปลิวคนหิวโหยกระทบกล
ฉ่ำ	25	ฉ่ำ		AUTO	ดก่อเย็นฉ่ำจะทำเข็ญหร
หีบ	25	หีบ		AUTO	าสัยทั้งหีบหมากนากทอง
ทรุด	25	ทรุด		AUTO	ล้ศพแล้วทรุดนั่งข้างฟา
ราบ	25	ราบ		AUTO	ามครั้นทราบความสั่งพห
คะ	25	คะ		AUTO	ในจิตคิดคะนึง¦ฝ่ายพว
ตัง	25	ตัง		AUTO	ตจึ่งติดตังมันไม่ฟังค
แพ	24	แพ		AUTO	ารรบเรือแพจงแก้ไขให้
ห่อ	24	ห่อ		AUTO	ฝรั่งรับห่อยาพากันอ้อ
เหยียบ	24	เหยียบ		AUTO	ียบกระทาเหยียบกิ่งกระถิน
แย้ม	24	แย้ม		AUTO	ประยงคุ์แย้มแกมเกสรมะล
ทิว	24	ทิว		AUTO	นถึงเจ็ดทิวาตาจะบอดไห
ปล้ำ	24	ปล้ำ		AUTO	ดื้อเข้าปล้ำต้องเอาน้ำ
อวด	24	อวด		AUTO	มันองอาจอวดตัวชั่วนัก
คว่ำ	24	คว่ำ		AUTO	งเพียงจะคว่ำทุกเถื่อนถ
วรรณ	24	วรรณ		AUTO	งไขศรีสุวรรณนิ่งอึ้งตะ
วิ	24	วิ		AUTO	่วมจิตชีวิตเดียว¦แกจ
วาว	24	วาว		AUTO	จะสิ้นชีวาวันพลางรำพั
โมง	24	โมง		AUTO	ำราพอสี่โมงแปดบาทให้ฆ
ตื้น	24	ตื้น		AUTO	้าศึกอันตื้นลึกเล่าให้
ทร	24	ทร		AUTO	กายไปหาดทรายเต็มกลัว
ทัด	24	ทัด		AUTO	อนผันสันทัดได้หัดปรือ
ปด	24	ปด		AUTO	คนสอดลงไปดูหมู่พหลฟั
พรั่ง	24	พรั่ง		AUTO	ตย์พร้อมพรั่งทั้งพหลพอส
ลอด	24	ลอด		AUTO	วิ่งเล็ดลอดออกมาหาที่
แหวก	24	แหวก		AUTO	งสมรแล้วแหวกว่ายสาคโรช
สึก	24	สึก		AUTO	ไรไม่รู้สึกทรวงสะทึกถ
นภา	24	นะ-ภา		COMPOSED	ขว้างโดยนภางค์เมฆาเวห
ยาง	24	ยา-งะ		COMPOSED	ป็นทิวไปยางพะยอมค้อมค
พยุ	24	พะ-ยุ		COMPOSED	นสนั่นไปพยุใหญ่พัดมาใ
ใคร่รู้	24	ใคร่-รู้		COMPOSED	ย่างไรจะใคร่รู้เรียกให้ผู
สลัด	24	สะ-ลัด		COMPOSED	ทองกล้องสลัดใส่หมวกปัส
ตีน	24	ตี-นะ		COMPOSED	ัดแวงเอาตีนเหยียบปากก
อางขนาง	24	อา-งะ-ขะ-นาง		COMPOSED	าอย่าได้อางขนางแหนงคนที่ร
พจนารถ	24	พด-จะ-นาด	syllable count differs (ssg 2 vs w2p 3)	REVIEW	งดาบสรับพจนารถรู้ว่าญาติ
หลุด	23	หลุด		AUTO	จุดตีให้หลุดแหกเข้าด่า
แหก	23	แหก		AUTO	ีให้หลุดแหกเข้าด่านชา
ปลิด	23	ปลิด		AUTO	บชีวิตจะปลิดปลงได้อ้าย
ช้อน	23	ช้อน		AUTO	ระกองเกยช้อนเศียรแล้วร
กวาด	23	กวาด		AUTO	ย์จงแผ้วกวาดจัดแจงแต่ง
งา	23	งา		AUTO	ดมิดบังเงาแม่เจ้าเอ๋
เหว	23	เหด		AUTO	มห้วยธารเหวผาคูหาบรรพ
พรรณราย	23	พัน-นะ-ราย	syllable count differs (ssg 2 vs w2p 3)	REVIEW	สงสุวรรณพรรณรายพลางถวายน้
ทุ่ม	23	ทุ่ม		AUTO	กษ์ดีสี่ทุ่มจึงจะยกกระ
ฉาว	23	ฉาว		AUTO	นถึงวุ่นฉาวจงช่วยกันแ
นอง	23	นอง		AUTO	วามตามทำนองมันตรึกตรอ
เม็ด	23	เม็ด		AUTO	าเสร็จกลเม็ดหลายหลากมา
หน่อย	23	หน่อย		AUTO	นข้าวพองหน่อยก็ท้องค้ำห
แผน	23	แผน		AUTO	ียบไปตามแผนแสนสำราญข้
วอ	23	วอ		AUTO	ยไม่โงหัวออกรบสลบนิ่
เบิก	23	เบิก		AUTO	นธการไม่เบิกบานแจ่มแจ้
บิด	23	บิด		AUTO	ังกฤษมันบิดเบี้ยวจะขั
กุฏิ์	23	กุ		AUTO	หนออกจากกุฏิ์เดินตรงไปส
พราว	23	พราว		AUTO	ล้วนเพชรพราวจอมสาวสาวเ
ค้น	23	ค้น		AUTO	บแทนที่แค้นเคืองให้ลื
วก	23	วก		AUTO	รีบเร่งพวกพหลพลนิกาย
เตียน	23	เตียน		AUTO	ดเสียให้เตียนที่เสี้ยนห
นาค	23	นาค		AUTO	ไว้แน่นหนาคอยบังลมโบก
เทพ	23	เทพ		AUTO	งไม่ม้วยเทพเข้าช่วยจะ
เล็บ	23	เล็บ		AUTO	ษพอสะกิดเล็บกระทั่งถึง
หมี	23	หะ-มี		COMPOSED	้ายยักษ์หมีเห็นคนมาล้
หนำ	23	หะ-นำ		COMPOSED	รั้นอิ่มหนำพร่ำว่าด้ว
ควาย	23	คะ-วาย		COMPOSED	งแรดร้ายควายเปลี่ยวเที
แผ้ว	22	แผ้ว		AUTO	ล้วสว่างแผ้วราวกับเขีย
เฮ้ย	22	เฮ้		AUTO	วงว่าฮ้าเฮ้ยออศิษย์หาก
ชุด	22	ชุด		AUTO	ืนตับคาบชุดอาวุธสั้นเ
ปราชญ์	22	ปราด		AUTO	ิดมาเป็นปราชญ์ฉลาดครันเห
ด้น	22	ด้น		AUTO	มึงอย่าได้นึกแหนงระแว
ปวด	22	ปวด		AUTO	ภัยเจ็คบปวดทุกหมวดกอง
แสร้ง	22	แสร้ง		AUTO	ว้หรือจะแสร้งมาแบ่งปัน¦
ถ้อย	22	ถ้อย		AUTO	กสนานฟังถ้อยคำสามีปรีช
คุ้ม	22	คุ้ม		AUTO	ะได้ช่วยคุ้มภัยสิ่งใดม
นิ้ว	22	นิ้ว		AUTO	สนองเปิดนิ้วดังวังเวงเ
เกียน	22	เกียน		AUTO	นตามเกาะเกียนไม่รู้แห่ง
เกือบ	22	เกือบ		AUTO	ให้ขับพลเกือบจะถึงธารท่
งาน	22	งาน		AUTO	ีแสงพนักงานสารพัดมาจั
โปรย	22	โปรย		AUTO	ละอองอาบโปรยปรอยตั้งฝอ
ล	22	ล		AUTO	บาทหลวงงกตกประห
เสื่อม	22	เสื่อม		AUTO	วังจะให้เสื่อมสว่างทางวิ
มอบ	22	มอบ		AUTO	เขาบ้างหมอบเจ่าคุดคู้
แรก	22	แรก		AUTO	กตั้งแต่แรกเจ้าแผ่นดิ
พาด	22	พาด		AUTO	็มต่อบูรพาดูท่าทาง¦พว
ผืน	22	ผืน		AUTO	ำมันคนละผืนตั้งรายเป็
โซ่	22	โซ่		AUTO	ารโจนโยนโซ่เอาขอสับพว
จ่าย	22	จ่าย		AUTO	ิลคอยจับจ่ายเครื่องเสบ
นาด	22	นาด		AUTO	ใจ¦พวกเสนาดาบสที่บวชใ
ลิ	22	ลิ		AUTO	ย์ที่ลอยลิบอย่าพะวงส
ต้ม	22	ต้ม		AUTO	่ทั้งไข่ต้มเอาน้ำส้มร
แป้ง	22	แป้ง		AUTO	น์กระแจะแป้งล้วนเครื่อ
รวด	22	รวด		AUTO	วากหนามกรวดทรายเอาราย
จีบ	22	จีบ		AUTO	าอ้ายกากจีบปากพูดนั่ง
เดือด	22	เดือด		AUTO	็นทุกขังเดือดร้อนควรผ่อ
ซูบ	22	ซูบ		AUTO	โศกรูปจนซูบผอมทุกเช้า
วาน	22	วา-นะ		COMPOSED	เป็ดไก่หวานคาวกับข้าว
สิง	22	สิ-งะ		COMPOSED	นเจ้าชาวสิงหลมึงอย่าไ
สยาม	22	สะ-ยาม		COMPOSED	งศ์ไทยในสยามทั้งพูดจาห
สรงสนาน	22	สง-สะ-นาน		COMPOSED	แต่งองค์สรงสนานออกจากด่าน
พจมาน	22	พะ-จะ-มา-นะ		COMPOSED	งมีมธุรสพจมานก่อรำคาญใจ
หมาก	22	หะ-มาก		COMPOSED	นโลโภโมโหมากดีฝีปากเขา
ชนก	22	ชะ-นก		COMPOSED	าองค์พระชนกชนนีพระฤๅษ
แผลง	22	แผล-งะ		COMPOSED	กศิษย์กูแผลงฤทธิ์ขึ้นจ
พิศวง	22	พิด-สะ-หวง	syllable count differs (ssg 2 vs w2p 3)	REVIEW	อาดวงจิตพิศวงทั้งพี่เลี
สกนธ์	22	สะ-กน	syllable count differs (ssg 1 vs w2p 2)	REVIEW	งตัวทั่วสกนธ์¦เหมือนสัง
รณรงค์	22	รน-นะ-รง	syllable count differs (ssg 2 vs w2p 3)	REVIEW	ออกประจญรณรงค์ให้งวยงงเม
หาด	21	หาด		AUTO	ลนิกายไปหาดทรายเต็มกล
ฟาก	21	ฟาก		AUTO	งทั้งสองฟากถึงจะอยากก
เพียร	21	เพียร		AUTO	นค่อยพากเพียรตามระบอบที
ป่วย	21	ป่วย		AUTO	ลามีโรคาป่วยบ้างหรืออย
ลิ้น	21	ลิ้น		AUTO	วทำไกใส่ลิ้นเมื่อลมหวน
บ	21	บ		AUTO	บาทหลวงงกตก
เจ๊ก	21	เจ๊ก		AUTO	หลอกเด็กเจ๊กคนโซ¦ฝ่ายพ
เกือก	21	เกือก		AUTO	อกถอดเอาเกือกตีผึงมึงแล
เชือน	21	เชือน		AUTO	ขอแลทำแชเชือน¦คนที่มาว่
ฟอง	21	ฟอง		AUTO	ี่ย่อมมีฟองกระทบต้องล
ซุ่ม	21	ซุ่ม		AUTO	ีไม่ต้องซุ่มเดินคลุมหั
ห้อย	21	ห้อย		AUTO	ราจะกู้ให้อยู่เย็น¦ขออ
ราชย์	21	ราด		AUTO	วงศ์ดำรงราชย์บรมนาถถามใ
ฟอน	21	ฟอน		AUTO	นบ้างฟันฟอนกันตายลงหล
แนว	21	แนว		AUTO	ไปตามแถวแนวอรัญ¦ฝูงนก
มุด	21	มุด		AUTO	ม่ได้ตัวมุดแต่หัวกินป
แกล	21	แกน		AUTO	จียวเป็ดแกล้มหมูแนมญว
คาบ	21	คาบ		AUTO	ิงปืนตับคาบชุดอาวุธสั
พรำ	21	พะ-รำ		COMPOSED	ยจึงมาตกพรำจนย่ำเย็น¦
พร่ำ	21	พะ-ร่ำ		COMPOSED	นอิ่มหนำพร่ำว่าด้วยวาจ
หนาม	21	หะ-นาม		COMPOSED	ทั้งขวากหนามกรวดทรายเอ
รับเสด็จ	21	รับ-สะ-เด็ด		COMPOSED	็ไปคำนับรับเสด็จพร้อมกันเส
ขนม	21	ขะ-นม		COMPOSED	เหล้าส้มขนมผิงอีกเป็ด
ขนาน	21	ขะ-นาน		COMPOSED	ดูตำรายาขนานจำจะแก้อ้า
คม	21	คะ-มะ		COMPOSED	มมันประโคมเป่าลงเป็น
ครวญคร่ำ	21	ครวน-คะ-ร่ำ		COMPOSED	าโยมอย่าครวญคร่ำกำสรดสลดนั
ขบถ	21	ขะ-บด	syllable count differs (ssg 1 vs w2p 2)	REVIEW	ณหาสดให้ขบถข้าศึกพลอย
มอดม้วย	21	มอด-ม้วย	sound mismatch @1 (มอ vs มอด)	REVIEW	ถบทจร¦จะมอดม้วยลงด้วยทุกข
สนิทสนม	21	สะ-หนิด-สะ-หนม	syllable count differs (ssg 2 vs w2p 4)	REVIEW	าดเชยชิดสนิทสนมนึกในใจอ้า
กัก	20	กัก		AUTO	ู่เขตคันกักทางไว้ข้าง
รี่	20	รี่		AUTO	รีชวนกันรี่เร็วไปแล้ว
ขันธ์	20	ขัน		AUTO	ั่งพหลพลขันธ์ให้ปลูกเป็
เปลว	20	เปลว		AUTO	ที่ปล่องเปลวย้อยเป็นแท
ซอก	20	ซอก		AUTO	อกงามตามซอกผาไม้รวกรา
หยาบ	20	หยาบ		AUTO	่ทิ้งเพศหยาบก็บาปกรรมแ
เล็ม	20	เล็ม		AUTO	นอนกลิ้งเล็มหญ้าเป็นอา
เห	20	เห		AUTO	เช่นตั้วเหียถึงอ้ายผ
งู	20	งู		AUTO	ยบเหมือนงูเข้าสู้หมอ
ก่าย	20	ก่าย		AUTO	ฟันตายลงก่ายกองแย่งเอา
ริบ	20	ริบ		AUTO	ังกฤษกำเริบจิตปรีดิ์เ
แย้ง	20	แย้ง		AUTO	ับรอบยิงแย้งให้แข็งขัน
ฟูก	20	ฟูก		AUTO	้นอนทั้งฟูกหมอนโยนไปใ
มรณ์	20	มอน		AUTO	รถึงม้วยมรณ์จะได้สุขพ้
ป้า	20	ป้า		AUTO	ม่พ่อน้าป้าอัชฌาสัยเร
เปล่ง	20	เปล่ง		AUTO	ฟโหมแล้วเปล่งแสงโชติช่ว
แขน	20	แขน		AUTO	้างขาหักแขนขาดกระจัดก
ปลอด	20	ปลอด		AUTO	มันพอให้ปลอดรอดชีวัง¦เ
ด้าน	20	ด้าน		AUTO	ทั้งดื้อด้านอวดอิทธิ์ฤ
ซื้อ	20	ซื้อ		AUTO	ีวันมาขอซื้อข้าวปลากระ
เลิศ	20	เลิศ		AUTO	ทรงภพอันเลิศลบธิบดินทร
ข่วน	20	ข่วน		AUTO	บหักเข้าข่วนผลักเพื่อน
โดน	20	โดน		AUTO	ุดสะเด่าโดนก้อนสิงขรข
โน่น	20	โน่น		AUTO	ทั้งนั้นโน่นกำปั่นแล่น
มหาศาล	20	มะ-หา-สาน		COMPOSED	ณฑ์ลังกามหาศาลเห็นจะตั้ง
พนม	20	พะ-นม		COMPOSED	ก้องระงมพนมเนินพระฟัง
จาน	20	จา-นะ		COMPOSED	งหุงเจือจานใส่สารลงคร
รอม	20	รอ-มะ		COMPOSED	นิกายรวมรอมให้พร้อมกั
ราชาวดี	20	รา-ชาว-ดี		COMPOSED	รั่งลงยาราชาวดีใส่เสื้อสี
ผลัด	20	ผะ-ลัด		COMPOSED	โขมพัตถ์ผลัดเสร็จสำเร็
สมาน	20	สะ-มา-นะ		COMPOSED	นทะยานไปสมานบุษบงเที่ย
ลาง	20	ลา-งะ		COMPOSED	งหัวพองพลางก็ร้องเร่ง
พร้อง	20	พะ-ร้อง		COMPOSED	างคนร้องพร้องเพราะเสนาะ
เกลือก	20	เกลือ-กะ		COMPOSED	ลาดกลิ้งเกลือกเสลือกสลนพ
บทมาลย์	20	บด-ทะ-มาน	syllable count differs (ssg 2 vs w2p 3)	REVIEW	ราบประณตบทมาลย์เชิญพระผ่า
สนทนา	20	สน-ทะ-นา	syllable count differs (ssg 2 vs w2p 3)	REVIEW	ระเจ้าอาสนทนากันไปพอใจค
ควัก	19	ควัก		AUTO	ันไล่โจนควักเอาโคลนดับ
บาง	19	บาง		AUTO	าในวารินบางโดดดิ้นตาย
เอะ	19	เอะ		AUTO	งตบอกผางเอะอย่างนี้อ้
เพ็ง	19	เพ็ง		AUTO	ดเคร่งบำเพ็งเพียร¦ตั้ง
ย	19	ย		AUTO	ล่าทัพจะย้อนกลับไปไ
ฉาด	19	ฉาด		AUTO	ลาดกระทบฉาดแตกดังเสีย
ด	19	ด		AUTO	ับไปไม่ได้ดั่งใจหมา
เมรุ	19	เมรุ		AUTO	ป¦เขาพระเมรุเอนเอียงเพ
เทศ	19	เทศ		AUTO	นเกาะประเทศเขตลังกาอย
โถง	19	โถง		AUTO	์ที่นั่งโถงผูกเชือกเส
ลัย	19	ลัย		AUTO	พระทัยอาลัยหลงพ่อดับส
ทบ	19	ทบ		AUTO	ระแทกกระทบไหวดั่งไกว
ด้าว	19	ด้าว		AUTO	ทท้าวทุกด้าวแดนเอาให้แ
วาบ	19	วาบ		AUTO	หัตพอฟ้าวาบปลาบแปลบแฉ
โครม	19	โครม		AUTO	สียงครึกโครมพอลมล่องกอ
เกลียด	19	เกลียด		AUTO	ยาว่าข้าเกลียดขี้เกียจกล
ธูป	19	ธูป		AUTO	ลัน¦เห็นธูปเทียนรุ่งเ
คึก	19	คึก		AUTO	ช่วยปราบคึกคงสมนึกดับ
แผง	19	แผง		AUTO	ลำทำเป็นแผงเอาแฝกคามา
เฟือน	19	เฟือน		AUTO	ี่ยวฟั่นเฟือนเหมือนกับเ
พอล	19	พอล		AUTO	ครึกโครมพอลมล่องกองยา
แพร่ง	19	แพร่ง		AUTO	งแถลงไม่แพร่งพรายเราดูส
คาม	19	คาม		AUTO	มเข้าเขตคามนคราเมืองป
โขด	19	โขด		AUTO	สามโยชน์โขดไศลออกน้ำล
เครือ	19	เครือ		AUTO	านในว่านเครือ¦เวลานั้นพ
โศกี	19	โสกี		AUTO	นองค์ทรงโศกีจะหาไหนได้
เถียง	19	เถียง		AUTO	เต้นทุ่มเถียงเสียงขรมบ้
ค้อน	19	ค้อน		AUTO	ำเลืองแลค้อนควักพะวักพ
งก	19	งะ-กะ		COMPOSED	บาทหลวงงกตกประหม่าใ
ข้อง	19	ข้อ-งะ		COMPOSED	พัดจะขัดข้องทั้งพวกพ้อ
ดาษ	19	ดา-สะ		COMPOSED	ลตายกลาดดาษดาจะย้อนทั
สุก	19	สุ-กะ		COMPOSED	้แต่ข้าวสุกคลุกปลาย่า
พลาม	19	พะ-ลา-มะ		COMPOSED	เพชรเพราพลามล้วนน้ำเหล
หวาย	19	หะ-วาย		COMPOSED	ยเอาบ่วงหวายผูกปากลากเ
กลาย	19	กะ-ลาย		COMPOSED	วหวานหายกลายเป็นขมผู้ท
พจนา	19	พด-จะ-นา	syllable count differs (ssg 2 vs w2p 3)	REVIEW	งดาบสรับพจนารถรู้ว่าญา
กลอน	18	กลอน		AUTO	ทวากล่าวกลอนสุนทรถามจึ
อัด	18	อัด		AUTO	ัฒน์ยิ่งอัดทรวง¦อาจาร
ฉิว	18	ฉิว		AUTO	อนลมปลิวฉิวถึงมิทันช้
ลุ	18	ลุ		AUTO	ุดตีให้หลุดแหกเข้าด่
ซาก	18	ซาก		AUTO	บกกระบากซากซึกมะสังไท
ไทร	18	ไทร		AUTO	ซึกมะสังไทรทั้งกรดไกร
กว้าน	18	กว้าน		AUTO	ลวถูกตึกกว้านร้านโรงก็โ
กึ่ง	18	กึ่ง		AUTO	สักครึ่งกึ่งสถานกูก็ไม
เพิ่ม	18	เพิ่ม		AUTO	่าหาญฮึกเพิ่มเชื้อให้เห
แหงน	18	แหนง		AUTO	นั่งแค้นแหงนดูหน้าแกร้
นทร์	18	นด		AUTO	าทิตย์จันทร์มิได้เห็นเ
เถือ	18	เถือ		AUTO	แพะเนื้อเถือลงไว้แวะเข
ปาน	18	ปาน		AUTO	ะใจใครจะปานแล้วสั่งให
ตริ	18	ตริ		AUTO	์พงศ์กษัตริย์โองการตร
ลิง	18	ลิง		AUTO	ือนดับเพลิงหัวลมระดมเ
อิน	18	อิน		AUTO	่มกระถินอินจันทน์ต้นค
อวย	18	อวย		AUTO	วพระองค์อวยสวัสดิ์พิพ
ย้าย	18	ย้าย		AUTO	่ครวญยักย้ายหลายประการ
หัต	18	หัต		AUTO	ข์ยังพระหัตถ์หน่อกษัต
ยิน	18	ยิน		AUTO	หลวงเห็นยินดีเป็นที่ย
เจาะ	18	เจาะ		AUTO	นับหมื่นเจาะช่องปืนไว้
คุ้ง	18	คุ้ง		AUTO	แล่นล่วงคุ้งแควพอแลเห็
ชุ่ม	18	ชุ่ม		AUTO	ะทดเหื่อชุ่มทุกขุมขนลม
ห่า	18	ห่า		AUTO	ัดทางแยกห่างไป¦แต่ครั
ร่อน	18	ร่อน		AUTO	ก็รีบรัดร่อนราหาอาหารข
ฟูม	18	ฟูม		AUTO	สียดายแกฟูมฟายชลนาให้
บุ	18	บุ		AUTO	กระไรเลยบุญเอ็งเคยได
ผาด	18	ผาด		AUTO	ชสุดสวาทผาดผยองเป็นจน
ปลื้ม	18	ปลื้ม		AUTO	ยิ่งปลาบปลื้มลืมภาวนานั
นวด	18	นวด		AUTO	ขึ้นสาวหนวดทั้งอวดอ้า
ฉะ	18	ฉะ		AUTO	ครวญป่านฉะนี้เนื้อเย
เป็นเจ้าของ	18	เป็น-เจ้า-ของ		COMPOSED	ึงว่าพระเป็นเจ้าของเราเอ๋ยไม่
สมา	18	สะ-มา		COMPOSED	มีศรัทธาสมาทาน¦เทศนาส
สงวน	18	สะ-งะ-วน		COMPOSED	มงามทรามสงวนนวลละอองอย
มอด	18	มะ-อด		COMPOSED	าถึงม้วยมอดวอดวายจะตา
กรี	18	กะ-รี		COMPOSED	้วดุดันเกรี้ยวกราดตวา
พระสังฆราช	18	พระ-สัง-คะ-ราด		COMPOSED	ญ่จัดให้พระสังฆราชกับพวกบาทห
อลงกรณ์	18	อะ-ลง-กอน	syllable count differs (ssg 2 vs w2p 3)	REVIEW	แต่งองค์อลงกรณ์¦พี่จะไปเม
หาว	17	หาว		AUTO	บอกหูให้หาวนอนอ่อนเหม
เพ้อ	17	เพ้อ		AUTO	หาวเรอกะเพ้อกะพกความวิ
เกลื่อน	17	เกลื่อน		AUTO	้งอยู่ดูเกลื่อนค่ายด้วยฤท
โลภ	17	โลภ		AUTO	ารถนาไม่โลภหลงปลงขันธ
คา	17	คา		AUTO	ดไก่หวานคาวกับข้าวเห
เพท	17	เพท		AUTO	ยเวทข้างเพทไสยเป็นศึก
โง่	17	โง่		AUTO	ามไฉนหนอโง่นักอ้ายยัก
แข	17	แข		AUTO	ิษย์หามาแข็งขัดเคือง
อื้อ	17	อื้อ		AUTO	าโห่ร้องอื้ออึงคะนึงไป
พร้า	17	พร้า		AUTO	นายเหน็บพร้าพรายเดินหล
หยด	17	หยด		AUTO	ใจน้ำลายหยดลุกขึ้นหมด
เด่น	17	เด่น		AUTO	เผ่นขึ้นเด่นตรง¦พอเดือ
เต่ง	17	เต่ง		AUTO	รัดเคร่งเต่งพระทรวง¦นา
ร่วง	17	ร่วง		AUTO	ดวงจนโรยร่วงเรณูฟูกระจ
สอย	17	สอย		AUTO	นเนินไสลสอยมะม่วงพวงส
ยื่น	17	ยื่น		AUTO	าฉานแล้วยื่นหัตถ์น้อมค
เสาร์	17	เสา		AUTO	ากรณ์พระเสาร์จรมาเป็นที
นัยน์	17	ไน		AUTO	ด้ฟังว่านัยน์ตาเขียวแกโ
ฟุบ	17	ฟุบ		AUTO	หล่นลงมาฟุบตามหุบหินก
เลี่ยน	17	เลี่ยน		AUTO	าดที่ลาดเลี่ยนตามแผนเขีย
มะ	17	มะ		AUTO	มแกมเกสรมะลุลีมะลิวั
มิด	17	มิด		AUTO	ดช่างมืดมิดบังเงาแม่เ
เซ็น	17	เซ็น		AUTO	่าวเมืองเซ็น¦อาญาสิทธิ
เลื่อม	17	เลื่อม		AUTO	ดระดาดาษเลื่อมลายพรอยพรา
รอย	17	รอย		AUTO	ว่างสิงขรอยากจะไปเยี่
แดด	17	แดด		AUTO	นางอาดูรแดดาลสงสารวงศ
เกน	17	เกน		AUTO	เสียงออกเกนในบริเวณรา
น้าว	17	น้าว		AUTO	งแกเห็นหน้าวายุพัฒน์ให
ยาตร	17	ยาตร		AUTO	าศจึ่งจะยาตราทัพขับพหล
เลียม	17	เลียม		AUTO	หม้ดังไฟเลียมาหาเมียเสี
พอง	17	พอ-งะ		COMPOSED	วหนังหัวพองไม่ออกจากร
เสาวรส	17	เสา-วร-สะ		COMPOSED	งนงเยาว์เสาวรสจงปรากฏเถิ
โกง	17	โก-งะ		COMPOSED	ฤๅษีอีชีโกงใครชักโยงล
ยุค	17	ยุ-คะ		COMPOSED	นสุขสิ้นยุคเข็ญมัธยัส
เสมา	17	เส-มา		COMPOSED	บานบังใบเสมาล้วนศิลาเล
พยุง	17	พะ-ยุ-งะ		COMPOSED	กไพร่ให้พยุงเป็นหมู่มุ
เกียรติยศ	17	เกียด-ติ-ยด	syllable count differs (ssg 2 vs w2p 3)	REVIEW	้เปรมปราเกียรติยศเห็นงดงาม¦
ง้อ	16	ง้อ		AUTO	ยผัวจะมาง้อขออีเมียจะ
ทิพย์	16	ทิบ		AUTO	นฟ้าสุธาทิพย์ที่ลอยลิบอ
ตรึง	16	ตรึง		AUTO	ึงเอาสายตรึงโยนแขวนไว้
รวย	16	รวย		AUTO	ยให้รื่นรวยสมมาดปรารถ
ขุด	16	ขุด		AUTO	เกณฑ์กันขุดบ่อทำท่อน้
กุ้ง	16	กุ้ง		AUTO	าษดาทั้งกุ้งกั้งเต่าปู
เต่า	16	เต่า		AUTO	กุ้งกั้งเต่าปูอยู่ในน้
ป่น	16	ป่น		AUTO	ังกาก็จะป่นไม่พ้นมือท
หล่น	16	หล่น		AUTO	งอกออกผลหล่นออกกลาดระด
ดั้น	16	ดั้น		AUTO	วันจะด้นดั้นแล่นไปก็ใช
อูฐ	16	อูฐ		AUTO	คล้ายกับอูฐลากรถชะงดง
ครรภ์	16	คัน		AUTO	ปั่นป่วนครรภ์แก่เกือบจะ
เว	16	เว		AUTO	นเครงวังเวงวนแกให้คน
ผึ้ง	16	ผึ้ง		AUTO	ทรวงแมลงผึ้งคลึงเคล้นเ
ฆาต	16	ฆาต		AUTO	ฆราชมาพิฆาตเข่นฆ่าอย่
คลุม	16	คลุม		AUTO	ซุ่มเดินคลุมหัวตกไปไหน
แพน	16	แพน		AUTO	ือบดเรือแพนดูแน่นหนาบ
หล้า	16	หล้า		AUTO	ไก่ทั้งเหล้าไข่สิ่งของ
กราว	16	กราว		AUTO	ารโยธาออกราวีปะทะตีต้า
ฉับ	16	ฉับ		AUTO	อนฟ้าฟาดฉับเดียวให้เฉ
เพรียก	16	เพรียก		AUTO	เรียกกันเพรียกไป¦ลำที่นั
ยำ	16	ยำ		AUTO	งสัตว์ระยำซ้ำสามตะกล
พรู	16	พรู		AUTO	ยู่พรั่งพรู¦ทั้งสองคน
งด	16	งด		AUTO	องเป่าลองดูคนในลำกำป
แรม	16	แรม		AUTO	พลากรไม่แรมร้อนมากระท
ล่ม	16	ล่ม		AUTO	นตายเรือล่มจมทะเลไม่ส
เขี้ยว	16	เขี้ยว		AUTO	เต้นเข่นเขี้ยวประเดี๋ยวใ
ชวด	16	ชวด		AUTO	้เป็นปู่ชวดช่างเร็วรว
ทุบ	16	ทุบ		AUTO	ูดเกเรเพทุบายอีท้องลา
หงาย	16	หงาย		AUTO	ฤดีเดือนหงายสบายใจ¦พลา
โซม	16	โซม		AUTO	งื่อชโลมโซมหน้าเอาผ้า
แล่	16	แล่		AUTO	ทิศบูรพ์แล่นมาสิบห้าว
หวด	16	หวด		AUTO	ทกกระทบไหวดั่งไกวเปลค
เสี้ยม	16	เสี้ยม		AUTO	งทมิฬฟันเสี้ยมเหี้ยมหนัก
กรอง	16	กะ-รอง		COMPOSED	องเอาผ้ากรองเมื่อจะกิน
งอก	16	งะ-อก		COMPOSED	โตรกตรอกงอกง้ำเป็นถ้ำ
สาวศรี	16	สาว-สี		COMPOSED	เหล่านางสาวศรีให้จัดเครื
ญาติกา	16	ยาด-กา		COMPOSED	ยวข่มเหงญาติกาทุกธานินทร
ธรรมดา	16	ทำ-ดา		COMPOSED	ูรินทร์¦ธรรมดาของกษัตริย
ชลธาร	16	ชล-ทาน		COMPOSED	อกลาลงวนชลธารพระชวนหลาน
ฉลาม	16	ฉะ-ลา-มะ		COMPOSED	สินธูฝูงฉลามล้วนฉลามมา
หล่อน	16	หะ-ล่อ-นะ		COMPOSED	ห็นเนื้อหล่อนเต้นทุ่มเถ
พร้อย	16	พะ-ร้อย		COMPOSED	าสร้อยสีพร้อยพราวคล้ายก
พรักพร้อม	16	พรัก-พร้อม	ssg splits more than override (3 vs 2)	REVIEW	ตำหนักคนพรักพร้อมคอยแห่ห้อม
บาทบงกช	16	บาด-ทะ-บง-กด	syllable count differs (ssg 3 vs w2p 4)	REVIEW	ทให้กราบบาทบงกชบทศรีทั้งส
ทด	15	ทด		AUTO	ดคดจะแทนทดกันสิหวาให
แขวน	15	แขวน		AUTO	ยตรึงโยนแขวนไว้แน่นหนา
โคลน	15	โคลน		AUTO	นควักเอาโคลนดับหายสบาย
เร่า	15	เร่า		AUTO	กำลังเมาเร่าร้อนลงนอนค
อ้น	15	อ้น		AUTO	ระแตตุ่นอ้นเที่ยวด้นพ
ใย	15	ใย		AUTO	พราะห่วงใย¦แต่ยังไม่
เอียง	15	เอียง		AUTO	ะเมรุเอนเอียงเพียงจะคว่
จู่	15	จู่		AUTO	พากันกรูจู่เข้าไปไม่เ
รุ้ง	15	รุ้ง		AUTO	คล้ายกับรุ้งกล้าแข็งแร
แมง	15	แมง		AUTO	ขมิ้นจับแมงเม่าพลางเค
แรด	15	แรด		AUTO	งวาน¦ฝูงแรดร้ายควายเป
ซอ	15	ซอ		AUTO	อกงามตามซอกผาไม้รวกร
อ	15	อ		AUTO	าทัพจะย้อนกลับไปไม่
แว่น	15	แว่น		AUTO	งช่วยกันแว่นแคว้นทั้งแ
สวรรยา	15	สะ-หรัน-ยา	syllable count differs (ssg 2 vs w2p 3)	REVIEW	่อจงผ่านสวรรยา¦แม่ขอฝากว
ภูมิ	15	ภูมิ		AUTO	งกาคืนในภูมิพื้นนั่งยา
ไร้	15	ไร้		AUTO	หงส์มาตกไร้ได้ยากลำบา
เคาะ	15	เคาะ		AUTO	ำเพาะแต่เคาะกลองตามทำน
แหลก	15	แหลก		AUTO	แขกมันทำแหลกเกือบกระจุ
ผลุง	15	ผลุง		AUTO	รยาแกด่าผลุงพูดออกยุ่ง
จ้อง	15	จ้อง		AUTO	เที่ยวจดจ้องริมท่าชลาไ
เข้ม	15	เข้ม		AUTO	หงส์เบิกเข้มขาบอย่างให
ยง	15	ยง		AUTO	หลฟังเสียงปืนครื้นเค
เพิง	15	เพิง		AUTO	้าอยู่ในเพิงผาคูหาพลัน
คลัง	15	คลัง		AUTO	องสิบสองคลังก็มั่งคั่ง
วิง	15	วิง		AUTO	ใจไม่ประวิงเป็นความจร
เอว	15	เอว		AUTO	ื่อยบั้นเอว¦พ่อเป็นบุ
ท้า	15	ท้า		AUTO	ยเอออ้ายท้าวโกสัยกระไ
เกรียว	15	เกรียว		AUTO	โยธากราวเกรียวดูเรี่ยวแร
เพ่ง	15	เพ่ง		AUTO	ระแลเล็งเพ่งพักตร์ลักข
มุ	15	มุ		AUTO	คงสมสิ่งมุ่งมาดปรารถ
จัน	15	จัน		AUTO	นอาทิตย์จันทร์มิได้เห
เบียด	15	เบียด		AUTO	จหาญทั้งเบียดเบียนเฆี่ย
โน้ม	15	โน้ม		AUTO	ท้าวน้าวโน้มประโลมปลอบ
นวม	15	นวม		AUTO	¦ใส่กรอบนวมสวมประดับส
โจม	15	โจม		AUTO	หมคอยกระโจมตีตัดจัดทห
คด	15	คด		AUTO	ตรที่คิดคดจะแทนทดกัน
สนธยา	15	สะ-นะ-ทะ-ยา		COMPOSED	้นพลบค่ำสนธยาในราตรีแกเ
พลี	15	พะ-ลี		COMPOSED	งเข้าบัดพลีพิธีไสยเป็
เกณฑ์ทหาร	15	เกน-ทะ-หาน		COMPOSED	ดสั่งเวนเกณฑ์ทหารทุกหมู่หมว
สายสวาท	15	สาย-สะ-วาท		COMPOSED	ายคุณของสายสวาทล้นคณนา¦พร
กล่อง	15	กะ-ล่อง		COMPOSED	งม้วนใส่กล่องลงยาราชาวด
พรหม	15	พร-หะ-มะ		COMPOSED	ยเสยเกศาพรหมณ์ก็อ่านมน
ปลัด	15	ปะ-ลัด		COMPOSED	าใบ¦ฝ่ายปลัดหัศเกนเจนส
คลำ	15	คะ-ลำ		COMPOSED	ปเฝ้าลูบคลำ¦แล้วองค์ท
มลทิน	15	มน-ทิน	ssg splits more than override (3 vs 2)	REVIEW	นดาบสหมดมลทินจะได้ภิญโญ
อาถรรพณ์	15	อา-ถัน	ssg splits more than override (3 vs 2)	REVIEW	ขลังทั้งอาถรรพณ์นางยุพามาถ
กีด	14	กีด		AUTO	ย่าให้มีกีดขวางทางประ
หิ้ว	14	หิ้ว		AUTO	ี่ได้ปลาหิ้วไปคนไม่แคล
เหงื่อ	14	เหงื่อ		AUTO	นเกลือจนเหงื่อไหลเอาให้ล
ชัด	14	ชัด		AUTO	ยงขันฟังชัดฝูงสัตว์ดง
โค	14	โค		AUTO	สียงครึกโครมพอลมล่อง
ขุ่น	14	ขุ่น		AUTO	่อย่าให้ขุ่นถึงวุ่นฉาว
ล้อ	14	ล้อ		AUTO	ตำราใส่กล้องเป่าลองดู
เท	14	เท		AUTO	นเกาะประเทศเขตลังกาอ
ครึ้ม	14	ครึ้ม		AUTO	มท้องฟ้าครึ้มคล้ำมัวทั่
ร่า	14	ร่า		AUTO	ำลังเมาเร่าร้อนลงนอนค
เก้อ	14	เก้อ		AUTO	ัดพูดไม่เก้อเออไฉนอันล
เสาะ	14	เสาะ		AUTO	าะข้าสืบเสาะรู้แจ้งแถล
เรณู	14	เรนู		AUTO	นโรยร่วงเรณูฟูกระจาย¦แ
ฟู	14	ฟู		AUTO	้นอนทั้งฟูกหมอนโยนไป
นอบ	14	นอบ		AUTO	กรภพเข้านอบนบทูลองค์พ
อัก	14	อัก		AUTO	นครวญให้อักอ่วนอยู่ใน
มด	14	มด		AUTO	หวังไม่สมดั่งมุ่งมาด
ล้น	14	ล้น		AUTO	ฝนตกหนาวล้นเหลือทนทาน
โผ	14	โผ		AUTO	เสียงผึงโผงถูกซี่โคร
รวบ	14	รวบ		AUTO	สั่งทหารรวบรับให้จับเ
เฆี่ยน	14	เฆี่ยน		AUTO	มันจะขู่เฆี่ยนฆ่าให้อาสั
ตุ่ม	14	ตุ่ม		AUTO	งเทินใส่ตุ่มไหไว้ให้มี
พริ้ง	14	พริ้ง		AUTO	ทั้งเพราพริ้งหมดจดดูงดง
ยวน	14	ยวน		AUTO	แล้วเดี๋ยวนี้ฝนฟ้าก็ส
โฮ	14	โฮ		AUTO	งร้องไห้โฮโฮพาโลตาย¦
พ่าย	14	พ่าย		AUTO	ศัตรูแพ้พ่ายกระจายจรคร
หลั่ง	14	หลั่ง		AUTO	าชลนาไหลหลั่งลงพรั่งพรา
แพร	14	แพร		AUTO	งแถลงไม่แพร่งพรายเราด
แต้ม	14	แต้ม		AUTO	บแนมทั้งแต้มเติม¦ครั้น
ซวน	14	ซวน		AUTO	วนเดินเซซวนหวนหิวหวิว
ฐาน	14	ฐาน		AUTO	ันโดยสัณฐานแล้ววางองค
คัด	14	คัด		AUTO	์มหาหงส์คัดเค้าดงประย
จ๋า	14	จ๋า		AUTO	เสียงจ๊ะจ๋าฟังรับสั่ง
ฟาง	14	ฟาง		AUTO	านัยน์ตาฟางจะมากางรั้
เสียบ	14	เสียบ		AUTO	งสัยนิ่งเสียบ้างเถิดหวา
ฟ้อง	14	ฟ้อง		AUTO	อย่าเพ้อฟ้องถมทับให้อั
เย็บ	14	เย็บ		AUTO	ัสตร์ให้เย็บตัดแต้มทอง
ยาตรา	14	ยา-ตรา		COMPOSED	าศจึ่งจะยาตราทัพขับพหลป
ปี่ชวา	14	ปี่-ชะ-วา		COMPOSED	บสายซอสีปี่ชวาเจ็ดกษัตริ
สถาวร	14	สะ-ถา-วร		COMPOSED	อันตราย์สถาวรเมื่อยามนอ
ชน	14	ชะ-นะ		COMPOSED	ายถึงวายชนม์ไม่รู้กล
หลัด	14	หะ-ลัด		COMPOSED	ู่รอนรอนหลัดหลัดมักพลั
แม่น	14	แม่-นะ		COMPOSED	ทุกคนตามแม่น้ำลำคลองทั
สารภาพ	14	สาน-ภา-พะ		COMPOSED	าเขาก็มาสารภาพว่าหลาบจำแ
ถาก	14	ถา-กะ		COMPOSED	้าเรียกรถากระบวนแห่แล
ยมนา	14	ยม-มะ-นา	syllable count differs (ssg 2 vs w2p 3)	REVIEW	เที่ยวชมยมนาสาคเรศบังเ
กู้	13	กู้		AUTO	ชนะศัตรูกู้บูรีอย่าให
ฝัก	13	ฝัก		AUTO	็บกระบี่ฝักทองกล้องสล
เลิก	13	เลิก		AUTO	ย่างถวิลเลิกพหลพลมายัง
บ่อ	13	บ่อ		AUTO	จะเร่งทำบ่อไว้ให้เจ้า
บัน	13	บัน		AUTO	ระวิญญาณบันดาลเป็นคิด
คล่ำ	13	คล่ำ		AUTO	้ำลอยออกคล่ำม้วยชีวังส
เยี่ยง	13	เยี่ยง		AUTO	ป็นอย่างเยี่ยงดินฟ้าสุธา
พิน	13	พิน		AUTO	องดาบสยุพินสิ้นสงสัยว
วาร	13	วาร		AUTO	คลองช่องวารีชวนกันรี่
อือ	13	อือ		AUTO	พลอให้อออือกูไม่ถือถ้
ยัด	13	ยัด		AUTO	์สั่งให้ยัดปืนใหญ่ใส่
เผล	13	เผน		AUTO	รใครไพล่เผลเอากฎหมายเ
เพื่อ	13	เพื่อ		AUTO	่วสุมได้เพื่อนกันหกนายไ
มัส	13	มัส		AUTO	กษัตริย์มัสการแล้วกรา
คลอด	13	คลอด		AUTO	่เกือบจะคลอดจะทิ้งทอดส
ม่วง	13	ม่วง		AUTO	แย่งพื้นม่วงดวงสุวรรณเ
เฟ้น	13	เฟ้น		AUTO	ลึงเคล้นเฟ้นพุ่มปทุมาเ
นิ่ม	13	นิ่ม		AUTO	ปนี่จนใจนิ่มเนื้อเป็นเ
คูณ	13	คูณ		AUTO	ต่ถามให้คูณหารการจะไป
หาร	13	หาร		AUTO	่านฝ่ายทหารพวกเราตามเ
อู่	13	อู่		AUTO	ู่ในอ่าวอู่คลื่นซัดอย
บา	13	บา		AUTO	บาทหลวงงกตกป
ร่อง	13	ร่อง		AUTO	าช่องตามร่องทางพวกขุนน
ทัต	13	ทัต		AUTO	ราหมณ์สุทัตพลางแจ้งอร
หลอม	13	หลอย		AUTO	ไม่เหลือหลอมันหัวร่อปร
เหลิง	13	เหลิง		AUTO	ให้เหลือเหลิงแล้วโห่ร้อ
ยืด	13	ยืด		AUTO	้มึงอยู่ยืดสืบพืชพันธ
สวย	13	สวย		AUTO	ญมาลงจงเสวยข้าแต่งตั้
พึง	13	พึง		AUTO	รึกนึกรำพึงแล้วจึงว่า
ภู่	13	ภู่		AUTO	ใสทอดยี่ภู่ปูลาดอาสน์
ยอง	13	ยอง		AUTO	าตาล¦ฝ่ายองค์พระมุนีฤ
เทียม	13	เทียม		AUTO	บทจรด้วยเทียมม้ากล้าหาญ
เหลี่ยม	13	เหลี่ยม		AUTO	ณุมาศลับเหลี่ยมคิรีศรีให้
โทรม	13	โทรม		AUTO	งเพียงจะโทรมทรุดทำลายล
เกี่ยว	13	เกี่ยว		AUTO	ี่ยวเป็นเกี่ยวดอง¦ฝ่ายไท
ครึ	13	ครึ		AUTO	ดึกเสียงครึกโครมพอลมล
ซีก	13	ซีก		AUTO	่ากระผีกซีกเกศาให้ร้อ
มาลย์	13	มาน		AUTO	าพาลเยาวมาลย์จงขึ้นมาจะ
ค่อน	13	ค่อน		AUTO	องอนอย่าค่อนแคะพูดเหลา
ม่าย	13	ม่าย		AUTO	ยเป็นแม่ม่ายลูกติดสนิท
ยนต์	13	ยน		AUTO	นทร์อันพยนต์มนตราวิชาเ
นิด	13	นิด		AUTO	ขตคันกำเนิดกูอยู่ถ้ำท
เหวี่ยง	13	เหวี่ยง		AUTO	แผดเสียงเหวี่ยงเขนยที่เคย
ห้อม	13	ห้อม		AUTO	อมคอยแห่ห้อมตามถนนดูล้
กรอก	13	กะ-รอก		COMPOSED	ับจับจอกกรอกไปหมดพอได้
สนุกสนาน	13	สะ-นุ-กะ-สะ-นาน		COMPOSED	กองทุกข์สนุกสนานฟังถ้อยคำส
ผลา	13	ผะ-ลา		COMPOSED	ราตามเผาผลาญพอฝนตกหนา
ถวายบังคม	13	ถะ-วาย-บัง-คม		COMPOSED	ลทูลฉลองถวายบังคมลาฝ่าละออง
ตามสบาย	13	ตาม-สะ-บาย		COMPOSED	ระคางคายตามสบายสารพัดไม่ข
ปี่ไฉน	13	ปี่-ฉะ-ไหน		COMPOSED	นฆ้องชัยปี่ไฉนเป่าดังก้อ
ปรุ	13	ปะ-รุ		COMPOSED	หราเอามาปรุงตั้งกองหุ
กลับเป็น	13	กลับ-เป็น		COMPOSED	าสัญแล้วกลับเป็นศัตรูมาสู้
กรับ	13	กะ-รับ		COMPOSED	องชั้นตีกรับขับเสภาพวก
กวาง	13	กะ-วาง		COMPOSED	กรดไกรหูกวางนางตะเคียน
ทรามสวาท	13	ทะ-รา-มะ-สะ-วาท		COMPOSED	ี่ติดตามทรามสวาทก็คลาดแคล้
สมบัติพัสถาน	13	สม-บัด-พัด-สะ-ถาน	syllable count differs (ssg 4 vs w2p 5)	REVIEW	จึงสละละสมบัติพัสถานไม่ต้องการ
กล้อง	12	กล้อง		AUTO	มตำราใส่กล้องเป่าลองดูค
เปล	12	เปน		AUTO	วดั่งไกวเปลคนก็เซซบเม
เศียร	12	เศียร		AUTO	งเกยช้อนเศียรแล้วรับขวั
จัง	12	จัง		AUTO	่าด้วยวาจังจะนอนนั่งก
เจื้อย	12	เจื้อย		AUTO	แว่วแจ้วเจื้อยระเรื่อยร้
เถื่อน	12	เถื่อน		AUTO	่อนในแถวเถื่อนครางครึมกร
ครึม	12	ครึม		AUTO	ื่อนครางครึมกระหึ่มเสี
ดัด	12	ดัด		AUTO	ย์ไปดั้นดัดอยู่ทำไมใน
แนม	12	แนม		AUTO	แกล้มหมูแนมญวนกินจนเม
กริ่ง	12	กริ่ง		AUTO	ลินเลียงกริ่งเกริ่นบนเว
ขวด	12	ขวด		AUTO	ินจนสิ้นขวดสั่งให้ตรว
รั้ว	12	รั้ว		AUTO	ตึกกว้านรั้วแขวงดูแข็ง
ยอ	12	ยอ		AUTO	่าฮ้าเฮ้ยออศิษย์หากู
มอญ	12	มอญ		AUTO	ราษฎรพวกมอญแขกต่างตื่
กัป	12	กัป		AUTO	ฉานเรียกกัปตันต้นหนพว
ไต้	12	ไต้		AUTO	ลาพลบจุดไต้คบหุงหากระ
ขุก	12	ขุก		AUTO	อมีทุกข์ขุกเข็ญเป็นไฉ
เวิ้ง	12	เวิ้ง		AUTO	มที่วุ้งเวิ้งเชิงเขาริม
ปลาบ	12	ปลาบ		AUTO	พอฟ้าวาบปลาบแปลบแฉลบลั
รัว	12	รัว		AUTO	้ไปทั้งครัวหาไม่หัวมึ
เกวียน	12	เกวียน		AUTO	ันบรรทุกเกวียนขนไปให้กอง
ครู่	12	ครู่		AUTO	ออยู่สักครู่หนักคงประจ
กุม	12	กุม		AUTO	เป็นเหรากุมภาพาลจะประ
วาด	12	วาด		AUTO	หมองให้หวาดไหวไปทั้งต
เผ้า	12	เผ้า		AUTO	ดเกล้าทาเผ้าผมใครเห็นช
ผิง	12	ผิง		AUTO	้าส้มขนมผิงอีกเป็ดไก่
กู่	12	กู่		AUTO	รียกร้องกู่กันเสียงหว
คทา	12	ทะ-ทา		AUTO	นศิลาถือคทาธรแก้วแสงแ
แพรว	12	แพรว		AUTO	นแก้วอันแพรวพราย¦แม้นช
โขก	12	โขก		AUTO	้ากระโชกโขกกัดทั้งฟัด
บอบ	12	บอบ		AUTO	วังตามระบอบเร่งสอบสวน
เค้า	12	เค้า		AUTO	าหงส์คัดเค้าดงประยงคุ์
ป่าว	12	ป่าว		AUTO	กตรองจึงป่าวร้องพลไกรท
เติม	12	เติม		AUTO	ำทั้งซ้ำเติมเจ้าเมืองเ
เจียม	12	เจียม		AUTO	มเนียมปูเจียมพรมแท่นบรร
จด	12	จด		AUTO	ร่งไปตรวจดูหมู่นิกร¦
ปีบ	12	ปีบ		AUTO	ดจีบจำปาปีบนางแย้มแซม
เสียด	12	เสียด		AUTO	นิจจาน่าเสียดายแกฟูมฟาย
หงิม	12	หงิม		AUTO	ยิ้มเห็นหงิมหงิมพูดจาน
บ่า	12	บ่า		AUTO	องตำราจนบ่ายแสงทินกรอ
อ้อน	12	อ้น		AUTO	รางทางฉะอ้อนอ่อนอินทรี
ถอง	12	ถอง		AUTO	์ทองจะไปถองเสียให้สมอ
เอี่ยม	12	เอี่ยม		AUTO	่เก้าอี้เอี่ยมมีพรมเจียม
กล้ำ	12	กล้ำ		AUTO	ดสนที่ลึกล้ำสำหรับแก้อ
ยี	12	ยี		AUTO	็นอย่างเยี่ยงดินฟ้าส
ขวย	12	ขวย		AUTO	วยก็เขินขวยเพราะไม่เค
นบ	12	นบ		AUTO	มองตำราจนบ่ายแสงทินก
สูบ	12	สูบ		AUTO	ครึกโครมสูบน้ำร่ำขึ้น
จิก	12	จิก		AUTO	นเฝ้าจุกจิกจะหยิกหัตถ
ตรอก	12	ตะ-รอก		COMPOSED	์ที่โตรกตรอกงอกง้ำเป็น
สน	12	สะ-นะ		COMPOSED	้นพลบค่ำสนธยาในราตรี
กราก	12	กะ-รา-กะ		COMPOSED	กผาไม้รวกรากฝากหินก้อน
ขมีขมัน	12	ขะ-มี-ขะ-มัน		COMPOSED	องตามที่ขมีขมันบ้างสานแผง
สลา	12	สะ-ลา		COMPOSED	็นลมกล้าสลาตันทั้งป่ว
กรมวัง	12	กะ-รม-วัง		COMPOSED	เหล่าสนมกรมวังไปเป่าปัดล
กลองชนะ	12	กลอง-ชะ-นะ		COMPOSED	่สำเนียงกลองชนะโครมครึกเส
ควาน	12	คะ-วา-นะ		COMPOSED	ที่ยวรางควานลอยขนานเคี
ราน	12	รา-นะ		COMPOSED	ุทรกราบกรานสงสารแม่ให
พลำ	12	พะ-ลำ		COMPOSED	ว่ากองทัพลำบากยากหนัก
ง้องอน	12	ง้อ-งอน	sound mismatch @1 (ง้อง vs ง้อ);sound mismatch @2 (อน vs งอน)	REVIEW	นกูก็ไม่ง้องอนอย่าค่อนแค
สมอ	12	สะ-หมอ	sound mismatch @1 (สม vs สะ)	REVIEW	ู่ชายหาดสมอขาดปะกันบ้
เสลือกสลน	12	สะ-เหลือก-สะ-หลน	syllable count differs (ssg 2 vs w2p 4)	REVIEW	้งเกลือกเสลือกสลนพ่อกับอามา
เซา	11	เซา		AUTO	่ลุกขึ้นเซายังเมามัวก
ตอง	11	ตอง		AUTO	ป็นหาฟืนตองเที่ยวกองแ
บอ	11	บอ		AUTO	ที่ลอยลิบอย่าพะวงส่ง
ห้วย	11	ห้วย		AUTO	าดงดานชมห้วยธารเหวผาคู
บัด	11	บัด		AUTO	ำลังเข้าบัดพลีพิธีไสย
ร้น	11	ร้น		AUTO	ด่านเร่งร้นพลขันธ์เคร
ตะ	11	ตะ		AUTO	อสายัณห์ตะวันตกเร่งย
ธา	11	ธา		AUTO	ือบจะถึงธารท่าเภตราจ
สูรย์	11	สูน		AUTO	์โภไคมไหสูรย์ปรากฏนามตา
ว่อน	11	ว่อน		AUTO	นคนมาบินว่อนเที่ยวซ่อน
กมล	11	กะ-มน	syllable count differs (ssg 1 vs w2p 2)	REVIEW	ท้องหมองกมลไปอยู่คนเด
เค็ม	11	เค็ม		AUTO	วหวานจืดเค็มก็เต็มอกหม
ทุ	11	ทุ		AUTO	ียรใสที่ทุกข์ร้อนก่อ
ร่าย	11	ร่าย		AUTO	ลเต้าสุหร่ายสายรินกลิ่
ฮัก	11	ฮัก		AUTO	ดนั่งหอบฮักแก่หยุดพัก
ภู	11	ภู		AUTO	จ้งกิจจาภูวไนยเธอไขค
โคลง	11	โคลง		AUTO	รงทำเดินโคลงยักย้ายหลา
บาด	11	บาด		AUTO	ินเจียระบาดคาดทับประด
ทุด	11	ทุด		AUTO	์แล้วขากทุดเต็มระยำอ้
ซำ	11	ซำ		AUTO	ระยำอ้ายซำสามท้าวกุล
แคว	11	แคว		AUTO	ยกันแว่นแคว้นทั้งแดนด
เผิน	11	เผิน		AUTO	่นผาศิลาเผินกระจ่างแจ้
ถัด	11	ถัด		AUTO	นทัพหน้าถัดลงมาขุนรอง
คุก	11	คุก		AUTO	ังไว้ยังคุกแล้วยกรุกอ
เหนี่ยว	11	เหนี่ยว		AUTO	หลวงอย่าเหนี่ยวหน่วงเร่งไ
งอ	11	งอ		AUTO	้วเหียถึงอ้ายผัวจะมา
สรวง	11	สรวง		AUTO	ดเครื่องสรวงจะบำบวงเทว
โทน	11	โทน		AUTO	นางกำนัลโทนทับขับบำเร
พุด	11	พุด		AUTO	่งราชยานพุดตานทองรีบล
หม้อ	11	หม้อ		AUTO	ให้โยนไฟหม้อดินสิ้นทุก
คี	11	คี		AUTO	ินเรียงเคียงไสวที่รบ
หึ่ง	11	หึ่ง		AUTO	กปล้นโห่หึ่งถึงกรุงศรี
การณ์	11	กาน		AUTO	ิจจาเหตุการณ์สถานใดครั้
เปรย	11	เปรย		AUTO	ัสเฉลยภิเปรยปรายพ่อค่อ
เอย	11	เอย		AUTO	รยแม้นมิเอยต้องค้างอย
ผลุน	11	ผลุน		AUTO	แล้ววิ่งผลุนหมุนออกมาน
ศัลย์	11	สัน		AUTO	ยคที่โศกศัลย์สั่งล้าต้า
เงย	11	เงย		AUTO	นักเลยจงเงยหน้าแม่รัก
มุ่น	11	มุ่น		AUTO	็มอกอย่ามุ่นหมกให้มันว
เลื้อย	11	เลื้อย		AUTO	าวเฟื้อยเลื้อยมาบนอากาศร
คาง	11	คาง		AUTO	องหมางระคางคายตามสบาย
คร่อม	11	คร่อม		AUTO	้อมที่รถคร่อมครอบไว้น่า
ชิ้น	11	ชิ้น		AUTO	งนั่งฝานชิ้นชิมจนอิ่มใ
สอบ	11	สอบ		AUTO	ะบอบเร่งสอบสวนสั่งทหา
เขื่อน	11	เขื่อน		AUTO	ือนหนึ่งเขื่อนขัณฑ์ยังตี
กัณฐี	11	กัณ-ฐี		AUTO	เทพินนิลกัณฐีตรีพลำให้ร
หลายหลาก	11	หลาย-หะ-ลาก		COMPOSED	็จกลเม็ดหลายหลากมากนักหนาแ
ปล่อง	11	ปะ-ล่อง		COMPOSED	้ำเหวที่ปล่องเปลวย้อยเป
พง	11	พะ-งะ		COMPOSED	วรรณวงศ์พงศ์กษัตริย์
ครวญคราง	11	ครวน-คราง		COMPOSED	หวนจะได้ครวญครางเพราะเสนาะ
โยง	11	โย-งะ		COMPOSED	กงใครชักโยงลูกมึงให้ด
ปรับ	11	ปะ-รับ		COMPOSED	ปราชญ์จะปรับให้นับถืออ
ถวิลหา	11	ถะ-หวิน-หา		COMPOSED	บโสตสิ้นถวิลหาที่มีคู่อย
โยก	11	โย-กะ		COMPOSED	ะเมรุยอดโยกโบกสะบัดพร
ครุ	11	คะ-รุ		COMPOSED	าคมนุษย์ครุฑาสุราลัยส
หยาม	11	หะ-ยาม		COMPOSED	ามมาหยาบหยามข่มเหงไม่เ
พล่า	11	พะ-ล่า		COMPOSED	่าหอยลอยพล่านปนม่านลาย
นางสนม	11	นาง-สะ-นม		COMPOSED	นสุรางค์นางสนมชวนกันชมมั
ชลเนตร	11	ชล-เนด		COMPOSED	ระฟูมฟายชลเนตรเวทนา¦จากช
กรอบ	11	กะ-รอบ		COMPOSED	ประดาใส่กรอบหน้าเหน็บเ
โล่ง	11	โล่-งะ		COMPOSED	กปรุทะลุโล่งกระดานกระโ
ชลี	11	ชะ-ลี		COMPOSED	คมคัลอัญชลี¦พวกพหลพลร
พราง	11	พะ-รา-งะ		COMPOSED	วไทไม่อำพรางทางที่จะปร
ควง	11	คะ-วง		COMPOSED	งกองหลวงควงเข้างบทหาร
จวนค่ำ	11	จวน-ค่ำ	ssg splits more than override (3 vs 2)	REVIEW	าว่าเวลาจวนค่ำย่ำระฆัง¦ฝ
ย่น	10	ย่น		AUTO	ัพไทยแตกย่นไม่ทนทานพา
เซ่น	10	เซ่น		AUTO	รื่องที่เซ่นเช่นกับผีเ
ปรือ	10	ปรือ		AUTO	ัดได้หัดปรือเห็นจะลือฝ
ส้ม	10	ส้ม		AUTO	วานเหล้าส้มขนมผิงอีกเ
เปรื่อง	10	เปรื่อง		AUTO	ถื่อนถ้ำเปรื่องเปรี้ยงเสี
หนวด	10	หนวด		AUTO	กขึ้นสาวหนวดทั้งอวดอ้า
กี่	10	กี่		AUTO	งบุรีสักกี่คืนท่านอย่
และ	10	และ		AUTO	ให้เลียบและแล่นไปทางข
รน	10	รน		AUTO	งสินสมุทรนัดดาของอาเ
ชัน	10	ชัน		AUTO	องไก่กระชันขันประสานโ
มูล	10	มูล		AUTO	ยเข้าประมูลทูลฉลองตาม
กระเชียง	10	กระ-เชียง		AUTO	งมิจฉาตีกระเชียงเร่งให้กัน
เหี้ยม	10	เหี้ยม		AUTO	าคลายหายเหี้ยมที่เตรียมต
เซียบ	10	เซียบ		AUTO	ให้เงียบเซียบสงัดในจังห
ฑา	10	ฑา		AUTO	สุคนธ์มณฑาระดาดาษพุท
ต่อย	10	ต่อย		AUTO	ไปพลบค่ำต่อย่ำเย็น¦จงจ
ตำ	10	ตำ		AUTO	องจิตผิดตำราอ้ายมังค
บวง	10	บวง		AUTO	าจะได้สืบวงศ์กษัตริย์
ถุง	10	ถุง		AUTO	ุมนางกุมถุงพวกที่ตามน
พิณ	10	พิณ		AUTO	แตรสังข์พิณพาทย์ระนาด
มู	10	มู		AUTO	ดลงไปดูหมู่พหลฟังเสี
กวด	10	กวด		AUTO	อกจากขวดกวดเกล้าทาเผ้
มวย	10	มวย		AUTO	ื่องห้อยมวย¦บาทหลวงเฒ
แนะ	10	แนะ		AUTO	วความนี่แนะจอมอิศราปต
ถัน	10	ถัน		AUTO	ินดำกำมะถันถัาพลัดตกล
อม	10	อม		AUTO	ไขให้พร้อมไว้ตามหมู่
กัง	10	กัง		AUTO	ร้องก้องกังวานเสียงปร
นาก	10	นาก		AUTO	กเหินเวทนากองทัพจะยับ
เดี่ยว	10	เดี่ยว		AUTO	น้ำเขียวเดี่ยวโดดลิงโลดใ
เคี้ยว	10	เคี้ยว		AUTO	หนอไม่พอเคี้ยวอย่าบิดเบี
ไหล่	10	ไหล่		AUTO	ูกตรงชายไหล่ท้าวไพรชน¦
ยอก	10	ยอก		AUTO	ีมาแกล้งยอกย้อนคิดผ่อ
ยุพยง	10	ยุบ-พะ-ยง	syllable count differs (ssg 2 vs w2p 3)	REVIEW	ึ่งจะได้ยุพยงองค์ธิดาขอ
ลุง	10	ลุง		AUTO	ยาแกด่าผลุงพูดออกยุ่ง
ดุ	10	ดุ		AUTO	งสำเนียงดุเหว่าแว่วแ
ซก	10	ซก		AUTO	ญรอนไว้แซกซ้อนปืนนกส
เลข	10	เลข		AUTO	าระเวกลงเลขยันต์¦เดิน
โชน	10	ชน		AUTO	ขึ้นโชติโชนทหารโจนรบร
เผาะ	10	เผาะ		AUTO	ดเหยาะลงเผาะผอยจนฟ้าขา
เหยื่อ	10	เหยื่อ		AUTO	านี้เป็นเหยื่อผีพวกมันล้
คัก	10	คัก		AUTO	เสียงคึกคักโล่แพนดูแน
เสื่อ	10	เสื่อ		AUTO	วังจะให้เสื่อมสว่างทางว
โฮก	10	โฮก		AUTO	สิงโตโฮ่โฮกกระโชกไล่ท
แช่ม	10	แช่ม		AUTO	หน้าตาก็แช่มช้อยแต่โง่
สุม	10	สุ-มะ		COMPOSED	กหนาแล้วสุมให้เป็นเถ้
แกล้ม	10	แก-ล้ม		COMPOSED	จียวเป็ดแกล้มหมูแนมญวนก
สหาย	10	สะ-หาย		COMPOSED	ังกาด้วยสหายมีสารวานไป
ราค	10	รา-คะ		COMPOSED	ือนว่าตำราครูลงง่วงอย
ราก	10	รา-กะ		COMPOSED	ให้ตรวจตรากันมั่นอยู่
พระญาติ	10	พระ-ยาด		COMPOSED	ผ่าเหล่าพระญาติขอโอวาทจะไ
ปละ	10	ปะ-ละ		COMPOSED	ลื้องปลดปละสละมา¦ถึงศ
ปฐม	10	ปะ-ถะ-มะ		COMPOSED	อย่างปางปฐมกองตระเวนล
มนุ	10	มะ-นุ		COMPOSED	กนายไปชุมนุมแอบสุมทุม
มาน	10	มา-นะ		COMPOSED	ันรีบออกมานอกค่ายต่าง
ผลไม้	10	ผล-ไม้		COMPOSED	สะเดาดง¦ผลไม้นานาโอชารส
พล่าน	10	พะ-ล่า-นะ		COMPOSED	่าหอยลอยพล่านปนม่านลายบ
ลาภ	10	ลา-พะ		COMPOSED	รมปรีดิ์ลาภยศปรากฏไป¦
รมยา	10	รม-ยา		COMPOSED	่สู่สมภิรมยาจะแต่งงานก
กาฬ	10	กา-ละ		COMPOSED	ต่อเพลิงกาฬผลาญพิภพจบ
ขนง	10	ขน-งะ		COMPOSED	หรับจับเขนงเทดินหูลุก
รักษาพยาบาล	10	รัก-สา-พะ-ยา-บาน		COMPOSED	จึงมิได้รักษาพยาบาลซึ่งองค์พร
แฉล้ม	10	ฉะ-แล่ม	sound mismatch @1 (แฉ vs ฉะ);tone changed @2 (ล้ม vs แล่ม);sound mismatch @2 (ล้ม vs แล่ม)	REVIEW	ทรงชมโฉมแฉล้มแก้มคางสำอ
โคตรเพชร	10	โคด-เพ็ด	sound mismatch @2 (เพชร vs เพ็ด)	REVIEW	ังโคกที่โคตรเพชรชมแก้วเก็จ
โชติช่วง	10	โชด-ช่วง	sound mismatch @1 (โชติ vs โชด)	REVIEW	เปล่งแสงโชติช่วงดั่งดวงโคม
ตกประหม่า	9	ตก-ประ-หม่า		AUTO	าทหลวงงกตกประหม่าให้ล่าทัพจ
คิดคด	9	คิด-คด		AUTO	ามิตรที่คิดคดจะแทนทดกัน
เรอ	9	เรอ		AUTO	จนเมาหาวเรอกะเพ้อกะพก
พิกล	9	พิ-กล		AUTO	เห็นเป็นพิกล¦ฝ่ายมหิงข
ตายเป็นเบือ	9	ตาย-เป็น-เบือ		AUTO	งสองฝ่ายตายเป็นเบือ¦แกสั่งเสร
ลัทธิ	9	ลัท-ธิ		AUTO	้งสติตามลัทธิโดยวิถีคัม
ฝี	9	ฝี		AUTO	ิตดังพิษฝีกันแสงพลาง
เทา	9	เทา		AUTO	นเก่าบรรเทาใจเองเร่งไ
กัลป์	9	กัน		AUTO	นมันชั่วกัลป์อยู่ดำรงทร
จดจ้อง	9	จด-จ้อง		AUTO	องเที่ยวจดจ้องริมท่าชลาไ
ปา	9	ปา		AUTO	่านเมืองปากน้ำแต่หัว
กั้ง	9	กั้ง		AUTO	ทั้งกุ้งกั้งเต่าปูอยู่
ผีดิบ	9	ผี-ดิบ		AUTO	ยักษ์หมีผีดิบมันคอยแก้จ
พิชัยสงคราม	9	พิ-ชัย-สง-คราม		AUTO	านเรื่องพิชัยสงครามตามบุราณจะ
ชิงช่วง	9	ชิง-ช่วง		AUTO	ะได้เว้นชิงช่วงที่หวงหึงเ
เทศน์	9	เทด		AUTO	ื่องเหตุเทศน์ธรรมให้รำพ
ระเรื่อย	9	ระ-เรื่อย		AUTO	้วเจื้อยระเรื่อยร้องประสาน
โน	9	โน		AUTO	่งเกดฝูงโนเรศรายพลอด
กระถิน	9	กระ-ถิน		AUTO	ยียบกิ่งกระถินแล้วผินผัน
ท้องทุ่ง	9	ท้อง-ทุ่ง		AUTO	าหนามออกท้องทุ่งมุ่งข้ามพอ
ประเวศ	9	ประ-เวศ		AUTO	ชิญเสด็จประเวศวัง¦ทั้งสุ
สุธาโภชน์	9	สุ-ทา-พิด		AUTO	พระกระยาสุธาโภชน์ด้วยมาโนชช
กำมะถัน	9	กำ-มะ-ถัน		AUTO	ถึงดินดำกำมะถันถัาพลัดตกล
มรกต	9	มอ-ระ-กด		AUTO	ังวาลสายมรกตดูงดงาม¦ถื
ส่องกล้อง	9	ส่อง-กล้อง		AUTO	นบาทหลวงส่องกล้องคู่ดูฤกษ์บ
บาต	9	บาต		AUTO	าษดาสุนีบาตฟาดเปรี้ยง
ยื้อ	9	ยื้อ		AUTO	แครงแย่งยื้อดื้อเข้าปล
ดึง	9	ดึง		AUTO	อย่าดื้อดึงกูกับมึงร่
แคะ	9	แคะ		AUTO	อย่าค่อนแคะพูดเหลาะแห
ท้าทาย	9	ท้า-ทาย		AUTO	าม้าร้องท้าทายเองนี้หรือ
เสาะหา	9	เสาะ-หา		AUTO	งเกาะแวะเสาะหาเพื่อจะปะค
ดาดฟ้า	9	ดาด-ฟ้า		AUTO	ขึ้นพื้นดาดฟ้าคงคาขังเสี
คลอเคลีย	9	คลอ-เคลีย		AUTO	ื้อยแจ้วคลอเคลียทั้งเมียผั
ระยะ	9	ระ-ยะ		AUTO	ะกำหนดกะระยะทาง¦แกสั่ง
พันธุ์	9	พัน		AUTO	เผ่าพงศ์พันธุ์¦ดาบสินีจะ
โกกิลา	9	โก-กิ-ลา		AUTO	ันประสานโกกิลาการ้องก้อง
ยินยอม	9	ยิน-ยอม		AUTO	็นเขาไม่ยินยอมพร้อมทั้งเ
จืด	9	จืด		AUTO	ยังขมไม่จืดจางบางเบาเ
พัตถ์	9	พัด		AUTO	ษาทรงโขมพัตถ์ผลัดเสร็จส
ปราโมทย์	9	ปรา-โมด		AUTO	ต่างเปรมปราโมทย์สำราญบานกม
ไส	9	ไส		AUTO	ียงเคียงไสวที่รบรับส
อานิสงส์	9	อา-นิ-สง		AUTO	อวยอุทิศอานิสงส์ทรงยถาแล้ว
งกเงิ่น	9	งก-เงิ่น		AUTO	อไม้เท้างกเงิ่นเดินวุ่นวา
คุต	9	คุต		AUTO	ปอยู่สิงคุตรกุฎีเป็นช
เตร็จ	9	เตร็จ		AUTO	เลเที่ยวเตร็จเตร่เสาะแส
หยั่ง	9	หยั่ง		AUTO	ั้งลำให้หยั่งน้ำเข้าฝั่
ไอ้	9	ไอ้		AUTO	าไปจะลวงไอ้มังคลาให้พ
แง่งอน	9	แง่-งอน		AUTO	ูแท้ทั้งแง่งอนจึงตรัสสั่
กุ	9	กุ		AUTO	าษดาทั้งกุ้งกั้งเต่า
จับจ่าย	9	จับ-จ่าย		AUTO	งถวิลคอยจับจ่ายเครื่องเสบ
เยือน	9	เยือน		AUTO	ไปเยี่ยมเยือนเพื่อนนิกร
แปลบ	9	แปลบ		AUTO	าวาบปลาบแปลบแฉลบลัดเฉว
มุง	9	มุง		AUTO	ลุ่งทหารมุงช่วยกันดับ
ระเหระหน	9	ระ-เห-ระ-หน		AUTO	วิ่งเตร่ระเหระหนมันตอมต่อย
หลอ	9	หลอ		AUTO	ไม่เหลือหลอมันหัวร่อป
ดาล	9	ดาล		AUTO	ิญญาณบันดาลเป็นคิดไม่
ขี้เกียจ	9	ขี้-เกียจ		AUTO	้าเกลียดขี้เกียจกล่าวจะยืด
อ้อย	9	อ้อย		AUTO	หญิงเฝ้าอ้อยอิ่งเล้าโล
ออเจ้า	9	ออ-เจ้า		AUTO	พูดเก้อเออเจ้าคุณมาถึงไห
จอ	9	จอ		AUTO	ท่าเภตราจอดให้คนสอดล
พร้อมสรรพ	9	พร้อม-สรรพ		AUTO	วนทัพให้พร้อมสรรพถ้วนทั่วตั
ครั่นคร้าม	9	ครั่น-คร้าม		AUTO	งครามไม่ครั่นคร้ามดอกครูผู้อ
จัดเจน	9	จัด-เจน		AUTO	งปัดล้วนจัดเจนคนที่เกณฑ์
ทวยหาญ	9	ทวย-หาญ		AUTO	าจัดโยธาทวยหาญชาญสมรทั้ง
ล่มจม	9	ล่ม-จม		AUTO	นตายเรือล่มจมทะเลไม่สมค
ขี้ขลาด	9	ขี้-ขลาด		AUTO	ขกตี้นี่ขี้ขลาดน้ำใจชาติต
เหื่อ	9	เหื่อ		AUTO	ดแสนระทดเหื่อชุ่มทุกขุม
ฟูฟ่อง	9	ฟู-ฟ่อง		AUTO	ำรน¦ขึ้นฟูฟ่องล่องลอยไปต
สังคีต	9	สัง-คีต		AUTO	งสำเนียงสังคีตทั้งดีดสีท
ท่อง	9	ท่อง		AUTO	เพียนทองท่องท้องชโลธรเ
ประเทือง	9	ประ-เทือง		AUTO	วยการไม่ประเทืองที่เรื่องก
คลาคล่ำ	9	คลา-คล่ำ		AUTO	มงดาว่ายคลาคล่ำบางผุดดำเก
ก้าน	9	ก้าน		AUTO	าราวสักเก้านิ้วตั้งเป็
อัญชุลี	9	อัญ-ชุ-ลี		AUTO	บังคมคัลอัญชุลีออกจากที่เ
โยชน์	9	โยด		AUTO	ผลได้ประโยชน์จะโปรดมึงเ
เลื่อมใส	9	เลื่อม-ใส		AUTO	สื่อมได้เลื่อมใสอันทุกขังต
สันโดษ	9	สัน-โดษ		AUTO	องการถือสันโดษหวังจะโปรด
ต่ำ	9	ต่ำ		AUTO	ู่ถ้ำที่ต่ำใต้เพราะมิ
ราคิน	9	รา-คิน		AUTO	มปราหรือราคินทั่วแผ่นดิ
บิดผัน	9	บิด-ผัน		AUTO	ิขิตค่อยบิดผันขุนเสนีกรา
เษก	9	เษก		AUTO	ราราชาภิเษกอดิเรกมีชั
แขนขา	9	แขน-ขา		AUTO	้างขาหักแขนขาดกระจัดกระ
นิ	9	นิ		AUTO	พวกพหลพลนิกายไปหาดทร
ฉับพลัน	9	ฉับ-พลัน		AUTO	ัพกลับมาฉับพลันคุมพหลพลเช
เย็นย่ำ	9	เย็น-ย่ำ		AUTO	ชฌาสัยพอเย็นย่ำคล้ำฟ้านภา
ประชัน	9	ประ-ชัน		AUTO	บรรพ์โขนประชันกับละครทั้
กรรเจียก	9	กรร-เจียก		AUTO	ประภัสสรกรรเจียกจรเนาวรัตน
ทุ่มเถียง	9	ทุ่ม-เถียง		AUTO	ล่อนเต้นทุ่มเถียงเสียงขรมบ้
กอดเข่า	9	กอด-เข่า		AUTO	อดลงนั่งกอดเข่าทุกข์เรียก
ธาตุ	9	ธาตุ		AUTO	งขารวาโยธาตุอัดอั้นในส
วิด	9	วิด		AUTO	ุงพะยอมขวิดขวาดมะหาดเ
สะพาย	9	สะ-พาย		AUTO	บ็ดมีสายสะพายข้องเที่ยว
นางแย้ม	9	นาง-แย้ม		AUTO	บจำปาปีบนางแย้มแซมเกสรประ
กล้วย	9	กล้วย		AUTO	งอ้อยตาลกล้วยส้มขนมโก๋ค
ผ้าห่ม	9	ผ้า-ห่ม		AUTO	สุกรมห่อผ้าห่มเอาไปใส่ใต
ฉุดคร่า	9	ฉุด-คร่า		AUTO	อยุดแล้วฉุดคร่าเรื่องมารย
แส	9	แส		AUTO	ราจนบ่ายแสงทินกรอาวร
แตกแตน	9	แตก-แตน		AUTO	ตแดนทั้งแตกแตนพ่อแม่ไปแต
ยั่ว	9	ยั่ว		AUTO	ีก็จะพูดยั่วยวนกวนโทโส
ร่าง	9	ร่าง		AUTO	ลวงค่อยสร่างทรวงคิดสมอ
ฉุก	9	ฉุก		AUTO	รไฟลุกจะฉุกเฉินจะได้ด
ม้วน	9	ม้วน		AUTO	ลงลานทองม้วนใส่กล่องลง
ครืน	9	ครืน		AUTO	สียงครึมครืนนภางค์พื้น
แร้ง	9	แร้ง		AUTO	่มัจฉากาแร้งจะแย่งกินจ
ตุ๊กตา	9	ตุ๊ก-ตา		AUTO	เล่นสนุกตุ๊กตาตัวน้อยน้อ
หัศ	9	หัศ		AUTO	นามชื่อมหัศชัยนั้นทูล
บัญชร	9	บัญ-ชร		AUTO	กลสุวรรณบัญชรเห็นละเมาะ
สำลี	9	สำ-ลี		AUTO	์เฒ่าเอาสำลีประชีรองขอ
ซ้อม	9	ซ้อม		AUTO	าจักรให้ซ้อมซักทหารปืน
ขี้ผึ้ง	9	ขี้-ผึ้ง		AUTO	ษพอกใบชาขี้ผึ้งยาปิดแผลแก
ขุ่นเคือง	9	ขุ่น-เคือง		AUTO	มิควรขัดขุ่นเคืองในเรื่องรา
เยาะ	9	เยาะ		AUTO	นเคยอย่าเยาะเย้ยเลยเจ้
หัวเราะเยาะ	9	หัว-เราะ-เยาะ		AUTO	งฟังคำทำหัวเราะเยาะอำมาตย์ว่า
จี้	9	จี้		AUTO	ีทั้งจู้จี้เต็มเบื่อเ
สูด	9	สูด		AUTO	กก็น่าอดสูดูไม่ดี¦จนเ
ยืนยัน	9	ยืน-ยัน		AUTO	ั่นแกล้งยืนยันอยู่ตรงหน้
ล้วง	9	ล้วง		AUTO	ป็นฤๅษีแล้วงกเงิ่นเดิน
เกรียวกราว	9	เกรียว-กราว		AUTO	ี่ยววิ่งเกรียวกราวสิ้นทั้งบ่
สีสัน	9	สี-สัน		AUTO	นาผิวฉวีสีสันแต่นั้นมาจ
ฟ้อนรำ	9	ฟ้อน-รำ		AUTO	บาน¦แล้วฟ้อนรำคำนับอภิวา
ชุบเลี้ยง	9	ชุบ-เลี้ยง		AUTO	านครท่านชุบเลี้ยงตัวข้าเป็น
ช้อยชด	9	ช้อย-ชด		AUTO	ังก์รถดูช้อยชดโฉมงามทราม
ร้อยเอ็ด	9	ร้อย-เอ็ด		AUTO	ีนิคมคามร้อยเอ็ดเขตบุรีไม่
ปาโมกข์	9	ปา-โมก		AUTO	ฒามีทิศาปาโมกข์อยู่สองคนอ
ทาร	9	ทาร		AUTO	ค่อยบรรเทาร้อนผ่อนสบา
ทนไม่ไหว	9	ทน-ไม่-หวัย		COMPOSED	ราพวกพหลทนไม่ไหวเอาน้ำมันก
รับอาสา	9	รับ-อา-สา		COMPOSED	พลนายทัพรับอาสารีบออกมาแต
ยาเบื่อ	9	ยา-เบื่อ		COMPOSED	ะคิดเป่ายาเบื่อยังเหลือทน
จอก	9	จะ-อก		COMPOSED	างรับจับจอกกรอกไปหมดพ
ท่าน้ำ	9	ท่า-น้ำ		COMPOSED	ประชาที่ท่าน้ำลำคลองทั้ง
ศีลห้า	9	สีน-ห้า		COMPOSED	้งอยู่ในศีลห้าไม่ฆ่าสัตว
เอาเรื่อง	9	เอา-เรื่อง		COMPOSED	ี่หวงหึงเอาเรื่องเหตุเทศน์ธ
กระจง	9	กระ-จง		COMPOSED	ด้นพงฝูงกระจงจามรีชะนีไ
ถือตัว	9	ถือ-ตัว		COMPOSED	ือมันนับถือตัวกูผู้อาจาร
ดินปืน	9	ดิน-ปืน		COMPOSED	มันประสมดินปืนไว้จะใส่เช
กองหนุน	9	กอง-หนุน		COMPOSED	หล่าทหารกองหนุนทั้งขุนพล¦
พลาย	9	พะ-ลาย		COMPOSED	ลับระยับพลาย¦ท้าวโกสัย
แก่นสาร	9	แก่-นะ-สาน		COMPOSED	งแหนเป็นแก่นสารเราถือสัตย
ไปให้พ้น	9	ไป-ให้-พ้น		COMPOSED	ลัวพากันไปให้พ้นพวกหม่นหมอ
เด็กเล็ก	9	เด็ก-เล็ก		COMPOSED	ึกนึกว่าเด็กเล็กเท่านี้มัน
เท่านี้	9	เท่า-นี้		COMPOSED	เด็กเล็กเท่านี้มันจะดีมาอ
ชื่อว่า	9	ชื่อ-ว่า		COMPOSED	งนี้หรือชื่อว่าวายุพัฒน์จ
หน้าตา	9	หน้า-ตา		COMPOSED	ู้หญิงดูหน้าตาสารพันขยัน
แสงตะวัน	9	แสง-ตะ-วัน		COMPOSED	ล็กสีแดงแสงตะวันในเมืองนั้
ตื่นตกใจ	9	ตื่น-ตก-ใจ		COMPOSED	ท่านอย่าตื่นตกใจไปด้วยกัน¦
ประกาย	9	ประ-กาย		COMPOSED	นทรายดาวประกายพฤกษ์เผ่นข
เชื้อไฟ	9	เชื้อ-ไฟ		COMPOSED	บหายเป็นเชื้อไฟไม่ชั่วตัว
จนได้	9	จน-ได้		COMPOSED	งบุญอยู่จนได้ไปเป็นเขยเ
น่าเสียดาย	9	น่า-เสีย-ดาย		COMPOSED	ังอนิจจาน่าเสียดายแกฟูมฟายชล
วางใจ	9	วาง-ใจ		COMPOSED	ทางพอได้วางใจคิดไปติดตา
คนสำคัญ	9	คน-สำ-คัน		COMPOSED	ต้าต้นหนคนสำคัญเองชวนกันส
แต่เดิม	9	แต่-เดิม		COMPOSED	นฟังตั้งแต่เดิมมีข้าศึกเม
สู่ขอ	9	สู่-ขอ		COMPOSED	้องตามไปสู่ขอแก่แม่พ่อน
สมสอง	9	สม-สอง		COMPOSED	เชยชมประสมสองจำจะยกพลไป
ให้พร	9	ให้-พร		COMPOSED	พจงแก้ไขให้พร้อมไว้ตามห
แล้วเสร็จ	9	แล้ว-เส็ด		COMPOSED	มื่อคลอดแล้วเสร็จสรรพจะกลับ
พรากจากกัน	9	พะ-รา-กะ-จาก-กัน		COMPOSED	ด้วยพลัดพรากจากกันคิดมั่นหมา
ราชยาน	9	ราด-ยา-นะ		COMPOSED	บัญชาการราชยานรถที่นั่งบ
มิ่งมิตร	9	มิ่ง-มิด		COMPOSED	หญิงเป็นมิ่งมิตรจะเบี่ยงบิ
ร่วมใจ	9	ร่วม-ใจ		COMPOSED	ญบาทหลวงร่วมใจกับไพร่พลจ
เอาใจ	9	เอา-ใจ		COMPOSED	จำจะต้องเอาใจมันไว้ก่อน
ตื่นขึ้น	9	ตื่น-ขึ้น		COMPOSED	พลิกฟื้นตื่นขึ้นแล้วจิตผ่อ
จบเรื่อง	9	จบ-เรื่อง		COMPOSED	ุ่นวายพอจบเรื่องแกนึกเคือง
กรัก	9	กะ-รัก		COMPOSED	านี้นะลูกรักประเสริฐนั
กระดาน	9	กระ-ดา-นะ		COMPOSED	ทอดสะพานกระดานเรียบพอคนเ
ถอนใจใหญ่	9	ถอน-ใจ-ใหญ่		COMPOSED	้ไกลรัง¦ถอนใจใหญ่เหหวนรัญจว
กรำ	9	กะ-รำ		COMPOSED	องตรึกนึกรำพึงแล้วจึง
ประถม	9	ประ-ถะ-มะ		COMPOSED	อย่างปางประถมสี่กษัตริย
ลอยลำ	9	ลอย-ลำ		COMPOSED	มทบกันมาลอยลำกำกับรับเส
สุดแท้แต่	9	สุด-แท้-แต่		COMPOSED	กเสนาว่าสุดแท้แต่นายท่านจะผ
ที่หวัง	9	ที่-หวัง		COMPOSED	ะได้เป็นที่หวังเห็นอย่างค
พระนาง	9	พระ-นาง		COMPOSED	ยาปตาหวีพระนางได้ทราบสิ้
พยาน	9	พะ-ยา-นะ		COMPOSED	เห็นเป็นพยานถ้าแม้นไม่
ผง	9	ผะ-งะ		COMPOSED	่าลงเป็นผงคลี¦พอลมล่
ยากจน	9	ยาก-จน		COMPOSED	มีมากไม่ยากจน¦จะกล่าวถึ
ขืนใจ	9	ขืน-ใจ		COMPOSED	าตื่นข่มขืนใจผิดวิสัยนั
ทางลง	9	ทาง-ลง		COMPOSED	ะนึกพลางทางลงเสียจากหลั
พระนาม	9	พระ-นาม		COMPOSED	ุกคืนวันพระนามท้าวเจ้าบุ
แต่งการ	9	แต่ง-กาน		COMPOSED	ก้าเขาจะแต่งการมงคลแต่กุศ
มวน	9	มะ-วน		COMPOSED	นตัดไปตามวนชลสายชมมัจ
ไกลตา	9	ไกล-ตา		COMPOSED	นไรไรยังไกลตาอัสดรถอนถี
ไล่ต้อน	9	ไล่-ต้อน		COMPOSED	างฉวยไม้ไล่ต้อนเอาขอนขว้า
เหล่านั้น	9	เหล่า-นั้น		COMPOSED	กษัตริย์เหล่านั้นให้อั้นอ้น
คว้าง	9	คว้า-งะ		COMPOSED	มทางแล่นคว้างคว้างเร็วม
ตรงไหน	9	ตรง-ไหน		COMPOSED	นชอบอยู่ตรงไหนอย่าได้ขัด
ทั้งคู่	9	ทั้ง-คู่		COMPOSED	์เหมรามาทั้งคู่บินมาสู่ปร
ฉกาจ	9	ฉะ-กา-จะ		COMPOSED	์มาศร้อนฉกาจกล้าแข็งสี
ปลายมือ	9	ปลาย-มือ		COMPOSED	วายเมื่อปลายมือต่างแย่งยื
สุภาพ	9	สุ-ภา-พะ		COMPOSED	มกราบโดยสุภาพกลมเกลียวไ
สร้อยเศร้า	9	สร้อย-เส้า		COMPOSED	ล้อยยิ่งสร้อยเศร้าพระร้อนเร่
ระหว่าง	9	ระ-หว่าง		COMPOSED	กษาตรงไประหว่างทางทักษิณถ
ตามเคย	9	ตาม-เคย		COMPOSED	มวังตั้งตามเคยที่แต่งเกย
อาวาส	9	อา-วา-สะ		COMPOSED	์ปราต่างอาวาสเครื่องปูล
ทองพระกร	9	ทอง-พระ-กร		COMPOSED	ณีสีสยามทองพระกรนพเก้าดูวา
เสน	9	เส-นะ		COMPOSED	ในกระบวนเสนารับจับธงต
ชี้บอก	9	ชี้-บอก		COMPOSED	งนอกแล้วชี้บอกดาวจำรัสปร
นอนไม่หลับ	9	นอน-ไม่-หลับ		COMPOSED	ืนไม่ไหวนอนไม่หลับแบบบอบทั้ง
อ่อนแรง	9	อ่อน-แรง		COMPOSED	วนอนทั้งอ่อนแรงคว่ำตะแคงค
ทางออก	9	ทาง-ออก		COMPOSED	วที่วิถีทางออกลอยคว้างใน
ตามหา	9	ตาม-หา		COMPOSED	กผีปีศาจตามหาดทรายลงมาย
สุดฤทธิ์	9	สุด-ริด		COMPOSED	็นสุดรู้สุดฤทธิ์จะคิดไฉนจน
กระวนกระวาย	9	กระ-วน-กระ-วาย		COMPOSED	ามร้อนรนกระวนกระวายพี่เลี้ยงด
รักษาศีล	9	รัก-สา-สีน		COMPOSED	นคงคานางรักษาศีลมั่นถือขัน
ถูกที่	9	ถูก-ที่		COMPOSED	องต้องดีถูกที่งาม¦พระมุน
สลดใจ	9	สะ-ลด-ใจ		COMPOSED	แสงกำสรดสลดใจ¦ยุพยงสงสา
ดลใจ	9	ดน-ใจ		COMPOSED	เจ้าเข้าดลใจศรีสุวรรณบ
ตื่นนอน	9	ตื่น-นอน		COMPOSED	ชมชื่นพอตื่นนอน¦โหรรับสั่
กองหลัง	9	กอง-หลัง		COMPOSED	ป็นนายพลกองหลังระวังภัย¦เ
เมียน้อย	9	เมีย-น้อย		COMPOSED	ียกเหล่าเมียน้อยดอกสร้อยดี
เมียหลวง	9	เมีย-หลวง		COMPOSED	าพระยาพาเมียหลวงลงพายจ้วงม
ว่ายน้ำ	9	ว่าย-น้ำ		COMPOSED	ลัวตายลงว่ายน้ำชาวเมืองซ้
ได้กัน	9	ได้-กัน		COMPOSED	ายแม้นมิได้กันกับพ่อพระห
รบกวน	9	รบ-กะ-วน		COMPOSED	งหลบเฝ้ารบกวนนางเห็นจวน
สมสู่	9	สม-สู่		COMPOSED	งไปเชยชมสมสู่เป็นคู่ครอ
ราชบุตร	9	ราด-บุด		COMPOSED	สินสมุทรราชบุตรพระธิดามาร
ละวาง	9	ละ-วาง		COMPOSED	าทางอย่าละวางไว้ใจแก่ไพ
บุญคุณ	9	บุญ-คุน		COMPOSED	สาครเดชะบุญคุณพระมาปะพบไ
พ่อเจ้า	9	พ่อ-เจ้า		COMPOSED	รใจคอพระพ่อเจ้าพูดกับเราไ
แทนคุณ	9	แทน-คุน		COMPOSED	ห้พฤฒาทดแทนคุณสนองตาพราห
เมาลี	9	เมา-ลี		COMPOSED	กวดเกล้าเมาลีให้ลูกรักเ
ขอรับ	9	ขอ-รับ		COMPOSED	กหยอกดอกขอรับ¦สินสมุทรพ
กันเอง	9	กัน-เอง		COMPOSED	่นพัลวันกันเองเสียงเครงค
ต้องใจ	9	ต้อง-ใจ		COMPOSED	ด้ของที่ต้องใจทั้งไพร่นา
ของสงวน	9	ของ-สะ-งะ-วน		COMPOSED	้าประคองของสงวนนี่สาวใหญ่
ฝ่าฟัน	9	ฝ่า-ฟัน		COMPOSED	เจ้าโมราฝ่าฟันกระชั้นชิด
ชาวป่า	9	ชาว-ป่า		COMPOSED	งบอกเล่าชาวป่าพนาลัยหวัง
พี่สาว	9	พี่-สาว		COMPOSED	ยงวังเวงพี่สาวร้องน้องรั
แคลงใจ	9	แคลง-ใจ		COMPOSED	น่ายแหนงแคลงใจก็ไม่ควรหร
เข้ารีต	9	เข้า-รี-ตะ		COMPOSED	้องกีดจะเข้ารีตร่วมจิตที่
งวง	9	งะ-วง		COMPOSED	กิจนึกถึงวงศ์เผ่าพงศา
หลีกหนี	9	หลีก-หนี		COMPOSED	นอีกต้องหลีกหนีเป็นขาดเด็
ส่งตัว	9	ส่ง-ตัว		COMPOSED	วิสัยเขาส่งตัวหัวเมืองเน
นีฤมล	9	นี-รึ-มน	syllable count differs (ssg 2 vs w2p 3)	REVIEW	ับโฉมศรีนีฤมลแม้นเป็นคน
อลงการ์	9	อะ-ลง-กา	syllable count differs (ssg 2 vs w2p 3)	REVIEW	บวนทวนธงอลงการ์ทั้งปืนผาเ
จรดล	9	จอ-ระ-ดน	syllable count differs (ssg 2 vs w2p 3)	REVIEW	เสาวคนธ์จรดลด้วยสุรางค
นาคราช	9	นาก-คะ-ราช	sound mismatch @1 (นา vs นาก)	REVIEW	ราะเกล็ดนาคราชชาติทหารอา
พนาดร	9	พะ-นา-ดร	syllable count differs (ssg 2 vs w2p 3)	REVIEW	ยู่ในป่าพนาดรมาช่วยช้อน
ภูวดล	9	พู-วะ-ดน	syllable count differs (ssg 2 vs w2p 3)	REVIEW	ทั่วพื้นภูวดลบังเกิดฝนล
สลบไสล	9	สะ-หลบ-สะ-ไหล	syllable count differs (ssg 2 vs w2p 4)	REVIEW	ัวนั่งซบสลบไสลไม่ต้องรบร
เงียบสงบ	9	เงียบ-สะ-หงบ	syllable count differs (ssg 2 vs w2p 3)	REVIEW	้อมเพียบเงียบสงบเมื่อฤกษ์ด
เมฆา	8	เม-ฆา		AUTO	ดยนภางค์เมฆาเวหาหนถูกท
ย้อน	8	ย้อน		AUTO	ล่าทัพจะย้อนกลับไปไม่ไ
เร่าร้อน	8	เร่า-ร้อน		AUTO	กำลังเมาเร่าร้อนลงนอนครวญใ
มั่วสุม	8	มั่ว-สุม		AUTO	งตัวแล้วมั่วสุมได้เพื่อนก
อาญา	8	อา-ญา		AUTO	คนใช้รับอาญาทัพบอกไปทั
ครูบา	8	ครู-บา		AUTO	มรู้สิ้นครูบาท่านจักราเ
วิวาท	8	วิ-วาท		AUTO	ี่ยวเชิงวิวาทอย่าอาจหาญ
คลื่นเหียน	8	คลื่น-เหียน		AUTO	นมื่นไม่คลื่นเหียนจึงแวะถามต
อาเกียรณ์	8	อา-เกียน		AUTO	งเวียนดูอาเกียรณ์เต่าปลาพาก
ย่อท้อ	8	ย่อ-ท้อ		AUTO	นะงาอย่าย่อท้อรอถอยแต่หอ
เรรวน	8	เร-วอน	sound mismatch @2 (รวน vs วอน)	REVIEW	่ายเทยังเรรวนแต่ใคร่ครว
บำ	8	บำ		AUTO	็งเคยได้บำรุงซึ่งกรุ
ละโมบ	8	ละ-โมบ		AUTO	ห้โลภหลงละโมบครั้นทำลาย
ให้โอวาท	8	ให้-โอ-วาท		AUTO	าถ้าจะไปให้โอวาทแต่เชื้อชา
เยี่ยมเยือน	8	เยี่ยม-เยือน		AUTO	อยากจะไปเยี่ยมเยือนเพื่อนนิกร
วัลย์	8	วัน		AUTO	ลุลีมะลิวัลย์พันขจรที่ช
อังกาบ	8	อัง-กาบ		AUTO	กมกุหลาบอังกาบมีสารภีบุน
ลบ	8	ลบ		AUTO	มีครั้นพลบค่ำสนธยาใน
ตะกลาม	8	ตะ-กลาม		AUTO	ยำซ้ำสามตะกลามชู้มันฆ่าค
ลิ่ว	8	ลิ่ว		AUTO	กมะสังแลลิ่วเป็นทิวไปย
ค้อม	8	ค้อม		AUTO	ยางพะยอมค้อมคู้ฤดูดอกบ
สะสม	8	สะ-สม		AUTO	นอุระยังสะสมเพราะศึกเส
เหลว	8	เหลว		AUTO	ูกกระดูกเหลวปัญญากูคิด
ปิ้ง	8	ปิ้ง		AUTO	งของย่างปิ้งต่างต่างวา
อุบล	8	อุ-บล		AUTO	รากฏเถิดอุบลอย่าหม่นหม
ยั่งยืน	8	ยั่ง-ยืน		AUTO	ิจจังไม่ยั่งยืนเทศนาสอนสั
ตกนรก	8	ตก-นะ-รก	syllable count differs (ssg 2 vs w2p 3)	REVIEW	ให้มึงไปตกนรกนาน¦มึงมัน
ตายโหง	8	ตาย-โหง		AUTO	ขึ้นไปอีตายโหงชะนางพวกฤๅ
เฉโก	8	เฉ-โก		AUTO	ายนี่แสนเฉโกทำโอหังแล้
อุเหม่	8	อุ-เหม่		AUTO	นหน้าว่าอุเหม่อ้ายโว้เว้
นักเลง	8	นัก-เลง		AUTO	วเกรงทางนักเลงมากมายหลาย
กระดิก	8	กระ-ดิก		AUTO	กปลาย่างกระดิกหางตรงใส่ม
ป่วยการ	8	ป่วย-การ		AUTO	ขียนอ่านป่วยการแท้มันดีแต
เคอะ	8	เค-อะ		AUTO	้ายยักษ์เคอะดูมันเปรอะ
คาบศิลา	8	คาบ-ศิ-ลา		AUTO	ปีกนกสับคาบศิลาสักห้าพันร
ป่าวร้อง	8	ป่าว-ร้อง		AUTO	กตรองจึงป่าวร้องพลไกรทั้งไ
เอนเอียง	8	เอน-เอียง		AUTO	าพระเมรุเอนเอียงเพียงจะคว่
แปรปรวน	8	แปร-ปรวน		AUTO	ากแท้ไม่แปรปรวน¦บาทหลวงว่
บู	8	บู		AUTO	ศัตรูกู้บูรีอย่าให้ม
โท	8	โท		AUTO	ี่จริงใจโทมนัสอัดอาร
ชุมสาย	8	ชุม-สาย		AUTO	กรอภิรุมชุมสายรายสลับแลร
เคืองขุ่น	8	เคือง-ขุ่น		AUTO	ำวุ่นจึงเคืองขุ่นพากันมาอนา
ปรอย	8	ปรอย		AUTO	งอาบโปรยปรอยตั้งฝอยฝนพ
อุดหนุน	8	อุด-หนุน		AUTO	ะการุญจะอุดหนุนสอนสั่งอย่
เฉิดฉิน	8	เฉิด-ฉิน		AUTO	าเพริศดูเฉิดฉินเจียระบาดค
ป้อน	8	ป้อน		AUTO	ร้าวอ่อนป้อนถวายแล้วบร
สอ	8	สอ		AUTO	จอดให้คนสอดลงไปดูหมู
อ้อยอิ่ง	8	อ้อย-อิ่ง		AUTO	หญิงเฝ้าอ้อยอิ่งเล้าโลมโฉม
แสนงอน	8	แสน-งอน		AUTO	พลงเพราะแสนงอนเพราะรู้เท
มะม่วง	8	มะ-ม่วง		AUTO	ินไสลสอยมะม่วงพวงสุกลูกล
โอ	8	โอ		AUTO	้งไว้ใส่โอ่งไหถ้วนทั
แดงก่ำ	8	แดง-ก่ำ		AUTO	ดูตัวจึงแดงก่ำแต่ถูกน้ำต
พู่	8	พู่		AUTO	หงส์ห้อยพู่ดูวิไล¦ขุน
แช่ง	8	แช่ง		AUTO	จเพราะไกแช่งแล้วก็แกล้
รหัส	8	ระ-หัด	syllable count differs (ssg 1 vs w2p 2)	REVIEW	าลสุดสาครหัสไชยตื่นไสย
บุหรี่	8	บุ-หรี่		AUTO	้าอี้จัดบุหรี่น้ำชามาให้
น้ำส้ม	8	น้าม-ส้ม	sound mismatch @1 (น้ำ vs น้าม)	FIXED	ข่ต้มเอาน้ำส้มรดใส่ลงในข
วุ้ง	8	วุ้ง		AUTO	างโฉมที่วุ้งเวิ้งเชิงเ
โครง	8	โครง		AUTO	ผงถูกซี่โครงมันไม่เข้า
ดัก	8	ดัก		AUTO	้าเหมือนดักปลาลงบ่อไม
ทู	8	ทู		AUTO	้าประมูลทูลฉลองตามที
เร้น	8	เร้น		AUTO	ด็นจะหนีเร้นออกทางไหนก
ฉุกเฉิน	8	ฉุก-เฉิน		AUTO	รไฟลุกจะฉุกเฉินจะได้ดับรั
ขอสับ	8	ขอ-สับ		AUTO	ยนโซ่เอาขอสับพวกแขกรับโ
ระหวย	8	ระ-หวย		AUTO	่ในใจให้ระหวยผงกหัวขึ้น
ครั่ง	8	ครั่ง		AUTO	งโปรดสักครั่งขอชีวงให้ค
เภท	8	เภท		AUTO	เหตุซึ่งเภทภัยเขาจึ่ง
จอบ	8	จอบ		AUTO	ันไปทั้งจอบเสียมไม้ไห
นิสัย	8	นิ-สัย		AUTO	เช่นเป็นนิสัยเปรียบเหมื
ไหม	8	ไหม		AUTO	านเป็นไฟไหม้ตะบึงคนหน
แมงดา	8	แมง-ดา		AUTO	ยแครงฝูงแมงดาตามชลาเต่า
ทำนา	8	ทำ-นา		AUTO	าเฒ่าคอยทำนายถวายฤกษ์พ
หวิด	8	หวิด		AUTO	่งดวงจิตหวิดหวิดไหวให้
ไพศาล	8	ไพ-ศาล		AUTO	ระเทศเขตไพศาลประสิทธิ์เ
เหรียญ	8	เหรียญ		AUTO	ีคือเงินเหรียญหลายถังก็ย
จุกจิก	8	จุก-จิก		AUTO	ะขืนเฝ้าจุกจิกจะหยิกหัตถ
ประดิ	8	ประ-ดิ		AUTO	สน์รัตน์ประดิพัทธ์รักใค
พัทธ์	8	พัด		AUTO	ตน์ประดิพัทธ์รักใคร่ดั่
ศึกษา	8	ศึก-ษา		AUTO	งตรึกให้ศึกษาการรบพุ่งเ
ตาปรอย	8	ตา-ปรอย		AUTO	นมาคอยทำตาปรอยดูอนาถประห
ครั่น	8	ครั่น		AUTO	ด้วยป่วยครั่นตัวไปหลายส
เรี่ยราย	8	เรี่ย-ราย		AUTO	ระจายออกเรี่ยรายร้องเรียกก
ขาแข้ง	8	ขา-แข้ง		AUTO	เภตราฉีกขาแข้งแย่งชิงกัน
หลอน	8	หลอน		AUTO	ค่อยหลอกหลอนมันดูเรื่อ
ซน	8	ซน		AUTO	คนดูช่างซนสิ้นท่าพวก
บ่ายเบี่ยง	8	บ่าย-เบี่ยง		AUTO	ายขวาให้บ่ายเบี่ยงเรียงทอดจอ
ราชาภิเษก	8	รา-ชา-ภิ-เษก		AUTO	สวดมนตราราชาภิเษกอดิเรกมีชั
ทิพ	8	ทิพ		AUTO	นฟ้าสุธาทิพย์ที่ลอยลิ
เพิ่มเติม	8	เพิ่ม-เติม		AUTO	เฉลิมให้เพิ่มเติมเครื่องเสบ
ดื่ม	8	ดื่ม		AUTO	ยงอู้อี้ดื่มน้ำร่ำเอาพ
บั่น	8	บั่น		AUTO	อาดาบฟันบั่นเกล้าอย่าเ
กอแก	8	กอ-แก		AUTO	าดูแลท่ากอแกให้ขุ่นวุ่
อ้าง	8	อ้าง		AUTO	ดทั้งอวดอ้างแต่นำทางให
เยาว	8	เยาะ		AUTO	นโฉมยงนงเยาว์เสาวคนธ์จ
พ้อ	8	พ้อ		AUTO	งทั้งพวกพ้องคนชิดทั้ง
บุหงา	8	บุ-หงา		AUTO	าลัยปรุงบุหงาให้นารีไปถ
ซ่อมแปลง	8	ซ่อม-แปลง		AUTO	ะลาสีให้ซ่อมแปลงแต่งกำปั่น
แผ่	8	แผ่		AUTO	่ดำรงทรงแผ่นดิน¦แล้วร
วิ่งเต้น	8	วิ่ง-เต้น		AUTO	าเล่นแต่วิ่งเต้นไม่ใคร่ไหว
รุ้งร่วง	8	รุ้ง-ร่วง		AUTO	าดวงเป็นรุ้งร่วงวับวามอร่า
ปี่พาทย์	8	ปี่-พาด		AUTO	ดาลมโหรีปี่พาทย์ระนาดฆ้องเ
ไพเราะ	8	ไพ-เราะ		AUTO	องกังวานไพเราะเพราะหนักห
แร	8	แร		AUTO	ิบกำเริบแรง¦แกสอนสั่
ยาวเฟื้อย	8	ยาว-เฟื้อย		AUTO	เลื่อยดูยาวเฟื้อยว่ายเปิดเต
ฝิ่น	8	ฝิ่น		AUTO	้มี¦ทั้งฝิ่นฝางยางแดงม
ชนม์	8	ชน		AUTO	ายถึงวายชนม์ไม่รู้กลตา
ภัท	8	ภัท		AUTO	ะหน่อนาถภัทวงศ์ทรงสดั
ดาลเดือด	8	ดาล-เดือด		AUTO	จะดับพิษดาลเดือดให้เหือดหา
สักนิด	8	สัก-นิด		AUTO	ม่นึกรักสักนิดจึงคิดหนีแ
ส่าน	8	ส่าน		AUTO	างวัลผ้าส่านสีต่างอิ่ม
ซาน	8	ซาน		AUTO	านต่างเซซานซวนทรงไม่ต
เฮ	8	เฮ		AUTO	วงว่าฮ้าเฮ้ยออศิษย์ห
ซากศพ	8	ซาก-ศพ		AUTO	ยฝากซึ่งซากศพแล้วปรับทุ
แปร	8	แปร		AUTO	้ช่วยผันแปรคิดแก้ไขคร
มุ้ง	8	มุ้ง		AUTO	ยผ้าคว้ามุ้งพันพุงพัวเ
โขลน	8	โขลน		AUTO	พวกจ่าหาโขลนตะโกนดังมา
คารม	8	คา-รม		AUTO	ะครองศฤงคารมิสาธารณ์เป
ห้ำหั่น	8	ห้ำ-หั่น		AUTO	ดวงสมรจะห้ำหั่นบั่นเสียให
เดา	8	เดา		AUTO	นเกราะสะเดาดง¦ผลไม้นา
เบาบาง	8	เบา-บาง		AUTO	เศร้าไม่เบาบาง¦สินสมุทรส
ราชสีห์	8	ราด-ชี		AUTO	อชาติดังราชสีห์อันรักษาศี
โฉดเขลา	8	โฉด-เขลา		AUTO	าดโทษว่าโฉดเขลาพี่กับเจ้า
ล้ำลึก	8	ล้ำ-ลึก		AUTO	พระยินคำล้ำลึกนึกสรรเสริ
สาธุ	8	สา-ธุ		AUTO	ธอไขความสาธุสะพระฤๅษีเ
จ๊ะ	8	จ๊ะ		AUTO	ะอะเสียงจ๊ะจ๋าฟังรับส
เหยาะ	8	เหยาะ		AUTO	ะเนตรหยดเหยาะลงเผาะผอยจ
เห่	8	เห่		AUTO	ูกผูกเปลเห่อ้ายหนูก็ไ
ซุบซิบ	8	ซุบ-ซิบ		AUTO	ยิบเสียงซุบซิบเสแสร้งจำแ
อาเพศ	8	อา-เพศ		AUTO	สกเวทจึงอาเพศพวกผีหนีคา
เชี่ยวชาญ	8	เชี่ยว-ชาญ		AUTO	เวทมนตร์เชี่ยวชาญประการใด¦ส
ระริก	8	ระ-ริก		AUTO	อยแจ่มใสระริกริกพลิกองค
กรรณ	8	กรรณ		AUTO	ะลิวัลย์กรรณิการ์ชบาบา
ทิม	8	ทิม		AUTO	วกฝังทับทิมดูพริ้มพรา
เด	8	เด		AUTO	จิตชีวิตเดียว¦แกจัดเ
ตั๋ง	8	ตั๋ง		AUTO	ียงไปกึงตั๋งกังจิ๋วจุน
โอบ	8	โอบ		AUTO	จงรักกันโอบอ้อมถนอมใจ
คลอก	8	คลอก		AUTO	ลาญเพลิงคลอกเร่งบอกนาย
สะอึก	8	สะ-อึก		AUTO	ร่ำรำลึกสะอึกสะอื้นดังเ
สายโซ่	8	สาย-โซ่		AUTO	เอาขอสับสายโซ่พอโล้ถึงกำ
หน่าย	8	หน่าย		AUTO	หาญให้จะหน่ายหนีเจ้าจงไ
ยุยง	8	ยุ-ยง		AUTO	ริษยาคอยยุยงลงโทษโจทนา
อัธ	8	อัธ		AUTO	่ยงสัตย์อัธิษฐานการกุ
ช้อง	8	ช้อง		AUTO	กี้ยวกับช้องทั้งสองราแ
เย้า	8	เย้า		AUTO	งบอกหยอกเย้าว่าเจ้าแม่
จับไข้	8	จับ-ไข้		AUTO	รเวลาจวนจับไข้ไม่สบายพระ
ลนลาน	8	ลน-ลาน		AUTO	หล่าทหารลนลานหนีเร่งยกท
ซุ่มซ่อน	8	ซุ่ม-ซ่อน		AUTO	ญรอนหรือซุ่มซ่อนแอบแฝงอยู่
เหมือนว่า	8	เหมือน-ว่า		COMPOSED	วนอนอ่อนเหมือนว่าตำราครูลงง
แทนที่	8	แทน-ที่		COMPOSED	สมคิดตอบแทนที่แค้นเคืองใ
จนปัญญา	8	จน-ปัน-ยา		COMPOSED	นี้ใช่ฝนจนปัญญาไยจึงมาตกพ
ไล่ทหาร	8	ไล่-ทะ-หาน		COMPOSED	มเกษมศรีไล่ทหารกองหน้าเข้
ผงคลี	8	ผะ-งะ-คะ-ลี		COMPOSED	่าลงเป็นผงคลี¦พอลมล่องก
ลำคลอง	8	ลำ-คะ-ลอง		COMPOSED	ามแม่น้ำลำคลองทั้งสองฟาก
รักษาตัว	8	รัก-สา-ตัว		COMPOSED	่าอาจหาญรักษาตัวไว้ให้มั่น
มันดี	8	มัน-ดี		COMPOSED	ครั้งนี้มันดีเหลือวิสัย
น่าจะ	8	น่า-จะ		COMPOSED	อนเป่ายาน่าจะตายอ้ายยัก
ตัวเอง	8	ตัว-เอง		COMPOSED	กสอนสั่งตัวเองอย่าเกรงขา
เชื้อไข	8	เชื้อ-ไข		COMPOSED	นเครือในเชื้อไขก็อ่อนใจยา
หูกวาง	8	หู-กะ-วาง		COMPOSED	้งกรดไกรหูกวางนางตะเคียน
สิกขาบท	8	สิก-ขา-บท		COMPOSED	งค์ทรงลาสิกขาบทคงเปลื้องป
กองไฟ	8	กอง-ไฟ		COMPOSED	ห้ตีฆ้องกองไฟไวปราการทห
เป่าแตร	8	เป่า-แตร		COMPOSED	ห้ตีกลองเป่าแตรแซ่สนั่นพล
อดใจ	8	อด-ใจ		COMPOSED	บสเธอถืออดใจหมายฝ่ายกุ
ปลงใจ	8	ปะ-ลง-ใจ		COMPOSED	้นโลภหลงปลงใจไม่ประวิงเ
ปี่แก้ว	8	ปี่-แก้ว		COMPOSED	ยินเสียงปี่แก้วแว่ววิญญาณ
ลาญ	8	ลา-ยะ		COMPOSED	าตามเผาผลาญพอฝนตกหนาว
เร็วไว	8	เร็ว-ไว		COMPOSED	่วงลีลาศเร็วไวใครจะเหมือ
เรือใบ	8	เรือ-ใบ		COMPOSED	นกวักมือเรือใบให้เข้ามาส
อาจจะ	8	อา-จะ-จะ		COMPOSED	งตริก็มิอาจจะหวาดไหวลงน
ตระการ	8	ตะ-ระ-กาน		COMPOSED	ยนทองของตระการปักบนพานทอ
ทับทรวง	8	ทับ-ซวง		COMPOSED	ฝังมุกดาทับทรวงเม็ดเพชรรั
จับต้อง	8	จับ-ต้อง		COMPOSED	ขรเอามือจับต้องดูพระภูธรย
ทวง	8	ทะ-วง		COMPOSED	ารภพย่อมทวงทบร้าวแยกแ
แตกสลาย	8	แตก-สะ-ลาย		COMPOSED	บร้าวแยกแตกสลายนางคิดเห็น
โรงคัล	8	โรง-คัน		COMPOSED	ยอยู่พระโรงคัลอันจำรูญมา
ทองกร	8	ทอง-กร		COMPOSED	าตยา¦ทรงทองกรลายกุดั่นก
วันพระ	8	วัน-พระ		COMPOSED	องป่าพนาวันพระทรงธรรม์ถึ
ถือดี	8	ถือ-ดี		COMPOSED	นดึงดั้อถือดีมิมาง้อจะย
สมควร	8	สม-ควน		COMPOSED	ุวรรณอันสมควรตามกระบวนน
หญิงสาว	8	หยิง-สาว		COMPOSED	ยากจะได้หญิงสาวชาวกำพลจึง
ใบบอก	8	ใบ-บอก		COMPOSED	ำหรับรับใบบอกพลางคลี่ออ
กินน้ำ	8	กิน-น้ำ		COMPOSED	เพราะมันกินน้ำยาคงอาสัญบ
สมใจ	8	สม-ใจ		COMPOSED	สเป็ดไก่สมใจปองถูกทำนอ
ปรึกษาหารือ	8	ปรึก-สา-หา-รือ		COMPOSED	กลัว¦จึงปรึกษาหารือพราหมณ์สุท
ลายมือ	8	ลาย-มือ		COMPOSED	นังสือดูลายมือคลี่สารอ่า
สุดแล้วแต่	8	สุด-แล้ว-แต่		COMPOSED	่าผันแปรสุดแล้วแต่ท่านครูผู้
กลาก	8	กะ-ลาก		COMPOSED	้วโรยขวากลากปืนขึ้นไปใ
กระจ่างแจ้ง	8	กระ-จ่าง-แจ้ง		COMPOSED	ศิลาเผินกระจ่างแจ้งแสงจันทร์แ
ว่าง	8	ว่า-งะ		COMPOSED	่องแล้วสว่างแผ้วราวกับ
หน้ากระดาน	8	หน้า-กระ-ดา-นะ		COMPOSED	ายดาเป็นหน้ากระดานถือปืนขวาน
ยกธง	8	ยก-ธง		COMPOSED	งใจจงให้ยกธงหย่าทัพขับ
ราชทูต	8	ราด-ทูด		COMPOSED	ำเอาท่านราชทูตไปพูดจาแก่
คนจน	8	คน-จน		COMPOSED	็จให้ทุกคนจนล้นเหลืออี
ชลีกร	8	ชะ-ลี-กร		COMPOSED	นัลมเหสีชลีกร¦ประทานเสร
ชมา	8	ชะ-มา		COMPOSED	ัวสังฆราชมาพิฆาตเข่นฆ
ฉนวน	8	ฉะ-นะ-วน		COMPOSED	งท่าหน้าฉนวนกรมแสงถือเ
เสน่า	8	เส-น่า		COMPOSED	รมแสงถือเสน่าทั้งง้าวทว
ตามตรง	8	ตาม-ตรง		COMPOSED	้งความไปตามตรง¦ฝ่ายไทท้า
ซ้อนกล	8	ซ้อน-กล		COMPOSED	ยก่อนได้ซ้อนกล¦พราหมณ์สุ
ถอยเรือ	8	ถอย-เรือ		COMPOSED	ยครั้นจะถอยเรือก็แล่นมาแน
เข้าตาจน	8	เข้า-ตา-จน		COMPOSED	ิงหนาหวาเข้าตาจนอย่ามาบ่นร
เมืองท่า	8	เมือง-ท่า		COMPOSED	นถึงสถานเมืองท่าชลาไหลให้ห
น้ำนวล	8	น้ำ-นวน		COMPOSED	งก่ำเป็นน้ำนวล¦พี่เลี้ยง
มีราคา	8	มี-รา-คา		COMPOSED	ของขายดีมีราคาเรือไปมามิ
รังสรรค์	8	รัง-สัน		COMPOSED	ชจอมวังนรังสรรค์ฝ่ายม้าใช้
จำลอง	8	จำ-ลอง		COMPOSED	องลาดถาดจำลองล้วนของดีบ
ลำดับ	8	ลำ-ดับ		COMPOSED	่งละน้อยลำดับถ้อยตามดำร
มาสู่	8	มา-สู่		COMPOSED	คร่หาคู่มาสู่ปรางค์¦ฝ่า
เกลือกกลิ้ง	8	เกลือ-กะ-กลิ้ง		COMPOSED	ือกดีแต่เกลือกกลิ้งนอนจนอ่อนห
หงส์ทอง	8	หง-ทอง		COMPOSED	สงค์เจ้าหงส์ทอง¦จะกล่าวข้
ปราม	8	ปะ-รา-มะ		COMPOSED	าบจงปราบปราม¦ตามแม่น้ำ
นำมา	8	นำ-มา		COMPOSED	ตามคำที่นำมาสั่งสอนไม่
อยู่กิน	8	อยู่-กิน		COMPOSED	ายหนูเคยอยู่กิน¦ดูผ่องใสน
น่าใจหาย	8	น่า-ใจ-หาย		COMPOSED	นมาดับไปน่าใจหายของที่รักม
สถาพร	8	สะ-ถา-พร		COMPOSED	โมลีโลกาสถาพร¦ซึ่งว่าเค
ปลาวาฬ	8	ปลา-วา-ละ		COMPOSED	ม่จากคู่ปลาวาฬวนพ่นฟองขึ
ติดจะ	8	ติด-จะ		COMPOSED	กหนี้ที่ติดจะปิดบังไม่ไ
พลอง	8	พะ-ลอง		COMPOSED	ก็ถือไม้พลองกระบองสั้น
เข็ญใจ	8	เข็น-ใจ		COMPOSED	่อยามยากเข็ญใจก็ได้เห็นส
กระถาง	8	กระ-ถา-งะ		COMPOSED	กับไม้ในกระถางพระสุริย์ฉ
ขุนหมื่น	8	ขุน-หมื่น		COMPOSED	ัดนายเวรขุนหมื่นพื้นฉกรรจ์
พอก	8	พะ-อก		COMPOSED	เจ็ดวัน¦พอกำปั่นแล่นม
กันลง	8	กัน-ลง		COMPOSED	ีบรัดจัดกันลงเภตราไปพาร
หน้าที่นั่ง	8	หน้า-ที่-นั่ง		COMPOSED	มรับสั่งหน้าที่นั่งสองพระองค์
ครามครัน	8	คะ-รา-มะ-ครัน		COMPOSED	ยกตามกันครามครันแต่ทัพท้าว
รู้ตัว	8	รู้-ตัว		COMPOSED	คนผู้ได้รู้ตัวอย่าเมามัว
ใจมา	8	ใจ-มา		COMPOSED	ื่นเศร้าใจมาในดงจนเข้า
ข้าพระ	8	ข้า-พระ		COMPOSED	่มาเฝ้าเข้าพระทัย¦พระสั่
ร้อนใน	8	ร้อน-ใน		COMPOSED	นหลานนี้ร้อนในอุราท่านปร
เลี้ยงรับ	8	เลี้ยง-รับ		COMPOSED	่เคย¦พี่เลี้ยงรับสิ่งของประ
ปก	8	ปะ-กะ		COMPOSED	สั่งให้ไปกับเราอย่าเ
หวังใจ	8	หวัง-ใจ		COMPOSED	งใจ¦อย่าหวังใจไว้ตัวว่าผ
ความลับ	8	ความ-ลับ		COMPOSED	ผัวจะพูดความลับความอับอาย
เป็นรอง	8	เป็น-รอง		COMPOSED	ยสู่สมก็เป็นรองกัลยานี้น่
ทำคุณ	8	ทำ-คุน		COMPOSED	ียแรงเราทำคุณการุญรักมา
อยู่คง	8	อยู่-คง		COMPOSED	่อสู้มันอยู่คง¦ไม่ต้องกา
คนแก่	8	คน-แก่		COMPOSED	ือเห็นตาคนแก่จะแปรปรวน¦
หนุ่มแน่น	8	หนุ่ม-แน่น		COMPOSED	ินทร์เขาหนุ่มแน่นแสนชำนาญใน
กลางทาง	8	กลาง-ทาง		COMPOSED	เราขาดลงกลางทางวิถีจะเลี้
หวาม	8	หวา-มะ		COMPOSED	งจริงหนาหวามันมาคอยทำต
บนบาน	8	บน-บาน		COMPOSED	รองการจะบนบานเป็นไฉนได้
มองเห็น	8	มอง-เห็น		COMPOSED	ค่อยวายหมองเห็นจะสมคะเนนึ
ต่อไป	8	ต่อ-ไป		COMPOSED	ทีถึงพ่อต่อไปเลยแล้วนาง
รู้ถึงหู	8	รู้-ถึง-หู		COMPOSED	อบว่าให้รู้ถึงหูเหืองให้มั
นวลหง	8	นวน-หะ-งะ		COMPOSED	ัญจวนถึงนวลหงจำจะไปสอนธ
ผิดนัก	8	ผิด-นัก		COMPOSED	หลาดจริงผิดนักพลางซักถาม
บ้านเรือน	8	บ้าน-เรือน		COMPOSED	่นฐานการบ้านเรือนมอบให้บุตร
ตรมตรอม	8	ตรม-ตะ-รอ-มะ		COMPOSED	ารมณ์ที่ตรมตรอมนางเงือกน้
กลัด	8	กะ-ลัด		COMPOSED	่หมู่หลีกลัดล้วนมัจฉาป
ประภา	8	ประ-ภา		COMPOSED	์ราชตรัสประภาษถามไต่พระ
กองกลาง	8	กอง-กลาง		COMPOSED	ึงยามสองกองกลางก็กางใบค่อ
สิ้นแรง	8	สิ้น-แรง		COMPOSED	สงสัยถึงสิ้นแรงแทงฟันไม่บ
เสียเถิด	8	เสีย-เถิด		COMPOSED	เสด็จหนีเสียเถิดทูลกระหม่อ
เป็นไป	8	เป็น-ไป		COMPOSED	ื่อไรมันเป็นไปตามแผลข้าง
ไม่เข้ายา	8	ไม่-เข้า-ยา		COMPOSED	ยเลยเจ้าไม่เข้ายา¦พี่ว่าเขา
พระศพ	8	พระ-สบ		COMPOSED	ระชนม์จนพระศพไม่พบเลยเว
ล่วงหน้า	8	ล่วง-หน้า		COMPOSED	ที่จะว่าล่วงหน้าไปก็ยังไม่
รองทรง	8	รอง-ทรง		COMPOSED	่นทองที่รองทรง¦ถึงรูปชั่
หลีกทาง	8	หลีก-ทาง		COMPOSED	งห่าฝนจะหลีกทางข้างไหนก็ไ
ชาติหน้า	8	ชาด-หน้า		COMPOSED	พรชัย¦ไปชาติหน้ามาเกิดกับอ
ดีฉัน	8	ดี-ฉัน		COMPOSED	บิดาชนนีดีฉันฝากกับปู่แ
ตัวดี	8	ตัว-ดี		COMPOSED	ิงหลงถึงตัวดีมีครูจะอยู
ก้มหน้า	8	ก้ม-หน้า		COMPOSED	พชตาบ้างก้มหน้านั่งหัวร่อ
บอกข่าว	8	บอก-ข่าว		COMPOSED	หนเล่าจงบอกข่าวให้ฉันแจ้ง
ชัยชนะ	8	ไช-ชะ-นะ		COMPOSED	พอให้ได้ชัยชนะก็เห็นจะทำ
ท่าข้าม	8	ท่า-ข้าม		COMPOSED	รักษาไว้ท่าข้ามตามประสงค์
ลูบคลำ	8	ลูบ-คะ-ลำ		COMPOSED	ดรูปเฝ้าลูบคลำ¦แล้วองค์ท
หักคอ	8	หัก-คอ		COMPOSED	ผลักแล้วหักคอ¦ถึงตัวพี่
ผู้คุม	8	ผู้-คุม		COMPOSED	งกรง¦พวกผู้คุมกลุ้มกลาดป
ติดใจ	8	ติด-ใจ		COMPOSED	ตผู้หญิงติดใจรักสมัครสม
คับขัน	8	คับ-ขัน		COMPOSED	้มทัพไว้คับขันจะเข้าประต
ผิดสังเกต	8	ผิด-สัง-เกด		COMPOSED	ี้วิปริตผิดสังเกตพระทรงเดชไ
ยศศักดิ์	8	ยด-สัก		COMPOSED	ยดกระบี่ยศศักดิ์เครื่องปัก
เท่านั้น	8	เท่า-นั้น		COMPOSED	ของดิฉันเท่านั้นเอง¦บาทหลว
สุดปัญญา	8	สุด-ปัน-ยา		COMPOSED	ประยุทธ์สุดปัญญาจึงทำกล้าแ
น่าฟัง	8	น่า-ฟัง		COMPOSED	้อยระฆังน่าฟังเล่นดูเหมื
อุปราช	8	อุ-ปะ-ราด		COMPOSED	หลังตั้งอุปราชาภิเษกองค์
ทั้งหมด	8	ทั้ง-หมด		COMPOSED	ูพรั่งมาทั้งหมดทั้งสามพรา
แปลงกาย	8	แปลง-กาย		COMPOSED	นทหารให้แปลงกายคล้ายฝรั่ง
ดอกฟ้า	8	ดอก-ฟ้า		COMPOSED	หมือนได้ดอกฟ้าลงมาเชย¦ภุ
โกรธแค้น	8	โกรด-แค้น		COMPOSED	แคว้นถึงโกรธแค้นความรักย่อ
หลังเขา	8	หลัง-เขา		COMPOSED	ยั้งอยู่หลังเขาคอยจับชาวเ
สีเหลือง	8	สี-เหลือง		COMPOSED	รษฐีเห็นสีเหลืองลืมแค้นเคื
กะเกณฑ์	8	กะ-เกน	ssg splits more than override (3 vs 2)	REVIEW	ุศเรนจึงกะเกณฑ์แบ่งทหารชา
ตลบหลัง	8	ตะ-หลบ-หลัง	syllable count differs (ssg 2 vs w2p 3)	REVIEW	ับผันรีบตลบหลังไปก็ไม่ทัน
สงบ	8	สะ-หงบ	syllable count differs (ssg 1 vs w2p 2)	REVIEW	รั้งรอพอสงบที่รบรับให
อัปยศ	8	อับ-ปะ-ยด	syllable count differs (ssg 2 vs w2p 3)	REVIEW	ะเป็นที่อัปยศไม่งดงามแล
ไพรสาณฑ์	8	ไพร-สาน	ssg splits more than override (3 vs 2)	REVIEW	เดินไปในไพรสาณฑ์รถที่นั่งส
ผิดเพศ	7	ผิด-เพศ		AUTO	เย็นเห็นผิดเพศเหตุไรไฉนห
เย็นฉ่ำ	7	เย็น-ฉ่ำ		AUTO	าเกิดก่อเย็นฉ่ำจะทำเข็ญหร
เช็ดหน้า	7	เช็ด-หน้า		AUTO	ลังกาถือเช็ดหน้าโหมดเทศข้า
เล็ดลอด	7	เล็ด-ลอด		AUTO	่รอดวิ่งเล็ดลอดออกมาหาที่
ไข่	7	ไข่		AUTO	ั้งเหล้าไข่สิ่งของต้อ
อสุรี	7	อะ-สุ-รี		AUTO	กล่าวถึงอสุรีนางปีศาจเข
คุ้มภัย	7	คุ้ม-ภัย		AUTO	ะได้ช่วยคุ้มภัยสิ่งใดมาขอ
ด้อม	7	ด้อม		AUTO	ี่ยวเดินด้อมลัดไปในวิถ
สิทธิ์	7	สิด		AUTO	มุนีฤๅษีสิทธิ์สำรวมกิจนึ
กระหึ่ม	7	กระ-หึ่ม		AUTO	ครางครึมกระหึ่มเสียงทั้งโ
ถึก	7	ถึก		AUTO	ยงทั้งโคถึกมฤคีเม่นหม
พี	7	พี		AUTO	ึงขอแต่เพียงสัตย์ซื่
แปล	7	แปล		AUTO	อยลัดแลงแปลงแปลกเป็นแ
ไส้	7	ไส้		AUTO	าดินดำทำไส้กับไฟกรดพอ
คั่น	7	คั่น		AUTO	ันเอาดินคั่นไว้ข้างล่า
ไคล้	7	ไคล้		AUTO	พระเคล้นไคล้เคล้าพุ่มป
ยี่	7	ยี่		AUTO	็นอย่างเยี่ยงดินฟ้าสุ
เหิม	7	เหิม		AUTO	าศึกต่างเหิมฮึกแต่เห็น
แค่น	7	แค่น		AUTO	นอย่าแคะแค่นแสนกลพวกคน
โฉงเฉง	7	โฉง-เฉง		AUTO	ย่าโกงทำโฉงเฉงเรียนเอาไว
เปรอะ	7	เปรอะ		AUTO	คอะดูมันเปรอะเต็มระยำอ้
อวดอ้าง	7	อวด-อ้าง		AUTO	หนวดทั้งอวดอ้างแต่นำทางให
ปั่น	7	ปั่น		AUTO	คนในลำกำปั่นถูกควันง่ว
เลอะ	7	เลอะ		AUTO	เนก็โลเลเลอะไปไม่ได้กา
เอะอะ	7	เอะ-อะ		AUTO	ค่อยสนุกเอะอะเสียงจ๊ะจ๋
ต้อ	7	ต้อ		AUTO	ระหลาดใจต้องล่าทัพกลั
มุกดา	7	มุก-ดา		AUTO	ะโรงรจนามุกดาหารก็เชิญพ
ทรมาน	7	ทอ-ระ-มาน	syllable count differs (ssg 2 vs w2p 3)	REVIEW	กวงศ์วานทรมานกายาในสามั
รึง	7	รึง		AUTO	งเอาสายตรึงโยนแขวนไว้
เยื่อใย	7	เยื่อ-ใย		AUTO	ดผ่อนตัดเยื่อใยที่ในทรวงห
ก้น	7	ก้น		AUTO	นต์ไปตามก้นแกวิตกเดิน
ตริตรอง	7	ตริ-ตรอง		AUTO	าคติเร่งตริตรองจงตัดช่องผ
บทกลอน	7	บท-กลอน		AUTO	นอักษรในบทกลอนจะว่าขานสถ
พาซื่อ	7	พา-ซื่อ		AUTO	ระมังคลาพาซื่อถือว่าพระอ
เมื่อกี้	7	เมื่อ-กี้		AUTO	วแขกอยู่เมื่อกี้ก็หนีไปทั้
กุญชร	7	กุญ-ชร		AUTO	ตน์อัสดรกุญชรชาติมายืนก
เรียบเรียง	7	เรียบ-เรียง		AUTO	ะเบียบดูเรียบเรียง¦มาเลี้ยงด
ฝึกหัด	7	ฝึก-หัด		AUTO	ำคนประจำฝึกหัดไว้ขัดขวาง
ถาด	7	ถาด		AUTO	ะหลาดใส่ถาดทองกับสิ่ง
ชำระ	7	ชำ-ระ		AUTO	ะยาถอนไปชำระที่สะสมบรร
กุมภา	7	กุม-ภา		AUTO	เป็นเหรากุมภาพาลจะประหา
กระโชก	7	กาน-โชก	sound mismatch @1 (กระ vs กาน)	REVIEW	ยื้อนโยกกระโชกพัด¦อัศจรร
หย่า	7	หย่า		AUTO	ร็จเดินเหย่าเข้าในห้อง
ทางบก	7	ทาง-บก		AUTO	รึกษาว่าทางบกเราก็มั่นก
ยืดยาว	7	ยืด-ยาว		AUTO	จกล่าวจะยืดยาวขายหูไม่รู
ดิบ	7	ดิบ		AUTO	กษ์หมีผีดิบมันคอยแก้จ
ดันทุรัง	7	ดัน-ทุ-รัง		AUTO	้โมหันธ์ดันทุรังอุตส่าห์ตั
ศุกร์	7	สุก		AUTO	มตามตำราศุกร์เป็นศรีดีแ
เนิ่น	7	เนิ่น		AUTO	าการอย่าเนิ่นนานบอกให้ท
ระบิล	7	ระ-บิล		AUTO	ความตามกระบิลมาแต่ถิ่นป
ไส้ศึก	7	ไส้-ศึก		AUTO	ันไปเป็นไส้ศึกคงสำนึกมั่
เดโชชัย	7	เด-โช-ชัย		AUTO	พูนภิญโญเดโชชัยท้าวสั่งเส
โปร่ง	7	โปร่ง		AUTO	ำด้วยทองโปร่งปรุฉลุลายบ
เกี่ยวดอง	7	เกี่ยว-ดอง		AUTO	ี่ยวเป็นเกี่ยวดอง¦ฝ่ายไทท้า
สูงใหญ่	7	สูง-ใหญ่		AUTO	ิฐศักดิ์สูงใหญ่ดั่งใจถวิล
ย้อม	7	ย้อม		AUTO	อหนังดังย้อมครั่งสุกแด
พาณิช	7	พา-ณิช		AUTO	นดูมิใช่พาณิชเราผิดใจท่
การ์	7	กา		AUTO	ก้วการณิการ์มหาหงส์คัด
ภูบาล	7	ภู-บาล		AUTO	าชฐานตามภูบาลไปประณตบทศ
ญาณ	7	ญาณ		AUTO	่าพระวิญญาณบันดาลเป็น
นาสา	7	นา-สา		AUTO	่าฉันโมทนาสาธุการในศีล
โชค	7	โชค		AUTO	ดี๋ยวนี้โชคชัยได้เวลา
ตุ้มหู	7	ตุ้ม-หู		AUTO	งห้อยมวยตุ้มหูเพชรเจ็ดกะ
จระเข้	7	จอ-ระ-เข้		AUTO	ั่งห่าฝนจระเข้เหราในสาชล
ยิบ	7	ยิบ		AUTO	วเหนียวหยิบสุรามารินก
โพก	7	โพก		AUTO	ผ้าตะบิดโพกปิดหูตะพาย
สยมพร	7	สะ-หยม-พอน	syllable count differs (ssg 2 vs w2p 3)	REVIEW	ธิ์เสกสมสยมพรไปนครเจ้าน
พรั่งพรู	7	พรั่ง-พรู		AUTO	หลังอยู่พรั่งพรู¦ทั้งสองคน
อะ	7	อะ		AUTO	ตบอกผางเอะอย่างนี้อ้
ซม	7	ซม		AUTO	ยี่สุ่นแซมแกมกุหลาบอ
สูบเลือด	7	สูบ-เลือด		AUTO	่งชิงกันสูบเลือดเอามีดเชือ
ไขว่	7	ไขว่		AUTO	แจ้งแถลงไขว่าท้าวแขกอย
ซอกซอน	7	ซอก-ซอน		AUTO	กรอกเป็นซอกซอนที่น้ำชอนไ
ชอน	7	ชอน		AUTO	อนที่น้ำชอนไหลฉ่ำลงลำ
ผ้าแพร	7	ผ้า-แพร		AUTO	ขอแลทั้งผ้าแพรสิ่งไรไม่ต
กาญจน์	7	กาน		AUTO	บุปผาผกากาญจน์¦พระจันทรแ
อ้า	7	อ้า		AUTO	ตผิดตำราอ้ายมังคลาเล่
เตะ	7	เตะ		AUTO	้ายโจรตีเตะโผงถูกโครง
ผลุด	7	ผลุด		AUTO	งวุ่นวายผลุดเข้าท้ายบา
ภูมินทร์	7	พู-มิน		AUTO	นธุ์เชิญภูมินทร์ขึ้นรถาพาพ
โภไคย	7	โภ-ไคย		AUTO	อผู้ครองโภไคยมไหสูรย์อา
อำนวย	7	อำ-นวย		AUTO	ะได้ช่วยอำนวยชัย¦พระหัส
ภุช	7	ภุช		AUTO	ดฝ่ายทรงภุชนครินทร์ปิ
กว้างขวาง	7	กว้าง-ขวาง		AUTO	กลางอยู่กว้างขวางหลับนอนผ่อ
เหือด	7	เหือด		AUTO	หละจึงจะเหือดที่เดือดร้
มี่ฉาว	7	มี่-ฉาว		AUTO	รี่เสียงมี่ฉาวแกงเกาเหลา
เกี่ยวข้อง	7	เกี่ยว-ข้อง		AUTO	สนธิ์ว่าเกี่ยวข้องเป็นไฉนยกไ
ขาวผ่อง	7	ขาว-ผ่อง		AUTO	ี่สาวสาวขาวผ่องละอองตาแต่
ทาสี	7	ทา-สี		AUTO	ำหน้าพวกทาสีเที่ยวลอยห
ละล้าละลัง	7	ละ-ล้า-ละ-ลัง		AUTO	เรียกข้าละล้าละลังรีบไปยังนค
เหลน	7	เหล็น		AUTO	รมฐานเออเหลนหลานจำเริญ
ค่อนว่า	7	ค่อน-ว่า		AUTO	เคืองขัดค่อนว่าอิจฉาเขาจง
บิดพลิ้ว	7	บิด-พลิ้ว		AUTO	ุจริตไม่บิดพลิ้วแม้นโกรธกร
เจียด	7	เจียด		AUTO	นของทั้งเจียดทองเครื่อง
เบาะ	7	เบาะ		AUTO	ัดไว้ฟูกเบาะทั้งเมาะหม
เมาะ	7	เมาะ		AUTO	าญข้ามละเมาะเกาะเกียนไ
ยล	7	ยล		AUTO	พย์ที่ลอยลิบอย่าพะวง
ซ่า	7	ซ่า		AUTO	าทั้งซิวซ่าสร้อยทองละ
โหยไห้	7	โหย-ไห้		AUTO	นไม่หลับโหยไห้อาลัยหวังจ
บาดแผล	7	บาด-แผล		AUTO	ลยแม่ที่บาดแผลมิให้แพร่ง
ชั่ง	7	ชั่ง		AUTO	ฟังคอยก็ชั่งเป็นไรไยมิ
ครหา	7	คะ-ระ-หา	syllable count differs (ssg 2 vs w2p 3)	REVIEW	ตคิดว่าใครหาไหนมาเป็นค
บอบช้ำ	7	บอบ-ช้ำ		AUTO	ทรวงระบมบอบช้ำแต่คร่ำครว
เสียดสี	7	เสียด-สี		AUTO	เอ๋ยอย่าเสียดสีคมคายภิปรา
ดิ้นรน	7	ดิ้น-รน		AUTO	ิ้นเพราะดิ้นรนพระตรัสพลา
วินาศ	7	วิ-นาศ		AUTO	สิงหลให้วินาศดาษดา¦แกบ่
กระเซ็น	7	กระ-เซ็น		AUTO	ยือกเย็นกระเซ็นใสเดือนก็ข
อิดเอื้อน	7	อิด-เอื้อน		AUTO	นักสิทธ์อิดเอื้อนเยื้อนปราศ
สาวแส้	7	สาว-แส้		AUTO	นฤๅษีใช่สาวแส้แก่แล้วคุณ
เฝือง	7	เฝือง		AUTO	ท่อมล้อมเฝืองฝาที่เงื้อ
ยึด	7	ยึด		AUTO	ป็นอัตรายึดมั่นในสันด
ไผ่	7	ไผ่		AUTO	ยากไร้จะไผ่ผอมเจ้าประ
ฉาดฉาน	7	ฉาด-ฉาน		AUTO	ลาดเสียงฉาดฉานเหล่าล้าต้
พุง	7	พุง		AUTO	วัลย์พันพุงนุ่งเปลือก
ยักษี	7	ยัก-ษี		AUTO	้นรักนางยักษีจึงปรึกษาก
แห้ง	7	แห้ง		AUTO	รงถึงที่แห้งเสือกซบสลบ
เผือด	7	เผือด		AUTO	ักพักตร์เผือดเลือดสลดแส
หยอกเอิน	7	หยอก-เอิน		AUTO	อเล่นนอกหยอกเอินพอเพลินพลา
ตะบอย	7	ตะ-บอย		AUTO	งทำสำออยตะบอยบ่นเห็นยาก
บรรจุ	7	บรร-จุ		AUTO	สำหรับรบบรรจุครบเครื่อง
ตอ	7	ตอ		AUTO	จับดวงจิตออกกระบอกหู
เหน็ดเหนื่อย	7	เหน็ด-เหนื่อย		AUTO	่ทนทานจนเหน็ดเหนื่อยเมื่อยแขนอ
เยิน	7	เยิน		AUTO	ทัพจะยับเยินเกิดเผอิญร
ช้ำชอก	7	ช้ำ-ชอก		AUTO	ีกลองไม่ช้ำชอกกลอกกลับเข
ละเมิด	7	ละ-เมิด		AUTO	ษเถิดถ้าละเมิดอีกทีนี้จึ
เวศน์	7	เวด		AUTO	อยไปในนิเวศน์ถิ่นประเทค
เดือดดาล	7	เดือด-ดาล		AUTO	่งงานลูกเดือดดาลจึงได้ว่าใ
เช็ด	7	เช็ด		AUTO	ลังกาถือเช็ดหน้าโหมดเท
ขี้คร้าน	7	ขี้-คร้าน		AUTO	ู้จี้ข้าขี้คร้าน¦อุศเรนคั่
นั้นแหละ	7	นั้น-แหละ		AUTO	สินสมุทรนั้นแหละเขาเป็นเจ้
บวม	7	บวม		AUTO	บาทบงสุ์บวมบอบระบมตรม
พลิ้ว	7	พลิ้ว		AUTO	ิตไม่บิดพลิ้วแม้นโกรธกร
ชงฆ์	7	ชง		AUTO	นทั้งพระชงฆ์องค์อุศเรน
พริ้มเพรา	7	พริ้ม-เพรา		AUTO	ยิ้มอยู่พริ้มเพรา¦แล้ววันทา
จักรวาล	7	จัก-กระ-วาน	syllable count differs (ssg 2 vs w2p 3)	REVIEW	กตร์ทั้งจักรวาล¦ภุมรินบิน
วัวควาย	7	วัว-ควาย		AUTO	ยวไล่ขี่วัวควายสบายใจ¦ได้
เมื่อยล้า	7	เมื่อย-ล้า		AUTO	ชีเปลือยเมื่อยล้าเห็นม้ากลั
นิดหน่อย	7	นิด-หน่อย		AUTO	็นคำหนักนิดหน่อยอย่าน้อยใจ
เย้ยหยัน	7	เย้ย-หยัน		AUTO	ลามเลยมาเย้ยหยันยิ่งแค้นคั
แหล่ง	7	แหล่ง		AUTO	แล้วหล้าแหล่งทุกแห่งหนน
เรี่ยว	7	เรี่ยว		AUTO	หลงละโมบเรี่ยวแรงต้องแข็
เท้า	7	เท้า		AUTO	จะลือฝ่าเท้าเจ้าประคุณ
เน้น	7	เน้น		AUTO	อหนักนีดเน้นเคล้นขยำกำ
ผุดผาด	7	ผุด-ผาด		AUTO	ูรยาตรดูผุดผาดดังสุรางค์
ช้อย	7	ช้อย		AUTO	ตาก็แช่มช้อยแต่โง่น้อย
สำลัก	7	สำ-ลัก		AUTO	ะอื้นร่ำสำลักกระอักกระไ
เสี้ยว	7	เสี้ยว		AUTO	กายคล้ายเสี้ยวกางทั้งสูง
ยียวน	7	ยี-ยวน		AUTO	าซี้เฝ้ายียวนเสียงโซ่ตร
โต้ตอบ	7	โต้-ตอบ		AUTO	ะชอบช่วยโต้ตอบตามโบราณอย
มาตรแม้น	7	มาตร-แม้น		AUTO	ารมณ์ถึงมาตรแม้นม้วยมุดสุด
ฉับไว	7	ฉับ-ไว		AUTO	ิดรับพี่ฉับไว¦เห็นลูกสา
จู่โจม	7	จู่-โจม		AUTO	ฮึกโหมจะจู่โจมจุดไฟเข้าไ
กล่น	7	กล่น		AUTO	าเกลื่อนกล่นในพระลานชา
ย้อนยอก	7	ย้อน-ยอก		AUTO	ไม่บอกทำย้อนยอกเกกมะเหรกพ
แผด	7	แผด		AUTO	้องลมแดดแผดเผาจะเศร้า
ซมซาน	7	ซม-ซาน		AUTO	ว่าล้มลงซมซาน¦สินสมุทรส
ท้วงติง	7	ท้วง-ติง		AUTO	มง่วงไม่ท้วงติงทำเมินนิ่ง
และเลียม	7	และ-เลียม		AUTO	รียมอย่าและเลียมลูบต้องให้
กักขัง	7	กัก-ขัง		AUTO	ไม่รักทำกักขังก็ใครมั่งจ
เอออวย	7	เออ-อวย		AUTO	งด้วยจึงเอออวยอ่อนใจอาลั
คิ้ว	7	คิ้ว		AUTO	นบ้างกันคิ้วบ้างบีบสิว
เป็นชู้	7	เป็น-ชู้		AUTO	ชิงคู่ไปเป็นชู้เชยชมประสม
ซอง	7	ซอง		AUTO	าหลงเข้าซองซ้ำแล้วกรร
มะปราง	7	มะ-ปราง		AUTO	ือนอย่างมะปรางเปล่งดูผิว
ฟ้าแลบ	7	ฟ้า-แลบ		AUTO	้าวัง¦พอฟ้าแลบแปลบสว่างเ
ดื่น	7	ดื่น		AUTO	คืนจนดึกดื่นบอกเราให้เ
คลอน	7	คลอน		AUTO	แนบนิทราคลอน้ำตาตกใจกร
ซู่	7	ซู่		AUTO	งฟูเสียงซู่ซู่สายฝนปน
นาคา	7	นา-คา		AUTO	่นเกศเทศนาคาถาจบพอค่ำพ
ดั้นด้น	7	ดั้น-ด้น		AUTO	สามสิบคนดั้นด้นไปพอฝรั่งน
พก	7	พะ-กะ		COMPOSED	จะย้อนทัพกลับหลังมัน
วันที่	7	วัน-ที่		COMPOSED	งดังกลางวันที่มืดมนอนธกา
หมั่น	7	หะ-มั่น		COMPOSED	แก้กลศึกหมั่นตรึกตรอง¦อ
หุง	7	หุ-งะ		COMPOSED	งให้ตั้งหุงของเบื่อเม
ปรุง	7	ปะ-รุ-งะ		COMPOSED	หราเอามาปรุงตั้งกองหุง
ฝ่ายใน	7	ฝ่าย-ใน		COMPOSED	¦จะกล่าวฝ่ายในลังกาอาณาจ
หุงข้าว	7	หุ-งะ-ข้าว		COMPOSED	ายในคงคาหุงข้าวปลาอาบกินท
ขม	7	ขะ-มะ		COMPOSED	ลุถึงศุโขมโหฬาร¦ป่าง
ไขความ	7	ไข-ความ		COMPOSED	ูวไนยเธอไขความสาธุสะพระฤ
บาปกรรม	7	บาบ-กำ		COMPOSED	พศหยาบก็บาปกรรมแต่ต้องจำใ
ดังก้อง	7	ดัง-ก้อง		COMPOSED	สานเสียงดังก้องวังเวง¦รู้
ความทุกข์	7	ความ-ทุก		COMPOSED	ลื้องปลดความทุกข์เป็นสุขีบ้
กระยา	7	กระ-ยา		COMPOSED	วหวานพระกระยาสุธาโภชน์ด
มีฝีมือ	7	มี-ฝี-มือ		COMPOSED	ล้วนโยธีมีฝีมือ¦ได้ฤกษ์ดี
ยกพวก	7	ยก-พวก		COMPOSED	้วให้เรียกพวกพลเป็นคนทร
สายระยาง	7	สาย-ระ-ยา-งะ		COMPOSED	ส่ดินปืนสายระยางกางไกใส่ไว
ประยูรวงศ์	7	ประ-ยูน-วง		COMPOSED	ในตระกูลประยูรวงศ์¦ถึงองค์ดา
แสนกล	7	แสน-กล		COMPOSED	าแคะแค่นแสนกลพวกคนพาลทั
ต่อว่า	7	ต่อ-ว่า		COMPOSED	พ่อจะตอบต่อว่ากระไรขอไต่
พูดมาก	7	พูด-มาก		COMPOSED	ายโว้เว้พูดมากถลากไถลเดี
กาลี	7	กา-ลี		COMPOSED	ับวิชาคนกาลีเป็นสุดที่
รู้กัน	7	รู้-กัน		COMPOSED	ดินจุกหูรู้กันทั่วระวังต
หันไป	7	หัน-ไป		COMPOSED	ปั่นเรือหันไปเข้าเขตในป
ต่างกัน	7	ต่าง-กัน		COMPOSED	ห้างต่างต่างกันลำกำปั่นพ่
พยับฝน	7	พะ-ยับ-ฝน		COMPOSED	ดูก็เป็นพยับฝนอนธการไม่เ
ตัวตน	7	ตัว-ตน		COMPOSED	นทั่วทุกตัวตน¦ทุจริตจิต
พอกัน	7	พอ-กัน		COMPOSED	รวลสันต์พอกันทุกข์ค่อยส
กางกั้น	7	กาง-กั้น		COMPOSED	างพระกลดกางกั้นไปจนในวัง¦
ราชัย	7	รา-ไช		COMPOSED	ำรงรัตน์ราชัยสืบไอศูรย์
สนับเพลา	7	สะ-นับ-เพลา		COMPOSED	บุรินทร์สนับเพลาเชิงงอนอ่อ
รอดตาย	7	รอด-ตาย		COMPOSED	าเอ๋ยได้รอดตายวายชีวามาห
ปะปน	7	ปะ-ปน		COMPOSED	าธุสะไม่ปะปนหวังกุศลภิ
เบื้องหลัง	7	เบื้อง-หลัง		COMPOSED	่าเรื่องเบื้องหลังให้ฟังทีเม
สุขทุกข์	7	สุก-ทุก		COMPOSED	วยกันอันสุขทุกข์เวทนาสีกาเ
ว่าที่	7	ว่า-ที่		COMPOSED	ห้แจ้งใจว่าที่ในองค์ห้าส
ชี้ทาง	7	ชี้-ทาง		COMPOSED	ีให้ช่วยชี้ทางสวรรค์ชั้น
รู้ทาง	7	รู้-ทาง		COMPOSED	้โหรดูพอรู้ทางพอได้วางใจ
ขอเดชะ	7	ขอ-เด-ชะ		COMPOSED	นทาคารวะขอเดชะศรัทธาที่ก
ทางทะเล	7	ทาง-ทะ-เล		COMPOSED	ลายอย่างทางทะเล¦ฝ่ายท่านท
ตกไป	7	ตก-ไป		COMPOSED	นคลุมหัวตกไปไหนไม่มีช้
ตั้งตัว	7	ตั้ง-ตัว		COMPOSED	ดสนคิดจะตั้งตัวใหญ่ตามใจต
แขกดำ	7	แขก-ดำ		COMPOSED	แปลกล้วนแขกดำนั่งประจำอ
ชี้ขาด	7	ชี้-ขาด		COMPOSED	งฆราชได้ชี้ขาดในเรื่องศา
จงดู	7	จง-ดู		COMPOSED	พ้นศัตรูจงดูแลจะคิดแก้
ทุกอย่าง	7	ทุก-อย่าง		COMPOSED	เห็นจริงทุกอย่างทางประโลมแ
ลดลง	7	ลด-ลง		COMPOSED	องรันทดสลดลง¦สินสมุทรน
ชี้หน้า	7	ชี้-หน้า		COMPOSED	เหยงแล้วชี้หน้าด่าให้มิได
งง	7	งะ-งะ		COMPOSED	บาทหลวงงกตกประหม่า
จับมือ	7	จับ-มือ		COMPOSED	นรับแล้วจับมือ¦พลางกวนใส
ใบไม้	7	ใบ-ไม้		COMPOSED	ิญญาณเสกใบไม้ให้เป็นต่อ
ถลำ	7	ถะ-ลำ		COMPOSED	ปพาดพลาดถลำชาวเมืองซ้
ทวา	7	ทะ-วา		COMPOSED	ศาสนาขอเทวาช่วยบำรุงซ
ล่วงลับ	7	ล่วง-ลับ		COMPOSED	งอาทิตย์ล่วงลับไม้ในไพรศร
ตรับ	7	ตะ-รับ		COMPOSED	แหงนดูหูตรับสดับฟังสำเ
ผ่านเมือง	7	ผ่าน-เมือง		COMPOSED	ารพระผู้ผ่านเมืองผลึกด้วยกา
พาลา	7	พา-ลา		COMPOSED	พราะคบคนพาลาพาให้ชั่วจ
ผก	7	ผะ-กะ		COMPOSED	นกบ้างโผผกผุดว่ายสาย
มั่งมี	7	มั่ง-มี		COMPOSED	นเขาทั้งมั่งมีดีกว่าค้าส
ติดกับ	7	ติด-กับ		COMPOSED	ข้าดงเตยติดกับเห็นยับจริ
ใช้ได้	7	ใช้-ได้		COMPOSED	งพระตรัสใช้ได้สมอารมณ์ปอ
ทนาย	7	ทะ-นาย		COMPOSED	เรียงรายทนายปืน¦ฝ่ายไท
ละเมิน	7	ละ-เมิน		COMPOSED	เทินอย่าละเมินบอกให้ทั่ว
น้ำหน้า	7	น้ำ-หน้า		COMPOSED	ัวตายขายน้ำหน้าช่างชั่วช้
หายใจ	7	หาย-ใจ		COMPOSED	งหมอนถอนหายใจก็หลับไปบน
ล่องลอย	7	ล่อง-ลอย		COMPOSED	้นฟูฟ่องล่องลอยไปตามคลื่น
วันดี	7	วัน-ดี		COMPOSED	ทหลวงว่าวันดีที่คำนับเช
ของหลวง	7	ของ-หลวง		COMPOSED	ทรวงเบิกของหลวงให้ทุกนายร
ชักนำ	7	ชัก-นำ		COMPOSED	่เขาใหญ่ชักนำให้ทำการ¦ท
คณาญาติ	7	คะ-ณา-ยาด		COMPOSED	วงศ์พงศาคณาญาติสถิตอาสน์ร
เนื้อหนัง	7	เนื้อ-หนัง		COMPOSED	ิทธิ์ติดเนื้อหนังดังย้อมครั
คร่ำ	7	คะ-ร่ำ		COMPOSED	มช้อนมีดคร่ำด้ามสุวรรณ
สุกรม	7	สุ-กะ-รม		COMPOSED	ะไก่นกยกสุกรมาวางซ้อนต่
หาคู่	7	หา-คู่		COMPOSED	ิดจะใคร่หาคู่มาสู่ปรางค
ใจรัก	7	ใจ-รัก		COMPOSED	้หญิงติดใจรักสมัครสมานเ
อารี	7	อา-รี		COMPOSED	เป็นคนดีอารีรักเห็นสมศ
ลูกไก่	7	ลูก-ไก่		COMPOSED	สีขาวดาวลูกไก่เห็นไรไรขึ
เวียนเทียน	7	เวียน-เทียน		COMPOSED	นครครั้นเวียนเทียนแล้วเธอเจิ
หนาวใจ	7	หนาว-ใจ		COMPOSED	นดีเหลือหนาวใจได้ไฟผิงมั
หาอาหาร	7	หา-อา-หาน		COMPOSED	ลให้อาชาหาอาหารสำราญใจเสด
น้ำฝน	7	น้ำ-ฝน		COMPOSED	ายชลเป็นน้ำฝนเย็นวาบจับ
วิถีทาง	7	วิ-ถี-ทาง		COMPOSED	อย่างนี้วิถีทางผิดเยี่ยงอ
ขอบพระคุณ	7	ขอบ-พระ-คุน		COMPOSED	ษ์ลักษมีขอบพระคุณกรุณาท่านป
ทิศทาง	7	ทิด-ทาง		COMPOSED	เคยสำคัญทิศทางเป็นอย่างไ
ลึกลับ	7	ลึก-ลับ		COMPOSED	านี่เห็นลึกลับสิ้นตำรับแ
แววตา	7	แวว-ตา		COMPOSED	้นพบแก้วแววตาจะพาจรมานค
คำราม	7	คำ-รา-มะ		COMPOSED	องโห่ขู่คำรามขึ้นสามหนก
ยิ้มละไม	7	ยิ้ม-ละ-ไม		COMPOSED	ุ่มกริ่มยิ้มละไม¦พวกสำเภาเ
ชโลม	7	ชะ-โลม		COMPOSED	อโสรจสรงชโลมองค์หอมรื่
ยามยาก	7	ยาม-ยาก		COMPOSED	มากเมื่อยามยากเข็ญใจก็ได
พนัก	7	พะ-นัก		COMPOSED	ี่มณีแสงพนักงานสารพัดม
หนุ่มน้อย	7	หนุ่ม-น้อย		COMPOSED	ไฉนไขคดีหนุ่มน้อยน้อยจะมาสู
ขวางหน้า	7	ขวาง-หน้า		COMPOSED	ไม่ควรจะขวางหน้ามาราวีเหมื
ไพรชน	7	ไพร-ชะ-นะ		COMPOSED	ข้างท้าวไพรชนยกพลออกมาถ
ครอบ	7	คะ-รอบ		COMPOSED	ไปมอบให้ครอบครองช่วยปก
พวงมาลัย	7	พวง-มา-ไล		COMPOSED	่เอามาลีพวงมาลัยไปถวายแต่ส
น้ำขึ้น	7	น้ำ-ขึ้น		COMPOSED	ร้ายพรายน้ำขึ้นลอยเกลื่อน
ประสาท	7	ประ-สา-ทะ		COMPOSED	หมราชเธอประสาทบุตรีเสน่ห
ได้ลาภ	7	ได้-ลา-พะ		COMPOSED	มเดโชชัยได้ลาภปราบสงคราม
จุกช่อง	7	จุก-ช่อง		COMPOSED	่งกองคิดจุกช่องล้อมวงให้จ
เครื่องบูชา	7	เครื่อง-บู-ชา		COMPOSED	¦จะขอแต่เครื่องบูชาเทพารักษ์เ
หนาวเหน็บ	7	หนาว-เหน็บ		COMPOSED	วกข้าศึกหนาวเหน็บเจ็บอินทรี
ที่สอง	7	ที่-สอง		COMPOSED	้ำใจเป็นที่สองรองตั้งไว้
กลับใจ	7	กลับ-ใจ		COMPOSED	ังคับให้กลับใจเข้าอยู่ใน
ผ่านฟ้า	7	ผ่าน-ฟ้า		COMPOSED	ังคดีพระผ่านฟ้าอยากเห็นหน
กระทำ	7	กระ-ทำ		COMPOSED	ร้อนอย่ากระทำให้ช้ำใจเอ
ห่างไกล	7	ห่าง-ไกล		COMPOSED	ุดนางไม่ห่างไกลกลับลงในเภ
ลงโทษ	7	ลง-โทด		COMPOSED	ญพระองค์ลงโทษาก็ทราบอยู
ไขแสง	7	ไข-แสง		COMPOSED	ร¦อโณทัยไขแสงแจ้งกระจ่า
สิ้นอาลัย	7	สิ้น-อา-ไล		COMPOSED	่ขวนขวายสิ้นอาลัยในชีวิตคิด
ว่าแล้ว	7	ว่า-แล้ว		COMPOSED	นคุ้นเคยว่าแล้วเลยลงมาถึง
รำจวน	7	รำ-จวน		COMPOSED	ยิ่งร้อนรำจวนใจให้ละห้อ
หามิได้	7	หา-มิ-ได้		COMPOSED	ปไม่ห้ามหามิได้ให้เป็นทาน
อ่อนกำลัง	7	อ่อน-กำ-ลัง		COMPOSED	าวหาวนอนอ่อนกำลังขึ้นยับยั้
คืนนี้	7	คืน-นี้		COMPOSED	นวารีแต่คืนนี้มิได้เห็นว
ผู้ร้าย	7	ผู้-ร้าย		COMPOSED	กตำบลโจรผู้ร้ายมิได้มี¦ทั
ดอกสร้อย	7	ดอก-สร้อย		COMPOSED	เมียน้อยดอกสร้อยดีให้ดีดสี
น้ำดอกไม้	7	น้ำ-ดอก-ไม้		COMPOSED	้องเรียกน้ำดอกไม้มาลูบไล้สา
คลาดเคลื่อน	7	คลาด-เคลื่อน		COMPOSED	ชือนต้องคลาดเคลื่อนเสนหาให้อา
เป็นสาว	7	เป็น-สาว		COMPOSED	่าแม่ยังเป็นสาวจะว่ากล่าว
ออกเรือ	7	ออก-เรือ		COMPOSED	บกบอกให้ออกเรือ¦ทหารปืนยื
ขับขัน	7	ขับ-ขัน		COMPOSED	กำชับไว้ขับขันใช่ประสงค์
เที่ยวเล่น	7	เที่ยว-เล่น		COMPOSED	กเมืองไปเที่ยวเล่นเป็นปีแล้ว
ลำพัง	7	ลำ-พัง		COMPOSED	ต่ถามแต่ลำพังเราก็ตั้งใ
เหลือใจ	7	เหลือ-ใจ		COMPOSED	เด็กเล็กเหลือใจไม่มีผู้ชู
ซ้ำร้าย	7	ซ้ำ-ร้าย		COMPOSED	ี่ยงพล้ำซ้ำร้ายเสียดายการ
แอบดู	7	แอบ-ดู		COMPOSED	งนางพลางแอบดูโฉมยงไม่เห
ไว้อาลัย	7	ไว้-อา-ไล		COMPOSED	ล้งแสร้งไว้อาลัยลานพระสงสา
ดอกรัก	7	ดอก-รัก		COMPOSED	นั้นเด็ดดอกรักไว้เที่ยวเ
ขวาก	7	ขวา-กะ		COMPOSED	ครามทั้งขวากหนามกรวดทร
ความสำราญ	7	ความ-สำ-ราน		COMPOSED	ที่ยวตามความสำราญ¦อันปิ่นปั
สมรัก	7	สม-รัก		COMPOSED	ประเสริฐสมรักเป็นศักดิ์
พยาบาท	7	พะ-ยา-บาด		COMPOSED	หันฉันทาพยาบาทนึกว่าชาติ
เสียรู้	7	เสีย-รู้		COMPOSED	รับรบสู้เสียรู้หญิงบ้างล้
ไตรดายุค	7	ไตร-ดา-ยุ-คะ		COMPOSED	้ตั้งแต่ไตรดายุคทุกแผ่นดิน
ปลัก	7	ปะ-ลัก		COMPOSED	ำเริบรักปลักปลอบไม่ตอบ
แห่งใด	7	แห่ง-ใด		COMPOSED	ปแฝงเสียแห่งใด¦แลเขม้นเห
น่าสงสัย	7	น่า-สง-ไส		COMPOSED	ลูบอกว่าน่าสงสัยเมื่อทิ้งข
เชื้อแถว	7	เชื้อ-แถว		COMPOSED	อเนื้อในเชื้อแถวแม้มิตายหม
วายชีวิต	7	วาย-ชี-วิด		COMPOSED	คำข้อขอถวายชีวิตข้าโหราผู้
หนุนเนื่อง	7	หนุน-เนื่อง		COMPOSED	จ้าเมืองหนุนเนื่องมาด้วยจะใค
ล่อน	7	ล่อ-นะ		COMPOSED	็นเนื้อหล่อนเต้นทุ่มเถ
ขนนก	7	ขน-นก		COMPOSED	ะหนกหมวกขนนกเหน็บแนมแซ
พยศ	7	พะ-ยด		COMPOSED	โกหกเห็นพยศไม่อดสูแต่
ออกห่าง	7	ออก-ห่าง		COMPOSED	ธิ์ตราพอออกห่างนางลั่นเกา
นพ	7	นะ-พะ		COMPOSED	นไม่ทนทานพากันแตกกลั
ร้องบอก	7	ร้อง-บอก		COMPOSED	งจับต้องร้องบอกว่าออกกลิ่
ทุกครั้ง	7	ทุก-ครั้ง		COMPOSED	ยิ่งกว่าทุกครั้งคราโกลาหลจ
ช่างคิด	7	ช่าง-คิด		COMPOSED	ิญจิตพ่อช่างคิดแก้ดีจะมีไ
แดนไตร	7	แดน-ไตร		COMPOSED	่นแสนทุกแดนไตรจะผลาญให้ว
แต่ต้นมือ	7	แต่-ต้น-มือ		COMPOSED	เป็นกุศลแต่ต้นมือเดี๋ยวนี้ห
คลางแคลง	7	คลา-งะ-แคลง		COMPOSED	ำพรางให้คลางแคลงน้องไม่แพร
เจ็บใจ	7	เจ็บ-ใจ		COMPOSED	ดลูกเห็บเจ็บใจหายถูกพลับ
ถือโกรธ	7	ถือ-โกรด		COMPOSED	งสืออย่าถือโกรธประทานโทษบ
สายใจ	7	สาย-ใจ		COMPOSED	คล้ายว่าสายใจมายืนยิ้มพ
เจ้ากรม	7	เจ้า-กะ-รม		COMPOSED	เฝ้าทั้งเจ้ากรมบ้างหกล้มห
ฝากตัว	7	ฝาก-ตัว		COMPOSED	มองมัวจะฝากตัวไปจนตายวาย
ล้อมวัง	7	ล้อม-วัง		COMPOSED	ืนผาเข้าล้อมวังพังทวารพาล
ร้อยแปด	7	ร้อย-แปด		COMPOSED	ใหญ่น้อยร้อยแปดค่ายเป็นหล
เรือไฟ	7	เรือ-ไฟ		COMPOSED	่าไม้ต่อเรือไฟไว้สำหรับแ
ชีพราหมณ์	7	ชี-พราม	sound mismatch @1 (ชีพ vs ชี)	REVIEW	ทั้งเสนีชีพราหมณ์นามพฤฒาก็เ
พรหมจรรย์	7	พรม-มะ-จัน	syllable count differs (ssg 2 vs w2p 3)	REVIEW	ธ์ถือกิจพรหมจรรย์เที่ยวด้นด
คนสนิท	7	คน-สะ-หนิด	syllable count differs (ssg 2 vs w2p 3)	REVIEW	่าตัวเราคนสนิทเป็นบิดรขอ
ลือเลื่อง	6	ลือ-เลื่อง		AUTO	เคืองให้ลือเลื่องมนต์กูผู้อ
ตะไล	6	ตะ-ไล		AUTO	ึ้งตะลึงตะไลตกพระทัยเพ
ณัง	6	ณัง		AUTO	จะม้วยมรณังนั่นยังก่อ
แวด	6	แวด		AUTO	ร้อมเข้าแวดล้อมค่ายหน
เปลือง	6	เปลือง		AUTO	รื่องให้เปลืองตน¦บาทหลวง
ราวความ	6	ราว-ความ		AUTO	ไปสืบสาวราวความตามยุบลมัน
เหลือหลอ	6	เหลือ-หลอ		AUTO	เบื่อไม่เหลือหลอมันหัวร่อป
สืบเสาะ	6	สืบ-เสาะ		AUTO	าเกาะข้าสืบเสาะรู้แจ้งแถล
พาเหียร	6	พา-เหียร		AUTO	จตนาเป็นพาเหียรค่อยกำจัดต
จืดจาง	6	จืด-จาง		AUTO	ยังขมไม่จืดจางบางเบาเอาน
บรรพ์	6	บัน		AUTO	หวผาคูหาบรรพ์¦ตามเสด็จพ
แข่ง	6	แข่ง		AUTO	ยพรายแสงแข่งตะวันสูงชะ
สาลิกา	6	สา-ลิ-กา		AUTO	องวังเวงสาลิกาจับนิ่งบนก
คัดเค้า	6	คัด-เค้า		AUTO	์มหาหงส์คัดเค้าดงประยงคุ์
เม่น	6	เม่น		AUTO	คถึกมฤคีเม่นหมีเมียงกิ
ค่าง	6	ค่าง		AUTO	างได้เชยค่างต่างเพศสัง
เบ็ดเสร็จ	6	เบ็ด-เสร็จ		AUTO	กำหนดนานเบ็ดเสร็จเจ็ดทิวา¦ใ
เกริ่น	6	เกริ่น		AUTO	ียงกริ่งเกริ่นบนเวหานภาล
ท่วม	6	ท่วม		AUTO	ศาฝนก็ตกท่วมนองท้องสุธ
ลอก	6	ลอก		AUTO	งลายหนังลอกมาหลอกกูนา
ป่นปี้	6	ป่น-ปี้		AUTO	ั้งวัดวาป่นปี้ระยี่ระยำแ
ยักคอ	6	ยัก-คอ		AUTO	งมาตอแหลยักคอพูดล่อลวงท
ครัว	6	ครัว		AUTO	ภ้ไปทั้งครัวหาไม่หัวมึ
โภ	6	โภ		AUTO	ระยาสุธาโภชน์ด้วยมาโ
เหนื่อยอ่อน	6	เหนื่อย-อ่อน		AUTO	าพอพักคนเหนื่อยอ่อนที่นอนเมาใ
เพราพริ้ง	6	เพรา-พริ้ง		AUTO	จริงทั้งเพราพริ้งหมดจดดูงดง
ต้อย	6	ต้อย		AUTO	ะห้อยหวนต้อยตะริดติดตี
ขลุบ	6	ขลุบ		AUTO	ายถือลูกขลุบตามยาวทั้ง
สูงศักดิ์	6	สูง-สัก		AUTO	กตร์ทั้งสูงศักดิ์โภไคมไหสูร
เบิกบาน	6	เบิก-บาน		AUTO	นธการไม่เบิกบานแจ่มแจ้งแส
นกยูง	6	นก-ยูง		AUTO	ุโลกร้องนกยูงทองจับยอดย
เย็นเยียบ	6	เย็น-เยียบ		AUTO	กำดัดดึกเย็นเยียบเงียบสงัดส
โสต	6	โสต		AUTO	เนียงจับโสตสิ้นถวิลหา
พะ	6	พะ		AUTO	ยลิบอย่าพะวงส่งให้ถึ
เพราเพริศ	6	เพรา-เพริศ		AUTO	พลอยสลับเพราเพริศดูเฉิดฉินเ
พลู	6	พลู		AUTO	วียนแว่นพลูคะแนนนับที
ระนาด	6	ระ-นาด		AUTO	พิณพาทย์ระนาดฆ้องประสาน
บรรยาย	6	บรร-ยาย		AUTO	ถวายแล้วบรรยายอ่านเวทวิเ
คุ้มกัน	6	คุ้ม-กัน		AUTO	าคำสอนจะคุ้มกันอันตราย์สถ
รพ	6	รพ		AUTO	ั้งนี้สารพัดจะขัดข้อ
นรก	6	นะ-รก	syllable count differs (ssg 1 vs w2p 2)	REVIEW	้มึงไปตกนรกนาน¦มึงมัน
ร้าว	6	ร้าว		AUTO	่กล่าวก็ร้าวฉานอย่าแคะ
มรรคผล	6	มรรค-ผล		AUTO	จักษ์ทางมรรคผลจึงตรัสกับ
กาหล	6	กา-หลอน	sound mismatch @2 (หล vs หลอน)	REVIEW	ืนผาทั้งกาหลดนตรีปี่ชว
ไน	6	ไน		AUTO	กิจจาภูวไนยเธอไขความ
ทรชน	6	ทอ-ระ-ชน	syllable count differs (ssg 2 vs w2p 3)	REVIEW	มิใช่พวกทรชนเป็นคนพาลข
แร่	6	แร่		AUTO	เพราะว่าแร่กายสิทธ์คื
น้า	6	น้า		AUTO	หารฝ่ายหน้าเวลาจวนตั้
กำมะหยี่	6	กำ-มะ-หยี่		AUTO	ส่หมวกดำกำมะหยี่สีสลับกระจ
ถ่าย	6	ถ่าย		AUTO	นตรายคิดถ่ายเทคาดคะเนแ
เบี่ยง	6	เบี่ยง		AUTO	่งมิตรจะเบี่ยงบิดหนักหน่
เหย่า	6	เหย่า		AUTO	สร็จเดินเหย่าเข้าในห้อง
ส้อม	6	ส้อม		AUTO	สุกรทั้งส้อมช้อนมีดสำห
แห่ห้อม	6	แห่-ห้อม		AUTO	พร้อมคอยแห่ห้อมตามถนนดูล้
แลบลิ้น	6	แลบ-ลิ้น		AUTO	อบแต่ให้แลบลิ้นออกกินหมูห
ด้ำ	6	ด้ำ		AUTO	แกถือดาบด้ำงาอาญาสิทธ
เริ่มแรก	6	เริ่ม-แรก		AUTO	มตั้งแต่เริ่มแรกบำรุงกรุงล
คัดหางเสือ	6	คัด-หาง-เสือ		AUTO	กนายเรือคัดหางเสือออกจากอ่าว
ตอบโต้	6	ตอบ-โต้		AUTO	หวังอย่าตอบโต้โมหันธ์ดัน
ขึ้งเคียด	6	ขึ้ง-เคียด		AUTO	ไม่อาฆาตขึ้งเคียดไม่เดียดฉั
แฝก	6	แฝก		AUTO	ขกให้ตัดแฝกไม้ลำทำเป็
เลีย	6	เลีย		AUTO	ุ่มอุโลกเลียบกระทาเหยี
บัดดล	6	บัด-ดล		AUTO	ัวไปหามาบัดดลแล้วก็ขนข้
อับปาง	6	อับ-ปาง		AUTO	ยับเจียนอับปางที่ในกลางส
ซื้อหา	6	ซื้อ-หา		AUTO	ต์ขออยู่ซื้อหาสักพอห้าวั
อำพราง	6	อำ-พราง		AUTO	้าวไทไม่อำพรางทางที่จะปร
ฉิ่ง	6	ฉิ่ง		AUTO	ีดสีทั้งฉิ่งกรับขับไม้
กระตั้ว	6	กระ-ตั้ว		AUTO	เมามัวนกกระตั้วจับตาตุ่มเ
กรวย	6	กรวย		AUTO	ประดู่ดงกรวยกร่างกะทัง
ไร่	6	ไร่		AUTO	พรทั้งนาไร่มีมากไม่ยา
ประลัย	6	ประ-ลัย		AUTO	ึกว่าตายประลัยลม¦แล้วพ่น
ตายราบ	6	ตาย-ราบ		AUTO	ายเอาให้ตายราบกูผู้อาจาร
ดูด	6	ดูด		AUTO	ค้อมคู้ฤดูดอกบ้างแตกง
รำมะนา	6	รำ-มะ-นา		AUTO	รีโสภาตีรำมะนาขับร้องฉลอ
เลื่อย	6	เลื่อย		AUTO	ตรีคล้ายเลื่อยดูเฟื้อยยา
แจง	6	แจง		AUTO	้ช่องจัดแจงกล้องเป่าย
ปัง	6	ปัง		AUTO	งมันแน่นปังชมชิดไม่ผิ
อิเหนา	6	อิ-เหนา		AUTO	งโรงเล่นอิเหนาเมื่อเข้าถ
เปรอ	6	เปรอ		AUTO	คอะดูมันเปรอะเต็มระยำอ
ดูงาน	6	ดู-งาน		AUTO	้าพวกแขกดูงานสำราญรื่นต
ภูต	6	ภูต		AUTO	งพวกพรายภูตผีมันดีใจ¦
รโหฐาน	6	ระ-โห-ถาน		AUTO	อยใหญ่โตรโหฐานชะงักชะง่อ
สุริเยนทร์	6	สุ-ริ-เยน		AUTO	อยสางสางสุริเยนทร์พอเห็นดวงท
อ้วน	6	อ้วน		AUTO	ต่งสดอวบอ้วนนวลฉวีเสีย
ชิน	6	ชิน		AUTO	าะศีลพระชินศรีแล้วได้
ฝุ่น	6	ฝุ่น		AUTO	นที่กลางฝุ่นชายหาดอนาถ
เกลียว	6	เกลียว		AUTO	น้ำเขียวเกลียวคลื่นเสียง
โต้	6	โต้		AUTO	งอย่าตอบโต้โมหันธ์ดัน
กริ่ม	6	กริ่ม		AUTO	รักกรุ้มกริ่มพลางยิ้มสร
คั้น	6	คั้น		AUTO	์นวดฟั้นคั้นหัวเข่าแล้
เปรต	6	เปรต		AUTO	หรือเป็นเปรตแจ้งเหตุผล
เกล็ด	6	เกล็ด		AUTO	มตัวเป็นเกล็ดเพศมันขันจ
นาคินทร์	6	นา-คิน		AUTO	ฝูงมัจฉานาคินทร์ขึ้นดิ้นโด
เลก	6	เลก		AUTO	ค์กลางทะเลกำปั่นรบเรี
ระบือ	6	ระ-บือ		AUTO	งนครข่าวระบือลือพระนุชบ
ทะ	6	ทะ		AUTO	างค์กลางทะเลกำปั่นรบ
ขิง	6	ขิง		AUTO	กแซมที่เขิงเขาแก้วเก็
ลมเฉื่อย	6	ลม-เฉื่อย		AUTO	ล่นสล้างลมเฉื่อยเรื่อยเรื่
โห	6	โห		AUTO	เช็ดหน้าโหมดเทศข้างเ
คุ้น	6	คุ้น		AUTO	ถึงบุญขอคุ้นเคย¦พระอภั
รมย์	6	รม		AUTO	ป็นสองภิรมย์สมสวาทในอา
ตื๋อ	6	ตื๋อ		AUTO	งกันวิ่งตื๋อพวกชาวเมือ
ชายทุ่ง	6	ชาย-ทุ่ง		AUTO	วเซาเข้าชายทุ่งเขม้นมุ่งค
เดชา	6	เด-ชา		AUTO	้เกรงเดชเดชาอานุภาพให้
แบบ	6	แบบ		AUTO	ตามที่ในแบบฉบับอย่างก
วัว	6	วัว		AUTO	แกงเนื้อวัวให้พ่อครัว
โสฬส	6	โสรด		AUTO	ิพย์ชั้นโสฬสอันสดใสมาโ
ร้อนรุ่ม	6	ร้อน-รุ่ม		AUTO	กเกศาให้ร้อนรุ่มกลุ้มใจในอ
ลำดวน	6	ลำ-ดวน		AUTO	์มหาหงส์ลำดวนดงตอนมาใส่
ชาลา	6	ชา-ลา		AUTO	งตามหน้าชาลากลางไม้ต่า
เพ็ดทูล	6	เพ็ด-ทูล		AUTO	งหมองได้เพ็ดทูลเบี่ยงบ่าย
นิทาน	6	นิ-ทาน		AUTO	ยบเรื่องนิทานมาขานไขตัว
บ่อย	6	บ่อย		AUTO	คะนึงคิดบ่อยบ่อยละห้อย
หมุน	6	หมุน		AUTO	เสือเรือหมุนเข้าหนุนรอ
งิ้ว	6	งิ้ว		AUTO	แต่บรรดางิ้วมาใหม่พวกไ
ผ่าย	6	ผ่าย		AUTO	หนักไปจนผ่ายผอมให้กายต
ชาด	6	ชาด		AUTO	าดาษพุทธชาดชบาบางต่าง
แพทย์	6	แพด		AUTO	้าจะเป็นแพทย์รักษาอย่าอ
ตะเพียนทอง	6	ตะ-เพียน-ทอง		AUTO	าในสาคร¦ตะเพียนทองท่องท้องชล
ควบม้า	6	ควบ-ม้า		AUTO	ดั่งใจจงควบม้าตรงวิ่งเหย
มึน	6	มึน		AUTO	ะลุกนั่งมึนมัวตัวชรา¦
หลุม	6	หลุม		AUTO	่อนนอนในหลุมเอาผ้าคลุม
ทดลอง	6	ทด-ลอง		AUTO	ื้อทองจะทดลองลงหินหน้าศ
แมน	6	แมน		AUTO	่านเมืองแมนแดนสวรรค์ใ
ปลั่ง	6	ปลั่ง		AUTO	ฉวีเปล่งปลั่งดั่งสุวรรณ
เชี่ยน	6	เชี่ยน		AUTO	รายเรียงเชี่ยนเคียงขันกั
ซับซ้อน	6	ซับ-ซ้อน		AUTO	ิระดาดาษซับซ้อนตามก้อนหิน
ไคล	6	ไคล		AUTO	้ารีบคลาไคลตามออกไปถึ
ค้นคว้า	6	ค้น-คว้า		AUTO	ยหวามให้ค้นคว้าหาที่ไหนไม
กรรเจียกจอน	6	กรร-เจียก-จอน		AUTO	น็บเสียดกรรเจียกจอน¦ให้นุ่งห่
เผือก	6	เผือก		AUTO	คยกินแต่เผือกมันผลไม้เช
ปั้น	6	ปั้น		AUTO	หลาะแหละปั้นเจ๋อละเมอฝ
คมคาย	6	คม-คาย		AUTO	าเสียดสีคมคายภิปรายเปรย
เหือง	6	เหือง		AUTO	รู้ถึงหูเหืองให้มันไปบอ
ฑาล	6	ฑาล		AUTO	่งพวกจังฑาล¦ขุนนางนำค
เจนจัด	6	เจน-จัด		AUTO	เบนต้นหนเจนจัดตำราให้ซาใ
ร้าวราน	6	ร้าว-ราน		AUTO	คาวจะแตกร้าวรานกันเพราะฉั
อินทรา	6	อิน-ทรา		AUTO	วราโฉมนำอินทรามาสถิตแท่น
แรกเริ่ม	6	แรก-เริ่ม		AUTO	าษดาด้วยแรกเริ่มเดิมทีมีแต
หริ่ง	6	หริ่ง		AUTO	ราณ¦เรไรหริ่งกิ่งไทรลอง
กุเรา	6	กุ-เรา		AUTO	ชโลธรฝูงกุเราล้วนกุเราว
วดี	6	วะ-ดี	syllable count differs (ssg 1 vs w2p 2)	REVIEW	ลงยาราชาวดีใส่เสื้อสี
ร่ำไห้	6	ร่ำ-ไห้		AUTO	ครวญคร่ำร่ำไห้อาลัยลานพร
กังวาน	6	กัง-วาน		AUTO	ร้องก้องกังวานเสียงประสา
ยืม	6	ยืม		AUTO	ว่าพ่อขอยืมสไบเจ้าพลา
ศิ	6	ศิ		AUTO	นชิดทั้งศิษย์หามาแข็
เทเวศร์	6	เท-เวด		AUTO	เหตุซึ่งเทเวศร์บอกแจ้งแถล
ก่ำ	6	ก่ำ		AUTO	ัวจึงแดงก่ำแต่ถูกน้ำต
ปึงปัง	6	ปึง-ปัง		AUTO	ิงปืนตึงปึงปังประดังกันเ
สำออย	6	สำ-ออย		AUTO	วแกล้งทำสำออยตะบอยบ่นเห
ยะ	6	ยะ		AUTO	ำหนดกะระยะทาง¦แกสั่ง
สะดุด	6	สะ-ดุด		AUTO	งลุยโคลนสะดุดโคนตอหลักจ
ไซร้	6	ไซ้		AUTO	้อันป้อมไซร้ท่านจงอยู่
ทารก	6	ทา-รก		AUTO	ยว่าดูราทารกนี้นามใดเห
จ่า	6	จ่า		AUTO	ไปให้กระจ่างในทางความ
พุ	6	พุ		AUTO	ือนหนึ่งพุ่มไม้ไพรระ
ฝ้า	6	ฝ้า		AUTO	ิ่นเข้าเฝ้าพระเจ้าอา¦
นาคี	6	นา-คี		AUTO	โอ้มัจฉานาคียังมีคู่แต
ของ้อ	6	ของ้อ		AUTO	ญิงใช่จะของ้องอนมาวอนวิ
เยาะเย้ย	6	เยาะ-เย้ย		AUTO	นเคยอย่าเยาะเย้ยเลยเจ้าไม่
ดม	6	ดม		AUTO	ชน์จะโปรดมึงเอาให้ได
ทิศาปาโมกข์	6	ทิ-สา-ปา-โมก		AUTO	ณ์พฤฒามีทิศาปาโมกข์อยู่สองคนอ
วิตถาร	6	วิต-ถาร		AUTO	เดือนโดยวิตถารพระกุมารได
เข้มแข็ง	6	เข้ม-แข็ง		AUTO	าเกิดศึกเข้มแข็งแรงนักหนาพ
แหลมหลัก	6	แหลม-หลัก		AUTO	งรักเจ้าแหลมหลักตักเตือนสต
ปึง	6	ปึง		AUTO	ิงปืนตึงปึงปังประดังก
ดุริยางค์	6	ดุ-ริ-ยาง		AUTO	ขับกล่อมดุริยางค์อยู่ข้างที
ปีนป่าย	6	ปีน-ป่าย		AUTO	บบ้างตลบปีนป่ายตะกายโหนจน
รุ่งโรจน์	6	รุ่ง-โรด		AUTO	ลิงพลุ่งรุ่งโรจน์ขึ้นโชติโช
โชติ	6	โชด		AUTO	เปล่งแสงโชติช่วงดั่งดว
ย่ำค่ำ	6	ย่ำ-ค่ำ		AUTO	วรไปเสียย่ำค่ำวันนี้จำจะ
นุ่มนิ่ม	6	นุ่ม-นิ่ม		AUTO	องกรเห็นนุ่มนิ่มยิ้มแยบแนบ
บุษย์	6	บุด		AUTO	มหามงกุฎบุษย์น้ำทอง¦ประ
อิ	6	อิ		AUTO	รุงไกรเผอิญกูตรึกตรอ
อ่อนแอ	6	อ่อน-แอ		AUTO	หล่อนยังอ่อนแอได้พึ่งแต่
แล้ง	6	แล้ง		AUTO	้าแม้นฝนแล้งไปให้บูชา¦
คุลา	6	คุ-ลา		AUTO	งค์อย่างคุลาแต่วิชาพาง
เสี้ยน	6	เสี้ยน		AUTO	บียนเป็นเสี้ยนหนามถึงดับ
พู	6	พู		AUTO	ล่หาแล้วพูดกันเป็นสำ
แพรพรรณ	6	แพร-พรรณ		AUTO	อมแม่ให้แพรพรรณแป้งน้ำมัน
ประเล้าประโลม	6	ประ-เล้า-ประ-โลม		AUTO	นั่งเฝ้าประเล้าประโลม¦ขอฝากองค์
ผอย	6	ผอย		AUTO	าะลงเผาะผอยจนฟ้าขาวดา
เรียว	6	เรียว		AUTO	ลบเลี้ยวเรียวแรงแผลงศัก
สะพัด	6	สะ-พัด		AUTO	าหนังรัดสะพัดพันฝนแก่นจ
เข่า	6	เข่า		AUTO	้าดัดหัวเข่ายืนเซอยู่เ
ฮ้า	6	ฮ้า		AUTO	ทหลวงว่าฮ้าเฮ้ยออศิษย
ริก	6	ริก		AUTO	ิจะตรองตริก็มิอาจจะหว
เยียบ	6	เยียบ		AUTO	ดดึกเย็นเยียบเงียบสงัดส
ง่ายดาย	6	ง่าย-ดาย		AUTO	ะได้ด้วยง่ายดายถ้าเป็นชาย
จ้าง	6	จ้าง		AUTO	โหฬารใครจ้างวานก็ไม่ไป
เพี้ยน	6	เพี้ยน		AUTO	ยนไม่ผิดเพี้ยนพจนาอัชฌาส
แถม	6	แถม		AUTO	กินแกล้มแถมเหล้าจนเมา
ชี้นิ้ว	6	ชี้-นิ้ว		AUTO	อยู่ดีดีชี้นิ้วกริ้วโกรธา
เล่ม	6	เล่ม		AUTO	ารดาบสองเล่มล้วนเข้มขั
เนืองแน่น	6	เนือง-แน่น		AUTO	่เมืองมาเนืองแน่นสักสิบแสนห
หยัด	6	หยัด		AUTO	ูทหารยืนหยัดมองทุกช่อง
แม่นยำ	6	แม่น-ยำ		AUTO	เห็นแหวนแม่นยำเป็นสำคัญย
ถู	6	ถู		AUTO	ฆาเวหาหนถูกทหารล้มตา
ปราด	6	ปราด		AUTO	งฆราชผู้ปราดเปรื่องอัน
แส้	6	แส้		AUTO	ษีใช่สาวแส้แก่แล้วคุณ
พิทักษ์	6	พิ-ทัก		AUTO	นสถานหมอพิทักษ์รักษาพยาบา
นุ่ม	6	นุ่ม		AUTO	ฉานอ้ายหนุ่มล้มอ้ายแก่
เข็ดหลาบ	6	เข็ด-หลาบ		AUTO	นกลัวผิดเข็ดหลาบลงกราบกราน
มูลี่	6	มู-ลี่		AUTO	เป็นม่านมูลี่ที่เทวัญ¦แ
โกฏิ	6	โกด		AUTO	ิบสักสิบโกฏิ์พระมาโปรด
ขวักไขว่	6	ขวัก-ไขว่		AUTO	้าขวานดูขวักไขว่ไล่โลดโดดท
ชู้สาว	6	ชู้-สาว		AUTO	ิดเกี้ยวชู้สาวแล้วคราวนี
โจทก์	6	โจด		AUTO	็นมาเป็นโจทก์จะทำโทษตาม
ลิ้นลังกา	6	ลิ้น-ลัง-กา		AUTO	กลัวสิ้นลิ้นลังกาเรานี้มาเล
ฟุ้งเฟื่อง	6	ฟุ้ง-เฟื่อง		AUTO	จะรบพุ่งฟุ้งเฟื่องให้เลื่องล
เบือนหน้า	6	เบือน-หน้า		AUTO	้มเยื้อนเบือนหน้าพูดจาบ้างอ
ชอกช้ำ	6	ชอก-ช้ำ		AUTO	ักหาญให้ชอกช้ำสำหรับแต่อ
กอดก่าย	6	กอด-ก่าย		AUTO	สบายเฝ้ากอดก่ายกวนใจกระไร
งงงวย	6	งง-งวย		AUTO	ู้หญิงคงงงงวยลงอวยเออจะ
เร่	6	เร่		AUTO	ายให้รีบเร่งพวกพหลพลน
กึงกัง	6	กึง-กัง		AUTO	เหล็กดังกึงกังโกง¦อรุณน้
ถัดไป	6	ถัด-ไป		AUTO	ตริย์ถัดถัดไปแต่ไม่ไหว้
ภายหน้า	6	ภาย-หน้า		AUTO	พบพระพี่ภายหน้าจึงว่าขานใ
ซุน	6	ซุน		AUTO	ุลมุนซวนซุนเซพวกตำรวจ
ง่าย	6	ง่าย		AUTO	ข้ามาโดยง่ายในบุรินทร์
พ้อม	6	พ้อม		AUTO	อ้วนเป็นพ้อมจะเป็นจอมส
ทรยศ	6	ทอ-ระ-ยด	syllable count differs (ssg 2 vs w2p 3)	REVIEW	จึงคิดคดทรยศยกมาจะราวี
เย	6	เย		AUTO	พรำจนย่ำเย็น¦จนบ่ายแ
โก้งโค้ง	6	โก้ง-โค้ง		AUTO	ต่หัวตัวโก้งโค้ง¦ร้องโปรดช
อุเทน	6	อุ-เทน		AUTO	เฝ้าท้าวอุเทน¦ได้เดือนค
ล้มคว่ำ	6	ล้ม-คว่ำ		AUTO	มหงายชายล้มคว่ำบ้างโดยรั้
หม่า	6	หม่า		AUTO	งงกตกประหม่าให้ล่าทัพจ
สะเทือน	6	สะ-เทือน		AUTO	าเคลื่อนสะเทือนสะทึกทหารฮ
นองเนือง	6	นอง-เนือง		AUTO	ซ่ซ้องดูนองเนืองขึ้นจากเมื
ตรู่	6	ตรู่		AUTO	ูลพอเช้าตรู่สุริยาภาณุ
เผาผลาญ	6	เผา-ผลาน		COMPOSED	วกเราตามเผาผลาญพอฝนตกหนาว
เตรียมตัว	6	เตรียม-ตัว		COMPOSED	ห้ไพร่พลเตรียมตัวทั่วทุกกอง
ฝนฟ้า	6	ฝน-ฟ้า		COMPOSED	ดี๋ยวนี้ฝนฟ้าก็สาหัสคลื
ฝ่ายหน้า	6	ฝ่าย-หน้า		COMPOSED	สั่งทหารฝ่ายหน้าเวลาจวนตั้
ขอน	6	ขอ-นะ		COMPOSED	่งเหมือนขอนทิ้งกลิ้งอ
สิ้นสติ	6	สิ้น-สะ-ติ		COMPOSED	ร์เห็นคนสิ้นสติหลับทั้งทั
ดับสูญ	6	ดับ-สูน		COMPOSED	ัยหลงพ่อดับสูญชีวิตถึงปล
ตั้งสติ	6	ตั้ง-สะ-ติ		COMPOSED	เข้านั่งตั้งสติตามลัทธิโด
ตระหนัก	6	ตะ-ระ-หนัก		COMPOSED	ู้แท้แน่ตระหนักประจักษ์ใจ
จงระวัง	6	จง-ระ-วัง		COMPOSED	ฟังมารดาจงระวังอย่าห่างแห
เจ้าความคิด	6	เจ้า-ความ-คิด		COMPOSED	หลวงเฒ่าเจ้าความคิดคอยติดพันจ
สายน้ำ	6	สาย-น้ำ		COMPOSED	รายเราดูสายน้ำเขียวเชี่ย
ตม	6	ตะ-มะ		COMPOSED	เหมือนตกตมถอนยากลำบา
จับนิ่ง	6	จับ-นิ่ง		COMPOSED	วงสาลิกาจับนิ่งบนกิ่งเกดฝ
นำทาง	6	นำ-ทาง		COMPOSED	รถาเสวกานำทางหว่างไศลพว
นึกในใจ	6	นึก-ใน-ใจ		COMPOSED	วชสวดนโมนึกในใจถ้าแม้นได้
ไม่รู้วาย	6	ไม่-รู้-วาย		COMPOSED	ึ่งรบกันไม่รู้วายมาหลายปีแม
ปืนยาว	6	ปืน-ยาว		COMPOSED	งปืนสั้นปืนยาวทั้งง้าวทว
ที่ตั้ง	6	ที่-ตั้ง		COMPOSED	ประจักษ์ที่ตั้งแห่งสังขาร
กลางอากาศ	6	กลาง-อา-กาด		COMPOSED	ห็นสว่างกลางอากาศเสียงประหล
ไว้ตัว	6	ไว้-ตัว		COMPOSED	่อมผัวชะไว้ตัวร้อยอย่างเ
คืนให้	6	คืน-ให้		COMPOSED	ครแม้นจะคืนให้กูอย่าอยู่
แย่งชิง	6	แย่ง-ชิง		COMPOSED	ิกแพลงจะแย่งชิงทหารวิ่งตร
ร่ำร้อง	6	ร่ำ-ร้อง		COMPOSED	้ำเที่ยวร่ำร้องประสานซ้อง
ดวงเดือน	6	ดวง-เดือน		COMPOSED	วงพอเห็นดวงเดือนกระจ่างพลา
ความกลัว	6	ความ-กลัว		COMPOSED	ตัวเพราะความกลัวหนีไปเสียไ
ป่าไม้	6	ป่า-ไม้		COMPOSED	์ทัศนาในป่าไม้ยกพลไปตามล
เสพ	6	เส-พะ		COMPOSED	่อนสำราญเสพอาหารถ้วนท
คำสอน	6	คำ-สอน		COMPOSED	พอจบธรรมคำสอนพระนักพรตส
ศาลากลาง	6	สา-ลา-กลาง		COMPOSED	ษรกรมท่าศาลากลาง¦แจ้งคดีสา
หนักอก	6	หนัก-อก		COMPOSED	มถวิลที่หนักอกยกวางเสียก
ขับขาน	6	ขับ-ขาน		COMPOSED	างสำหรับขับขานประสานเสีย
กลั่น	6	กะ-ลั่น		COMPOSED	วงจันทน์กลั่นเกสรมะพร้า
แตรฝรั่ง	6	แตร-ฝะ-หรั่ง		COMPOSED	ะโคมกลองแตรฝรั่งกังสดาลประ
น้ำสังข์	6	น้ำ-สัง		COMPOSED	หมณ์ถวายน้ำสังข์ยังพระหัตถ
หรือยัง	6	หรือ-ยัง		COMPOSED	งในสิงหลหรือยังตั้งรบรุกท
ใจเสีย	6	ใจ-เสีย		COMPOSED	ไปจะเห็นใจเสียเปล่าเปล่า
ชายป่า	6	ชาย-ป่า		COMPOSED	กายไปถึงชายป่าชัฏสงัดคน¦
ตามไฟ	6	ตาม-ไฟ		COMPOSED	งยามทั้งตามไฟ¦หรือจะเป็
มีความรู้	6	มี-ความ-รู้		COMPOSED	เป็นคนดีมีความรู้พิเคราะห์ด
สงเคราะห์	6	สะ-งะ-เคราะ		COMPOSED	เกาะท่านสงเคราะห์แต่ก่อนคิด
จำต้อง	6	จำ-ต้อง		COMPOSED	สอนเพราะจำต้องพรากพลัดกำ
นางงาม	6	นาง-งาม		COMPOSED	ยากได้ชมนางงามตามทำนอง¦บ
ระคน	6	ระ-คน		COMPOSED	แฝดแปดปนระคนเจือดูไม่เ
สติ	6	สะ-ติ		COMPOSED	็นคนสิ้นสติหลับทั้งทั
กอก	6	กะ-อก		COMPOSED	ิลที่หนักอกยกวางเสียก
ได้เสีย	6	ได้-เสีย		COMPOSED	าญไว้ให้ได้เสียแม้ดึงดื้อ
ยอมให้	6	ยอม-ให้		COMPOSED	แดนถ้ามิยอมให้ผู้หญิงเป็
จานรอง	6	จา-นะ-รอง		COMPOSED	้งลูกไม้จานรองล้วนของกิน
ของกิน	6	ของ-กิน		COMPOSED	นรองล้วนของกินจัดไว้สิ้น
เชื้อเชิญ	6	เชื้อ-เชิน		COMPOSED	กลางแล้วเชื้อเชิญสังฆราชพระ
น้องสาว	6	น้อง-สาว		COMPOSED	ฉมตรูผู้น้องสาวอันเรื่องร
หามแล่น	6	หา-มะ-แล่น		COMPOSED	ขตแดนปืนหามแล่นปืนใหญ่จัด
ตาเขียว	6	ตา-เขียว		COMPOSED	ว่านัยน์ตาเขียวแกโกรธเกรี
ม้าเร็ว	6	ม้า-เร็ว		COMPOSED	ปถวายพวกม้าเร็วรีบไปทั้งไ
หนีรอด	6	หนี-รอด		COMPOSED	จ้าพาพี่หนีรอดไม่วอดวายค
ตกน้ำ	6	ตก-น้ำ		COMPOSED	พวกแขกดำตกน้ำโพล่งถูกซึ
สีข้าง	6	สี-ข้าง		COMPOSED	กชวากะลาสีข้างฝ่ายพวกเพช
ฟันฝ่า	6	ฟัน-ฝ่า		COMPOSED	าวุธสั้นฟันฝ่าเป็นหน้ากร
ทางเรือ	6	ทาง-เรือ		COMPOSED	นไฉนข้างทางเรือขัดสนเป็นจ
ขจรจบ	6	ขะ-จร-จบ		COMPOSED	พระทรงภพขจรจบลือแจ้งทุก
ปราณ	6	ปะ-รา-นะ		COMPOSED	ายให้วายปราณในสันดานตั
สองชั้น	6	สอง-ชั้น		COMPOSED	กหนาขึ้นสองชั้นตีกรับขับเ
ตีกรับ	6	ตี-กะ-รับ		COMPOSED	นสองชั้นตีกรับขับเสภาพวก
ตาริ้ว	6	ตา-ริ้ว		COMPOSED	รวจเรียงตาริ้วเป็นทิวไปอ
เดินลง	6	เดิน-ลง		COMPOSED	ก็ชวนกันเดินลงไปชายสิงขร
หง	6	หะ-งะ		COMPOSED	ไม้ไพรระหงพอบังแสงพร
เวลาเย็น	6	เว-ลา-เย็น		COMPOSED	ออกโรยยาเวลาเย็นต่อเดือนเด
ว่าการ	6	ว่า-กาน		COMPOSED	จึ่งตรัสว่าการณรงค์ข้างส
จบกัน	6	จบ-กัน		COMPOSED	ารบจงประจบกันให้พร้อมจง
พอแรง	6	พอ-แรง		COMPOSED	มาใส่ให้พอแรงที่หลังแผง
ตกใน	6	ตก-ใน		COMPOSED	พายุต้องตกในวนชลธี¦ก็ร
อ่อนระทวย	6	อ่อน-ระ-ทวย		COMPOSED	หายใจรวยอ่อนระทวยไปทั้งกายแ
สวมใส่	6	สวม-ใส่		COMPOSED	ถลงไขเขาสวมใส่หมวกดำทำด้
หลอกลวง	6	หลอก-ลวง		COMPOSED	จะบอกไม่หลอกลวง¦บาทหลวงว่
รับเอา	6	รับ-เอา		COMPOSED	ับเชิญมารับเอาตำราอย่าถว
พอที่จะ	6	พอ-ที่-จะ		COMPOSED	หระหนไม่พอที่จะได้ยากลำบา
ตาปี	6	ตา-ปี		COMPOSED	ทำนาทั้งตาปี¦จะกล่าวฝ่
ขัดสี	6	ขัด-สี		COMPOSED	ัดทัดให้ขัดสีเครื่องถ้ว
หมูหัน	6	หมู-หัน		COMPOSED	งเป็ดไก่หมูหันพรรณลูกไม้
ยกไว้	6	ยก-ไว้		COMPOSED	ต่ขอหยุดยกไว้อย่าไต่ถาม
วงใน	6	วง-ใน		COMPOSED	งหนักหน่วงในอุระยังสะส
ร้อนที่	6	ร้อน-ที่		COMPOSED	ารอันราคร้อนที่ในทรวงคือบ
พลับ	6	พะ-ลับ		COMPOSED	ข้าไปที่พลับพลาแล้วจาบ
สมกัน	6	สม-กัน		COMPOSED	คมโง่ไม่สมกันกับตัวชั่ว
ได้เวลา	6	ได้-เว-ลา		COMPOSED	ี้โชคชัยได้เวลา¦ตำมะหงงคำ
สายสร้อย	6	สาย-สร้อย		COMPOSED	็นต้นว่าสายสร้อยเครื่องห้อ
แม่ยาย	6	แม่-ยาย		COMPOSED	่นอนฝ่ายแม่ยายก็ต้องไปกั
เสียแต่	6	เสีย-แต่		COMPOSED	วนนวลฉวีเสียแต่คล้อยหน่อย
หรับ	6	หะ-รับ		COMPOSED	้ชอบกลสำหรับคนล้างตัวท
ไว้ท่า	6	ไว้-ท่า		COMPOSED	ต้มน้ำชาไว้ท่าครู¦พวกศิษ
มหาเมฆ	6	มะ-หา-เมก		COMPOSED	องสำคัญ¦มหาเมฆมืดมิดทุกท
หยิบยก	6	หยิบ-ยก		COMPOSED	ประสกเองหยิบยกเล่าให้ฟัง
สำราญกาย	6	สำ-ราน-กาย		COMPOSED	่ถิ่นฐานสำราญกาย¦จะกล่าวเร
สรงน้ำ	6	สง-น้ำ		COMPOSED	้แต่องค์สรงน้ำให้สำราญแล
ลมตึง	6	ลม-ตึง		COMPOSED	งคะนึงพอลมตึงแล่นตามกัน
ทั้งคน	6	ทั้ง-คน		COMPOSED	งชีวาวางทั้งคนม้ากูจะล้า
กระโจน	6	กระ-โจน		COMPOSED	งชิงวิ่งกระโจนลงลุยโคลนว
รายล้อม	6	ราย-ล้อม		COMPOSED	ยพวกไพร่รายล้อมเข้าพร้อมพ
ร้ายแรง	6	ร้าย-แรง		COMPOSED	ยอ้ายนี่ร้ายแรงจัดกัดเอาค
พลเรือน	6	พล-เรือน		COMPOSED	รพวกทหารพลเรือนอย่าเชือนแ
ไว้หน้า	6	ไว้-หน้า		COMPOSED	วให้ยกไปไว้หน้าพระอาศรมทั
ตีตรา	6	ตี-ตรา		COMPOSED	้งแกงต้มตีตราหุ้มผ้าขาว
ทับถม	6	ทับ-ถะ-มะ		COMPOSED	กยับทั้งทับถมทุกบ้านเมื
ทองอุไร	6	ทอง-อุ-ไร		COMPOSED	เรืองรองทองอุไรพลางสอดใส่
ชักธง	6	ชัก-ธง		COMPOSED	่นบอกตรงชักธงแดงรู้ตำแห
ประคำ	6	ประ-คำ		COMPOSED	เสร็จชักประคำสำรวมอารมณ
การตาม	6	กาน-ตาม		COMPOSED	ให้พร้อมการตามสั่งทั้งขุ
ความยินดี	6	ความ-ยิน-ดี		COMPOSED	้างชมงามความยินดีเป็นที่สุด
ชนบท	6	ชะ-นะ-บท		COMPOSED	์ลือไปในชนบทก็ปรากฏแจ้
ถวายตัว	6	ถะ-วาย-ตัว		COMPOSED	ก็เข้ามาถวายตัวทั่วกันไปแ
แต่ปางก่อน	6	แต่-ปาง-ก่อน		COMPOSED	ตามอย่างแต่ปางก่อนจะเย็นร้อน
ดวงตรา	6	ดวง-ตรา		COMPOSED	กันมากับดวงตราทองคำอันจำ
อย่างไรเล่า	6	อย่าง-ไร-เล่า		COMPOSED	ว่าจะคิดอย่างไรเล่าขอเชิญเจ้า
ย่องเบา	6	ย่อง-เบา		COMPOSED	ยพวกปล้นย่องเบาฆ่าชาวเรือ
พอสมควร	6	พอ-สม-ควน		COMPOSED	หล่าทหารพอสมควรด่วนไปมิได
สามชาย	6	สาม-ชาย		COMPOSED	ให้โบกธงสามชายกรีดกรายกร
เล่าลือ	6	เล่า-ลือ		COMPOSED	ไฟฮือมันเล่าลือต่างต่างไม
ชั้นลด	6	ชั้น-ลด		COMPOSED	กษณ์นั่งชั้นลดพระกลดบังพ
ทำได้	6	ทำ-ได้		COMPOSED	วเล่ายังทำได้ชำนาญชักนิ
สลับสี	6	สะ-ลับ-สี		COMPOSED	องประดับสลับสีกับมงกุฎลง
ละอาย	6	ละ-อาย		COMPOSED	่พอหย่อนละอายใจพระก็ไม่
จวนตัว	6	จวน-ตัว		COMPOSED	วญถ้าฉวยจวนตัวภูมีหนีไม่
กรน	6	กร-นะ		COMPOSED	งสอนชุลีกรนอบนบคำรบสา
ดำน้ำ	6	ดำ-น้ำ		COMPOSED	ูงม้าน้ำดำน้ำแล้วผุดโผน
รอดตัว	6	รอด-ตัว		COMPOSED	ยตลอดให้รอดตัว¦ตัดรำคาญจ
ชอบแล้ว	6	ชอบ-แล้ว		COMPOSED	ต์ว่าฉันชอบแล้วตรัสปลอบสิ
กรอบหน้า	6	กะ-รอบ-หน้า		COMPOSED	ประดาใส่กรอบหน้าเหน็บเสียด
คอน	6	คอ-นะ		COMPOSED	้างหาคานคอนสาแหรกบ้าง
ลุกลาม	6	ลุก-ลา-มะ		COMPOSED	ิดความจนลุกลามไม่รู้สิ้น
เป็นอาจิณ	6	เป็น-อา-จิน		COMPOSED	นทุกเวลาเป็นอาจิณให้ถือศีลไ
ตัดไม้	6	ตัด-ไม้		COMPOSED	าพากันไปตัดไม้มาทำใส่เสร
ผู้อื่น	6	ผู้-อื่น		COMPOSED	ยินดีกับผู้อื่นชื่นอารมณ์
แต่วัน	6	แต่-วัน		COMPOSED	ตคันตั้งแต่วันสี่ค่ำเป็น
ระวาง	6	ระ-วาง		COMPOSED	อยู่กลางระวางใหญ่แขกฝรั
ตัวนาง	6	ตัว-นาง		COMPOSED	เลอะทั้งตัวนางสาวสาวชาวว
เป็นยอด	6	เป็น-ยอด		COMPOSED	ก็ไม่รอดเป็นยอดเนินด้วยสู
เหลือแสน	6	เหลือ-แสน		COMPOSED	สื้อเจ้าเหลือแสนเฝ้าคุมแค้
เป็นตัว	6	เป็น-ตัว		COMPOSED	ว์มีชนม์เป็นตัวตนห้ามว่าอ
เจ้าแม่	6	เจ้า-แม่		COMPOSED	้เฝ้าพระเจ้าแม่ก็ตามแต่จะ
ร่วมท้อง	6	ร่วม-ท้อง		COMPOSED	เราสองราร่วมท้องพี่น้องกัน
น่าอาย	6	น่า-อาย		COMPOSED	่ลูกยาก็น่าอายคิดจะใคร่ไ
ระดับ	6	ระ-ดับ		COMPOSED	่ฝักทองประดับเพชรแต่ละเ
ให้สัตย์	6	ให้-สัด		COMPOSED	ะอภัยได้ให้สัตย์ไม่ข้องขัด
มองตาม	6	มอง-ตาม		COMPOSED	ารปืนยืนมองตามช่องกราบศร
นางนม	6	นาง-นม		COMPOSED	เลี้ยงแลนางนมกับบรมบิตุ
คาดโทษ	6	คาด-โทด		COMPOSED	ริ้วกราดคาดโทษว่าโฉดเขลา
กระมัง	6	กระ-มัง		COMPOSED	นหลับดอกกระมังบังสิงขรทั
ทีหลัง	6	ที-หลัง		COMPOSED	ฉยเฉยถ้าทีหลังสั่งความพ่
ตรับฟัง	6	ตะ-รับ-ฟัง		COMPOSED	ยงขับคอยตรับฟังให้คลุ้มคล
มองหา	6	มอง-หา		COMPOSED	ยิ้มละไมมองหายุพาพาล¦มา
เลือดเนื้อ	6	เลือด-เนื้อ		COMPOSED	พมารบสับเลือดเนื้อไม่เหลือหล
แนบเนื้อ	6	แนบ-เนื้อ		COMPOSED	มน่าถนอมแนบเนื้อนั้นเหลือแ
ล่องหน	6	ล่อง-หน		COMPOSED	าการทั้งล่องหนทนคงเข้ายง
เสริม	6	เส-ริม		COMPOSED	แต้มเติมเสริมส่งให้ทรงฟ
เจ้าขา	6	เจ้า-ขา		COMPOSED	น้ำตาคุณเจ้าขาไม่มาช่วยฉ
ทราม	6	ทะ-รา-มะ		COMPOSED	้าพระจันทรามืดมัวทั่วเ
เศร้าใจ	6	เส้า-ใจ		COMPOSED	ม่มีชื่นเศร้าใจมาในดงจนเข
ลูกอ่อน	6	ลูก-อ่อน		COMPOSED	ุงมาทั้งลูกอ่อนนอนเมาะนาง
เจ็บแค้น	6	เจ็บ-แค้น		COMPOSED	ณาจักรจะเจ็บแค้นแทนพระคุณก
กองร้อย	6	กอง-ร้อย		COMPOSED	ดยั้งให้กองร้อยลอยรอล่อให
โกศ	6	โก-สะ		COMPOSED	่วังในทำโกศทองรองศพมณ
อุระ	6	อุ-ระ		COMPOSED	กหน่วงในอุระยังสะสมเพร
ปางก่อน	6	ปาง-ก่อน		COMPOSED	อย่างแต่ปางก่อนจะเย็นร้อน
บังอาจ	6	บัง-อา-จะ		COMPOSED	่ารั้งรอบังอาจจะพลาดแพลง
ตักเตือน	6	ตัก-เตือน		COMPOSED	แหลมหลักตักเตือนสติพี่กระน
การประมาณ	6	กาน-ประ-มาน		COMPOSED	ดล่วงคาดการประมาณศึกหัวร่อร
เพชรพลอย	6	เพ็ด-พลอย		COMPOSED	ย้อยล้วนเพชรพลอยแพรวพรายดอ
ดอกไม้ไหว	6	ดอก-ไม้-หวัย		COMPOSED	แพรวพรายดอกไม้ไหวแล้วเลือกส
ฝาน	6	ฝา-นะ		COMPOSED	ับสำหรับฝานสุราเข้มเต
หมางเมิน	6	หะ-มา-งะ-เมิน		COMPOSED	เอินเห็นหมางเมินม้วนกระดาษ
เมียงมอง	6	เมียง-มอง		COMPOSED	ลียงแล้วเมียงมองไม่เห็นน้อ
หึงสา	6	หึง-สา		COMPOSED	ทึ้งด้วยหึงสาเอาเผาไฟใน
เอาชีวิต	6	เอา-ชี-วิด		COMPOSED	ห้หนำจิตเอาชีวิตเสียเดี๋ยว
ตอก	6	ตะ-อก		COMPOSED	ร่งขัดสีตอกหมันเอาชัน
หกล้ม	6	หก-ล้ม		COMPOSED	ลัดตกพระหกล้มมันกัดกลมก
ส่วนตัว	6	ส่วน-ตัว		COMPOSED	รกระนั้นส่วนตัวท่านจงอ่าน
กก	6	กะ-กะ		COMPOSED	นพากันแตกกลับไปเข้าใ
ประตูเข้า	6	ประ-ตู-เข้า		COMPOSED	ึงปังพังประตูเข้าพรูพรั่งดู
ร้องทัก	6	ร้อง-ทัก		COMPOSED	ลักแกล้งร้องทักสินสมุทรด้
เจ้าป่า	6	เจ้า-ป่า		COMPOSED	ื่องบูชาเจ้าป่าดงถ้วนกำหน
แก้มือ	6	แก้-มือ		COMPOSED	ันแปรคิดแก้มือเราไม่ถือโ
เมินหน้า	6	เมิน-หน้า		COMPOSED	วลุกเดินเมินหน้าออกมาวัดนา
ตาลาย	6	ตา-ลาย		COMPOSED	ขับม้าจนตาลายถึงบ้านราย
ตั้งแต่ง	6	ตั้ง-แต่ง		COMPOSED	บสั่งให้ตั้งแต่งตามตำแหน่ง
หล่อ	6	หะ-ล่อ		COMPOSED	ห็นเนื้อหล่อนเต้นทุ่มเ
ขาดหาย	6	ขาด-หาย		COMPOSED	ะดาษเสียขาดหายแล้วนิ่งนึ
ต่อหน้า	6	ต่อ-หน้า		COMPOSED	กธงสัญญาต่อหน้าคนน้องวอดว
ทำโทษ	6	ทำ-โทด		COMPOSED	นโจทก์จะทำโทษตามบทในกฎห
เคราะห์ดี	6	เคราะ-ดี		COMPOSED	พราะเป็นเคราะห์ดีเช่นพระพี่
ขู่เข็ญ	6	ขู่-เข็น		COMPOSED	ร่หายขืนขู่เข็ญเห็นไม่รอด
ความผิด	6	ความ-ผิด		COMPOSED	ื่อไม่มีความผิดสักนิดเดีย
สะเทิ้นอาย	6	สะ-เทิ้น-อาย		COMPOSED	ดูดำเนินสะเทิ้นอายพอสามนายเข
เดียวกัน	6	เดียว-กัน		COMPOSED	นทองแผ่นเดียวกันจนวันตาย¦น
รับหน้า	6	รับ-หน้า		COMPOSED	หักทบออกรับหน้าพาผัวไปยั่
เดินหน้า	6	เดิน-หน้า		COMPOSED	งเทินพระเดินหน้านางวัณฬาเห
กินบวช	6	กิน-บวด		COMPOSED	าะถือศิลกินบวชสวดสวัสดิ์
เจ้าบ่าว	6	เจ้า-บ่าว		COMPOSED	าครอกนอกเจ้าบ่าวนอกนายหลัง
คบไฟ	6	คบ-ไฟ		COMPOSED	บรรจบถือคบไฟให้ตัดทางไ
ต้นไม้	6	ต้น-ไม้		COMPOSED	พื้นสุธาต้นไม้ร่มลมเรื่อ
ชก	6	ชะ-กะ		COMPOSED	าคุณมาราชการสถานใด¦บ
เลี้ยงลูก	6	เลี้ยง-ลูก		COMPOSED	นีที่สวดเลี้ยงลูกไม้น้ำตาลใ
ที่หมาย	6	ที่-หมาย		COMPOSED	นกระต่ายที่หมายจันทร์เมื่
ผู้รู้เห็น	6	ผู้-รู้-เห็น		COMPOSED	ลีแม้นมีผู้รู้เห็นว่าเป็นหญิ
อุลามก	6	อุ-ลา-มะ-กะ		COMPOSED	วชั่วช้าอุลามกจะต้องตกอย
สิ้นฤทธิ์	6	สิ้น-ริด		COMPOSED	่นดินสุดสิ้นฤทธิ์¦ช่วยธุระพ
หนาวสะท้าน	6	หนาว-สะ-ท้าน		COMPOSED	มนอนธการหนาวสะท้านอกใจพวกไพร
ชลนัยน์	6	ชน-ละ-นัย	syllable count differs (ssg 2 vs w2p 3)	REVIEW	างฟูมฟายชลนัยน์อาลัยลาน¦ถ
โทษกรณ์	6	โทด-สะ-กร	syllable count differs (ssg 2 vs w2p 3)	REVIEW	ือรู้สึกโทษกรณ์พอผ่อนผันเ
ขนมปัง	6	ขะ-หนม-ปัง	syllable count differs (ssg 2 vs w2p 3)	REVIEW	้จัดตั้งขนมปังเป็ดคู่กับ
จวงจันทน์	6	จวง-จัน	ssg splits more than override (3 vs 2)	REVIEW	วดกระแจะจวงจันทน์กลั่นเกสรม
คุดคู้	5	คุด-คู้		AUTO	รั่งนั่งคุดคู้เงี่ยแต่หู
เงี่ย	5	เงี่ย		AUTO	่งคุดคู้เงี่ยแต่หูฟังพห
เตา	5	เตา		AUTO	ื่อเมาทำเตาเสร็จกลเม็
ไกว	5	ไกว		AUTO	บไหวดั่งไกวเปลคนก็เซซ
เหน็บชา	5	เหน็บ-ชา		AUTO	เจ็บเป็นเหน็บชาต้องกลับมา
เข่นเขี้ยว	5	เข่น-เขี้ยว		AUTO	กโลดเต้นเข่นเขี้ยวประเดี๋ยวใ
สั่นเทา	5	สั่น-เทา		AUTO	้าทรงเอาสั่นเทาเทาหลับตาแ
ปึกแผ่น	5	ปึก-แผ่น		AUTO	ันข้าศึกปึกแผ่นยังแน่นหนา
ภักษ์	5	พัก		AUTO	่าตักเอาภักษ์ผลต่อเจ็ดว
เจือจาน	5	เจือ-จาน		AUTO	้งกองหุงเจือจานใส่สารลงคร
ป่าชัฏ	5	ป่า-ชัฏ		AUTO	ไปถึงชายป่าชัฏสงัดคน¦ขุน
โดยง่าย	5	โดย-ง่าย		AUTO	ึงเข้ามาโดยง่ายในบุรินทร์
ปากบอน	5	ปาก-บอน		AUTO	อดอยากทำปากบอนแต่ครั้งก่
ไม่ยั่งยืน	5	ไม่-ยั่ง-ยืน		AUTO	าอนิจจังไม่ยั่งยืนเทศนาสอนสั
ง้ำ	5	ง้ำ		AUTO	กตรอกงอกง้ำเป็นถ้ำเหว
แท่ง	5	แท่ง		AUTO	ย้อยเป็นแท่งดั่งแกล้งส
เกด	5	เกด		AUTO	่งบนกิ่งเกดฝูงโนเรศรา
หมดจด	5	หมด-จด		AUTO	ั้งพูดจาหมดจดดูงดงามน่า
โม	5	โม		AUTO	โลภหลงละโมบครั้นทำลา
มะสัง	5	มะ-สัง		AUTO	ดงรังโศกมะสังแลลิ่วเป็น
สงฆ์	5	สง		AUTO	คล้ายกับสงฆ์ฝ่ายเสนามา
กระทิง	5	กระ-ทิง		AUTO	้อแพะแกะกระทิงของย่างปิ้
ละเมอ	5	ละ-เมอ		AUTO	ปั้นเจ๋อละเมอฝันพลางลุก
แล่ง	5	แล่ง		AUTO	เอาเมืองแล่งสักครึ่งกึ
ดึงดัน	5	ดึง-ดัน		AUTO	ูกมึงให้ดึงดันพูดตอแหลแก
สะใภ้	5	สะ-ใภ้		AUTO	บรรดาเขยสะใภ้ไปทั้งครัว
ดื้อด้าน	5	ดื้อ-ด้าน		AUTO	นพาลทั้งดื้อด้านอวดอิทธิ์ฤ
โกญจนาท	5	โกน-จะ-นาด		AUTO	นียงก้องโกญจนาทประภาษไปเส
มูลนาย	5	มูล-นาย		AUTO	้วแกสั่งมูลนายฝ่ายทหารแม
ห้อ	5	ห้อ		AUTO	นอนครวญให้อักอ่วนอยู่
กัปตัน	5	กัป-ตัน		AUTO	ฉานเรียกกัปตันต้นหนพวกคน
กึง	5	กึง		AUTO	¦จะกล่าวกึงเจ้าพาราปต
โกสีย์	5	โก-สี		AUTO	ิศโรดั่งโกสีย์แต่เมืองขึ
ยู่	5	ยู่		AUTO	กันมั่นอยู่นี่ต่อพรุ่
เปรี้ยวหวาน	5	เปรี้ยว-หวาน		AUTO	ะเวณีอันเปรี้ยวหวานจืดเค็มก็เ
สุพรรณ	5	สุ-พรรณ		AUTO	เจิมขวัญสุพรรณพรายเอาจัด
หมณ์	5	หม		AUTO	บอุราพราหมณ์ถวายน้ำสัง
ชายแครง	5	ชาย-แครง		AUTO	ระดับนิลชายแครงจินดารายลา
เฟื่อง	5	เฟื่อง		AUTO	พรายพรรณเฟื่องกุดั่นใสสุ
นิรา	5	นิ-รา		AUTO	ังมังคลานิราทุกข์เกษมส
เบียน	5	เบียน		AUTO	่ยมเยียนเบียนทุกวัน¦ถนอ
เสี่ยง	5	เสี่ยง		AUTO	ี้ยงกูก็เสี่ยงบุญเจือช่ว
งัน	5	งัน		AUTO	ตกเดินงกงัน¦แล้วจึงเร
พันพัว	5	พัน-พัว		AUTO	ามัญย่อมพันพัวดีแลชั่วต้
แปรผัน	5	แปร-ผัน		AUTO	่แน่ย่อมแปรผันเป็นอนิจจั
ผ่ายผอม	5	ผ่าย-ผอม		AUTO	หนักไปจนผ่ายผอมให้กายต้อง
กระหน่ำ	5	กระ-หน่ำ		AUTO	ายพารามากระหน่ำทั้งซ้ำเติ
ศักดิ์สิทธิ์	5	สัก-สิด		AUTO	เพราะตัวศักดิ์สิทธิ์วิทยา¦แม้น
อิส	5	อิส		AUTO	เขาเนมินอิสินธรยอดก็อ
อ่า	5	อ่า		AUTO	ะช่วยคิดอ่านสถานใดจงว
สักครู่	5	สัก-ครู่		AUTO	จงรออยู่สักครู่หนักคงประจ
เลขยันต์	5	เลก-ยัน		AUTO	าระเวกลงเลขยันต์¦เดินกระบว
โอ่โถง	5	โอ่-โถง		AUTO	พระโรงดูโอ่โถงทำสำหรับรั
สะดวก	5	สะ-ดวก		AUTO	ัดขวางคงสะดวกเพราะพวกกั
บิดตะกูด	5	บิด-ตะ-กูด		AUTO	าความคิดบิดตะกูดทำเป็นพูดผ
คงคาลัย	5	คง-คา-ลัย		AUTO	ร์สระสรงคงคาลัย¦ดุเหว่าแว
ถ้วย	5	ถ้วย		AUTO	รินใส่ในถ้วยแก้วเรียงเ
เหลือบ	5	เหลือบ		AUTO	ถนนดูล้นเหลือบาทหลวงขึ้น
วิหลั่น	5	วิ-หลั่น		AUTO	นโครมถูกวิหลั่นหันเหียนเจ
อู้	5	อู้		AUTO	หวี่หวู่อู้ไปเข้าค่าย
เต	5	เต		AUTO	ปหาดทรายเต็มกลัวหนัง
บำเหน็จ	5	บำ-เหน็จ		AUTO	เพชรทั้งบำเหน็จให้ทุกคนจน
จานเจือ	5	จาน-เจือ		AUTO	ระทานให้จานเจือทั้งหมวกเส
นารายณ์	5	นา-ราย		AUTO	กรายดั่งนารายณ์อานุภาพไปป
กรณ์	5	กอน		AUTO	งองค์อลงกรณ์¦พี่จะไปเม
บัณเฑาะว์	5	บัน-เทา		AUTO	้มโหรีตีบัณเฑาะว์สำเนียงเพร
กุมภีล์	5	กุม-พีน		AUTO	หางอย่างกุมภีล์สัตว์ที่มี
หุบ	5	หุบ		AUTO	มาฟุบตามหุบหินกลอย่าง
อบ	5	อบ		AUTO	ขับพลเกือบจะถึงธารท่
ยุคล	5	ยุ-คล		AUTO	้บาทาฝ่ายุคลขอจุมพลทรา
ศิลป์	5	สิน		AUTO	ุ์พระทรงศิลป์ออกประจบรบ
นัดหมาย	5	นัด-หมาย		AUTO	ตริย์ที่นัดหมายท่านขวนขวา
ยาทา	5	ยา-ทา		AUTO	ังแผงนอกยาทาน้ำมัน¦แล้
เปิง	5	เปิง		AUTO	ริงตีให้เปิงอย่าได้ยั้
ใต้เท้า	5	ใต้-เท้า		AUTO	าทำไมกับใต้เท้าข้าพเจ้ากล
ถั่ว	5	ถั่ว		AUTO	้ำมันเนยถั่วพอกลั้วคอ¦
รวน	5	รวน		AUTO	ยเทยังเรรวนแต่ใคร่ครว
เอม	5	เอม		AUTO	ความอิ่มเอมเกษมสันต์ส
สังหรณ์	5	สัง-หอน		AUTO	เจ้าเข้าสังหรณ์ให้ท่านพรา
ตากุ้ง	5	ตา-กุ้ง		AUTO	่เสื้อสีตากุ้งไม่รุงรังด
นานา	5	นา-นา		AUTO	ลอุบายเสนานายพวกผู้ใหญ
ทรวดทรง	5	ทรวด-ทรง		AUTO	เลขาทั้งทรวดทรงราวกับหงส์
ฝนแล้ง	5	ฝน-แล้ง		AUTO	ลถ้าแม้นฝนแล้งไปให้บูชา¦
หัตถี	5	หัต-ถี		AUTO	ัตน์ทั้งหัตถีฝ่ายพระมิ่
แครง	5	แครง		AUTO	ทั้งครองแครงแย่งยื้อดื
ฟากฟ้า	5	ฟาก-ฟ้า		AUTO	ายนิพพานฟากฟ้าสุราลัย¦เท
โมหะ	5	โมหะ		AUTO	ทั้งโทโสโมหะสละไปตัดห่
รวบรัด	5	รวบ-รัด		AUTO	นมาแกล้งรวบรัดอัดอุราแล้
ขี้	5	ขี้		AUTO	ต้นเข่นเขี้ยวประเดี๋ย
กะรัต	5	กะ-รัต		AUTO	เพชรเจ็ดกะรัตแกจัดไว้ทั
อึดอัด	5	อึด-อัด		AUTO	ุบเฟี้ยมอึดอัดขัดกระแสท้
โรหิณี	5	โร-หิ-ณี		AUTO	กาตำรามีโรหิณีที่จมูกอัส
พริบตา	5	พริบ-ตา		AUTO	ิบลิบไม่พริบตา¦ฝ่ายไทท้า
ชำนิชำนาญ	5	ชำ-นิ-ชำ-นาญ		AUTO	องลงคลานชำนิชำนาญเรื่องนี้เ
พิรี้พิไร	5	พิ-รี้-พิ-ไร		AUTO	ดพระสามีพิรี้พิไรพอนึกได้ถึ
เกรียมกรม	5	เกรียม-กรม		AUTO	ลิงรมให้เกรียมกรมพี่จะลาเจ้
ประเคน	5	ประ-เคน		AUTO	ผลาผลไม้ประเคนให้ครูฉันเ
ลูกเห็บ	5	ลูก-เห็บ		AUTO	็นฝนทั้งลูกเห็บตกกระจายตา
ย่าม	5	ย่าม		AUTO	้นับถืออย่ามาพูดสอพลอใ
ชุก	5	ชุก		AUTO	าจะพ้นฝนชุกพ้นทุกข์ภั
แสบท้อง	5	แสบ-ท้อง		AUTO	ิดปองไม่แสบท้องอิ่มใจดั่ง
อ้อ	5	อ้อ		AUTO	ห้เดินวงอ้อมไปเที่ยวใ
ไม่เที่ยง	5	ไม่-เที่ยง		AUTO	ังขารมันไม่เที่ยงคิดหลีกเลี
เร่ร่อน	5	เร่-ร่อน		AUTO	เลเที่ยวเร่ร่อนจำจะจรจากไ
อดโซ	5	อด-โซ		AUTO	มากหมดจะอดโซเจ้าขรัวนา
น้ำเค็ม	5	น้าม-เค็ม	sound mismatch @1 (น้ำ vs น้าม)	FIXED	บบ้างว่าน้ำเค็มจัดจะขัดสน
ฟ่องฟู	5	ฟ่อง-ฟู		AUTO	นฟองขึ้นฟ่องฟูทั้งราหูเห
โหราจารย์	5	โหร-จา-ระ		AUTO	ให้สำราญโหราจารย์จึงประนมบั
ตูมตาม	5	ตูม-ตาม		AUTO	งปืนใหญ่ตูมตามขึ้นสามตึง
หงับ	5	หงับ		AUTO	งจับเสียหงับเดียว¦กลัว
ซ่อนเงื่อน	5	ซ่อน-เงื่อน		AUTO	ูยอกย้อนซ่อนเงื่อนดอกอ้ายกาก
กรรณิการ์	5	กัน-นิ-กา		AUTO	ะลิวัลย์กรรณิการ์ชบาบานพิกุ
ยมโดย	5	ยม-โดย		AUTO	ุกรมทั้งยมโดย¦แหงนดูดาว
แวง	5	แวง		AUTO	ึกแหนงระแวงวนคงได้ผลไ
อั้นอ้น	5	อั้น-อ้น		AUTO	านั้นให้อั้นอ้นเป็นความจน
ภารธุระ	5	พา-ระ-ทุร	sound mismatch @1 (ภาร vs พา);sound mismatch @2 (ธุ vs ระ);sound mismatch @3 (ระ vs ทุร)	REVIEW	ต้องเป็นภารธุระไปในทะเลจะ
เบน	5	เบน		AUTO	ติชายกระเบนสตรีแท้จะส
ภาชน์	5	พาด		AUTO	่งสุวรรณภาชน์ถวายพระบาท
แม่ครัว	5	แม่-ครัว		AUTO	จะได้จร¦แม่ครัวไทยไก่พะแน
เบียดเสียด	5	เบียด-เสียด		AUTO	ยา¦ราษฎรเบียดเสียดกันเยียดยั
เยียดยัด	5	เยียด-ยัด		AUTO	เสียดกันเยียดยัดมาแออัดชื่
รักษ์	5	รัก		AUTO	ิวาทเทพารักษ์ลักษมีขอบพ
ดิถี	5	ดิ-ถี		AUTO	วจึงตั้งดิถีในปีนั้นพุ
พ่อครัว	5	พ่อ-ครัว		AUTO	็ดไก่ใช้พ่อครัวพวกผู้หญิง
ราบคาบ	5	ราบ-คาบ		AUTO	ว์บาปให้ราบคาบดั่งช่วยชุ
แกล้วกล้า	5	แกล้ว-กล้า		AUTO	ีพล¦ล้วนแกล้วกล้าสามารถชาติ
เกียดกัน	5	เกียด-กัน		AUTO	่กั้นกางเกียดกันไม่ฉันทา¦แ
เล่นชู้	5	เล่น-ชู้		AUTO	อต้องการเล่นชู้มาดูแลท่าก
ข้าวตัง	5	ข้าว-ตัง		AUTO	นมั่งแกะข้าวตังก้นครัวมั่
เหน็บแนม	5	เหน็บ-แนม		AUTO	รีทูลคดีเหน็บแนมทั้งแต้มเต
เบี่ยงบ่าย	5	เบี่ยง-บ่าย		AUTO	้เพ็ดทูลเบี่ยงบ่ายหลายทำนองอ
สุรารักษ์	5	สุ-รา-รัก		AUTO	วงบนเทพาสุรารักษ์เห็นประจัก
เกลา	5	เกลา		AUTO	ะเสาบ้างเกลากลอน¦ฝ่ายพ
ระดะ	5	ระ-ดะ		AUTO	วเต่ากระระดะดาษเที่ยวว
เจ้าภาษี	5	เจ้า-ภา-ษี		AUTO	มขนมหวานเจ้าภาษีตั้งโรงเรี
รื่นเริง	5	รื่น-เริง		AUTO	แสนสำราญรื่นเริงบันเทิงใจ¦
บันเทิงใจ	5	บัน-เทิง-ใจ		AUTO	รื่นเริงบันเทิงใจ¦อย่าหวังใ
คุ้มครอง	5	คุ้ม-ครอง		AUTO	บรุมช่วยคุ้มครองมิให้ต้องแ
เทือก	5	เทือก		AUTO	ะจญ¦ด้วยเทือกแถวตาปู่อย
ธาดา	5	ธา-ดา		AUTO	ื่อสินทรธาดาพฤฒาพรหม¦ส
โยทะกา	5	โย-ทะ-กา		AUTO	ญจน์ชงโคโยทะกามะลุลีมะลิ
วายุภักษ์	5	วา-ยุ-พัก		AUTO	ยู่เมืองวายุภักษ์สำนักเนาพา
บัว	5	บัว		AUTO	กลั้วดอกบัวหลวงสุมาลี
มรึง	5	มะ-รึง		AUTO	ถึงที่รุมรึงทรวงเศร้าเ
คำนึง	5	คำ-นึง		AUTO	าความตามคำนึงจะขอบวชบรร
กำไล	5	กำ-ไล		AUTO	วะหล่ำแลกำไลโยมจะให้งา
จ้าน	5	จ้าน		AUTO	ให้สบายเจ้านายเรา¦จะกล
เยีย	5	เยีย		AUTO	ดดึกเย็นเยียบเงียบสงัด
เกี่ยวข้าว	5	เกี่ยว-ข้าว		AUTO	ห้เที่ยวเกี่ยวข้าวเช้าพรุ่งน
ตะละ	5	ตะ-ละ		AUTO	ชรประดับตะละดาววาวเวหา
ทึ้ง	5	ทึ้ง		AUTO	เภา¦บ้างทึ้งเถาสาวหยุด
ยั่วยวน	5	ยั่ว-ยวน		AUTO	ีก็จะพูดยั่วยวนกวนโทโสทำโ
รณ	5	รณ		AUTO	ุดสุดอาวรณ์จะทำการไม
มี่	5	มี่		AUTO	ีต่างอึงมี่เรียกกันเส
จัดจ้าน	5	จัด-จ้าน		AUTO	คับงานคนจัดจ้านตอแหลแลแง่
กัดฟัน	5	กัด-ฟัน		AUTO	ัสถ์นิ่งกัดฟันในทรวงสั่น
กระท่อม	5	กระ-ท่อม		AUTO	ด้วยปลูกกระท่อมล้อมเฝืองฝ
ฆิน	5	ฆิน		AUTO	าวขึ้นเมฆินดั่งใจหวัง
กุมภัณฑ์	5	กุม-พัน		AUTO	ยกาจชาติกุมภัณฑ์ตามไม่ทันเ
สับปลับ	5	สับ-ปลับ		AUTO	ัพย์อย่าสับปลับฉกลักเสียศ
ไถ	5	ไถ		AUTO	ดมากถลากไถลเดี๋ยวนี้
ขันกว้าน	5	ขัน-กว้าน		AUTO	นกันเข้าขันกว้านฝ่ายฝรั่งต
บ่ายหน้า	5	บ่าย-หน้า		AUTO	้นายท้ายบ่ายหน้าเภตราตรงสำ
วานซืน	5	วาน-ซืน		AUTO	เมื่อคืนวานซืนนี้พระบุตร
ใบ้	5	ใบ้		AUTO	านต้องทำใบ้ให้รู้ว่าน
อาโป	5	อา-โป		AUTO	สิ้นวาโยอาโปไหลแม้นเผา
เสียงฮา	5	เสียง-ฮา		AUTO	ะย่ำเผยอเสียงฮาเฮเสสรวลชว
เกลอ	5	เกลอ		AUTO	ลชวนเป็นเกลอกุมารเออเอ
เกลียวคลื่น	5	เกลียว-คลื่น		AUTO	น้ำเขียวเกลียวคลื่นเสียงครื้น
เฟื่องฟุ้ง	5	เฟื่อง-ฟุ้ง		AUTO	านสมบัติเฟื่องฟุ้งทั้งกรุงศร
เหลียวดู	5	เหลียว-ดู		AUTO	ชั้นแล้วเหลียวดูผู้คนบนหน้
หลาบ	5	หลาบ		AUTO	แซมแกมกุหลาบอังกาบมีสา
วิบากกรรม	5	วิ-บาก-กรรม		AUTO	่เต็มปากวิบากกรรมแต่เกิดมาอ
เคลือบแฝง	5	เคลือบ-แฝง		AUTO	องแดงไม่เคลือบแฝงแคลงฝ้าเป็
คันฉ่อง	5	คัน-ฉ่อง		AUTO	๊ะทองหวีคันฉ่องมีดแหนบแอบ
เรี่ย	5	เรี่ย		AUTO	หลงละโมบเรี่ยวแรงต้องแข
สำปะหลัง	5	สำ-ปะ-หลัง		AUTO	ากปากน้ำสำปะหลังไม่เข้าฝั่
เสกสรร	5	เสก-สรร		AUTO	ของมันมาเสกสรรค์ใส่เอากู
อวดดี	5	อวด-ดี		AUTO	พาทีอย่าอวดดีเลยกูไม่พอ
ปลอมแปลง	5	ปลอม-แปลง		AUTO	ะชาชนเราปลอมแปลงแต่งกายเป็
ไทรทอง	5	ไทร-ทอง		AUTO	้ามาใกล้ไทรทองสองกษัตริย
มิดเม้น	5	มิด-เม้น		AUTO	พับลิขิตมิดเม้นไม่เห็นแนว
กำพร้า	5	กำ-พร้า		AUTO	่แผลเป็นกำพร้ามาแต่หล่อน
กะเทย	5	กะ-เทย		AUTO	เอ๋ยเป็นกะเทยเขี้ยวเพชร
ท้อใจ	5	ท้อ-ใจ		AUTO	ิดถึงพ่อท้อใจอาลัยลานพร
จู่ลู่	5	จู่-ลู่		AUTO	กดิ์อย่าจู่ลู่ดูถูกนะลูก
เงื้อ	5	เงื้อ		AUTO	อนชะง่อนเงื้อมผาคูหาบรร
หัท	5	หัท		AUTO	มิได้ขัดหัทยาชีชราควบ
ตะโพง	5	ตะ-โพง		AUTO	เต้นเผ่นตะโพงลงน้ำโพล่ง
ก้ำเกิน	5	ก้ำ-เกิน		AUTO	นจะทำไม่ก้ำเกิน¦ในวังเวีย
เฟือง	5	เฟือง		AUTO	ูกลำไยมะเฟืองมะไฟผลผลาท
กระเจิง	5	กระ-เจิง		AUTO	ตกใจจริงกระเจิงวิ่งเวียนว
เอียงอาย	5	เอียง-อาย		AUTO	ลี่ยงหลบเอียงอายชม้ายหนีแต
กางเขน	5	กาง-เขน		AUTO	ายเกยไม้กางเขนก็เห็นความ
กระบือ	5	กระ-บือ		AUTO	ับซื้อโคกระบือม้าช้างต่า
ล้า	5	ล้า		AUTO	็นเถ้าเคล้าสุราตามตำร
ไต	5	ไต		AUTO	ึงเข้าไปไต่ถามตามสงก
ครือ	5	ครือ		AUTO	นในว่านเครือ¦เวลานั้นพ
เกา	5	เกา		AUTO	ึ่งว่าในเกาะประเทศเขต
พายัพ	5	พา-ยัพ		AUTO	ึ้นในทิศพายัพจับคงคาต้น
วิน	5	วิน		AUTO	สถิตแท่นวินิจฉัยอันไพ
โฉบ	5	โฉบ		AUTO	ลีกถลาลงโฉบได้ไพร่พลบ
เอี้ยว	5	เอี้ยว		AUTO	ยมนต์จึงเอี้ยวองค์ทรงลั่
เจ้าคารม	5	เจ้า-คา-รม		AUTO	ขยันจริงเจ้าคารมลมเติบกำเร
เย้ย	5	เย้ย		AUTO	อย่าเยาะเย้ยเลยเจ้าไม่
พ่ายแพ้	5	พ่าย-แพ้		AUTO	่งแตกพังพ่ายแพ้ไปแต่ก่อนต
ครู่หนึ่ง	5	ครู่-หนึ่ง		AUTO	ลสมานสักครู่หนึ่งจึงจะมาไม่
ฝาแฝด	5	ฝา-แฝด		AUTO	างว่าฉันฝาแฝดกษัตริย์แป
เกียรติ	5	เกียรติ		AUTO	้เปรมปราเกียรติยศเห็นงดงา
อ้อนแอ้น	5	อ้อน-แอ้น		AUTO	งค์เอวก็อ้อนแอ้นเป็นหนุ่มแ
อินัง	5	อิ-นัง		AUTO	มิได้คิดอินังชังน้ำหน้า
พ้องกัน	5	พ้อง-กัน		AUTO	์เพราะมาพ้องกันสองรายหาไม
ด่ำ	5	ด่ำ		AUTO	่นเซ็นระด่ำขุนนางนำเข
ฟ้อน	5	ฟ้อน		AUTO	งนกยูงลงฟ้อนเป็นวงเวีย
ประกวด	5	ประ-กวด		AUTO	าบหอกออกประกวดบ้างอวดตนพ
ชร	5	ชร		AUTO	ประดับเพชรแต่ละเม็ดแ
ญา	5	ญา		AUTO	่ฝนจนปัญญาไยจึงมาตกพ
สลวย	5	สะ-หลวย	syllable count differs (ssg 1 vs w2p 2)	REVIEW	ยุยี่สิบสลวยสวยโสภา¦มู
ย่ำยี	5	ย่ำ-ยี		AUTO	ไมตรีไม่ย่ำยีอย่ามาขวาง
หกคะเมน	5	หก-คะ-เมน		AUTO	ถูกหูหันหกคะเมนถึงเวรตาย¦
โย้	5	โย้		AUTO	นโซ่ขึ้นโย้แย่งฝรั่งแ
กริ่งเกรง	5	กริ่ง-เกรง		AUTO	งค์ละเวงกริ่งเกรงศึกจึงว่าน
เข็น	5	เข็น		AUTO	็นไม่ยอมเข็นขืนใจเป็นไ
เกรียม	5	เกรียม		AUTO	ลิงรมให้เกรียมกรมพี่จะลา
พุทธันดร	5	พุท-ธัน-ดร		AUTO	กัปกัลป์พุทธันดรอย่าอาวรณ์
หับ	5	หับ		AUTO	กจากห้องหับจับกระบี่ล
งันงก	5	งัน-งก		AUTO	งตัวสั่นงันงกสะทกสะท้าน
จุ	5	จุ		AUTO	ฟเข้าไล่จุดตีให้หลุด
อาบน้ำ	5	อาบ-น้าม	sound mismatch @2 (น้ำ vs น้าม)	FIXED	าดายบ้างอาบน้ำกุหลาบอาบน
บีบ	5	บีบ		AUTO	จะได้จับบีบขมับเฆี่ยน
ฟุน	5	ฟุน		AUTO	วุ่นเป็นฟุนไฟ¦สินสมุท
หน้าจ๋อย	5	หน้า-จ๋อย		AUTO	นพระน้องหน้าจ๋อยนั่งคอยหาเ
ผี่	5	ผี่		AUTO	้งว่าฟ้าผี่ถ้าผัวตายม
มอม	5	มอม		AUTO	่วให้มัวมอมจงหักใจเสี
เบี้ย	5	เบี้ย		AUTO	ฤษมันบิดเบี้ยวจะขับเคี่
ยันต์	5	ยัน		AUTO	เวกลงเลขยันต์¦เดินกระบว
สาห์	5	สา		AUTO	ระโอรสอุสาห์มาถึงธานีแ
ดี้	5	ดี้		AUTO	ญเป็นกระดี้กระดิกพลิก
ฟั่นเฝือ	5	ฟั่น-เฝือ		AUTO	กระไรเลยฟั่นเฝือเห็นเหลือห
อุทร	5	อุ-ทร		AUTO	่รักร่วมอุทรก็ไม่จรจาก
แน่นนันต์	5	แน่น-นัน		AUTO	แห่แหนมาแน่นนันต์นางวัณฬาอ่
ปึ่ง	5	ปึ่ง		AUTO	ิฟังตั้งปึ่งทำดึงดันจะ
กิ่งก้อย	5	กิ่ง-ก้อย		AUTO	้ำพลอยอีกิ่งก้อยก็จะแปรเป็
อสงไขย	5	อะ-สง-ไข		AUTO	ายุยืนยงอสงไขยแล้วเคลื่อ
โน้น	5	โน้น		AUTO	ชาวเมืองโน้นละครโขนแต่
ยูง	5	ยูง		AUTO	ลกร้องนกยูงทองจับยอดย
ซับใน	5	ซับ-ใน		AUTO	งแสดเป็นซับในเรียกสาวใช
เหลา	5	เหลา		AUTO	อนแคะพูดเหลาะแหละปั้นเ
หือรือโหด	5	หือ-รือ-โหด		AUTO	นไม่คบคนหือรือโหดพวกโฉดเฉาม
คุกคาม	5	คุก-คาม		AUTO	กไว้แล้วคุกคามถามไต่จงให
อุดร	5	อุ-ดร		AUTO	มตั้งทิศอุดรรีบจรไป¦ฝ่
ดื่นดาษ	5	ดื่น-ดาษ		AUTO	ีตายกลาดดื่นดาษทาง¦พวกเฝ้
ซับ	5	ซับ		AUTO	ิระดาดาษซับซ้อนตามก้อ
พิธ	5	พิธ		AUTO	้าบัดพลีพิธีไสยเป็นลม
เป็นเบือ	5	เป็น-เบือ		AUTO	งฝ่ายตายเป็นเบือ¦แกสั่งเสร
อัมพวัน	5	อำ-พะ-วัน		AUTO	กับเทวัญอัมพวันใฝ่ฝันหาเม
อนธ	5	อน-ทะ		AUTO	ที่มืดมนอนธการบันดาลห
ผัก	5	ผัก		AUTO	นผัดหมี่ผักชีโรย¦เสีย
ไต้ก๋ง	5	ไต้-ก๋ง		AUTO	ทวนธงพวกไต้ก๋งตั้งเข็มเต
เขี่ย	5	เขี่ย		AUTO	ีเมียมันเขี่ยแคะสะกิดแก
วลาหก	5	วะ-ลา-หก		AUTO	เดี๋ยวใจวลาหกตกกระจาย¦โ
แวบ	5	แวบ		AUTO	้าแลบวาบแวบฉายกำปั่นร
แจกจ่าย	5	แจก-จ่าย		AUTO	้งรอ¦เอาแจกจ่ายให้ปันทุกว
พรั่นพรึง	5	พรั่น-พรึง		AUTO	ดุดันไม่พรั่นพรึง¦พวกในลำกำ
แต่เพียง	5	แต่-เพียง		COMPOSED	ให้ถึงขอแต่เพียงสัตย์ซื่ออ
ตรวจดู	5	ตรวด-ดู		COMPOSED	องเร่งไปตรวจดูหมู่นิกร¦เ
งข	5	งะ-ขะ		COMPOSED	์หามาแข็งขัดเคืองจิต
เหลืออยู่	5	เหลือ-อยู่		COMPOSED	่ทัพเรือเหลืออยู่ดูอาการจะห
ทั้งที่	5	ทั้ง-ที่		COMPOSED	ับไพรีไปทั้งที่กลางชลาให้
หัวค่ำ	5	หัว-ค่ำ		COMPOSED	ากน้ำแต่หัวค่ำเสียงพื้นแ
ขวากหนาม	5	ขวา-กะ-หะ-นาม		COMPOSED	ครามทั้งขวากหนามกรวดทรายเอ
โดยพลัน	5	โดย-พลัน		COMPOSED	เข้าด่านโดยพลันอย่าหันเหค
ข่าวคราว	5	ข่าว-คราว		COMPOSED	ศาไม่ได้ข่าวคราวใครในลังกา
ทางธรรม	5	ทาง-ทำ		COMPOSED	ทราบสิ้นทางธรรมสำมดึงส์จำ
จริงใจ	5	จิง-ใจ		COMPOSED	เทาในที่จริงใจโทมนัสอัดอ
สาป	5	สา-ปะ		COMPOSED	จึงอมเรศสาปซ้ำไว้ตามท
เอาการ	5	เอา-กาน		COMPOSED	าชาญท่านเอาการนี้ไปเล่าใ
ดวงจันทร์	5	ดวง-จัน		COMPOSED	องเหมือนดวงจันทร์ขวัญจิตอย่
ฝั่งทะเล	5	ฝั่ง-ทะ-เล		COMPOSED	ค่ายตั้งฝั่งทะเลฝรั่งเฮฮาล
ไสยเวท	5	ไสย-เวด		COMPOSED	¦ตามตำราไสยเวทข้างเพทไสย
กันภัย	5	กัน-ไพ		COMPOSED	ต่ท่านจะกันภัย¦จะกล่าวถึ
โลดโผน	5	โลด-โผน		COMPOSED	องโจรที่โลดโผนแกว่งหลาวท
นางหงส์	5	นาง-หง		COMPOSED	่างเจียวนางหงส์สิบ้ากามปั
ที่แล้ว	5	ที่-แล้ว		COMPOSED	ุมอยู่ในที่แล้วมิหนำทั้งว
หม่อมห้าม	5	หม่อม-ห้าม		COMPOSED	ะกลามนางหม่อมห้ามไม่หยุดสุด
เสียท่า	5	เสีย-ท่า		COMPOSED	ีสิงแม้นเสียท่าพลิกแพลงจะ
คู่ควร	5	คู่-ควน		COMPOSED	ด้หนีไม่คู่ควรกับวิชาคนก
ร่ำเรียน	5	ร่ำ-เรียน		COMPOSED	าพลาง¦จะร่ำเรียนเขียนอ่านป
อีสาน	5	อี-สาน		COMPOSED	รพทิศติดอีสานเกือบจะรุ่
ปราศจาก	5	ปะ-รา-สะ-จาก		COMPOSED	้งเศรษฐีปราศจากโรคามายายี
ห้าง	5	ห้า-งะ		COMPOSED	คั่งตั้งห้างต่างต่างกั
อดนอน	5	อด-นอน		COMPOSED	ุทัยทั้งอดนอนอดกินสิ้นส
ของกอง	5	ของ-กอง		COMPOSED	นเอาสิ่งของกองรายถวายเสร
สมาคม	5	สะ-มา-คะ-มะ		COMPOSED	จะเข้ามาสมาคมไม่นิยมรัก
ใหญ่โต	5	ใหญ่-โต		COMPOSED	าลัยเห็นใหญ่โตหัวอกโอ้แส
คืนหลัง	5	คืน-หลัง		COMPOSED	จคงจะได้คืนหลังไปวังเวียง
ยุง	5	ยุ-งะ		COMPOSED	ุลค้อมพะยุงพะยอมขวิดข
ยุติ	5	ยุ-ติ		COMPOSED	ที่วัฒนายุติกาแต่พอควร
ความอาย	5	ความ-อาย		COMPOSED	ฝ่ฝันแต่ความอายหลายอย่างน
ติดตัว	5	ติด-ตัว		COMPOSED	รย์เมตตาติดตัวไว้ให้เป็น
แวววับ	5	แวว-วับ		COMPOSED	องแก้วดูแวววับสามสำรับพา
ถอนใจ	5	ถอน-ใจ		COMPOSED	ำเป็นนอนถอนใจไม่ไสยา¦เพ
หักห้าม	5	หัก-ห้าม		COMPOSED	ประจักษ์หักห้ามความสงสัยอ
ทันตา	5	ทัน-ตา		COMPOSED	กวันเห็นทันตาต่างเปรมปร
ฝั่งฝา	5	ฝั่ง-ฝา		COMPOSED	งวังเป็นฝั่งฝาแถลงเล่าพร
เห็นควร	5	เห็น-ควน		COMPOSED	วีฟังคดีเห็นควรทำสรวลเสจะ
ตามตัว	5	ตาม-ตัว		COMPOSED	เสาะแสวงตามตัวอ้ายผัวเมี
รักษาหน้า	5	รัก-สา-หน้า		COMPOSED	าญสมรให้รักษาหน้าด่านชานนคร
ราชกิจ	5	ราด-กิด		COMPOSED	ิทธิ์ขาดราชกิจแลผิดชอบกษ
น้ำตาย	5	น้ำ-ตาย		COMPOSED	่ำแต่ถูกน้ำตายกระจุยเป็น
พลเมือง	5	พล-เมือง		COMPOSED	้นพวกพหลพลเมืองก็รู้เรื่อ
คอหอย	5	คอ-หอย		COMPOSED	้อยคล่องคอหอยคว้าใหญ่ใส
ส่งสาร	5	ส่ง-สาน		COMPOSED	ด่านแล้วส่งสารบอกแจ้งแห่
สักวันหนึ่ง	5	สัก-วัน-หนึ่ง		COMPOSED	ไปกำปั่นสักวันหนึ่งจะได้พึ่งพ
ตีลังกา	5	ตี-ลัง-กา		COMPOSED	างไรจะไปตีลังกาเห็นช้านัก
สมใน	5	สม-ใน		COMPOSED	ั้งสมนอกสมในขอใช้แรงทุ
แลง	5	แล-งะ		COMPOSED	มค่อยลัดแลงแปลงแปลกเป
หนักแน่น	5	หนัก-แน่น		COMPOSED	ฮึกฮักมาหนักแน่นเตรียมโล่แ
กำลังจะ	5	กำ-ลัง-จะ		COMPOSED	แขกเหลือกำลังจะตั้งมั่นพว
หนักใจ	5	หนัก-ใจ		COMPOSED	ี่รักให้หนักใจถอนฤทัยหวน
สักพัก	5	สัก-พัก		COMPOSED	องไปช่วยสักพักไว้ศักดิ์ศ
เข้าสู่	5	เข้า-สู่		COMPOSED	ล้วเสด็จเข้าสู่ที่แท่นมณี
คบเพลิง	5	คบ-เพลิง		COMPOSED	ชาไนยจุดคบเพลิงเริงแรงแสง
หล่า	5	หะ-ล่า		COMPOSED	อ้ายพวกเหล่านี้เป็นที่
สบายดี	5	สะ-บาย-ดี		COMPOSED	้โดยง่ายสบายดี¦เอายาเบื่
แจ่มใส	5	แจ่ม-ใส		COMPOSED	้มแย้มดูแจ่มใสบาทหลวงเฒ่
เอาใจใส่	5	เอา-ใจ-ใส่		COMPOSED	ี่ข้างในเอาใจใส่กินอยู่ช่ว
ทางกันดาร	5	ทาง-กัน-ดาน		COMPOSED	ดขัดขวางทางกันดารโดยประมาณห
สมศักดิ์ศรี	5	สม-สัก-สี		COMPOSED	อร่วมรักสมศักดิ์ศรีถึงเมียอ้า
รู้เรื่องราว	5	รู้-เรื่อง-ราว		COMPOSED	ู้ดีเก่ารู้เรื่องราวในบุรินทร์
ตะวันออก	5	ตะ-วัน-ออก		COMPOSED	องปากน้ำตะวันออกบอกเข้ามาว
แดนดิน	5	แดน-ดิน		COMPOSED	มถิ่นอันแดนดินทั่วประเทศ
ได้ตัว	5	ได้-ตัว		COMPOSED	างไหนไม่ได้ตัวมุดแต่หัวก
น้ำหอม	5	น้ำ-หอม		COMPOSED	ห้เขยกับน้ำหอมที่ระคนปนก
ขับร้อง	5	ขับ-ร้อง		COMPOSED	ตีรำมะนาขับร้องฉลองงาน¦ไป
ยอมตาม	5	ยอม-ตาม		COMPOSED	งผ่อนผันยอมตามไม่ห้ามหวง
หาสู่	5	หา-สู่		COMPOSED	ไม่ออกมาหาสู่อยู่ที่ไหน
ชวนชม	5	ชวน-ชม		COMPOSED	รแล้วชี้ชวนชมนภาดารากรแ
มีชื่อ	5	มี-ชื่อ		COMPOSED	จ้าพึงดูมีชื่ออยู่เรียกว
แต่ก่อนนั้น	5	แต่-ก่อน-นั้น		COMPOSED	คยฝึกสอนแต่ก่อนนั้นเร่งจัดกัน
ชนาง	5	ชะ-นาง		COMPOSED	กอาสน์นุชนางสำอางฉายฝ่
ราชรถ	5	ราด-รถ		COMPOSED	งนาฏขึ้นราชรถมีกลิ้งกลด
สุขใจ	5	สุก-ใจ		COMPOSED	ุกข์เป็นสุขใจ¦ในเดือนนี
ปิ่นโต	5	ปิ่น-โต		COMPOSED	้มจีนใส่ปิ่นโตเปลือกส้มโ
ให้เปล่า	5	ให้-เปล่า		COMPOSED	นี้เจียวให้เปล่าเปลี่ยวฟั่
คลื่นเสียง	5	คลื่น-เสียง		COMPOSED	ยวเกลียวคลื่นเสียงครื้นครึกไ
แม่แก่	5	แม่-แก่		COMPOSED	่นว่าพ่อแม่แก่ชราทั้งป้า
สืบสาย	5	สืบ-สาย		COMPOSED	ครจะครองสืบสายไปภายหลังเ
ตึกราม	5	ตึก-รา-มะ		COMPOSED	ันสารพันตึกรามงามวิไลด้ว
ตัดบท	5	ตัด-บท		COMPOSED	วกับปดขอตัดบทยกเอาไว้ต่
ทรัพย์สิน	5	ซับ-สิน		COMPOSED	ตอแหลอันทรัพย์สินสิ่งไรไม่ข
ประชาชี	5	ประ-ชา-ชี		COMPOSED	รไพร่ฟ้าประชาชีไม่พอที่เห
ยกขึ้น	5	ยก-ขึ้น		COMPOSED	รื่องขนมยกขึ้นวางข้างเฉล
ความจน	5	ความ-จน		COMPOSED	นอ้นเป็นความจนเสียทั้งนั
ข้างเคียง	5	ข้าง-เคียง		COMPOSED	วกขุนนางข้างเคียงเลี้ยงสำรั
บิตุลา	5	บิ-ตุ-ลา		COMPOSED	ีพระฤๅษีบิตุลาป้าของเราส
รั้งท้าย	5	รั้ง-ท้าย		COMPOSED	ลวาหุโลมรั้งท้ายเป็นฝ่ายหล
มังกง	5	มัง-กะ-งะ		COMPOSED	ทุกังฝูงมังกงเหล่ายี่สน
มั่นใจ	5	มั่น-ใจ		COMPOSED	คันก็รู้มั่นใจแท้ไม่แชเช
หน้าไม้	5	หน้า-ไม้		COMPOSED	์เครื่องหน้าไม้ปืนยาสารพั
พาหุรัด	5	พา-หุ-รัด		COMPOSED	ายกระสันพาหุรัดจำรัสพรายฉ
เป็นแน่	5	เป็น-แน่		COMPOSED	ยต้องแพ้เป็นแน่แล้วจะกวาด
ยิ้มหัว	5	ยิ้ม-หัว		COMPOSED	ริ่มทั้งยิ้มหัวนึกหมายใจว
ให้จงได้	5	ให้-จง-ได้		COMPOSED	ตีจับส่งให้จงได้พระสั่งพลา
หมายถึง	5	หมาย-ถึง		COMPOSED	ิตที่คิดหมายถึงจะได้หรือม
ช่วยชีวิต	5	ช่วย-ชี-วิด		COMPOSED	่าขอบจิตช่วยชีวิตน้องไว้อย่
โรงเลี้ยง	5	โรง-เลี้ยง		COMPOSED	าหมูปลูกโรงเลี้ยงโยธาหน้าปร
รองรับ	5	รอง-รับ		COMPOSED	าพานลงยารองรับประดับพลอย
ธงฉาน	5	ธง-ฉาน		COMPOSED	งรายทั้งธงฉานธงชายลายมั
กลา	5	กะ-ลา		COMPOSED	รู้กลตายกลาดดาษดาจะย้
วับวาม	5	วับ-วา-มะ		COMPOSED	รุ้งร่วงวับวามอร่ามตา¦สอ
ต้องตา	5	ต้อง-ตา		COMPOSED	นความให้ต้องตามบทเบื้องเ
ทุกหน	5	ทุก-หน		COMPOSED	้ตรวจตราทุกหน้าที่วันพร
น้ำหนอง	5	น้ำ-หนอ-งะ		COMPOSED	่อนถ้ำในน้ำหนองจะเชิญมารว
เครื่องหอม	5	เครื่อง-หอม		COMPOSED	ร้อมทั้งเครื่องหอมยำพล่าเป็ด
ถือน้ำ	5	ถือ-น้ำ		COMPOSED	มกันสิ้นถือน้ำตามทำนองแล
เหมือนเดิม	5	เหมือน-เดิม		COMPOSED	เฟือนไม่เหมือนเดิม¦อันตัวกูร
ฝาง	5	ฝา-งะ		COMPOSED	ทั้งฝิ่นฝางยางแดงมะเด
เจ้าตัว	5	เจ้า-ตัว		COMPOSED	แท้อีแม่เจ้าตัวมันสั่นเทา
ขึ้นหา	5	ขึ้น-หา		COMPOSED	าวปลาลุกขึ้นหารับประทานท
เรียงรัน	5	เรียง-รัน		COMPOSED	ญเสียงจำเรียงรันถวายองค์ทร
เป็นความลับ	5	เป็น-ความ-ลับ		COMPOSED	ันทูลถามเป็นความลับอย่าให้นับ
ผูกมิตร	5	ผูก-มิด		COMPOSED	ป็นไฉนจะผูกมิตรคิดอ่านประ
สาลี	5	สา-ลี		COMPOSED	ภชนาข้าวสาลีมเหสีสองนา
คร่ำครวญ	5	คะ-ร่ำ-ครวน		COMPOSED	อบช้ำแต่คร่ำครวญ¦เชิญเทวาอ
มากกว่า	5	มาก-กว่า		COMPOSED	หลายหลากมากกว่ามากธงชัยเร
เสียศักดิ์ศรี	5	เสีย-สัก-สี		COMPOSED	รื่องรักเสียศักดิ์ศรีพ่อจะไปงอน
ผนึก	5	ผะ-นึก		COMPOSED	พับใส่ในผนึกจารึกนอกเป
เรือพาย	5	เรือ-พาย		COMPOSED	พร่นายลงเรือพายถึงปากน้ำท
หางปลา	5	หาง-ปลา		COMPOSED	ำจะไปตัดหางปลาศรัทธามากป
หลี	5	หะ-ลี		COMPOSED	ในท้ายบาหลีคลี่ตำรับแ
ตกยาก	5	ตก-ยาก		COMPOSED	น้องแก้วตกยากแล้วเหลือจ
ทำแทน	5	ทำ-แทน		COMPOSED	ค่ำมิทันทำแทนทดบทศรีจะอ
อยู่อาศัย	5	อยู่-อา-ไส		COMPOSED	้าเข้ามาอยู่อาศัยเสียมิได้จ
แน่นิ่ง	5	แน่-นิ่ง		COMPOSED	ิศวงเห็นแน่นิ่งวิ่งพร้อมเ
ติง	5	ติ-งะ		COMPOSED	้งไม่ไหวติงนิ่งไปแกใจ
รังควาน	5	รัง-คะ-วา-นะ		COMPOSED	าญเที่ยวรังควานขวางทางมาก
ตาแดง	5	ตา-แดง		COMPOSED	หเมาสุราตาแดงดังแสงไฟฉว
พูดพร่ำ	5	พูด-พะ-ร่ำ		COMPOSED	อพลอพลอยพูดพร่ำพะย่ำเผยอเ
ถากถาง	5	ถา-กะ-ถา-งะ		COMPOSED	ำรากทั้งถากถางมิตอบตามคว
ปรับทุกข์	5	ปะ-รับ-ทุก		COMPOSED	ากศพแล้วปรับทุกข์ลูกยาด้วยป
เวียนว่าย	5	เวียน-ว่าย		COMPOSED	พากเพียรเวียนว่ายหรือหายไปแ
หันกลับ	5	หัน-กลับ		COMPOSED	หลือนั้นหันกลับไม่รับรบโจ
เห็นที	5	เห็น-ที		COMPOSED	้ผลให้คนเห็นที่เหนื่อยยา
ลาออก	5	ลา-ออก		COMPOSED	รเธอไคลคลาออกที่นั่งรจน
ช่วยดูแล	5	ช่วย-ดู-แล		COMPOSED	้วยจะได้ช่วยดูแลคิดแก้ไขใค
ละอายใจ	5	ละ-อาย-ใจ		COMPOSED	่พอหย่อนละอายใจพระก็ไม่โป
พร่างพราย	5	พร่าง-พราย		COMPOSED	้ำค้างลงพร่างพรายสุริยงทรงร
กินใจ	5	กิน-ใจ		COMPOSED	้สิ้นที่กินใจจึงสั่งให้
ประจำการ	5	ประ-จำ-กาน		COMPOSED	สามสิบลำประจำการ¦ศรีสุวรรณ
พร้อมใจกัน	5	พร้อม-ใจ-กัน		COMPOSED	ยนายไพร่พร้อมใจกันยกกำปั่นให
ที่จริง	5	ที่-จิง		COMPOSED	บรรเทาในที่จริงใจโทมนัสอั
คนนอก	5	คน-นอก		COMPOSED	ไม่รักคบคนนอกพระศาสนาเจ
ตรงนี้	5	ตรง-นี้		COMPOSED	ตามใจที่ตรงนี้มิได้คืนอย
ป่าใหญ่	5	ป่า-ใหญ่		COMPOSED	ัตนาเข้าป่าใหญ่สิบห้าวันบ
ส่งเสีย	5	ส่ง-เสีย		COMPOSED	องดงพลางส่งเสียงนกแก้วพลอ
น้อยหน้า	5	น้อย-หน้า		COMPOSED	บลูกยาจะน้อยหน้าพระอภัยทำไ
ลายพระหัตถ์	5	ลาย-พระ-หัด		COMPOSED	รียบร้อยลายพระหัตถ์ประทัดแถวพ
กรอม	5	กะ-รอ-มะ		COMPOSED	้ช้ำระกำกรอม¦ไม่ไต่ถาม
หน้าทับ	5	หน้า-ทับ		COMPOSED	้วซ้ำใส่หน้าทับรับพระทองพ
ลาบวช	5	ลา-บวด		COMPOSED	ะเจ้าป้าลาบวชเพราะบนไว้
รูปชั่วตัวดำ	5	รูบ-ชั่ว-ตัว-ดำ		COMPOSED	ฌาสัยถึงรูปชั่วตัวดำแต่น้ำใจจะ
เดินหน	5	เดิน-หน		COMPOSED	ี่สำหรับเดินหนนางคนหามพว
อัประมาณ	5	อับ-ปะ-ระ-มา-นะ		COMPOSED	หักทบทับอัประมาณเหมือนครั้
ลองเชิง	5	ลอง-เชิง		COMPOSED	รามคะนองลองเชิงเริงสำราญพ
รูปโฉม	5	รูบ-โฉม		COMPOSED	จูบเจียวรูปโฉมแล้วว่าเชิ
คนร้าย	5	คน-ร้าย		COMPOSED	้วหายคือคนร้ายรูปจริตผิด
คำทำนาย	5	คำ-ทำ-นาย		COMPOSED	มิเหมือนคำทำนายที่ทายทักจ
ชาวกรุง	5	ชาว-กรุง		COMPOSED	านรบพุ่งชาวกรุงศรีพวกโจรพ
วาม	5	วา-มะ		COMPOSED	างในทางความ¦เออเช่นนี
กิจการ	5	กิด-กาน		COMPOSED	้วจึงคิดกิจการผลาญศัตรูท
รับแขก	5	รับ-แขก		COMPOSED	๋งสำหรับรับแขกทำแปลกอย่า
ข้างใต้	5	ข้าง-ใต้		COMPOSED	ประชาชาวข้างใต้ไพร่ทั้งหล
ทางตรง	5	ทาง-ตรง		COMPOSED	มส่งเป็นทางตรงเร็วรัดไม่
เสื้อแสง	5	เสื้อ-แสง		COMPOSED	ียนสลบในเสื้อแสงแห่งไรก็ไม
ไล่ตาม	5	ไล่-ตาม		COMPOSED	มาได้มันไล่ตาม¦แต่หน่อนา
หัวมัน	5	หัว-มัน		COMPOSED	์ทั้งหางหัวมันลามเลียเคล
เข้ากัน	5	เข้า-กัน		COMPOSED	ะอามาทันเข้ากันกายช่วยหลา
โหมหัก	5	โหม-หัก		COMPOSED	พรักเข้าโหมหักเห็นจะได้ด
ไยดี	5	ไย-ดี		COMPOSED	้ำลายไม่ไยดี¦พระเหวี่ย
เปิดรับ	5	เปิด-รับ		COMPOSED	วยให้เขาเปิดรับพี่ฉับไว¦เ
เฝ้าคอย	5	เฝ้า-คอย		COMPOSED	ือนคล้อยเฝ้าคอยหาแล้วสงสั
คุมขัง	5	คุม-ขัง		COMPOSED	ชฌาสัยจงคุมขังทั้งสองอยู
ไก่แก้ว	5	ไก่-แก้ว		COMPOSED	แจ้วแจ้วไก่แก้วขันนกขุนทอ
ขึ้นหน้า	5	ขึ้น-หน้า		COMPOSED	ดนมัสการขึ้นหน้าชานเชิงผาศ
แต่ผู้เดียว	5	แต่-ผู้-เดียว		COMPOSED	นกตกอยู่แต่ผู้เดียวให้เปล่าเป
ทำลายล้าง	5	ทำ-ลาย-ล้าง		COMPOSED	มุ่งหมายทำลายล้างจะสืบสร้าง
หักออก	5	หัก-ออก		COMPOSED	้อมนอกจะหักออกไม่ถนัดให้
เบาใจ	5	เบา-ใจ		COMPOSED	วว่าเจ้าเบาใจไม่ไล่เลีย
ก่อกวน	5	ก่อ-กะ-วน		COMPOSED	ชักชวนมาก่อกวนท้าพี่มิอย
หลงลืม	5	หลง-ลืม		COMPOSED	ปลื้มให้หลงลืมละเสน่ห์มเ
บังคน	5	บัง-คน		COMPOSED	กรอมนั่งบังคนทั้งหลายค่
เพียงนั้น	5	เพียง-นั้น		COMPOSED	เคียงแต่เพียงนั้นพอจะผันผ่อ
นกหก	5	นก-หก		COMPOSED	ะสังทั้งนกหกตกร่วงจากร
พูดตาม	5	พูด-ตาม		COMPOSED	ชอบทีพี่พูดตามความซื่อคว
ตามลำพัง	5	ตาม-ลำ-พัง		COMPOSED	ึงมาห้ามตามลำพังจะให้ยั้งห
อำนาจวาสนา	5	อำ-นาด-วาด-สะ-หนา		COMPOSED	ม้วยด้วยอำนาจวาสนาคราวนี้ห้า
เสียตัว	5	เสีย-ตัว		COMPOSED	องศรีถึงเสียตัวชั่วช้ายิ่
แก้เกี้ยว	5	แก้-เกี้ยว		COMPOSED	แกล้งพูดแก้เกี้ยวรำภาค่อยว่
กระดาก	5	กระ-ดา-กะ		COMPOSED	ปล้ำปลักกระดากกระดักสารย
ฝันร้าย	5	ฝัน-ร้าย		COMPOSED	ันนั้นก็ฝันร้ายว่าลงว่ายก
เป็นอันขาด	5	เป็น-อัน-ขาด		COMPOSED	ำระกำกรมเป็นอันขาดชาตินี้แล้
เล่นเพื่อน	5	เล่น-เพื่อน		COMPOSED	้าเจ้าจะเล่นเพื่อนไม่เหมือนผ
รุน	5	รุ-นะ		COMPOSED	ชลสายตะพรุนพรายพรายพร
ครอก	5	คะ-รอก		COMPOSED	ายอันข้าครอกนอกเจ้าบ่า
มือขวา	5	มือ-ขวา		COMPOSED	ปรือขยับมือขวาขวับดูฉับไ
แตกทัพ	5	แตก-ทับ		COMPOSED	้อมจับจนแตกทัพคืนนี้แล้ว
กระจก	5	กระ-จะ-กะ		COMPOSED	ห้องส่องกระจกกระจ่างกาย
แม่ลูกอ่อน	5	แม่-ลูก-อ่อน		COMPOSED	งเฒ่าแก่แม่ลูกอ่อนยังงอนช้อย
ยอมแพ้	5	ยอม-แพ้		COMPOSED	ากพี่นี้ยอมแพ้มาแต่ไรเคย
นท	5	นะ-ทะ		COMPOSED	ชเชือน¦คนที่มาว่าไปแ
จำจาก	5	จำ-จาก		COMPOSED	ิดหมายมาจำจากพรากพลัดกร
ทะเลหลวง	5	ทะ-เล-หลวง		COMPOSED	กดังคะเนทะเลหลวงแล้วพิศพัก
รู้ชั้นเชิง	5	รู้-ชั้น-เชิง		COMPOSED	ำนัลล้วนรู้ชั้นเชิงฉลาดราชการ
พูดเล่น	5	พูด-เล่น		COMPOSED	ใช้สอยพอพูดเล่นเห็นสองพระ
หว่าน	5	หะ-ว่า-นะ		COMPOSED	ะคิดอ่านหว่านล้อมให้ออม
กระสุน	5	กระ-สุ-นะ		COMPOSED	อนถูกลูกกระสุนศรีสุวรรณต
น่าสมเพช	5	น่า-สม-เพด		COMPOSED	็นชาววังน่าสมเพชเวทนาหนักห
นั่งทาง	5	นั่ง-ทาง		COMPOSED	เวนระวังนั่งทางทุกตำบลแล้
การคอย	5	กาน-คอย		COMPOSED	็ดสำเร็จการคอยผู้ผ่านพาร
ปืนกล	5	ปืน-กล		COMPOSED	ครื้นยิงปืนกลข้ามไม่พ้น
ถึงคราว	5	ถึง-คราว		COMPOSED	ศรีเมื่อถึงคราวชาวบุรินทร
ถึงใจ	5	ถึง-ใจ		COMPOSED	่ฤทัยไม่ถึงใจก็เห็นเจีย
สาต	5	สา-ตะ		COMPOSED	าเครื่องสาตราทั้งอาวุ
ปลอบโยน	5	ปลอบ-โยน		COMPOSED	มีภัยพระปลอบโยนโอนอ่อนสั่
ติดไฟ	5	ติด-ไฟ		COMPOSED	างใบบ้างติดไฟไขสลักให้จ
พระเป็นเจ้า	5	พระ-เป็น-เจ้า		COMPOSED	้วจึงว่าพระเป็นเจ้าของเราเอ๋ย
ธรรมขันธ์	5	ธรรม-มะ-ขัน	syllable count differs (ssg 2 vs w2p 3)	REVIEW	กบริกรรมธรรมขันธ์แล้วพรมพรำ
นพรัตน์	5	นบ-พะ-รัด	syllable count differs (ssg 2 vs w2p 3)	REVIEW	รางค์มาศนพรัตน์จำรัสไขแล้
คณนา	5	คน-นะ-นา	syllable count differs (ssg 2 vs w2p 3)	REVIEW	ยสวาทล้นคณนา¦พระลดองค์
จรด	5	จะ-หรด	syllable count differs (ssg 1 vs w2p 2)	REVIEW	เสาวคนธ์จรดลด้วยสุราง
ทิฐิ	5	ทิด-ถิ	sound mismatch @1 (ทิ vs ทิด)	REVIEW	าดื้อถือทิฐิเหลือสติปั
น้ำกรด	5	น้า-กรด	sound mismatch @1 (น้ำ vs น้า)	REVIEW	นปรากฏมีน้ำกรดลึกเหลวเป็
พฤฒาจารย์	5	พรึด-ทา-จาน	sound mismatch @1 (พฤ vs พรึด)	REVIEW	สิ้นโหราพฤฒาจารย์¦ฝ่ายพระศร
สบถ	5	สะ-บด	syllable count differs (ssg 1 vs w2p 2)	REVIEW	กหกกูพูดสบถสาบานให้กา
อัสดง	5	อัด-สะ-ดง	syllable count differs (ssg 2 vs w2p 3)	REVIEW	ระสุริยงอัสดงแดดดับลับเ
ไพชยนต์	5	ไพ-ชะ-ยน	syllable count differs (ssg 2 vs w2p 3)	REVIEW	ธอเข้าในไพชยนต์¦เธอสั่งเส
โอ่ง	4	โอ่ง		AUTO	้งไว้ใส่โอ่งไหถ้วนทั่ว
กระแทก	4	กระ-แทก		AUTO	นเหคลื่นกระแทกกระทบไหวดั
เจ็บช้ำ	4	เจ็บ-ช้ำ		AUTO	้วยคนผู้เจ็บช้ำระส่ำระสาย
บูรพ์	4	บู		AUTO	์ข้างทิศบูรพ์แล่นมาสิบห
โอภาส	4	โอ-ภาส		AUTO	ุมาศขึ้นโอภาสแจ่มจำรัสป
งวยงง	4	งวย-งง		AUTO	ณรงค์ให้งวยงงเมาหลับทั้
บิดเบี้ยว	4	บิด-เบี้ยว		AUTO	ังกฤษมันบิดเบี้ยวจะขับเคี่ย
ขับเคี่ยว	4	ขับ-เคี่ยว		AUTO	เบี้ยวจะขับเคี่ยวเชิงวิวาทอ
ชื่นมื่น	4	ชื่น-มื่น		AUTO	นเป็นสุขชื่นมื่นไม่คลื่นเห
เชี่ยว	4	เชี่ยว		AUTO	น้ำเขียวเชี่ยวจริงจริง¦ฝ
นิรันดร์	4	นิ-รัน		AUTO	นั้นเป็นนิรันดร์ทุกทิวาไม่
แดดาล	4	แด-ดาล		AUTO	นางอาดูรแดดาลสงสารวงศ์¦
บุนนาค	4	บุน-นาค		AUTO	บมีสารภีบุนนาคสองฟากทาง¦
ห้อยโหน	4	ห้อย-โหน		AUTO	ีไพรขึ้นห้อยโหนโยนระย้าร้
ต่างเพศ	4	ต่าง-เพศ		AUTO	้เชยค่างต่างเพศสังเวชใจ¦ฝ
รัช	4	รัช		AUTO	ลนรินทร์รัชโองการตรัส
โส	4	โส		AUTO	หตุวิเศษโสคงจะได้เงิ
ซึก	4	ซึก		AUTO	ระบากซากซึกมะสังไทรทั
งบ	4	งบ		AUTO	เอามาตั้งบนโต๊ะใหญ่ท
ม้น	4	ม้น		AUTO	ะอีเมียแม้นกูได้ลังกา
เกรี้ยวกราด	4	เกรี้ยว-กราด		AUTO	ล้วดุดันเกรี้ยวกราดตวาดไป¦ก็เ
จาบจ้วง	4	จาบ-จ้วง		AUTO	ล่อลวงทำจาบจ้วงเอากูผู้อา
ลบหลู่	4	ลบ-หลู่		AUTO	ันไม่เคยลบหลู่แต่อยู่มาใ
ลมโชย	4	ลม-โชย		AUTO	อิดโรยพอลมโชยอ่อนทั่วทั
ถี่ถ้วน	4	ถี่-ถ้วน		AUTO	ระบวนให้ถี่ถ้วนตามตำหรับฉ
ส่ำ	4	ส่ำ		AUTO	จ็บช้ำระส่ำระสายเฮ้ยอ
แหบ	4	แหบ		AUTO	ครวญพลางแหบหวนบรรเลงเ
บูร	4	บูร		AUTO	ศัตรูกู้บูรีอย่าให้มี
ซ่อม	4	ซ่อม		AUTO	อนให้แซมซ่อมป้อมค่ายใน
ตั้น	4	ตั้น		AUTO	โตดำมั่นตั้นขันใจหายถื
ย่นย่อ	4	ย่น-ย่อ		AUTO	กำพลอย่าย่นย่อเอาปืนล้อล
พ่อค้า	4	พ่อ-ค้า		AUTO	ลำกำปั่นพ่อค้าบรรดามี¦ฝ่
ระยะทาง	4	ระ-ยะ-ทาง		AUTO	ะกำหนดกะระยะทาง¦แกสั่งเสร
โลเล	4	โล-เล		AUTO	องคะเนก็โลเลเลอะไปไม่ไ
ประดู่	4	ประ-ดู่		AUTO	ประยงคุ์ประดู่ดงดอกเหลือ
ซ่อนตัว	4	ซ่อน-ตัว		AUTO	อนเที่ยวซ่อนตัวเพราะความก
ซัง	4	ซัง		AUTO	เคล้าคู่ซังแชวอยู่พูด
โถ	4	โถ		AUTO	กันมาอนาโถจะตัดรักหั
กระทุ่ม	4	กระ-ทุ่ม		AUTO	้ไพรระหงกระทุ่มกระถินอินจ
กร่าง	4	กร่าง		AUTO	ประดู่ดงกร่างไกรไทรพุ่ม
มะตูม	4	มะ-ตูม		AUTO	ุ่มเรียงมะตูมแต้วแก้วเก
ขวิด	4	ขวิด		AUTO	ยุงพะยอมขวิดขวาดมะหาดเ
โอวาท	4	โอ-วาท		AUTO	าจะไปให้โอวาทแต่เชื้อชา
ลุล่วง	4	ลุ-ล่วง		AUTO	าะยังไม่ลุล่วงตัดห่วงได้
แพรวพราย	4	แพรว-พราย		AUTO	นแก้วอันแพรวพราย¦แม้นช้าอย
คาย	4	คาย		AUTO	ะเห็นแยบคายอุบายมั่งจ
ดัน	4	ดัน		AUTO	ันแล้วดุดันเกรี้ยวกรา
ประโรหิต	4	ประ-โร-หิต		AUTO	งกังสดาลประโรหิตโหราพฤฒาเฒ
เสย	4	เสย		AUTO	์ทรงเสวยเสยเกศาพรหมณ์
คลึงเคล้น	4	คลึง-เคล้น		AUTO	หัตถาพระคลึงเคล้นเฟ้นพุ่มปท
รัดรึง	4	รัด-รึง		AUTO	สัตว์ที่รัดรึงให้ลุถึงทา
ย่ำยาม	4	ย่ำ-ยาม		AUTO	หัวค่ำพอย่ำยาม¦ศศิธรจรดั
เจ	4	เจ		AUTO	มตามสงกาเจ้าคุณมาราช
บำเพ็ญ	4	บำ-เพ็ญ		AUTO	ห้ผ่องใสบำเพ็ญเพียรเรียน
เพรา	4	เพรา		AUTO	ล่าก็หนีเพราะอีเมียแม้
กรีธาทัพ	4	กรี-ธา-ทัพ		AUTO	าหวีกูจะกรีธาทัพกับพหลไปว่
รก	4	รก		AUTO	กเอาใส่ครกสับคั่วเช่
ติดตัง	4	ติด-ตัง		AUTO	จริตจึ่งติดตังมันไม่ฟังค
ดิ่ง	4	ดิ่ง		AUTO	ยท้ายโยนดิ่งทิ้งสมอกะเ
เข้มขาบ	4	เข้ม-ขาบ		AUTO	หงส์เบิกเข้มขาบอย่างใหม่ท
งึม	4	งึม		AUTO	งเซาเหงางึมซึมอยู่นาน
เวน	4	เวน		AUTO	ที่ยวตระเวนรายประจำทุ
ระบุ	4	ระ-บุ		AUTO	้ให้หามกระบุงใหญ่เลี้ย
ระบัด	4	ระ-บัด		AUTO	พายุระบุระบัดมาหอบพัดเอ
เฟี้ยม	4	เฟี้ยม		AUTO	ั่งโถงมีเฟี้ยมกั้นชั้นใน
ประเวประวิง	4	ประ-เว-ประ-วิง		AUTO	ิดถ่ายเทประเวประวิงให้เห็นจริ
โฉมตรู	4	โฉม-ตรู		AUTO	นางบุษบงโฉมตรูผู้น้องสาว
งอม	4	งอม		AUTO	ิดหมางจึงอมเรศสาปซ้ำไ
จดหมาย	4	จด-หมาย		AUTO	อนจำจะมีจดหมายให้ไปเตือน
ขี้เค้า	4	ขี้-เค้า		AUTO	ะแก้อ้ายขี้เค้าจะเอาการพอ
หยดย้อย	4	หยด-ย้อย		AUTO	สตัณหาสดหยดย้อยน้อยเมื่อไ
แตน	4	แตน		AUTO	นเป็นต่อแตนแน่นอากาศป
ตอม	4	ตอม		AUTO	หระหนมันตอมต่อยหัวหูท
เทียมม้า	4	เทียม-ม้า		AUTO	บทจรด้วยเทียมม้ากล้าหาญในก
กรีธา	4	กรี-ธา		AUTO	าหวีกูจะกรีธาทัพกับพหลไ
อุด	4	อุด		AUTO	ะการุญจะอุดหนุนสอนสั่
ปี้	4	ปี้		AUTO	วัดวาป่นปี้ระยี่ระยำแ
เหลือล้น	4	เหลือ-ล้น		AUTO	หนทางไกลเหลือล้นพ้นประมาณห
ประมวล	4	ประ-มวล		AUTO	คำนวณจึงประมวลทูลความตาม
ชงคา	4	ชง-คา		AUTO	์วิทยามีชงคาตรัสเล่าให
ร่าเริง	4	ร่า-เริง		AUTO	มหน้าให้ร่าเริงตีให้เปิงอ
ราด	4	ราด		AUTO	ร่งพรายเราดูสายน้ำเขี
ตี้	4	ตี้		AUTO	าอ้ายแขกตี้นี่ขี้ขลาด
ฌาน	4	ฌาน		AUTO	ั่งในทางฌานสำแดงการมั
เอ้	4	เอ้		AUTO	ดถิ่นที่เอ้องค์น่าสงส
บำบวง	4	บำ-บวง		AUTO	องสรวงจะบำบวงเทวฤทธิ์ทุ
สีซอ	4	สี-ซอ		AUTO	เรอมโหรีสีซอบ้างรอรับป
ซุ้ม	4	ซุ้ม		AUTO	ตุ่มเข้าซุ้มนอน¦พวกที่
เจียระไน	4	เจีย-ระ-ไน		AUTO	ชอบฝีมือเจียระไนหลายภาษาทั
แจจัน	4	แจ-จัน		AUTO	อแพเสียงแจจัน¦ฝ่ายพระศร
เครื่องสูง	4	เครื่อง-สูง		AUTO	ัสดรทั้งเครื่องสูงยืนเรียงเค
ประยงค์	4	ประ-ยง		AUTO	ินตรงไป¦ประยงค์แย้มแกมสุก
บรรณศาลา	4	บรรณ-ศา-ลา		AUTO	ลพักอยู่บรรณศาลาสองราตรี¦พ
งูพิษ	4	งู-พิษ		AUTO	องฝันว่างูพิษฤทธิแรงมัน
พิษงู	4	พิษ-งู		AUTO	งในหูอันพิษงูแล่นกระทั่
ความเพียร	4	ความ-เพียร		AUTO	ล่าเรียนความเพียรก็น้อยนักไ
หรี่	4	หรี่		AUTO	อี้จัดบุหรี่น้ำชามาให้
ปะตาปา	4	ปะ-ตา-ปา		AUTO	าพี่ขอไปปะตาปาลาพระนุชไป
ชโลทร	4	ชะ-โล-ทอน		AUTO	ลางสาคโรชโลทร¦ลงกำปั่นบ
หมึก	4	หมึก		AUTO	ในนทีฝูงหมึกสายว่ายวนใ
ริบหรี่	4	ริบ-หรี่		AUTO	็นหมู่ดูริบหรี่เขาเรียกชื
ยกยอ	4	ยก-ยอ		AUTO	ใจพ่อได้ยกยอพุ่มพวงดวง
โสด	4	โสด		AUTO	น์พอแว่วโสดเผ่นร้องกึ
กระเต็น	4	กระ-เต็น		AUTO	นลงธารนกกระเต็นเต้นตามกระ
เน่า	4	เน่า		AUTO	นแต่พื้นเน่าจมถมสุธา¦ส
ฟาย	4	ฟาย		AUTO	ดายแกฟูมฟายชลนาให้อาว
มอบหมาย	4	มอบ-หมาย		AUTO	ินทรัพย์มอบหมายรายบาญชี¦บ
ภักษา	4	ภัก-ษา		AUTO	เล่นเป็นภักษาต่อนานนานเ
คร่า	4	คร่า		AUTO	มันขาม้าคร่าเอาตัวยักข
โกรก	4	โก-รก		AUTO	ง้ำชะโงกโกรกกรอกเป็นซอ
เถร	4	เถร		AUTO	ยมีศิษย์เถรโสมมนั่งต้
กรุ่ม	4	กรุ่ม		AUTO	ทำตาปรอยกรุ่มกริ่มยิ้มล
เพ	4	เพ		AUTO	ล่าก็หนีเพราะอีเมียแ
หมอบกระแต	4	หมอบ-กระ-แต		AUTO	์เต็มหอบหมอบกระแต¦จนหอบรวนป
ดุก	4	ดุก		AUTO	นุ่มดิ้นดุกดุกร้องตุก
บงกช	4	บง-กช		AUTO	้กราบบาทบงกชบทศรีทั้งส
เล้า	4	เล้า		AUTO	อ้อยอิ่งเล้าโลมโฉมสมรท
มะพร้าว	4	มะ-พร้าว		AUTO	ลั่นเกสรมะพร้าวอ่อนจัดแจง
โขลง	4	โขลง		AUTO	้างน้ำนำโขลงชักโยงเพื่
งานแต่ง	4	งาน-แต่ง		AUTO	กษณ์พนักงานแต่งสารศรีทุกบ
ปู่ย่า	4	ปู่-ย่า		AUTO	งค์มากับปู่ย่าไปดั่งใจจง
เกลียดชัง	4	เกลียด-ชัง		AUTO	ขเกษมไม่เกลียดชังหวังเชยชิม
กระเบน	4	กระ-เบน		AUTO	้ชาติชายกระเบนสตรีแท้จะส
สุทัศน์	4	สุ-ทัด		AUTO	นที่ท้าวสุทัศน์บัลลังก์รั
คลุมเครือ	4	คลุม-เครือ		AUTO	ยคลุ้มลงคลุมเครือบรรดาเรือแ
เยื่อ	4	เยื่อ		AUTO	ดผ่อนตัดเยื่อใยที่ในทรว
ระเหิด	4	ระ-เหิด		AUTO	ัดชูเชิดระเหิดระหงถึงทวา
เนื้อวัว	4	เนื้อ-วัว		AUTO	พะแนงแกงเนื้อวัวให้พ่อครัว
ต้มยำ	4	ต้ม-ยำ		AUTO	พะแนงแกงต้มยำจะแต่งร่ำเ
นาท	4	นาท		AUTO	ไฉนพวกเสนาทูลพลันไปทั
ตาฟาง	4	ตา-ฟาง		AUTO	บ้านัยน์ตาฟางจะมากางรั้
แยบ	4	แยบ		AUTO	ูให้เห็นแยบยลกลอุบาย¦
เรื่อ	4	เรื่อ		AUTO	ลังกาตามเรื่องต้นหนหลัง
มั่ว	4	มั่ว		AUTO	งตัวแล้วมั่วสุมได้เพื่
ระบำ	4	ระ-บำ		AUTO	่นเต้นรำระบำบรรพ์โขนปร
มวยปล้ำ	4	มวย-ปล้ำ		AUTO	มารำทั้งมวยปล้ำเล่นกลให้ค
ยาดม	4	ยา-ดม		AUTO	หอยขมทัดยาดมนำหน้าพวกท
คาน	4	คาน		AUTO	าเฒ่าขี่คานหามออกตามไ
จังหวะ	4	จัง-หวะ		AUTO	ลองชนะตีจังหวะเดินเรียงเ
เล่อ	4	เล่อ		AUTO	ัวเธอหลงเล่อเออออข้าขอ
ราชา	4	รา-ชา		AUTO	รั่งลงยาราชาวดีใส่เสื้
เพทาย	4	เพ-ทาย		AUTO	ัสฉายแกมเพทายน้ำมณีสีสย
ลก	4	ลก		AUTO	มวกพวกพหลกับยาเมาที่
เรื้อ	4	เรื้อ		AUTO	ห้าปีโรคเรื้อเหลือกำลัง
ยืนหยัด	4	ยืน-หยัด		AUTO	ินหูทหารยืนหยัดมองทุกช่อง
มิดชิด	4	มิด-ชิด		AUTO	าผ้าคลุมมิดชิดปิดจนหัวเค
บอน	4	บอน		AUTO	มิได้กลับอนาถนับคืนวั
ปีมะเส็ง	4	ปี-มะ-เส็ง		AUTO	ด้สิบสี่ปีมะเส็งดูปลั่งเปล
อีหนู	4	อี-หนู		AUTO	ตาปู่แม่อีหนูอย่างไรเล่
หวะ	4	หวะ		AUTO	ชนะตีจังหวะเดินเรียงเ
ยาหยี	4	ยา-หยี		AUTO	ไม่พานพบยาหยีที่เป็นคู่
สีม่วง	4	สี-ม่วง		AUTO	ังวาลวาวสีม่วงอ่อนซ้อนดำ
น้ำพุ	4	น้ำ-พุ		AUTO	นประจงมีน้ำพุดุดั้นเป็น
ซิว	4	ซิว		AUTO	วปลาทั้งซิวซ่าสร้อยทอ
อื้อฉาว	4	อื้อ-ฉาว		AUTO	์หมายฉวยอื้อฉาวราวกับไฟไห
ทะมื่น	4	ทะ-มื่น		AUTO	งไกลใหญ่ทะมื่นรุกขาเขาเข
เณร	4	เณร		AUTO	ีสองเจ้าเณรหนึ่งหลงตะ
ปะวะหล่ำ	4	ปะ-วะ-หล่ำ		AUTO	ร้อยเสมาปะวะหล่ำแลกำไลโยมจ
เหลาะ	4	เหลาะ		AUTO	อนแคะพูดเหลาะแหละปั้นเจ
ตะกร้า	4	ตะ-กร้า		AUTO	ห้โยธีทำตะกร้าขึ้นมาขนวั
เหม็น	4	เหม็ด		AUTO	่เคยเห็นเหม็นมัจฉาทรามส
เติบ	4	เติบ		AUTO	มยำกินก็เติบเปิบคำล้วน
ลน	4	ลน		AUTO	งพวกพหลพลนิกายไปหาดท
บร	4	บร		AUTO	ษย์หากูรบราพวกพหลทนไ
แนวป่า	4	แนว-ป่า		AUTO	คมถึงพนมแนวป่าพนาวัน¦พระ
ดับขันธ์	4	ดับ-ขัน		AUTO	ะเร็วช้าดับขันธ์ไปวันไร¦อั
ยื้อยุด	4	ยื้อ-ยุด		AUTO	มาจับถือยื้อยุดแล้วฉุดคร่
ปั่นไฟ	4	ปั่น-ไฟ		AUTO	าจารย์กำปั่นไฟใหญ่น้อยห้
ก้าวเฉียง	4	ก้าว-เฉียง		AUTO	่เสาแล่นก้าวเฉียงออกแล่นเรี
วัต	4	วัต		AUTO	์เสร็จนิวัตกลับหลังยั
อง	4	อง		AUTO	หนังหัวพองไม่ออกจากร
เมฆี	4	เม-ฆี		AUTO	ุฎีเรียกเมฆีลงมารับด้ว
โชย	4	โชย		AUTO	ดโรยพอลมโชยอ่อนทั่วทั
ปลุกปล้ำ	4	ปลุก-ปล้ำ		AUTO	ขกะทุกข์ปลุกปล้ำทำให้สัตว์
ยวง	4	ยวง		AUTO	มอยู่ด้วยวงศ์เผ่าพงศ์
คิริ	4	คิ-ริ		AUTO	เดินเนินคิรินทร์¦จำจะส
หง่าง	4	หง่าง		AUTO	ระฆังดังหง่างนางได้ยินแ
เฉิน	4	เฉิน		AUTO	ลุกจะฉุกเฉินจะได้ดับรั
เท่าเทียม	4	เท่า-เทียม		AUTO	้าพระคุณเท่าเทียมฟ้าจะหาไหน
ตาวาว	4	ตา-วาว		AUTO	นเมฆาลูกตาวาว¦ต่อผีพราย
ลื่น	4	ลื่น		AUTO	างหันเหคลื่นกระแทกกระท
ป่ายปีน	4	ป่าย-ปีน		AUTO	แรงกายจะป่ายปีนเห็นจวนจนบ
กล้ำกราย	4	กล้ำ-กราย		AUTO	์ร้ายไม่กล้ำกรายกลัวเกลียด
บดบัง	4	บด-บัง		AUTO	กลิ้งกลดบดบังพระสุริยาแ
หูหนวก	4	หู-หนวก		AUTO	วกเหมือนหูหนวกเรียกใครก็
ห้าวหาญ	4	ห้ว-หา-หาน	syllable count differs (ssg 2 vs w2p 3)	REVIEW	เฒ่าเห็นห้าวหาญจึงปราศรัย
สู	4	สู		AUTO	ยกออกต่อสู้หมู่ข้าศึ
ขยอก	4	ขะ-หยอก	sound mismatch @1 (ขย vs ขะ);sound mismatch @2 (อก vs หยอก)	REVIEW	ก่เคี้ยวขยอกจนออกเรอฝ่
ตั้งกระทู้	4	ตั้ง-กระ-ทู้		AUTO	งสุหรั่งตั้งกระทู้ขู่สำทับมึ
ตัดพ้อ	4	ตัด-พ้อ		AUTO	ักหนต้องตัดพ้อต่อว่าประส
จิ	4	จิ		AUTO	ขัดเคืองจิตผิดตำราอ้
ลิบลับ	4	ลิบ-ลับ		AUTO	บออกแล่นลิบลับทางสว่างไส
ร่าน	4	ร่าน		AUTO	ันดาลให้ร่านร้อนหิวหาว
กั้นหยั่น	4	กั้น-หยั่น		AUTO	พันเหน็บกั้นหยั่นกริชเล็กล้
งับ	4	งับ		AUTO	ต้องไประงับช่วยดับเข็
อาเจียน	4	อา-เจียน		AUTO	นรบพบพระอาเจียนจะฆ่ากันม้
งำ	4	งำ		AUTO	วงด่างึมงำร่ำพิไร¦ฝ่
ท้อถอย	4	ท้อ-ถอย		AUTO	ับล่อให้ท้อถอยพระหน่อน้อ
โจมจู่	4	โจม-จู่		AUTO	ึงรู้ว่าโจมจู่รบพุ่งถึงก
ขึ้งโกรธ	4	ขึ้ง-โกรธ		AUTO	หยิกทึ้งขึ้งโกรธขอโทษเถิดถ
วรณ์	4	วอน		AUTO	ยุดสุดอาวรณ์จะทำการไม่
แหนบ	4	แหนบ		AUTO	นฉ่องมีดแหนบแอบเอาไปที
ตรึงตรา	4	ตรึง-ตรา		AUTO	ือตึงดังตรึงตราสองกษัตริย
ตะโพน	4	ตะ-โพน		AUTO	ปี่พาทย์ตะโพนเพลงเป็นนั
ซาบซ่าน	4	ซาบ-ซ่าน		AUTO	ดีดาลให้ซาบซ่านเสียวสดับจ
ถังน้ำ	4	ถัง-น้าม	sound mismatch @2 (น้ำ vs น้าม)	FIXED	ตั้งล้วนถังน้ำตลอดลำสำหร
แยะ	4	แยะ		AUTO	ายลำบ้างแยะแยกแตกปรุท
เงือดงด	4	เงือ-ดงด		AUTO	ลเดือดจงเงือดงดมิให้อดสูเ
ประจิม	4	ประ-จิม		AUTO	วขวาแขวงประจิมริมวารี¦พร
โวหาร	4	โว-หาร		AUTO	เฉโกด้วยโวหารฉวยเพลี่ยง
ประดักประเดิด	4	ประ-ดัก-ประ-เดิด		AUTO	รำลึกถึงประดักประเดิดเถิดหรือจะ
หมอนอิง	4	หมอน-อิง		AUTO	นกนอนแนบหมอนอิงพินิจนิ่งด
บึง	4	บึง		AUTO	ไฟไหม้ตะบึงคนหนีอึงแต
จิ้ม	4	จิ้ม		AUTO	าน้ำยาลงจิ้มแล้วยิ้มย่
เบี้ยหวัด	4	เบี้ย-หวัด		AUTO	้าสารพัดเบี้ยหวัดแจกตามแผนก
ปร	4	ปร		AUTO	หลวงงกตกประหม่าให้ล่
มิดหมี	4	มิด-หมี		AUTO	้ำม่ำดำหมิดหมีเหมือนทุเร
ประทิ่น	4	ประ-ทิ่น		AUTO	ุลเกลือกประทิ่นกลิ่นเกสรห
มีชู้	4	มี-ชู้		AUTO	กเมียที่มีชู้คู่เคยได้เ
หลุดลอย	4	หลุด-ลอย		AUTO	คล้อยจึงหลุดลอยแล่นหลามไป
วิบาก	4	วิ-บาก		AUTO	่เต็มปากวิบากกรรมแต่เกิ
กษิ	4	กะ-สิ		AUTO	่างทางทักษิณถึงกำปั่น
ขวบ	4	ขวบ		AUTO	ด้สักสิบขวบดูขาวอวบอ้
สิทธาจารย์	4	สิด-ทา-จาน		AUTO	บวงศ์วานสิทธาจารย์ดีใจจึงไขค
พับเพียบ	4	พับ-เพียบ		AUTO	มาแพนั่งพับเพียบดูเรียบเรี
เท็จ	4	เท็จ		AUTO	เข้าหูจะเท็จจริงอย่างไ
ประเภท	4	ประ-เภท		AUTO	ปร่งเปรตประเภทผีเสียงครึ
เหียน	4	เหียน		AUTO	ไม่คลื่นเหียนจึงแวะถามต
อ่าง	4	อ่าง		AUTO	องข้างมีอ่างถังพระหน่อ
พุ่งหลาว	4	พุ่ง-หลาว		AUTO	งน้องสาวพุ่งหลาวแหลนทั้งโล
แขนขวา	4	แขน-ขวา		AUTO	กแน่นที่แขนขวาพอทหารขวาน
แสบ	4	แสบ		AUTO	ิดปองไม่แสบท้องอิ่มใจ
ชิชะ	4	ชิ-ชะ		AUTO	ารยาครันชิชะพระอภัยกระ
กปิตัน	4	ปะ-กิ-ตัน		AUTO	สั่งมาลีกปิตันของของมันส
ลับลี้	4	ลับ-ลี้		AUTO	นห้องหับลับลี้ที่กำบังถึ
ตบแต่ง	4	ตบ-แต่ง		AUTO	หน่งช่วยตบแต่งให้บำรุงซึ
ประหัตประหาร	4	ประ-หัต-ประ-หาร		AUTO	ธป้องปัดประหัตประหารกับพิชัยสง
โบสถ์	4	โบด		AUTO	ุ่งโรจน์โบสถ์โบราณเพิงผ
ตู้	4	ตู้		AUTO	ารพลางไขตู้ดูตำราไตรด
โป้งโหยง	4	โป้ง-โห-ยง		AUTO	กตีฝีปากโป้งโหยงทำโฉงเฉงลา
ตะวันบ่าย	4	ตะ-วัน-บ่าย		AUTO	าเสนานายตะวันบ่ายลมตกจะยกทั
เหี้ยมหาญ	4	เหี้ย-มหาญ		AUTO	สี้ยมที่เหี้ยมหาญพระสั่งตรั
ผูกมัด	4	ผูก-มัด		AUTO	อนผีต่างผูกมัดรัดรึงตึงเ
ทุบตี	4	ทุบ-ตี		AUTO	็มทีทั้งทุบตีเตะซ้ำให้ห
จ้าว	4	จ้าว		AUTO	่านท้าวเจ้าวะลำสำปันหน
เอ	4	เอ		AUTO	าจะผ่าอกเอาใส่ครกสับ
ตะลีตะลาน	4	ตะ-ลี-ตะ-ลาน		AUTO	ัยพับหนีตะลีตะลาน¦เห็นทรงธร
ชุบย้อม	4	ชุบ-ย้อม		AUTO	ามจะโปรดชุบย้อมกระหม่อมฉั
กระพุ่ม	4	กระ-พุ่ม		AUTO	ญหายเกาะกระพุ่มคุ่มเคียงเ
ซูด	4	ซูด		AUTO	ูบกระดาษซูดซูดพูดกับผ
โล้	4	โล้		AUTO	ปใช้เรือโล้กับล่ามไปถ
วิลาส	4	วิ-ลาส		AUTO	นราญเจ้าวิลาสฆาตกลองเร่
เนืองนอง	4	เนือง-นอง		AUTO	่เมืองมาเนืองนองเข้าแซ่ซ้อ
ย่อย่น	4	ย่อย่น		AUTO	านทนต้องย่อย่นแยกย้ายกระ
ลู่	4	ลู่		AUTO	ม่เคยลบหลู่แต่อยู่มาใ
ซีด	4	ซีด		AUTO	แต่รูปจนซีดซูบเศร้าหม
คล้อง	4	คล้อง		AUTO	ขวับไขว่คล้องกระบองหลุด
กระทุ้ง	4	กระ-ทุ้ง		AUTO	ผลุงผลุงกระทุ้งแทงด้วยฤทธ
ฟัก	4	ฟัก		AUTO	รักมาฟูมฟักหมกมุ่นอย่
พิมเสน	4	พิม-เสน		AUTO	งเรอลมดมพิมเสนด้วยหาหมดม
ชะงัด	4	ชะ-งัด		AUTO	เวทวิเศษชะงัดได้ฟังตรัส
ผ่าว	4	ผ่าว		AUTO	ะฟังข่าวผ่าวร้อนถอนฤทั
ปัจ	4	ปัจ		AUTO	เคยสู่สมปัจจุสมัยไก่ข
ตะเพิ่น	4	ตะ-เพิ่น		AUTO	ิงห์วิ่งตะเพิ่นกระเจิ่นเจ
ซ่าน	4	ซ่าน		AUTO	ให้เสียวซ่านซับซาบวาบห
เปล้า	4	เปล้า		AUTO	ันกินปลีเปล้าเขาไฟฝูงไก
เดียวดาย	4	เดียว-ดาย		AUTO	ี่ยวอยู่เดียวดาย¦พวกฝรั่งท
โกร่ง	4	โกร่ง		AUTO	สัยเสียงโกร่งเกราะเคาะข
ฮึดฮัด	4	ฮึด-ฮัด		AUTO	ดกลมกลัดฮึดฮัดหันพอทัพพร
ลิ้ม	4	ลิ้ม		AUTO	รีอย่าเคลิ้มไคล้ใช่อนง
ตะครุบ	4	ตะ-ครุบ		AUTO	ั้งขบกัดตะครุบฟัดคร่อมขี
แสงแดด	4	แสง-แดด		AUTO	สิงคลีพอแสงแดดแผดต้องอ้า
แรมปี	4	แรม-ปี		AUTO	องคิดการแรมปีจึงมีชัย¦อ
ตุลาการ	4	ตุ-ลา-การ		AUTO	ังคำรำภาตุลาการช่วยว่าขาน
เกลี่ยไกล่	4	เกลี่ย-ไกล่		AUTO	ดไว้ต้องเกลี่ยไกล่กลับมาตรึก
ชาตา	4	ชา-ตา		AUTO	รเรียนวิชาตามประสาไสยเ
เฉียด	4	เฉียด		AUTO	่นจิตชิดเฉียดเบียดสบายน
วู่วาม	4	วู่-วาม		AUTO	อยู่อย่าวู่วามเห็นจะไว้ไ
หยุมหยิม	4	หยุม-หยิม		AUTO	้าจับกุมหยุมหยิมไม่อิ่มหนำ
สีห์	4	สี		AUTO	ติดังราชสีห์อันรักษาศี
ผ้านุ่ง	4	ผ้า-นุ่ง		AUTO	ษผ้ามาทำผ้านุ่งห่มปักปิ่น
เย้ายวน	4	เย้า-ยวน		AUTO	ลึงเคล้าเย้ายวนรัญจวนใจจน
ภายใน	4	ภาย-ใน		AUTO	หมายข้างภายในแล้วจะได้ผ
น่วม	4	น่วม		AUTO	ได้เนื้อน่วมไว้ร่วมห้อ
คิก	4	คิก		AUTO	งพระสรวลคิกคิกระริกเส
อึ้ง	4	อึ้ง		AUTO	วรรณนิ่งอึ้งตะลึงตะไลต
วิสูตร	4	วิ-สูตร		AUTO	ให้ไปรูดวิสูตรพลางอยู่ห่
ซื่อสัตย์	4	ซื่อ-สัด		AUTO	จขัดด้วยซื่อสัตย์แสนรักเขาห
หม่นไหม้	4	หม่น-ไหม้		AUTO	จิตใจให้หม่นไหม้มิ่งขวัญก็
ถอยถด	4	ถอย-ถด		AUTO	ดไฉนต้องถอยถดอดอั้นกลั้
แม่ค้า	4	แม่-ค้า		AUTO	อายใจนางแม่ค้าอาลัยประโล
กระฎุมพี	4	กระ-ฎุม-พี		AUTO	พงศ์ไพร่กระฎุมพียังไม่มีลู
ส่าย	4	ส่าย		AUTO	รดูคมคายส่ายสอดค่อยทอด
พืช	4	พืช		AUTO	ู่ยืดสืบพืชพันธุ์ในเข
พ่าง	4	พ่าง		AUTO	ย่างธุระพ่างเพียงระบมด
เริ่ม	4	เริ่ม		AUTO	มตั้งแต่เริ่มแรกบำรุงกร
สิบเอ็ด	4	สิบ-เอ็ด		AUTO	ในเวลาตีสิบเอ็ดให้เสร็จกา
สินค้า	4	สิน-ค้า		AUTO	างต่างหาสินค้าของใส่สำรอ
ตาบ	4	ตาบ		AUTO	าฮ้าเฮ้ยตาบาทหลวงเอ็ง
หงอน	4	หงอน		AUTO	ีบมีครีบหงอนเหมือนสายร
วัก	4	วัก		AUTO	นไล่โจนควักเอาโคลนดับ
เย่อหยิ่ง	4	เย่อ-หยิ่ง		AUTO	หยาบหยามเย่อหยิ่งจึงยิงมันถ
เลน	4	เล็น		AUTO	ีเมียงกิเลนเรียงเดินร
เปื้อน	4	เปื้อน		AUTO	ทำเลื่อนเปื้อนเห็นใจไม่ไ
ราบเรียบ	4	ราบ-เรียบ		AUTO	ไพรินให้ราบเรียบเงียบสงบที
เอี้ยง	4	เอี้ยง		AUTO	ี่เลี้ยงเอี้ยงดูอยู่ไหนเ
งุ่นง่าน	4	งุ่น-ง่าน		AUTO	้ใกล้พระงุ่นง่านพาลด่าพวกข
ชุน	4	ชุน		AUTO	สากรองตาชุนมงกุฎกุณฑล
โรงงาน	4	โรง-งาน		AUTO	งกันปลูกโรงงานการพิธีแต่
ปุโรหิต	4	ปุ-โร-หิต		AUTO	ทั้งธานีปุโรหิตติดเทียนให
จำจอง	4	จำ-จอง		AUTO	บค่ำต้องจำจองขึ้นขาหยั่
ฟก	4	ฟก		AUTO	ำไส้กับไฟกรดพอเชื้อห
เฉาโฉด	4	เฉา-โฉด		AUTO	ต่ลูกเราเฉาโฉดหลงโกรธขึ้
ว่อง	4	ว่อง		AUTO	่ถูกต้องว่องไวมันไล่โจ
อืด	4	อืด		AUTO	ซเซล้มพะอืดพะอมอาเจีย
ชุม	4	ชุม		AUTO	นหกนายไปชุมนุมแอบสุมท
คดโกง	4	คด-โกง		AUTO	นเป็นขบถคดโกงพระโองการจ
บันเทิง	4	บัน-เทิง		AUTO	รื่นเริงบันเทิงใจ¦อย่าหวั
ตรัจ	4	ตรัจ		AUTO	งจำรัสดูตรัจเตร็จล้วนพ
ตกอับ	4	ตก-อับ		AUTO	ยศถาต้องตกอับลับชื่อไม่
ชะงุ้ม	4	ชะ-งุ้ม		AUTO	พิงชะโงกชะงุ้มโกรกกรวยกร
โทง	4	โทง		AUTO	โล่งวิ่งโทงโทนสะดุดโด
ใต้ถุน	4	ใต้-ถุน		AUTO	องไห้มุดใต้ถุนต่างว้าวุ่
หือ	4	หือ		AUTO	ละจึงจะเหือดที่เดือดร
เซอะ	4	เซ-อะ		AUTO	ดายผู้ใดเซอะเคอะคะจะเป
เตร็ด	4	เตร็ด		AUTO	งเพชรอันเตร็ดตรัจพวกมึง
ค่อม	4	ค่อม		AUTO	ทียรทั้งค่อมเค้าเฒ่าแก
เนือง	4	เนือง		AUTO	่เมืองมาเนืองแน่นสักสิบ
แขกเหรื่อ	4	แขก-เหรื่อ		AUTO	ล้งทำดังแขกเหรื่ออย่าเชื่อถ
ตรวย	4	ตรวย		AUTO	นเหวห้วยตรวยเตรินเดินก
ไขสือ	4	ไข-สือ		AUTO	ยอายใจทำไขสือพี่รักหรือ
เด็ดดวง	4	เด็ด-ดวง		AUTO	ดาษดาพระเด็ดดวงพวงพะยอมหอ
น่าเกลียด	4	น่า-เกลียด		AUTO	ว่าเสียดน่าเกลียดชังชาติฝรั
แบ	4	แบ		AUTO	ยงไสวกระแบกกระบากซาก
ส่อ	4	ส่อ		AUTO	พอแสงทองส่องสีรวีวารก
ถาบ	4	ถาบ		AUTO	หมดตามยศถาบาทหลวงแกดี
บางคน	4	บาง-คน		AUTO	งนอนครางบางคนนั่งฝนไพลบ
ไพล	4	ไพล		AUTO	พลไกรใครไพล่เผลเอากฎห
อสุ	4	อะ-สุ		AUTO	กล่าวถึงอสุรีนางปีศาจ
รากโษส	4	ราก-โษส		AUTO	รัสเรียกรากโษสบอกมันแบกอ
ชุ	4	ชุ		AUTO	นหกนายไปชุมนุมแอบสุม
กล่อมเกลา	4	กล่อม-เกลา		AUTO	ากถากเสากล่อมเกลากลมทุกหมู่
พะว้าพะวัง	4	พะ-ว้า-พะ-วัง		AUTO	วลบ่นบ้าพะว้าพะวังถึงลูกเป็น
กนิษฐ์	4	กะ-นิด		AUTO	ิ์เป็นอักนิษฐ์ข้าพเจ้าเล
คิค	4	คิค		AUTO	ดพันจึ่งคิคกันทั้งนี้
ภุ	4	ภุ		AUTO	ดูดาษดินภุมรินคลึงเค
พุ่งแหลน	4	พุ่ง-แหลน		AUTO	ัณฑ์แผลงพุ่งแหลนหลาวง้าวทว
ตะเพียน	4	ตะ-เพียน		AUTO	าในสาคร¦ตะเพียนทองท่องท้อ
แช่งชัก	4	แช่ง-ชัก		AUTO	ขียนชื่อแช่งชักไว้หนักหนา
แช่งด่า	4	แช่ง-ด่า		AUTO	จึงขัดใจแช่งด่าไม่ปรานี¦น
เก๋	4	เก๋		AUTO	วหยุดพักเก๋งทองอันผ่อ
แดดกล้า	4	แดด-กล้า		AUTO	้าทีแม้นแดดกล้าเอาไม่ได้เ
พะเนิน	4	พะ-เนิน		AUTO	งเทินเอาพะเนินตีฝรั่งพัง
โครมคราม	4	โครม-คราม		AUTO	ลลุยทะเลโครมครามตามออกไปสม
ได้ผล	4	ได้-ผล		COMPOSED	ะแวงวนคงได้ผลได้ประโยชน
ฝ่ามือ	4	ฝ่า-มือ		COMPOSED	กาอยู่ในฝ่ามือแล้วไม่แคล
คงอยู่	4	คง-อยู่		COMPOSED	ั้งยืนยงคงอยู่นานมาเสียก
แสนเข็ญ	4	แสน-เข็น		COMPOSED	กแค้นถึงแสนเข็ญทั้งอดน้ำอ
พระอาทิตย์	4	พระ-อา-ทิด		COMPOSED	พอบังแสงพระอาทิตย์ดั่งจิตจงเ
ตะวันตก	4	ตะ-วัน-ตก		COMPOSED	อสายัณห์ตะวันตกเร่งยกพลเห
พลขับ	4	พล-ขับ		COMPOSED	ลังระวังพลขับพหลจัตุรงค
ราม	4	รา-มะ		COMPOSED	ยวหยิบสุรามารินกินคนเ
คิดหวัง	4	คิด-หวัง		COMPOSED	สมจิตที่คิดหวังกันแสงพลาง
ผงก	4	ผะ-งะ-กะ		COMPOSED	ด้รสต่างผงกบ้างยกหัวบ
ยาพิษ	4	ยา-พิด		COMPOSED	ังกฤษเอายาพิษห่อไปมิได้
เหลือวิสัย	4	เหลือ-วิ-ไส		COMPOSED	นี้มันดีเหลือวิสัยเสือไว้ลาย
ครั้งนั้น	4	ครั้ง-นั้น		COMPOSED	ั่งเมื่อครั้งนั้นก็ผูกพันพู
มัจฉาชาติ	4	มัด-ฉา-ชาด		COMPOSED	ิดแต่ปลามัจฉาชาติตายออกกลาด
สิ้นใจ	4	สิ้น-ใจ		COMPOSED	่ลงกินก็สิ้นใจคนเขาไม่กิ
คาดคะเน	4	คาด-คะ-เน		COMPOSED	ิดถ่ายเทคาดคะเนแสนยาพลากร
ครั้งก่อน	4	ครั้ง-ก่อน		COMPOSED	ากบอนแต่ครั้งก่อนเป่ายาน่าจ
ผีป่า	4	ผี-ป่า		COMPOSED	วยเลยให้ผีป่ามันมาหึงจน
ออกผล	4	ออก-ผล		COMPOSED	มีไม้งอกออกผลหล่นออกกลา
กระสัง	4	กระ-สัง		COMPOSED	กระสาจับกระสังเสียงวังเว
ข้าวตาก	4	ข้าว-ตา-กะ		COMPOSED	นผันควักข้าวตากฝากตาภาษาม
มหาหงส์	4	มะ-หา-หง		COMPOSED	ารณิการ์มหาหงส์คัดเค้าดงป
ชะนี	4	ชะ-นี		COMPOSED	ะจงจามรีชะนีไพร¦พยัคฆา
ระงม	4	ระ-งะ-มะ		COMPOSED	ร้องก้องระงมพนมเนินพระ
เตรียมตรม	4	เตรียม-ตรม		COMPOSED	รมณ์ต้องเตรียมตรมอยู่ด้วยวง
ท้องฟ้า	4	ท้อง-ฟ้า		COMPOSED	งกระหึ่มท้องฟ้าครึ้มคล้ำม
แก้ตัว	4	แก้-ตัว		COMPOSED	พูดตอแหลแก้ตัวให้ผัวรักน
มาดา	4	มา-ดา		COMPOSED	รวิ่งตรงมาดาประดัง¦บาท
ขัดแค้น	4	ขัด-แค้น		COMPOSED	พัฒน์ใหัขัดแค้นอ้ายนี่แสน
คลุก	4	คะ-ลุก		COMPOSED	่บุกเข้าคลุกคลีสกัดตีแ
จนชั้น	4	จน-ชั้น		COMPOSED	ม่รู้จักจนชั้นตะวันเดือน
สายหยุด	4	สาย-หยุด		COMPOSED	งกาบแก้วสายหยุดพุทธชาดระด
เสียงร้อง	4	เสียง-ร้อง		COMPOSED	่างก็ส่งเสียงร้องก้องกังวาน
คำรบ	4	คำ-รบ		COMPOSED	ีกรนอบนบคำรบสามมิได้ทู
กำไร	4	กำ-ไร		COMPOSED	พ่อค้าหากำไรผู้ดีไพร่ม
เสร็จสิ้น	4	เส็ด-สิ้น		COMPOSED	งดินเป็นเสร็จสิ้นความเศร้าบ
เสียงหวาน	4	เสียง-หวาน		COMPOSED	เนียงส่งเสียงหวานพวกขับไม้ม
น่าสังเวช	4	น่า-สัง-เวด		COMPOSED	นอนิจจังน่าสังเวชกองกิเลสนี
ระลึก	4	ระ-ลึก		COMPOSED	ตรองตรึกระลึกถึงพระไตรล
กรุ	4	กะ-รุ		COMPOSED	ำรุงซึ่งกรุงไกร¦แต่ป่
น้ำเหลือง	4	น้ำ-เหลือง		COMPOSED	พลามล้วนน้ำเหลืองธำมรงค์ไพฑ
เยื้องกราย	4	เยื้อง-กราย		COMPOSED	ื่องเดินเยื้องกราย¦ว่าพระจอม
เรียกขาน	4	เรียก-ขาน		COMPOSED	ะลานต่างเรียกขานกันมาดูทุก
สุกใส	4	สุ-กะ-ใส		COMPOSED	่นหมองคงสุกใสงดงามเพราะ
ส่งกลิ่น	4	ส่ง-กลิ่น		COMPOSED	สบุปผาสดส่งกลิ่นถวิลหวังเธ
เชื่อใจ	4	เชื่อ-ใจ		COMPOSED	าวเธอปลงเชื่อใจมิได้แคลงน
ไล่ผี	4	ไล่-ผี		COMPOSED	นารีพลางไล่ผีกำกับสำหรั
สาบาน	4	สา-บาน		COMPOSED	แกจึงว่าสาบานให้กูแล้วจ
ทุกข์ยาก	4	ทุก-ยาก		COMPOSED	่างรำพันทุกข์ยากเมื่อจากเม
ต้นร้ายปลายดี	4	ต้น-ร้าย-ปลาย-ดี		COMPOSED	ีภัยข้างต้นร้ายปลายดีมักมียศให้
ประดาเสีย	4	ประ-ดา-เสีย		COMPOSED	่งมังคลาประดาเสียคงจะคิดโลม
แกน	4	แก-นะ		COMPOSED	ญ่เอาใส่แกนเร่งกันทำก
กล่า	4	กะ-ล่า		COMPOSED	วยกัน¦จะกล่าวฝ่ายท้าวว
ความพยายาม	4	ความ-พะ-ยา-ยาม		COMPOSED	่อไม่ถือความพยายามแต่จะใคร่ไ
ผู้สำเร็จ	4	ผู้-สำ-เหร็ด		COMPOSED	นท่านครูผู้สำเร็จราชกิจเขีย
ตามกฎหมาย	4	ตาม-กด-หมาย		COMPOSED	งสังขาร์ตามกฎหมายพระนครแต่ก
ดาหน้า	4	ดา-หน้า		COMPOSED	ีเรือประดาหน้าหลังอยู่คั
เสภา	4	เส-ภา		COMPOSED	ีกรับขับเสภาพวกกัญชากั
พลม้า	4	พล-ม้า		COMPOSED	ากรยกพหลพลม้าดาระดาษเสน
ปากเสียง	4	ปาก-เสียง		COMPOSED	่มากห้ามปากเสียงไม่พูดดังต
เอาโทษ	4	เอา-โทด		COMPOSED	แต่เราจะเอาโทษอ้ายคนโฉดเ
มีน้ำใจ	4	มี-น้ำ-ใจ		COMPOSED	ไว้ให้ดีมีน้ำใจมันจะได้คน
แปลกประหลาด	4	แปลก-ประ-หลาด		COMPOSED	กเออเห็นแปลกประหลาดจิตผิดหนัก
ลืมตา	4	ลืม-ตา		COMPOSED	าทหลวงแกลืมตาเห็นฟ้าขาว
รอดพ้น	4	รอด-พ้น		COMPOSED	ตัวคนได้รอดพ้นความตายวาย
สิ้นเรื่อง	4	สิ้น-เรื่อง		COMPOSED	ั้นเสร็จสิ้นเรื่องยุบลสนทนาท
ออกขุนนาง	4	ออก-ขุน-นาง		COMPOSED	ไอศวรรย์ออกขุนนางที่นั่งโถง
ปีใหม่	4	ปี-ใหม่		COMPOSED	่ยงอย่างปีใหม่ไหว้วันทาข
โกสุม	4	โก-สุ-มะ		COMPOSED	สินธุ์มีโกสุมปทุมมาศดูด
กาหลง	4	กา-หลง		COMPOSED	าลิกาจับกาหลงส่งสำเนียง
ผิดใจ	4	ผิด-ใจ		COMPOSED	พาณิชเราผิดใจท่านจงได้แ
บุญบาป	4	บุญ-บาบ		COMPOSED	มหยาบถึงบุญบาปมั่นคงไม่ห
ขนมหวาน	4	ขะ-นม-หวาน		COMPOSED	สวยเนยนมขนมหวานเครื่องตระ
เบื้องบน	4	เบื้อง-บน		COMPOSED	รื่องวางเบื้องบนทั้งเป็ดไก
ปากทาง	4	ปาก-ทาง		COMPOSED	นจังหวัดปากทางหว่างไศลตั
มะลิลา	4	มะ-ลิ-ลา		COMPOSED	ะลิวัลย์มะลิลาแก้วกาหลงท
ใจดี	4	ใจ-ดี		COMPOSED	จารย์เราใจดีจะมีไหนให้
หอมหวน	4	หอม-หวน		COMPOSED	ลิ่นมาลีหอมหวนรัญจวนใจ¦แ
สนใจ	4	สะ-นะ-ใจ		COMPOSED	กังวลไม่สนใจเองให้ไปก็
ออกศึก	4	ออก-สึก		COMPOSED	ำหรับถือออกศึกอย่านึกพรั
เลี้ยงตัว	4	เลี้ยง-ตัว		COMPOSED	รท่านชุบเลี้ยงตัวข้าเป็นผาส
กาก	4	กา-กะ		COMPOSED	ากรุงลังกาก็จะป่นไม่พ
ผลัดเปลี่ยน	4	ผะ-ลัด-เปลี่ยน		COMPOSED	เกวียนจงผลัดเปลี่ยนกันรักษาเอ
ดาก	4	ดา-กะ		COMPOSED	รดาจูงธิดากลับหลังเข้
ตามกำหนด	4	ตาม-กำ-หนด		COMPOSED	ับเอามือตามกำหนดบทเบื้องใน
ยาวความ	4	ยาว-ความ		COMPOSED	กล่าวให้ยาวความนี่แนะจอมอ
รักจริง	4	รัก-จิง		COMPOSED	่ถามแม้นรักจริงสิ่งใดน้อง
อย่างว่า	4	อย่าง-ว่า		COMPOSED	คุณกรุณาอย่างว่าไว้อย่าเพ่
อาหารหวาน	4	อา-หาน-หวาน		COMPOSED	มาเรือขนอาหารหวานคาวเอาลงใส
อีรม	4	อี-รม		COMPOSED	อยยาวหอยอีรมนมนางอยู่ก
เป็นมัน	4	เป็น-มัน		COMPOSED	จากรถาตาเป็นมันแล้วดุดันเ
จาง	4	จา-งะ		COMPOSED	ขมไม่จืดจางบางเบาเอาน
ผวน	4	ผะ-วน		COMPOSED	ิดไม่ผิดผวนดีกว่าไทยใ
หักทองขวาง	4	หัก-ทอง-ขวาง		COMPOSED	ายจำหลักหักทองขวางมีธงเทียวเ
เข้าถ้ำ	4	เข้า-ถ้ำ		COMPOSED	หนาเมื่อเข้าถ้ำพี่เลี้ยงน
ถูกใจ	4	ถูก-ใจ		COMPOSED	เต้นหรับถูกใจหลายสถานทั
ขนไก่	4	ขน-ไก่		COMPOSED	เหนือเผาขนไก่ให้สว่างใน
ฤทธิ์เดช	4	ริด-เดด		COMPOSED	ห็นอิทธิฤทธิ์เดชทางเวทมนตร
ถึงกระนั้น	4	ถึง-กระ-นั้น		COMPOSED	ด้ในเวหนถึงกระนั้นก็จะหลงเที
อ่อนละมุน	4	อ่อน-ละ-มุน		COMPOSED	กลิ้งนอนอ่อนละมุนที่กลางฝุ่
ลมปราณ	4	ลม-ปะ-รา-นะ		COMPOSED	ูประสมในลมปราณก็แจ้งการว
ษมา	4	สะ-มา		COMPOSED	ไหว้กราบษมาบาปพระมุนิ
ความอาลัย	4	ความ-อา-ไล		COMPOSED	กหักห้ามความอาลัยให้เห็นในท
เกิดขึ้น	4	เกิด-ขึ้น		COMPOSED	ยอีมัจฉาเกิดขึ้นมาดับไปน่า
ม้าต้น	4	ม้า-ต้น		COMPOSED	คราเรียกม้าต้นเดชะมนต์ที
ใบเสมา	4	ใบ-เส-มา		COMPOSED	ารบานบังใบเสมาล้วนศิลาเล
สะดุ้งตื่น	4	สะ-ดุ้ง-ตื่น		COMPOSED	ปหยิบได้สะดุ้งตื่นฟื้นกายสิห
สัตว์ร้าย	4	สัด-ร้าย		COMPOSED	ารพัดพวกสัตว์ร้ายเห็นคล้ายค
ลำธาร	4	ลำ-ทาน		COMPOSED	ไหลฉ่ำลงลำธาร¦ที่ม่วงอ่
ช่องเขา	4	ช่อง-เขา		COMPOSED	ปล่องริมช่องเขาแล้วผลักลง
ใจอ่อน	4	ใจ-อ่อน		COMPOSED	พระคิดไปใจอ่อนถอนสะอื้นใ
ยกมือ	4	ยก-มือ		COMPOSED	้ายศิษย์ยกมือว่าสาธุสะท
เป็นมา	4	เป็น-มา		COMPOSED	่นให้คืนเป็นมาพบเห็นเจ้า
จักรพาล	4	จัก-พาน		COMPOSED	รงศักดิ์จักรพาลอันถิ่นฐาน
ประทุก	4	ประ-ทุก		COMPOSED	ำลำละพันประทุกเสร็จเครื่
พัดโบก	4	พัด-โบก		COMPOSED	้องระฆังพัดโบกบังสุริยาแ
พร้อมเพรียงกัน	4	พร้อม-เพรียง-กัน		COMPOSED	าพวกเสนาพร้อมเพรียงกันเรียงราย¦ฝ
ทอดมัน	4	ทอด-มัน		COMPOSED	งพล่าปลาทอดมันจะรำพันเคร
หนาแน่น	4	หนา-แน่น		COMPOSED	งพาราไว้หนาแน่นเป็นปึกแผ่
จงกรม	4	จง-กะ-รม		COMPOSED	รมณ์เดินจงกรมตามกันในศา
หน้าบ้าน	4	หน้า-บ้าน		COMPOSED	่างามถึงหน้าบ้านท่านเศรษฐี
หายวับไปกับตา	4	หาย-วับ-ไป-กับ-ตา		COMPOSED	้งเปลวไฟหายวับไปกับตาพื้นสุธาหว
จากพราก	4	จาก-พะ-รา-กะ		COMPOSED	ั่งคนสอนจากพรากโพระโดกกุโ
สิ้นเชิง	4	สิ้น-เชิง		COMPOSED	าถวิลให้สิ้นเชิงพวกร่าเริง
ทางใน	4	ทาง-ใน		COMPOSED	ีบร้นแหกทางในกลางคืน¦จะ
งม	4	งะ-มะ		COMPOSED	่านจะตั้งมั่นยับยั้ง
รับมือ	4	รับ-มือ		COMPOSED	นกสับสำหรับมือแจกให้ถือถ
เจ้าสำนัก	4	เจ้า-สำ-นัก		COMPOSED	ทพารักษ์เจ้าสำนักเกาะแก่งทุ
กระผีก	4	กระ-ผี-กะ		COMPOSED	เย็นเท่ากระผีกซีกเกศาให้
เป็นธรรมดา	4	เป็น-ทำ-ดา		COMPOSED	ใครจะปานเป็นธรรมดาสามัญเหมือ
ท้ายเรือ	4	ท้าย-เรือ		COMPOSED	มใหญ่ไว้ท้ายเรือคัดหางเสือ
ปกเกศ	4	ปะ-กะ-เกด		COMPOSED	ิตุเรศมาปกเกศให้ภิญโญสโ
กนก	4	กะ-นก		COMPOSED	ข็งขันปีกนกสับคาบศิลา
อาหนี	4	อา-หนี		COMPOSED	มูไก่ไข่อาหนีพวกฝรั่งต่
กรุงสยาม	4	กรุง-สะ-ยาม		COMPOSED	ดดาบำรุงกรุงสยามเดโชชัยได้
เจ้าท่า	4	เจ้า-ท่า		COMPOSED	กล่าวแก่เจ้าท่าชลาไหลเสนา
หลอกล่อ	4	หลอก-ล่อ		COMPOSED	ดื้อด้านหลอกล่อพูดกอแกมัน
หมา	4	หะ-มา		COMPOSED	ด้ดั่งใจหมายให้รีบเร่
ส่งเสริม	4	ส่ง-เส-ริม		COMPOSED	เจิมช่วยส่งเสริมวาสนาในสาม
ออกลูก	4	ออก-ลูก		COMPOSED	อดูกบ้างออกลูกดาดไปในไพร
จำนำ	4	จำ-นำ		COMPOSED	ย¦ม้าประจำนำริ้วเป็นทิ
เนื้ออ่อน	4	เนื้อ-อ่อน		COMPOSED	องอินปลาเนื้ออ่อนช่อนชะโดทั
สาแก่ใจ	4	สา-แก่-ใจ		COMPOSED	างทางว่าสาแก่ใจช่างหลับให
แก้วหู	4	แก้ว-หู		COMPOSED	ยแจ้วถึงแก้วหูหลับไม่รู้
แน่แก่ใจ	4	แน่-แก่-ใจ		COMPOSED	ษ์ทักแท้แน่แก่ใจเหตุเพราะพ
ทั้งนี้เพราะ	4	ทั้ง-นี้-เพราะ		COMPOSED	ระดาเสียทั้งนี้เพราะเคราะห์กรร
ประดับประดา	4	ประ-ดับ-ประ-ดา		COMPOSED	าลบานพับประดับประดาใส่กรอบหน้
มกร	4	มะ-กร		COMPOSED	ศศิธรแจ่มกระจ่างดังกล
ทั้งเป็น	4	ทั้ง-เป็น		COMPOSED	ยสารท่านทั้งเป็นโยคีเมื่อบ
ไว้ธุระ	4	ไว้-ทุ-ระ		COMPOSED	งฝ่ายพระไว้ธุระโยมจะส่งตร
ถามหา	4	ถาม-หา		COMPOSED	ที่ยวไต่ถามหาอีเฒ่าเจ้า
สู่หา	4	สู่-หา		COMPOSED	กับผู้มาสู่หาด้วยมิได้ไ
คำนำ	4	คำ-นำ		COMPOSED	พูดจาข้อคำนำยุบลก็กลับ
เอาฤกษ์	4	เอา-เริก		COMPOSED	่ล้วนแขกเอาฤกษ์แรกออกชะวา
หนอน	4	หะ-นอน		COMPOSED	กวัดเถิดหนอนางสำอางโฉม
พอควร	4	พอ-ควน		COMPOSED	ุติกาแต่พอควรจะด่วนไป¦ร
ผลได้	4	ผล-ได้		COMPOSED	งวนคงได้ผลได้ประโยชน์จะ
มีรส	4	มี-รส		COMPOSED	าพระโยคีมีรสพจนาว่าเวล
เครื่องเล่น	4	เครื่อง-เล่น		COMPOSED	พศาลทั้งเครื่องเล่นเต้นรำประจ
เพียงไร	4	เพียง-ไร		COMPOSED	ลี้ยงสักเพียงไรแต่พูดจาอย
ขี่หลัง	4	ขี่-หลัง		COMPOSED	รั่งขึ้นขี่หลังปลาโลมาแลร
ตีนเขา	4	ตี-นะ-เขา		COMPOSED	งหาดตื้นตีนเขาลำเนาเนินพ
คุมแค้น	4	คุม-แค้น		COMPOSED	อแสนเฝ้าคุมแค้นขืนแกล้งว่
ปองร้าย	4	ปอง-ร้าย		COMPOSED	บว่าน้องปองร้ายหมายชีวีไม
ล้างผลาญ	4	ล้าง-ผลาน		COMPOSED	โนมานใครล้างผลาญชีวันไม่บร
โรยรา	4	โรย-รา		COMPOSED	ายาเบื่อโรยรายปรายให้ทั
รอบกาย	4	รอบ-กาย		COMPOSED	้ารุมรันรอบกายหมายประหาร
ฟ้าลั่น	4	ฟ้า-ลั่น		COMPOSED	สัญญาดังฟ้าลั่นยิงปืนตึงป
ช่องท้อง	4	ช่อง-ท้อง		COMPOSED	ังคาบ้านช่องท้องสนามเราออก
จงกล	4	จง-กล		COMPOSED	ช่องจัดแจงกล้องเป่ายาแ
พระราม	4	พระ-รา-มะ		COMPOSED	พลตัดถนนพระรามข้ามแหลมเล
จมน้ำ	4	จะ-มะ-น้ำ		COMPOSED	่มพวกโจรจมน้ำม้วยด้วยมั
หอคอย	4	หอ-คอย		COMPOSED	เสียงพวกหอคอยพลอยตีกลอง
รอท่า	4	รอ-ท่า		COMPOSED	เรียงรันรอท่าอยู่หน้าวั
คู่ชื่น	4	คู่-ชื่น		COMPOSED	อยู่เป็นคู่ชื่นสำราญชื่นช
ผลัดกัน	4	ผะ-ลัด-กัน		COMPOSED	เฝ้าอาทรผลัดกันนอนผลัดกัน
ฉายแสง	4	ฉาย-แสง		COMPOSED	่างสว่างฉายแสงอาทิตย์สาง
ต่างหาก	4	ต่าง-หาก		COMPOSED	่ของเจ้าต่างหากด้วยหวังใจ
สั่งเสีย	4	สั่ง-เสีย		COMPOSED	หยุดยั้งสั่งเสียกันเสร็จกา
ดังใจนึก	4	ดัง-ใจ-นึก		COMPOSED	าอาจารย์ดังใจนึกศรีสุวรรณก
ให้เสียง	4	ให้-เสียง		COMPOSED	ระทั่งไอให้เสียงเป็นแยบคาย
ตั้งท่า	4	ตั้ง-ท่า		COMPOSED	บดั้งให้ตั้งท่ากระบองกระบ
แม้นว่า	4	แม้น-ว่า		COMPOSED	่ห์กลถ้าแม้นว่าข้าศึกมันโ
มาณพ	4	มา-นะ-พะ		COMPOSED	ำปั่นประมาณพันคิดว่าศึ
ลดละ	4	ลด-ละ		COMPOSED	ันหมดไม่ลดละ¦แต่ละลูกถ
เขินอาย	4	เขิน-อาย		COMPOSED	มียงเมินเขินอายซังตายตอบต
นักรัก	4	นัก-รัก		COMPOSED	ด้วยเด็กนักรักเขาไม่เข้า
ความเห็น	4	ความ-เห็น		COMPOSED	งนึกตรึกความเห็นงามครันอภิ
ปากใต้	4	ปาก-ใต้		COMPOSED	งเขนทั้งปากใต้ฝ่ายเหนือเ
ประกอบการ	4	ประ-กอบ-กาน		COMPOSED	ิ้นชำนาญประกอบการกลศึกที่ลึ
ข้าแผ่นดิน	4	ข้า-แผ่น-ดิน		COMPOSED	้รู้วิชาข้าแผ่นดินยินดีเป็นท
หว่านล้อม	4	หะ-ว่า-นะ-ล้อม		COMPOSED	ะคิดอ่านหว่านล้อมให้ออมองค์
โคมเวียน	4	โคม-เวียน		COMPOSED	ทียนตั้งโคมเวียนชวาลาสง่าง
ชวาลา	4	ชะ-วา-ลา		COMPOSED	โคมเวียนชวาลาสง่างาม¦คร
แตกฉาน	4	แตก-ฉาน		COMPOSED	แหลกต้องแตกฉานสงสารเหล่า
รับผิด	4	รับ-ผิด		COMPOSED	อนจิตจึงรับผิดสารภาพที่ห
ปีหน้า	4	ปี-หน้า		COMPOSED	ิปีนี้ก็ปีหน้าไม่ช้านานจ
กฤดาการ	4	กะ-รึ-ดา-กาน		COMPOSED	ัยให้มหากฤดาการทั้งน้องหล
แนบข้าง	4	แนบ-ข้าง		COMPOSED	นื้อนิ่มแนบข้างไม่ห่างแหแ
ความดีใจ	4	ความ-ดี-ใจ		COMPOSED	ทธาจารย์ความดีใจไหว้ว่าพระ
อดนม	4	อด-นม		COMPOSED	ลื้องปลดอดนมเป็นสมภารเ
ในที	4	ใน-ที		COMPOSED	้าบรรเทาในที่จริงใจโทม
ทำที	4	ทำ-ที		COMPOSED	จแล้วยถาทำทีท่าดูละม้า
เสียงหลง	4	เสียง-หลง		COMPOSED	งเพียงจะเสียงหลงแต่ป่วนปั่
โหยง	4	โหย-งะ		COMPOSED	ลดกระโดดโหยงดังลมฉิวปล
หาเสียง	4	หา-เสียง		COMPOSED	างกลางเวหาเสียงประสานขานโ
รู้รส	4	รู้-รส		COMPOSED	ูบจูบจรดรู้รสกลิ่นแล้วแ
น้ำนม	4	น้ำ-นม		COMPOSED	อัชฌาสัยน้ำนมแม่แต่ละข้
กลับกลอก	4	กลับ-กล-อก		COMPOSED	ก็บอกมึงกลับกลอกแกล้งจะฆ่า
ถูกกัน	4	ถูก-กัน		COMPOSED	าดฟันไม่ถูกกันแก้ไขไวทุก
เลือดแดง	4	เลือด-แดง		COMPOSED	เดือดลุยเลือดแดง¦สงสารท้าว
ที่จับ	4	ที่-จับ		COMPOSED	องกองทัพที่จับไว้ก็โปรดใ
ป่าช้า	4	ป่า-ช้า		COMPOSED	สนจนใจไปป่าช้าอนิจจาใจหา
จับจิต	4	จับ-จิด		COMPOSED	คยขับให้จับจิตช่างประดิษ
ที่บังคับ	4	ที่-บัง-คับ		COMPOSED	าะแม่ทัพที่บังคับคิดอ่านการ
ราชครู	4	ราด-ครู		COMPOSED	ักปราชญ์ราชครูผู้สำเร็จค
นึกเห็น	4	นึก-เห็น		COMPOSED	อย่าพึ่งนึกเห็นจะลึกเต็มป
แก้ฝัน	4	แก้-ฝัน		COMPOSED	มเหสีจึงแก้ฝันบรรดาโหราก
คันศร	4	คัน-สอน		COMPOSED	ละพันถือคันศรเคยราญรอนร
ลมตก	4	ลม-ตก		COMPOSED	พอแดดร่มลมตกลงชายเขาขึ
หลงรัก	4	หลง-รัก		COMPOSED	จักรยิ่งหลงรักรูปเสน่ห์ใ
แสนรู้	4	แสน-รู้		COMPOSED	ีท้าวแมนแสนรู้ว่ากูนี้มิ
วันใด	4	วัน-ใด		COMPOSED	ื่อพบกันวันใดจะได้แจ้งว
ตามที	4	ตาม-ที		COMPOSED	ลทูลฉลองตามที่ได้รู้ควา
เจ้าชีวิต	4	เจ้า-ชี-วิด		COMPOSED	จะมาเฝ้าเจ้าชีวิตพระบิดาแวะ
ต้องห้าม	4	ต้อง-ห้าม		COMPOSED	ไกลกันก็ต้องห้ามตามทำนองจะ
ผีเข้า	4	ผี-เข้า		COMPOSED	ูดพูดกับผีเข้าเคียงองค์ท
เหมือนหนึ่งว่า	4	เหมือน-หนึ่ง-ว่า		COMPOSED	ฟังเฟือนเหมือนหนึ่งว่าด่ากระดาษต
เป็นเวลา	4	เป็น-เว-ลา		COMPOSED	ก็ไม่ได้เป็นเวลาเข้าราตรี¦
อดทน	4	อด-ทน		COMPOSED	อบรถทั้งอดทน¦แต่ขุนพลม
ถ้าแม้ว่า	4	ถ้า-แม้-ว่า		COMPOSED	ำกล้าหาญถ้าแม้ว่าฆ่านายให้ว
ไตรภพ	4	ไตร-ภพ		COMPOSED	รติไว้ในไตรภพ¦หนึ่งพวกเ
โรยแรง	4	โรย-แรง		COMPOSED	กันแสงจนโรยแรงเรอลมดมพิม
ใกล้ฝั่ง	4	ใกล้-ฝั่ง		COMPOSED	นไถลเข้าใกล้ฝั่งวังวนข้างต
อันเป็น	4	อัน-เป็น		COMPOSED	์ชนกชนนีอันเป็นที่ปกเกล้า
ลอยฟ้า	4	ลอย-ฟ้า		COMPOSED	ังจะล่องลอยฟ้าในราศีประค
ฝั่งน้ำ	4	ฝั่ง-น้ำ		COMPOSED	ข้ามายังฝั่งน้ำจะซ้ำตีให้
แตกต่าง	4	แตก-ต่าง		COMPOSED	ขกก็ตื่นแตกต่างต้านทานไม่
มาตา	4	มา-ตา		COMPOSED	่ลอยล่องมาตามท้องทะเลว
รอคอย	4	รอ-คอย		COMPOSED	้งเปรมเปรอคอยบำเรอเฉลิม
ข้ามสมุทร	4	ข้าม-สะ-หมุด		COMPOSED	ิตติดตามข้ามสมุทรมาด้วยสุดแ
น้ำเสียง	4	น้ำ-เสียง		COMPOSED	พระฟังคำน้ำเสียงสำเนียงสนอ
นอนเล่น	4	นอน-เล่น		COMPOSED	ห้จับคอนนอนเล่นเจรจาถึงเว
เข้าร่วม	4	เข้า-ร่วม		COMPOSED	งผลึกราชเข้าร่วมธาตุวิสัยไ
ดูดวง	4	ดู-ดวง		COMPOSED	ะจ่างหาวดูดวงดาวรัศมีดั
สิงสู่	4	สิ-งะ-สู่		COMPOSED	ัณฑ์เข้าสิงสู่อยู่ในถ้ำก
พระบาลี	4	พระ-บา-ลี		COMPOSED	แกล้งว่าพระบาลีท่านเหลือด
แต่เท่านั้น	4	แต่-เท่า-นั้น		COMPOSED	อบอกเจ้าแต่เท่านั้นหรือยังอีก
ละลด	4	ละ-ลด		COMPOSED	ัดสบถไม่ละลดเลยพระองค์
ถึงแม้ว่า	4	ถึง-แม้-ว่า		COMPOSED	หกสิบห้าถึงแม้ว่าวายวางลงกล
คู่มือ	4	คู่-มือ		COMPOSED	นครูเป็นคู่มือ¦เฝ้าอิดเอ
รายรับ	4	ราย-รับ		COMPOSED	ยถึงบ้านรายรับกันเป็นหลั
ช้าก่อน	4	ช้า-ก่อน		COMPOSED	์ห้ามว่าช้าก่อนพ่อเขาลวงล
กรงขัง	4	กร-งะ-ขัง		COMPOSED	จะได้ใส่กรงขังไปลังกา¦เห
เอาชื่อ	4	เอา-ชื่อ		COMPOSED	ไล่เลียงเอาชื่อเสียงผู้ผั
ลักลอบ	4	ลัก-ลอบ		COMPOSED	วดขันพระลักลอบตอบนางไปอย
แวววาม	4	แวว-วา-มะ		COMPOSED	อยแพรวดูแวววามนิ้วอร่ามธ
รับเคราะห์	4	รับ-เคราะ		COMPOSED	นคนธรรพ์รับเคราะห์แล้วเหาะไป
ออกตัว	4	ออก-ตัว		COMPOSED	วาสนาเขาออกตัวกลัวสิ้นลิ
ออกดอก	4	ออก-ดอก		COMPOSED	งิ้วงิ้วออกดอกไสวเกสรงิ้
ไม้มือ	4	ไม้-มือ		COMPOSED	ะได้ด้วยไม้มือ¦น้องชอบหู
หลงเชื่อ	4	หลง-เชื่อ		COMPOSED	กโจรเรือหลงเชื่อฟังจะเข้าฝ
ส่องกระจก	4	ส่อง-กระ-จะ-กะ		COMPOSED	เข้าห้องส่องกระจกกระจ่างกาย
หวงห้าม	4	หวง-ห้าม		COMPOSED	วงไม่แหนหวงห้ามปรามตามถนั
ขอบฟ้า	4	ขอบ-ฟ้า		COMPOSED	่ขันเห็นขอบฟ้าฝ้าแดงด้วย
หักใจ	4	หัก-ใจ		COMPOSED	มัวมอมจงหักใจเสียบ้างหว
กอดรัด	4	กอด-รัด		COMPOSED	ะก่ายเกยกอดรัดอึดอัดใจ¦น
เป็นเล่น	4	เป็น-เล่น		COMPOSED	ลัยจะตายเป็นเล่นข้างดื้อเถ
จุดหลัง	4	จุด-หลัง		COMPOSED	รจถรณ์ทำจุดหลังนั่งแนบแอบ
ว่าน	4	ว่า-นะ		COMPOSED	ูกหลานในว่านเครือ¦เวลา
จำเลย	4	จำ-เลย		COMPOSED	ล้วสอบคำจำเลยเคยชำระต้อ
ผ่านพิภพ	4	ผ่าน-พิ-พบ		COMPOSED	หารคืนไปผ่านพิภพอยู่ชมพูศร
เสียหาย	4	เสีย-หาย		COMPOSED	จ็ดเบี้ยเสียหายถวายแก้มพร
หอมกรุ่น	4	หอม-กะ-รุ่น		COMPOSED	ักนางนึกหอมกรุ่นฉุนเฉียวเส
ขาดลอย	4	ขาด-ลอย		COMPOSED	่าก็พลอยขาดลอยหมดใครจะปล
เป็นโรค	4	เป็น-โรก		COMPOSED	อโศกกลายเป็นโรคเรอหาวลมผ่
จูงมือ	4	จูง-มือ		COMPOSED	งผัวนั้นจูงมือนางไม่ห่าง
ขาดกัน	4	ขาด-กัน		COMPOSED	็นต่างคนขาดกันแต่นั้นมาเ
ทำบาป	4	ทำ-บาบ		COMPOSED	ฆ่าสัตว์ทำบาปที่หยาบหยา
น้อยกว่า	4	น้อย-กว่า		COMPOSED	ะจับเจ้าน้อยกว่าเรานี้จะสู
ต้นทาง	4	ต้น-ทาง		COMPOSED	กลับวนมาต้นทางฝ่ายองค์นา
ออกชื่อ	4	ออก-ชื่อ		COMPOSED	เทียนชัยออกชื่อไปก็จะรู้ถ
ฤทธี	4	รึ-ทะ-ธี		COMPOSED	ทธิ์ด้วยฤทธีให้เสนีนาย
ลอบทำ	4	ลอบ-ทำ		COMPOSED	ล้วมิหนำลอบทำเขาจนเสียแ
มุสาวาท	4	มุ-สา-วา-ทะ		COMPOSED	นกินสุรามุสาวาทใครทำขาดศิ
เหลือประมาณ	4	เหลือ-ประ-มาน		COMPOSED	อาลัยลานเหลือประมาณเหมือนครั้
คราวเคราะห์	4	คราว-เคราะ		COMPOSED	าวร¦เป็นคราวเคราะห์เพราะว่ากร
โรงสี	4	โรง-สี		COMPOSED	ลายส่งไปโรงสีขอพึ่งบุญม
ระลอกคลื่น	4	ระ-ลอก-คลื่น		COMPOSED	กลางทะเลระลอกคลื่นครื้นครึกเ
กล่าวว่า	4	กล่าว-ว่า		COMPOSED	มีให้บอกกล่าวว่าเราชาวกบิล
ตัวเอก	4	ตัว-เอก		COMPOSED	ะเวกล้วนตัวเอกหลบเลี่ยงพ
พ้นผิด	4	พ้น-ผิด		COMPOSED	อนปรนให้พ้นผิดแม้ปลดปลอด
ผิดทาง	4	ผิด-ทาง		COMPOSED	งมิตรให้ผิดทาง¦เมื่อตัวต
ชายตา	4	ชาย-ตา		COMPOSED	สงสารการชายตายเพราะหญิง
คำหวาน	4	คำ-หวาน		COMPOSED	ับลำเป็นคำหวานโอ้เจ้าแก้
มิตรจิต	4	มิด-จิด		COMPOSED	บุราณว่ามิตรจิตก็มิตรใจจะ
ต้องโทษ	4	ต้อง-โทด		COMPOSED	ยพวกพ้องต้องโทษทั้งโคตรเค
น้ำร้อน	4	น้ำ-ร้อน		COMPOSED	งพลาดสาดน้ำร้อนต่างแทรกซ่
ตีชิง	4	ตี-ชิง		COMPOSED	ราจะเข้าตีชิงบุรีเห็นจะ
เหลือก	4	เหลือ-กะ		COMPOSED	้ข้างขวาเหลือกำลังพวกพหล
ทิศเหนือ	4	ทิด-เหนือ		COMPOSED	เข็มข้างทิศเหนือออกแล่นเรื
ลาจาก	4	ลา-จาก		COMPOSED	่รีบไคลคลาจากลังกาเที่ย
ประพาฬ	4	ประ-พา-ละ		COMPOSED	กือกแก้วประพาฬแล้วห่มส่า
หน้าหัก	4	หน้า-หัก		COMPOSED	ลังกาเสาหน้าหักฝรั่งชักค่
ฉุดลาก	4	ฉุด-ลาก		COMPOSED	ใช้แบกขนฉุดลากเหนื่อยยาก
รอบรู้	4	รอบ-รู้		COMPOSED	อยู่ท่านรอบรู้ราชการประม
ทับกัน	4	ทับ-กัน		COMPOSED	จงประดับทับกันลงแล้วเตือ
แต่งหนังสือ	4	แต่ง-หนัง-สือ		COMPOSED	าณพ่อรู้แต่งหนังสืออยู่หรือไม
ชัยบาน	4	ไช-บาน		COMPOSED	เนยนมน้ำชัยบานพนักงานฟ้อ
ลาตาย	4	ลา-ตาย		COMPOSED	นทองรองปลาตายให้กินหลาย
คลับคล้าย	4	คะ-ลับ-คล้าย		COMPOSED	หลับเห็นคลับคล้ายสังเกตหมาย
มีโทษ	4	มี-โทด		COMPOSED	ตีเกรงจะมีโทษทัณฑ์ถึงบร
อับอายขายหน้า	4	อับ-อาย-ขาย-หน้า		COMPOSED	ระอาต้องอับอายขายหน้าทั้งตาปี¦จ
ลุกเป็นไฟ	4	ลุก-เป็น-ไฟ		COMPOSED	ที่ตรงไรลุกเป็นไฟเพลิงผลาญส
ทำเอา	4	ทำ-เอา		COMPOSED	งพระยิ่งทำเอาตามจิตพระไ
ความรำคาญ	4	ความ-รำ-คาน		COMPOSED	ในสันดานความรำคาญมีทั่วทุกต
ชักพา	4	ชัก-พา		COMPOSED	ำนักช่วยชักพา¦แล้วหยิบเ
ให้ผล	4	ให้-ผล		COMPOSED	ำหลักลายให้ผลัดเปลี่ยนเ
นฤมล	4	นะ-รึ-มน	syllable count differs (ssg 2 vs w2p 3)	REVIEW	ห็นชอบกลนฤมลมองหาสุมาล
บรม	4	บอ-รม	syllable count differs (ssg 1 vs w2p 2)	REVIEW	งแจ้งข้อบรมัตถ์ในทางอ
ขนบ	4	ขะ-หนบ	syllable count differs (ssg 1 vs w2p 2)	REVIEW	เขาเล่นโขนบ้างโลดเต้น
ทิ้งสมอ	4	ทิ้ง-สะ-หมอ	sound mismatch @2 (สม vs สะ)	REVIEW	ยโยนดิ่งทิ้งสมอกะเข้าไปชา
นพเก้า	4	นบ-พะ-เก้า	syllable count differs (ssg 2 vs w2p 3)	REVIEW	ดีฝังมณีนพเก้าดูพราวพราย
หุ่นพยนต์	4	หุ่น-พะ-ยน	syllable count differs (ssg 2 vs w2p 3)	REVIEW	ยสังขาร์หุ่นพยนต์ยืนแย้งแกว
ตั้วเหีย	3	ตั้ว-เหีย		AUTO	คั่วเช่นตั้วเหียถึงอ้ายผัว
เถ้า	3	เถ้า		AUTO	มให้เป็นเถ้าเคล้าสุราต
บังเงา	3	บัง-เงา		AUTO	างมืดมิดบังเงาแม่เจ้าเอ๋
ข้าวเหนียว	3	ข้าว-เหนียว		AUTO	านคาวกับข้าวเหนียวหยิบสุรามา
วิญญาณ	3	วิญ-ญาณ		AUTO	ือว่าพระวิญญาณบันดาลเป็น
บอด	3	บอด		AUTO	ทิวาตาจะบอดไหนจะรอดชี
หม่น	3	หม่น		AUTO	ังพหลให้หม่นหมองให้หวา
ปู่เจ้า	3	ปู่-เจ้า		AUTO	้วยมิใช่ปู่เจ้าเขาสิงขรจะ
ฝ่าเท้า	3	ฝ่า-เท้า		AUTO	ห็นจะลือฝ่าเท้าเจ้าประคุณ
ขี้ถัง	3	ขี้-ถัง		AUTO	้ายพวกผีขี้ถังมาสั่งสอนจ
วาดเขียน	3	วาด-เขียน		AUTO	ระดาษที่วาดเขียนค่อยพากเพี
โข	3	โข		AUTO	้ลุถึงศุโขมโหฬาร¦ป่า
เขลง	3	เขลง		AUTO	ลอดบนยอดเขลงนกกระสาจับ
ยี่สุ่น	3	ยี่-สุ่น		AUTO	างต่างสียี่สุ่นแซมแกมกุหล
กาสร	3	กา-สร		AUTO	ดงพยัคฆากาสรเที่ยวซ่อน
ตุ่น	3	ตุ่น		AUTO	่ายกระแตตุ่นอ้นเที่ยวด
สัพ	3	สัพ		AUTO	คำนับรับสัพพีตามวิธีน
วิธี	3	วิ-ธี		AUTO	สัพพีตามวิธีนักพรตหมดท
ทุ่งนา	3	ทุ่ง-นา		AUTO	งหลังพ้นทุ่งนาป่าระหงเข้
ตะเคียน	3	ตะ-เคียน		AUTO	ูกวางนางตะเคียน¦สิงโตเต้น
ถัา	3	ถัา		AUTO	ำกำมะถันถัาพลัดตกลงที
ไฟกัลป์	3	ไฟ-กัน		AUTO	่ไหนเป็นไฟกัลป์ถึงสามวันจ
บดยา	3	บด-ยา		AUTO	ไฟกรดให้บดยาน้ำมันทาโค
โผงผาง	3	โผง-ผาง		AUTO	เหไปตกลงโผงผางกลางทะเลฝน
ปั้นเจ๋อ	3	ปั้น-เจ๋อ		AUTO	หลาะแหละปั้นเจ๋อละเมอฝันพล
ปัวเปีย	3	ปัว-เปีย		AUTO	สิบ้ากามปัวเปียจนเสียวงศ์
ขอทาน	3	ขอ-ทาน		AUTO	งอนง้อมาขอทานอันถิ่นฐาน
อวดตัว	3	อวด-ตัว		AUTO	มันองอาจอวดตัวชั่วนักหนา
ข่มขี่	3	ข่ม-ขี่		AUTO	่ผู้ดีมาข่มขี่ในตระกูลปร
โซ	3	โซ		AUTO	็กเจ๊กคนโซ¦ฝ่ายพระศร
มีค่า	3	มี-ค่า		AUTO	ไม่มีคุณมีค่าแกด่าพลาง¦
ตี่	3	ตี่		AUTO	ตะริดติดตี่เสียงปี่คร
กุณิ	3	กุ-ณิ		AUTO	งประสานสกุณินบินร้องก้
เปล่งแสง	3	เปล่ง-แสง		AUTO	ฟโหมแล้วเปล่งแสงโชติช่วงดั
ผีโป่ง	3	ผี-โป่ง		AUTO	่งเหมือนผีโป่งพูดได้หลาย
ทิษฐิ	3	ทิษ-ฐิ		AUTO	งขืนเกิดทิษฐิที่ในจิตดั
จ๊ะจ๋า	3	จ๊ะ-จ๋า		AUTO	ะอะเสียงจ๊ะจ๋าฟังรับสั่ง
ทอน	3	ทอน		AUTO	ื่องจามรทอนตะวันเป็นห
ราเชนทร์	3	รา-เชน		AUTO	กลิ้งกลดราเชนทร์เกณฑ์สนมพอ
อำพัน	3	อำ-พัน		AUTO	นเครื่องอำพันจันทนา¦ดาบ
พะวา	3	พะ-วา		AUTO	ซึกสนต้นพะวา¦มะตูมแต้ว
เยี่ยมเยียน	3	เยี่ยม-เยียน		AUTO	าละอองไปเยี่ยมเยียนเวียงชัยไอ
บัวหลวง	3	บัว-หลวง		AUTO	กลั้วดอกบัวหลวงสุมาลีคลี่
มะเฟือง	3	มะ-เฟือง		AUTO	กลูกลำไยมะเฟืองมะไฟผลผลาท
ทรุดนั่ง	3	ทรุด-นั่ง		AUTO	ล้ศพแล้วทรุดนั่งข้างฟากฝั่
เปรี้ยว	3	เปรี้ยว		AUTO	ะเวณีอันเปรี้ยวหวานจืดเค็
บัญญัติ	3	บัญ-ญัติ		AUTO	สัตว์พระบัญญัติไว้ในธรรมก
หิรัญ	3	หิ-รัญ		AUTO	ะแจ้งแสงหิรัญกาดุเหว่าเ
เกริน	3	เกริน		AUTO	ขึ้นท้ายเกริน¦ให้รีบเร่
ฉัด	3	ฉัด		AUTO	นซัดอยู่ฉัดฉานแล้วตรั
ที่นั่น	3	ที่-นั่น		AUTO	ัณย์อยู่ที่นั่นสามทิวาสอง
อำ	3	อำ		AUTO	ระกาศขุนอำมาตย์พร้อม
ข้ามฟาก	3	ข้าม-ฟาก		AUTO	ามหวังจะข้ามฟากฝั่งไปลังก
แล่นก้าว	3	แล่น-ก้าว		AUTO	ู่อ่าวจะแล่นก้าวลมจัดยังขั
เย็นเฉื่อย	3	เย็น-เฉื่อย		AUTO	ปัดลมให้เย็นเฉื่อยแต่เรื่อยเ
ซึม	3	ซึม		AUTO	าเหงางึมซึมอยู่นานคงเ
กุณฑล	3	กุณ-ฑล		AUTO	ำหลักปักกุณฑลมาลาขนการะ
เงื่อน	3	เงื่อน		AUTO	ลื่อนให้เงื่อนหายกินข้าว
หลอกหลอน	3	หลอก-หลอน		AUTO	ก่อนค่อยหลอกหลอนมันดูเรื่อ
ไณ	3	ไณ		AUTO	โณทัยสกุไณโกกิลาพากั
ค้า	3	ค้า		AUTO	อกหอบน้ำค้างกลางโพยมม
บาย	3	บาย		AUTO	ยเพราะอุบายกูแน่ไม่แพ
ปราดเปรื่อง	3	ปราด-เปรื่อง		AUTO	งฆราชผู้ปราดเปรื่องอันรู้เรื่
สำนึกตัว	3	สำ-นึก-ตัว		AUTO	ม่รู้สึกสำนึกตัว¦พระจอมวงศ
สกปรก	3	สก-กะ-ปรก	syllable count differs (ssg 2 vs w2p 3)	REVIEW	ายนักเลงสกปรกโกหกกูพูดส
ฮา	3	ฮา		AUTO	ลฝรั่งเฮฮาล้อมเข้าพร
ไพโรจน์	3	ไพ-โรด		AUTO	ิจฉัยอันไพโรจน์จึงเอื้อนโ
แซก	3	แซก		AUTO	าญรอนไว้แซกซ้อนปืนนกส
กระเพื่อม	3	กระ-เพื่อม		AUTO	งื้อมน้ำกระเพื่อมแผ่นผาศิลา
ไหลหลั่ง	3	ไหล-หลั่ง		AUTO	บิดาชลนาไหลหลั่งลงพรั่งพรา
เขวี้ยง	3	เขวี้ยง		AUTO	สูรขว้างเขวี้ยงขวานประหาร
เปลี้ย	3	เปลี้ย		AUTO	มูลปลั้วเปลี้ยก็เสียเองพ
กร้าน	3	กร้าน		AUTO	คนถูกตึกกร้านร้านโรงไฟโ
โพล่ง	3	โพล่ง		AUTO	กดำตกน้ำโพล่งถูกซึ่โครง
พวยพุ่ง	3	พวย-พุ่ง		AUTO	ุริย์ศรีพวยพุ่งจะรุ่งราง¦
กัญชา	3	กัญ-ชา		AUTO	บเสภาพวกกัญชากัดอ้อยอร่
เพาพาล	3	เพา-พาล		AUTO	ุชเจ้าลำเพาพาลมิรบพุ่งยุ
ดูหมิ่น	3	ดู-หมิ่น		AUTO	ใครรู้จะดูหมิ่นต้องละถิ่น
สุบรรณ	3	สุ-บรรณ		AUTO	ำคัญเรือสุบรรณเป็นที่นั่
เร่งรุด	3	เร่ง-รุด		AUTO	้หยุดให้เร่งรุดพร้อมพรั่ง
อาฆาต	3	อา-ฆาต		AUTO	นีนาถไม่อาฆาตขึ้งเคียดไ
เล็ด	3	เล็ด		AUTO	่รอดวิ่งเล็ดลอดออกมาหา
ร่วงโรย	3	ร่วง-โรย		AUTO	ทหลวงให้ร่วงโรย¦แล้วทูลลา
ซิ	3	ซิ		AUTO	่าดีแล้วซิเจ้าเราก็ห
เก่ง	3	เก่ง		AUTO	ิดหวาใครเก่งเหล็กเก่งไ
ทิศอุดร	3	ทิศ-อุ-ดร		AUTO	เข็มตั้งทิศอุดรรีบจรไป¦ฝ่
ถ่มน้ำลาย	3	ถ่ม-น้ำ-ลาย		AUTO	้วสู้ตายถ่มน้ำลายทุดทุดไม่พ
ชด	3	ชด		AUTO	างทางประชดอดไม่ได้เข
เฉิดฉาย	3	เฉิด-ฉาย		AUTO	าเพริศดูเฉิดฉายพลางตั้งคอ
ลอยเป็นแพ	3	ลอย-เป็น-แพ		AUTO	ล่าปูหอยลอยเป็นแพแลสะพรั่งท
กางเกง	3	กาง-เกง		AUTO	ใส่เสื้อกางเกงเกรงพ่อตา¦
แช่	3	แช่		AUTO	จเพราะไกแช่งแล้วก็แกล
ติฉิน	3	ติ-ฉิน		AUTO	ดำริอย่าติฉินจะว่าคนผู้
ของสด	3	ของ-สด		AUTO	ชารสล้วนของสดหวานมันพรร
งึมงำ	3	งึม-งำ		AUTO	ทหลวงด่างึมงำร่ำพิไร¦ฝ่
จ้วง	3	จ้วง		AUTO	ลวงทำจาบจ้วงเอากูผู้อา
เลื่องชื่อ	3	เลื่อง-ชื่อ		AUTO	สโมสรได้เลื่องชื่อลือไปกระจา
เพิ่ง	3	เพิ่ง		AUTO	อผัดอย่าเพิ่งวุ่นพ่อคุณ
ตื่นเต้น	3	ตื่น-เต้น		AUTO	ดื่นบ้างตื่นเต้นมังกรเล่นธ
เฟื้อย	3	เฟื้อย		AUTO	เลื่อยดูเฟื้อยยาว¦ฝูงหมึ
แข้ง	3	แข้ง		AUTO	มู่ปูม้าแข้งขายาววิ่งอ
ปลอก	3	ปลอก		AUTO	ยบเหมือนปลอกสันทัดเข้า
ตะพาย	3	ตะ-พาย		AUTO	โพกปิดหูตะพายดาบสองมือถ
ภูตผี	3	ภูต-ผี		AUTO	งพวกพรายภูตผีมันดีใจ¦เห
บาก	3	บาก		AUTO	นแปรก็ลำบากยากใจหายแก
ทิวแถว	3	ทิว-แถว		AUTO	ริ้วเป็นทิวแถวขับรถแก้วร
ชะงัก	3	ชะ-งัก		AUTO	มุทรหยุดชะงักแกรู้จักมั
เลียงผา	3	เลียง-ผา		AUTO	่งไล่กันเลียงผาผันเดินตลอ
ซ้ำซาก	3	ซ้ำ-ซาก		AUTO	าก็มากจะซ้ำซากบทกลอนขอผ่
มหรรณพ	3	มะ-หัน-นบ		AUTO	งกลางมหามหรรณพดั่งไต้คบแ
อาภรณ์	3	อา-พอน		AUTO	วววาวทรงอาภรณ์พรรณรายดูฉ
คับแค	3	คับ-แค		AUTO	นกรังนานคับแคขานปนตะขาบ
ตะขาบ	3	ตะ-ขาบ		AUTO	บแคขานปนตะขาบฝูงคับคา¦น
ลอ	3	ลอ		AUTO	ทิพย์ที่ลอยลิบอย่าพะ
หน้าบัน	3	หน้า-บัน		AUTO	งลงมาจากหน้าบันตัวแกสั่นง
ฉ้อ	3	ฉ้อ		AUTO	ลจะได้ชมฉ้อสวรรค์ในชั
แฉะ	3	แฉะ		AUTO	งตาหูมันแฉะอยู่ร่ำไปม
ดึ่ง	3	ดึ่ง		AUTO	ย้ายเดินดึ่งถึงกุฎี¦ฝ่
วิหาร	3	วิ-หาร		AUTO	ปกุฎีที่วิหารบังคมคัลวั
เปลือก	3	เปลือก		AUTO	ส่ปิ่นโตเปลือกส้มโอแช่อิ
ปลิ้นตา	3	ปลิ้น-ตา		AUTO	ลิ้นบ้างปลิ้นตา¦พวกบ่าวไพ
สิ้นซาก	3	สิ้น-ซาก		AUTO	จะกินให้สิ้นซากกำลังอยากโ
เลากา	3	เลา-กา		AUTO	พวกสำเภาเลากาไปค้าขายแว
ก่ง	3	ก่ง		AUTO	ม้พบพานแก่งเกาะแวะเสา
ง้าง	3	ง้าง		AUTO	ก็ไม่วางง้างเอาขาเจ้าค
จังไร	3	จัง-ไร		AUTO	ิฟังอ้ายจังไรกูแก้ไขหมด
งุ่มง่าม	3	งุ่ม-ง่าม		AUTO	าความไม่งุ่มง่ามดอกหนาหวาว
จดจำ	3	จด-จำ		AUTO	อุตส่าห์จดจำคำของกูปิด
ศาพระ	3	ศา-พระ		AUTO	งคมก้มเกศาพระหัสไชยกราบ
เรียม	3	เรียม		AUTO	ร้อนทรวงเรียมให้เกรียมก
เสื้อเกราะ	3	เสื้อ-เกราะ		AUTO	กเงาะใส่เสื้อเกราะหน้าหลังฝั
พะเนียง	3	พะ-เนียง		AUTO	เรียงแบกพะเนียงตุ่มไหเที่
ปุ่ม	3	ปุ่ม		AUTO	หน้าเป็นปุ่มตัวเป็นเกล
เถาวัลย์	3	เถา-วัน		AUTO	ข้าไปเอาเถาวัลย์คอยพันคอ¦พ
บรรพ	3	บรรพ		AUTO	หวผาคูหาบรรพ์¦ตามเสด็จ
อัปสร	3	อัป-สร		AUTO	นงค์องค์อัปสรทุกประเทศเ
ตะกอ	3	ตะ-กอ		AUTO	กคอหนุ่มตะกอสู้ไม่ได้พ
ถลน	3	ถะ-หลน	syllable count differs (ssg 1 vs w2p 2)	REVIEW	กรธาทำตาถลนแกไม่นิ่งอ
แคร่	3	แคร่		AUTO	นหามขึ้นแคร่แลเป็นทิวพ
มยูร	3	มะ-ยูน		AUTO	นทุกหมู่มยูรฉัตรพร้อมข
ทุกัง	3	ทุ-กัง		AUTO	บนบินปลาทุกังฝูงมังกงเห
เชิด	3	เชิด		AUTO	ังหวัดชูเชิดระเหิดระหง
เจ้าสัว	3	เจ้า-สัว		AUTO	เหล่าพวกเจ้าสัวสุกรแกะแพะ
ปลกเปลี้ย	3	ปลก-เปลี้ย		AUTO	ต่ยังไม่ปลกเปลี้ยเสียพาราศึ
บุกรุก	3	บุก-รุก		AUTO	ทุกข์ไม่บุกรุกได้ดอกหนาอ
โพ	3	โพ		AUTO	ค้างกลางโพยมมันประโค
จ้อ	3	จ้อ		AUTO	เที่ยวจดจ้องริมท่าชลา
โด	3	โด		AUTO	งมาขว้างโดยนภางค์เมฆ
คุ่ม	3	คุ่ม		AUTO	งใสตะขาบคุ่มคับแคร้องแ
ดอกบัว	3	ดอก-บัว		AUTO	ือกกลั้วดอกบัวหลวงสุมาลี
สอดแนม	3	สอด-แนม		AUTO	ัพชัยพวกสอดแนมรับรสพจนาร
ขอดค่อน	3	ขอด-ค่อน		AUTO	ปากบอนมาขอดค่อนให้ผู้ใหญ่
เสี้ยนแผ่นดิน	3	เสี้ยน-แผ่น-ดิน		AUTO	ราบเตียนเสี้ยนแผ่นดินพระภูมินทร
ยักษา	3	ยัก-ษา		AUTO	โคตรท้าวยักษาต่อเสร็จศึ
สำริด	3	สำ-ริด		AUTO	่ทิศครอบสำริดสำหรับศาลอ
โอกาส	3	โอ-กาส		AUTO	นใหญ่ได้โอกาสเข้ากราบบา
บุกบั่น	3	บุก-บั่น		AUTO	รณเที่ยวบุกบั่นหานายไม่ได
รบเร้า	3	รบ-เร้า		AUTO	ใครจะคิดรบเร้าเอานครหรือ
เพิกเฉย	3	เพิก-เฉย		AUTO	ีเลยจึ่งเพิกเฉยอยู่สบายไม
เปรียบเทียบ	3	เปรียบ-เทียบ		AUTO	องฉันทูลเปรียบเทียบเรื่องนางเ
เทโพ	3	เท-โพ		AUTO	พะแนงแกงเทโพ¦พวกหนุ่มส
แก่แรด	3	แก่-แรด		AUTO	าววังพวกแก่แรดห่มสีแสดลอ
ลาว	3	ลาว		AUTO	ผนแกว่งหลาวทั้งง้าวทว
การประชัน	3	การ-ประ-ชัน		AUTO	นมาดูงานการประชันทั้งสามวัน
ย้อนหลัง	3	ย้อน-หลัง		AUTO	้วจะข้ามย้อนหลังไปลังกา¦พว
จ่ายแจก	3	จ่าย-แจก		AUTO	มายเกณฑ์จ่ายแจกตามแผนกเบิ
จี่	3	จี่		AUTO	ทั้งปิ้งจี่เป็ดไก่วาง
โจง	3	โจง		AUTO	โรงเรียงโจงจานต้มหมูห
หมี่	3	หมี่		AUTO	ูหวานผัดหมี่ผักชีโรย¦เ
ผักชี	3	ผัก-ชี		AUTO	นผัดหมี่ผักชีโรย¦เสียงพ
วาววาม	3	วาว-วาว	sound mismatch @1 (วา vs วาว);sound mismatch @2 (ววาม vs วาว)	REVIEW	นพเก้าดูวาววามธำมรงค์เรื
สายรุ้ง	3	สาย-รุ้ง		AUTO	พลอยพลายสายรุ้งดูรุ่งเรือ
สดชื่น	3	สด-ชื่น		AUTO	วรสบุปผาสดชื่นทั่วหายมัว
แนะนำ	3	แนะ-นำ		AUTO	้แคะช่วยแนะนำพูดพึมพำกั
กอดเข่าเจ่าจุก	3	กอด-เข่า-เจ่า-จุก		AUTO	นารีบ้างกอดเข่าเจ่าจุกเสียงกุกกั
ผ้าคลุม	3	ผ้า-คลุม		AUTO	นหลุมเอาผ้าคลุมมิดชิดปิดจ
ข้าวบุหรี่	3	ข้าว-บุ-หรี่		AUTO	ปดพันสองข้าวบุหรี่มัสมั่นใส่
จุน	3	จุน		AUTO	มีบุญได้จุนเจิมช่วยส่
ล้ำเลิศ	3	ล้ำ-เลิศ		AUTO	ูงศักดิ์ล้ำเลิศประเสริฐศร
มื้อ	3	มื้อ		AUTO	ีกสี่ห้ามื้อต้องซื้อเต
เนา	3	เนา		AUTO	ลไปตามลำเนาภูเขาเขินร
แวม	3	แวม		AUTO	ายกับดาวแวมวับจับคีริ
ไค้	3	ไค้		AUTO	่อแหะแคะไค้มิได้โกรธใ
ก้อย	3	ก้อย		AUTO	นที่แหวนก้อยเอาสายสร้อ
เคียว	3	เคียว		AUTO	ห้โยธีตีเคียวไปเกี่ยวข้
ฟ่อน	3	ฟ่อน		AUTO	ดแล้วมัดฟ่อนร้องละครทำ
จอน	3	จอน		AUTO	กรรเจียกจอน¦ให้นุ่งห่
สูสี	3	สู-สี		AUTO	วดรู้พูดสูสีพระจึงสั่ง
ฝีพาย	3	ฝี-พาย		AUTO	ือเอกชัยฝีพายพร้อมเรือแ
สูบบุหรี่	3	สูบ-บุ-หรี่		AUTO	นเก้าอี้สูบบุหรี่ให้สบายก่อ
เลห	3	เลห		AUTO	ัดมาในทะเลหอบเอาโคมกร
สิวะ	3	สิ-วะ		AUTO	จะไปด้วยสิวะเร่งสะสมช่
สร	3	สร		AUTO	ั้นสั่งเสร็จรีบมาหาบ
จั่น	3	จั่น		AUTO	รัญจักระจั่นร้องจ้าบนห
ย่อ	3	ย่อ		AUTO	ไม่หยุดหย่อนร้อนใจทั้
สมโภช	3	สม-โภช		AUTO	ุดสาครจะสมโภชมารดรตามบุ
คากรอง	3	คา-กรอง		AUTO	ระทรงผ้าคากรองครองเปลือก
บากบั่น	3	บาก-บั่น		AUTO	จะขืนจากบากบั่นดันทุรังก็
โงก	3	โงก		AUTO	โศกริมชะโงกเงื้อมเขาค
ยอน	3	ยอน		AUTO	รจิตใจหายอนิจจังอนิจจ
ตม์	3	ตม		AUTO	วยชีวาวาตม์ให้เคลื่อน
ซด	3	ซด		AUTO	่งซ้ำรับซดจนหมดไหเมา
โลน	3	โลน		AUTO	ประสาโจรโลนลำพองนี่แน
มึนตึง	3	มึน-ตึง		AUTO	บึกบึนทำมึนตึงถึงจะอึงอื
ลี้	3	ลี้		AUTO	แต่งของเลี้ยงดาบสทั่ว
เดี๋ยว	3	เดี๋ยว		AUTO	ปลา¦แล้วเดี๋ยวนี้ฝนฟ้าก็
เอ็น	3	เอ็น		AUTO	เทพไทได้เอ็นดู¦พวกพาณิ
กำหมัด	3	กำ-หมัด		AUTO	าไร¦แล้วกำหมัดกัดฟันกระช
ครืนครั่น	3	ครืน-ครั่น		AUTO	้วยิงปืนครืนครั่นเป็นสัญญาเ
ตะบึงตะบอน	3	ตะ-บึง-ตะ-บอน		AUTO	โกรธขึ้งตะบึงตะบอนแม่ว่าหยอก
ขว้างทิ้ง	3	ขว้าง-ทิ้ง		AUTO	ว่งอัคคีขว้างทิ้งแล้วยิงปืน
ฉุย	3	ฉุย		AUTO	หญิงวิ่งฉุยลงลุยโคลนส
โคน	3	โคน		AUTO	คลนสะดุดโคนตอหลักจนหั
ลูกดาล	3	ลูก-ดาล		AUTO	ขสลักชักลูกดาลอุ้มกุมารข
นัยน์เนตร	3	ไน-เนต		AUTO	ม่พบแก้วนัยน์เนตรของเชษฐามา
หลั่งไหล	3	หลั่ง-ไหล		AUTO	ศิลาชลนาหลั่งไหลพิไรครวญโอ
ปรวนแปร	3	ปรวน-แปร		AUTO	ารไม่ควรปรวนแปรมาแชเชือนต
อาทร	3	อา-ทร		AUTO	ันมาลักเอาทรงศักดิ์ไปแ
บรรทัด	3	บรร-ทัด		AUTO	ิ่งสัตย์บรรทัดเที่ยงไม่ห
บำหยัด	3	บำ-หยัด		AUTO	จาสารพัดบำหยัดยั้งจนลุกน
จักจั่น	3	จัก-จั่น		AUTO	สียงเรไรจักจั่นสนั่นเนิน¦
ภูมิฐาน	3	ภูมิ-ฐาน		AUTO	งตึกเห็นภูมิฐานเคหาโอฬารึ
ดรุณ	3	ดะ-รุน		AUTO	้เข้าใจ¦ดรุณพราหมณ์สาม
ลูกจ้าง	3	ลูก-จ้าง		AUTO	้างเกณฑ์ลูกจ้างจีนไทยพวกไ
กระโดง	3	กระ-โดง		AUTO	ายโยงเสากระโดงเภตราทาน้ำ
ล่ำสัน	3	ล่ำ-สัน		AUTO	ขาวขำไม่ล่ำสันแม่ผีเสื้อ
ทะลัก	3	ทะ-ลัก		AUTO	หักเลือดทะลักล้มถลาแทบอ
นิดเดียว	3	นิด-เดียว		AUTO	ามผิดสักนิดเดียว¦หรืองามปล
ทำเนา	3	ทำ-เนา		AUTO	กรรมต้องทำเนาจะตอบเจ้าเ
ผิดเพี้ยน	3	ผิด-เพี้ยน		AUTO	เขียนไม่ผิดเพี้ยนพจนาอัชฌาส
เจีย	3	เจีย		AUTO	ื่องคั่วเจียวเป็ดแกล้ม
ละเมียด	3	ละ-เมียด		AUTO	บแนมล้วนละเมียดทั้งเสียดส
ระเห็จ	3	ระ-เห็จ		AUTO	่ำสำเร็จระเห็จเหาะอย่าไป
ออม	3	ออม		AUTO	ตรอมจงอดออมเสียกูเห็น
เครงครื้น	3	เครง-ครื้น		AUTO	ดูคนคร่ำเครงครื้นทุกคืนวันข
เป็นโสด	3	เป็น-โสด		AUTO	ัวโปรดจะเป็นโสดสูงเสริมเฉ
จมดิ่ง	3	จม-ดิ่ง		AUTO	ะวิงบ้างจมดิ่งหายวับแล้ว
จิ้มลิ้ม	3	จิ้ม-ลิ้ม		AUTO	่มนิ่มดูจิ้มลิ้มลูกพ่อเจีย
กีบ	3	กีบ		AUTO	รร้ายแต่กีบกายนั้นเป็
เฉี่ยว	3	เฉี่ยว		AUTO	นเดียวจะเฉี่ยวฉาบพิฆาตคา
ฉาบ	3	ฉาบ		AUTO	ิตไม่อิจฉาบำรุงเลี้ยง
แลบ	3	แลบ		AUTO	อบแต่ให้แลบลิ้นออกกิน
คร้าม	3	คร้าม		AUTO	ไม่ครั่นคร้ามดอกครูผู้อ
ท่อน	3	ท่อน		AUTO	ขุดบ่อทำท่อน้ำคนประจำเ
เหนื่อยใจ	3	เหนื่อย-ใจ		AUTO	ปลือยไม่เหนื่อยใจคิดจะไปเที
หืน	3	หืน		AUTO	ือนศพซากหืนให้คลื่นเห
ผีห่า	3	ผี-ห่า		AUTO	วยบัดนี้ผีห่ามันกล้าหาญ
รอบคอบ	3	รอบ-คอบ		AUTO	ังตอบให้รอบคอบคิดอ่านนะห
หน้าเก้อ	3	หน้า-เก้อ		AUTO	นเห็นข้าหน้าเก้อทำเพ้อพกออ
ความซื่อ	3	ความ-ซื่อ		AUTO	มรูปแจ้งความซื่อสุดไม่มุสา
ภรรยา	3	พัน-ระ-ยา	syllable count differs (ssg 2 vs w2p 3)	REVIEW	ด้กำปั่นภรรยาทั้งข้าไทเ
จิ๋ว	3	จิ๋ว		AUTO	งตั๋งกังจิ๋วจุนติ๋วเซี
วิสาสะ	3	วิ-สา-สะ		AUTO	ได้สนทนาวิสาสะให้น้องหาย
ดัดแปลง	3	ดัด-แปลง		AUTO	ประดิษฐ์ดัดแปลงกระแสงใสเส
นอ	3	นอ		AUTO	รากันมั่นอยู่นี่ต่อพ
อุบอิบ	3	อุบ-อิบ		AUTO	ไอกระแอมอุบอิบกระซิบสอนอ
ติเตียน	3	ติ-เตียน		AUTO	้ดำริคอยติเตียนให้แปลงเปล
แพง	3	แพง		AUTO	ินเนินกำแพง¦ถูกตึกกร้
พริกไทย	3	พริก-ไทย		AUTO	่หร่าโรยพริกไทยทำเตรียมไว
โซ่ตรวน	3	โซ่-ตรวน		AUTO	ดไหวเห็นโซ่ตรวนพวนพันพรั่
จองจำ	3	จอง-จำ		AUTO	ันลอบจับจองจำให้ช้ำจิตจ
ตุบตับ	3	ตุบ-ตับ		AUTO	ล่ทุบกันตุบตับเปรียบเหมื
หนวกหู	3	หนวก-หู		AUTO	่งพรูลูกหนวกหูไล่ตีจึงหน
ขี้ปด	3	ขี้-ปด		AUTO	ะพี่ช่างขี้ปดเขารู้หมดม
จองหง่อง	3	จอง-หง่อง		AUTO	หวั่นไหวจองหง่องหง่องฆ้องก
โจมทัพ	3	โจม-ทัพ		AUTO	้าหักโหมโจมทัพไม่ยับยั้ง
ซุก	3	ซุก		AUTO	ลิ้งวิ่งซุกบ้างคลุกคล
วุบ	3	วุบ		AUTO	็นประกายวุบหายไป¦ฝ่าย
ป่อง	3	ป่อง		AUTO	จองหง่องป่องป่องดังศรี
ภุขัน	3	ภุ-ขัน		AUTO	นามเหล็กภุขันฟันใครเป็น
ต้นไทร	3	ต้น-ไทร		AUTO	ังวนข้างต้นไทรพอนางได้ยิ
ถลึงตา	3	ถะ-หลึง-ตา		AUTO	งต่างถึงถลึงตาพวกเสนาแลด
ทวนทบ	3	ทวน-ทบ		AUTO	้ถอยกลับทวนทบตลบหนีเข้า
พลั่ง	3	พลั่ง		AUTO	ั่งพลุ่งพลั่งโพลง¦พวกพห
ชะเง้อ	3	ชะ-เง้อ		AUTO	นยั้งยืนชะเง้อไม่เก้อเขิ
หวือ	3	หวือ		AUTO	้อลูกหวอหวือแต่ลมหวนป่
รวง	3	รวง		AUTO	่รู้สึกทรวงสะทึกถอนพร
รวยรื่น	3	รวย-รื่น		AUTO	อยชื่นระรวยรื่นรินรินกลิ่
นี่แน่ะ	3	นี่-แน่ะ		AUTO	งตัวตนดูนี่แน่ะแผลลอกยังป
มดดำ	3	มด-ดำ		AUTO	ยาธรรมดามดดำกับน้ำตาลไ
เหี่ยวแห้ง	3	เหี่ยว-แห้ง		AUTO	สี้ยวไม่เหี่ยวแห้งห่อตะแบงมา
เบื้อ	3	เบื้อ		AUTO	้องตามบทเบื้องเรื่องบุร
คิริน	3	คิ-ริน		AUTO	เดินเนินคิรินทร์¦จำจะสั
โนรี	3	โน-รี		AUTO	วสำลีนางโนรีแดงฉาดสะอา
แพรวพราว	3	แพรว-พราว		AUTO	งตราแก้วแพรวพราวดูวาววามแล
กระทู้ถาม	3	กระ-ทู้-ถาม		AUTO	ฆี่ยนขู่กระทู้ถามเรารู้เท่า
หมิ่นประมาท	3	หมิ่น-ประ-มาท		AUTO	ลชาญฉกาจหมิ่นประมาทตอบความตาม
เป็นไข้	3	เป็น-ไข้		AUTO	ารย์ท่านเป็นไข้นางถามว่าท
สัต	3	สัต		AUTO	แต่เพียงสัตย์ซื่ออย่า
ทุ้ม	3	ทุ้ม		AUTO	ิเวกทั้งทุ้มเอกอักษรชะ
หนีบ	3	หนีบ		AUTO	รมีจึงจะหนีบวชบ้างเป็น
กะเลียว	3	กะ-เลียว		AUTO	ับพาชีสีกะเลียวไม่ลดเลี้ย
แว้ง	3	แว้ง		AUTO	แพลงพลิกแว้งวัดเสียวสั
ฟอด	3	ฟอด		AUTO	พลางเฟ้นฟอดกอดคอค่อยค
ดอด	3	ดอด		AUTO	งทางประชดอดไม่ได้เขาว
จักขุ	3	จัก-ขุ		AUTO	กมีชายดุจักขุบอดมันลอบล
ลายลักษณ์	3	ลาย-ลัก		AUTO	ะดาษเป็นลายลักษณ์ศักราชชาติ
สืบพันธุ์	3	สืบ-พัน		AUTO	้องกันจะสืบพันธุ์พงศ์กษัตริ
แม่สื่อ	3	แม่-สื่อ		AUTO	นหรือนางแม่สื่อสองทัพรับอ
ม่านสองไข	3	ม่าน-สอง-ไข		AUTO	ับพลาทองม่านสองไขพร้อมโอรสอ
ถึงฆาต	3	ถึง-ฆาต		AUTO	ร้ายนั้นถึงฆาตอย่าอาจหาญ
นั่นแน่	3	นั่น-แน่		AUTO	งรำภาว่านั่นแน่แลที่ลานพร
วุธ	3	วุธ		AUTO	ครื่องอาวุธอย่างบังคั
ดินประสิว	3	ดิน-ประ-สิว		AUTO	าขี้ริ้วดินประสิวดินดำกำมะถ
ในไส้	3	ใน-ไส้		AUTO	งธาตุฆาตในไส้ชะตาเสียเด
พ่วง	3	พ่วง		AUTO	องดูผ่องพ่วงเปล่งดังดว
ถ่อม	3	ถ่อม		AUTO	ช่ชั่วทำถ่อมตัวตอบความ
มักง่าย	3	มัก-ง่าย		AUTO	าขายอย่ามักง่ายเงินก็ลองท
ประแจ	3	ประ-แจ		AUTO	เข้าไปไขประแจเข้าตึกแต่
ไฝ	3	ไฝ		AUTO	ผีนั้นมีไฝทูลสนองสอง
หมิ่น	3	หมิ่น		AUTO	รรู้จะดูหมิ่นต้องละถิ่น
เชิดชู	3	เชิด-ชู		AUTO	มือนช่วยเชิดชูพักตร์เป็น
เตาไฟ	3	เตา-ไฟ		AUTO	อข้าวแบกเตาไฟ¦ต่างตัวสั
พิชัย	3	พิ-ชัย		AUTO	านเรื่องพิชัยสงครามตามบ
ว่างเว้น	3	ว่าง-เว้น		AUTO	มศรีด้วยว่างเว้นเป็นม่ายมา
สิว	3	สิว		AUTO	จะไปด้วยสิวะเร่งสะสมช
เกินเลย	3	เกิน-เลย		AUTO	อจะเคยทำเกินเลยล้ำเหลือน่
กระดอน	3	กระ-ดอน		AUTO	งเปรื่องกระดอนกระเดื่องด
ระเริง	3	ระ-เริง		AUTO	รมณ์ชื่นระเริงรื่นเริ่มแ
ขลิบ	3	ขลิบ		AUTO	ผ้าทิพย์ขลิบมะยมชายไหว
งีบ	3	งีบ		AUTO	กเสียสักงีบอย่าแหนบหน
เหนื่อยเหน็ด	3	เหนื่อย-เหน็ด		AUTO	วงสมรนางเหนื่อยเหน็ดเข็ดใจพิไร
ตั่ง	3	ตั่ง		AUTO	ึ้นเตียงตั่งถนอมนั่งแน
พระชนม์	3	พระ-ชน		AUTO	เอ๋ยสิ้นพระชนม์จนพระศพไม่
กฎ	3	กฎ		AUTO	ล่เผลเอากฎหมายเดินทา
เผ็ดร้อน	3	เผ็ด-ร้อน		AUTO	ห็นจะพานเผ็ดร้อนค่อยผ่อนผั
สะเทิน	3	สะ-เทิน		AUTO	นขวยเขินสะเทินที¦ทั้งลูก
จ่อ	3	จ่อ		AUTO	เอาเพลิงจ่อจุดเผาสำเภ
ยักเยื้อง	3	ยัก-เยื้อง		AUTO	ลืองอย่ายักเยื้องเกี้ยวพานน
ขื่อ	3	ขื่อ		AUTO	อนหนึ่งเขื่อนขัณฑ์ยังต
ตอแย	3	ตอ-แย		AUTO	เลียมล่อตอแยไม่แลเลยด้
เกินการ	3	เกิน-การ		AUTO	งศ์วานก็เกินการดาลเดือดไม
โหยหิว	3	โหย-หิว		AUTO	มิใช่จักโหยหิวให้ผิวผอมด
ฟู่	3	ฟู่		AUTO	เสียงฟุบฟู่ฟุ้งฟูมดัง
เลื่อง	3	เลื่อง		AUTO	องให้ลือเลื่องมนต์กูผู้อ
เทียมเท่า	3	เทียม-เท่า		AUTO	ทุกข์ทับเทียมเท่าภูเขาหลวงเ
ชันโรง	3	ชัน-โรง		AUTO	ันกันประชันโรง¦อยู่พร้อม
ซุกซ่อน	3	ซุก-ซ่อน		AUTO	ข์จะต้องซุกซ่อนกายเพราะอา
ถ่าง	3	ถ่าง		AUTO	ีนจะต้องถ่างบนกางเขนน้
โป้ปด	3	โป้-ปด		AUTO	งอย่าได้โป้ปดประชดกู¦กู
การวิก	3	การ-วิก		AUTO	นกการเวกการวิกให้จิกผีโล
ยัดเยียด	3	ยัด-เยียด		AUTO	่นพระลานยัดเยียดเบียดไม่ไห
ขลาด	3	ขลาด		AUTO	ี้นี่ขี้ขลาดน้ำใจชาติต
ข่มขู่	3	ข่ม-ขู่		AUTO	เสียงดังข่มขู่กูหรือหวะม
ขีด	3	ขีด		AUTO	เกราะกีดขีดเชือดพอเลื
ระเหหัน	3	ระ-เห-หัน		AUTO	งรบรวนเรระเหหันทั้งสามนาง
เลือดฝาด	3	เลือด-ฝาด		AUTO	ับดาษลุยเลือดฝาดฟูมฟองออกน
บูชายัญ	3	บู-ชา-ยัญ		AUTO	หตุเจตนาบูชายัญกำหนดวันหน
มุทะลุ	3	มุ-ทะ-ลุ		AUTO	้งดื้อดุมุทะลุเลโลโมโหหุ
ถ่าน	3	ถ่าน		AUTO	ม่รู้อันถ่านเก่าเถ้าคง
คลอดลูก	3	คลอด-ลูก		AUTO	าแล้วแม้คลอดลูกปลูกเลี้ยง
เอื้อเฟื้อ	3	เอื้อ-เฟื้อ		AUTO	งโอบอ้อมเอื้อเฟื้อกับเนื้อไข
หิ่งห้อย	3	หิ่ง-ห้อย		AUTO	เกียงดับหิ่งห้อยวับแวมเรือ
สำรวย	3	สำ-รวย		AUTO	ไรซ้ำที่สำรวยดีกว่ามวยผ
มวยผม	3	มวย-ผม		AUTO	วยดีกว่ามวยผมฝรั่งฟังคา
จุณ	3	จุณ		AUTO	ยขวาขวัญจุณจันทน์เจิม
นี้แหละ	3	นี้-แหละ		AUTO	ดูเอาวันนี้แหละสิหนาทำฮึด
ท้าวแขน	3	ท้าว-แขน		AUTO	นสาวนั่งท้าวแขนจะหวงแหนเอ
ซื้อขาย	3	ซื้อ-ขาย		AUTO	ว้หรือจะซื้อขายนิ่งดูเล่น
ดูดู๋	3	ดู-ดู๋		AUTO	ห้ผันผายดูดู๋ดื้อถือตัว
นิ้วมือ	3	นิ้ว-มือ		AUTO	ายแสงถูกนิ้วมือถือกระบองก
หงอย	3	หงอย		AUTO	งเซาเหงาหงอยคอยอาทิตย์
หงุดหงิด	3	หงุด-หงิด		AUTO	งหงอยจิตหงุดหงิดใจจึงว่าพี
โจษ	3	โจษ		AUTO	ับร้อยพลโจษนับโกฏิแสน
ไร่นา	3	ไร่-นา		AUTO	ให้สำราญไร่นาที่ค้าขายเ
ดิบดี	3	ดิ-บดี		AUTO	ระทีปให้ดิบดีลาไปที่หลั
อินทรี	3	อิน-ทรี		AUTO	งกสิณให้อินทรีย์ลอยขึ้นท
เหม็นสาบ	3	เหม็น-สาบ		AUTO	มหยาบฉันเหม็นสาบหนังเนื้อม
เปรี้ยวปาก	3	เปรี้ยว-ปาก		AUTO	หมากความเปรี้ยวปากเหลือแหล่แ
กรีดเล็บ	3	กรีด-เล็บ		AUTO	พระบุตรีกรีดเล็บเก็บกาหลงบ
ตรู	3	ตรู		AUTO	ให้ชนะศัตรูกู้บูรีอย่
โฉดเฉา	3	โฉด-เฉา		AUTO	ือโหดพวกโฉดเฉามิฟังว่ารา
โลโต	3	โล-โต		AUTO	วขึ้นขี่โลโตไล่โยธารุม
แยกเขี้ยว	3	แยก-เขี้ยว		AUTO	เขียวยืนแยกเขี้ยวขวางหน้าโย
ร่มเกล้า	3	ร่ม-เกล้า		AUTO	ยดับร้อนร่มเกล้าฝูงสาวสรรค
เยือก	3	เยือก		AUTO	พื้นสุธาเยือกเย็นเกิดเป
ม้าอ้วน	3	ม้า-อ้วน		AUTO	้งทอดมันม้าอ้วนแกงบวนเนื้
โป่ง	3	โป่ง		AUTO	เหมือนผีโป่งพูดได้หลาย
โละ	3	โละ		AUTO	ั่งบังอะโละจงแต่งโต๊ะ
ลงเอย	3	ลง-เอย		AUTO	นอนเลยพอลงเอยก็พอแจ้งแส
ท่องเที่ยว	3	ท่อง-เที่ยว		AUTO	¦ไฉนต้องท่องเที่ยวแสวงคู่น่า
ปลื้มใจ	3	ปลื้ม-ใจ		AUTO	บลืมด้วยปลื้มใจยิ้มละไมใน
กรีธาพล	3	กรี-ธา-พล		AUTO	รยกทัพจรกรีธาพลาพล¦ด้วยเท
พึ่งพิง	3	พึ่ง-พิง		AUTO	ายหญิงจงพึ่งพิงผู้บำรุงซึ
พลุ	3	พลุ		AUTO	รงก็โพลงพลุ่งเป็นเปลว
วอด	3	วอด		AUTO	นีรอดไม่วอดวายคุณของส
ขื่นขม	3	ขื่น-ขม		AUTO	่นอื่นก็ขื่นขมต้องเหินห่
มนตร์	3	มน		AUTO	พทพระเวทมนตร์¦พระอภัยสุ
กบิล	3	กะ-บิน		AUTO	กปากอ่าวกบิลพัสดุ์ระลอ
หยัน	3	หยัน		AUTO	ลยมาเย้ยหยันยิ่งแค้นคั
วู่	3	วู่		AUTO	ียงหวี่หวู่อู้ไปเข้าค
ละลอก	3	ละ-ลอก		AUTO	ายออกตามละลอกมาลิบลิบรี
ถี	3	ถี		AUTO	างกลางวิถีพวกฝรั่งไล
มัติ	3	มัติ		AUTO	ระฉอกฉานมัติมิงคล์กลิ้
งคล์	3	ง		AUTO	านมัติมิงคล์กลิ้งท้องช
ชื้น	3	ชื้น		AUTO	ไชยยังใจชื้นจนกลางคืนค
เทียว	3	เทียว		AUTO	สวทั้งธงเทียวเขียวขำดูอ
เปรื่องปราด	3	เปรื่อง-ปราด		AUTO	ื่องทั้งเปรื่องปราดประชาราษฎร
ตำนาน	3	ตำ-นาน		AUTO	้างอย่างตำนานเรื่องนิทา
พรรค์	3	พัน		AUTO	มาทุกวันพรรค์อ้ายโจรต้อ
โอม	3	โอม		AUTO	าจารย์ก็โอมอ่านไสยเวท
เยซู	3	เย-ซู		AUTO	อองค์พระเยซูมาชูช่วยให
ลี้ลับ	3	ลี้-ลับ		AUTO	่นี่เห็นลี้ลับจงกำชับพวก
ทั่ง	3	ทั่ง		AUTO	ไปให้กระทั่งฟังเนื้อคว
เข้านอน	3	เข้า-นอน		COMPOSED	ลากรกลับเข้านอนอยู่ห้องมอ
คนเจ็บ	3	คน-เจ็บ		COMPOSED	ังเกิดฝนคนเจ็บเป็นเหน็บช
ลมล่อง	3	ลม-ล่อง		COMPOSED	ึกโครมพอลมล่องกองยาพากัน
ไล่หา	3	ไล่-หา		COMPOSED	ไปเที่ยวไล่หาแล้วพูดกัน
ไม่ได้เรื่อง	3	ไม่-ได้-เรื่อง		COMPOSED	นจะรบกันไม่ได้เรื่องให้เปลืองต
สืบสาว	3	สืบ-สาว		COMPOSED	ใช้พหลไปสืบสาวราวความตาม
ภาษาไทย	3	พา-สา-ไท		COMPOSED	ได้พูดจาภาษาไทยจงเข้าไปพล
ต้องสู้	3	ต้อง-สู้		COMPOSED	ม่ต้องรบต้องสู้เป็นคู่ขัน
สังขารา	3	สัง-ขา-รา		COMPOSED	้วยปัญญาสังขาราอนิจจังไม่
เข้าทาง	3	เข้า-ทาง		COMPOSED	ชีวงจำจะเข้าทางกสิณดูถิ่น
งอกงาม	3	งะ-อก-งาม		COMPOSED	ดระดาดาษงอกงามตามซอกผาไม
นกแก้ว	3	นก-แก้ว		COMPOSED	ส่งเสียงนกแก้วพลอดยอดแก้
อุโลก	3	อุ-โลก		COMPOSED	มจับพุ่มอุโลกเลียบกระทา
จำปี	3	จำ-ปี		COMPOSED	ิงผาจำปาจำปีรสสุคนธ์มณ
จามรี	3	จา-มะ-รี		COMPOSED	ฝูงกระจงจามรีชะนีไพร¦พย
เล่นหาง	3	เล่น-หาง		COMPOSED	ิงโตเต้นเล่นหางที่หว่างเข
ตีฝีปาก	3	ตี-ฝี-ปาก		COMPOSED	นีจะใคร่ตีฝีปากตอบผิดระบอ
ข้างล่าง	3	ข้าง-ล่า-งะ		COMPOSED	นคั่นไว้ข้างล่างวางตะเกียง
ฤกษ์บน	3	เริก-บน		COMPOSED	้องคู่ดูฤกษ์บนพร้อมพหลพล
ขานยาม	3	ขาน-ยาม		COMPOSED	าการทหารขานยามให้ระไวระว
เป็นที่ตั้ง	3	เป็น-ที่-ตั้ง		COMPOSED	เอาขันตีเป็นที่ตั้งจึงหยุดยั้
ดูก่อน	3	ดู-ก่อน		COMPOSED	จฤๅษีว่าดูก่อนพระอาจารย์
ตัดราคา	3	ตัด-รา-คา		COMPOSED	อเองหรือตัดราคาตัณหาขาดมึ
แข็งข้อ	3	แข็ง-ข้อ		COMPOSED	้งรอบ้างแข็งข้อวิ่งกลมระด
ตัวอย่าง	3	ตัว-อย่าง		COMPOSED	อาไว้กันตัวอย่างกลัวเกรงทา
ข้าวสุก	3	ข้าว-สุ-กะ		COMPOSED	ยนได้แต่ข้าวสุกคลุกปลาย่า
ดอกกระมัง	3	ดอก-กระ-มัง		COMPOSED	อนอนหลับดอกกระมังบังสิงขรทั
ว่าราชการ	3	ว่า-ราด-กาน		COMPOSED	น่อวรนาถว่าราชการฝ่ายทหารเส
พวกเขา	3	พวก-เขา		COMPOSED	องล่าหนีพวกเขามากไล่บุกเ
ลาก่อน	3	ลา-ก่อน		COMPOSED	จึงว่าจะลาก่อนเมื่อจะจรย
ตั้งขึ้น	3	ตั้ง-ขึ้น		COMPOSED	ป็นแสงไฟตั้งขึ้นในทิศพายัพ
ตั้งแต่แรก	3	ตั้ง-แต่-แรก		COMPOSED	่พื้นแขกตั้งแต่แรกเจ้าแผ่นดิ
พฤกษ์	3	พะ-เริก		COMPOSED	าวประกายพฤกษ์เผ่นขึ้นเด
สัตว์ป่า	3	สัด-ป่า		COMPOSED	งดึกสงัดสัตว์ป่าคณาดงต่างก
บวชเรียน	3	บวด-เรียน		COMPOSED	ิตถวิลจะบวชเรียนเขียนอ่านก
มสาร	3	มะ-สาน		COMPOSED	งพอสองยามสารถีขี่ขับรถ
ตัวเปล่า	3	ตัว-เปล่า		COMPOSED	้นจะอยู่ตัวเปล่ามันเหงาหงอ
ตั้งหน้า	3	ตั้ง-หน้า		COMPOSED	เวียงวังตั้งหน้าไปหามิตรปร
เข็มขัด	3	เข็ม-ขัด		COMPOSED	วงสุวรรณเข็มขัดมั่นฝังจิน
กรอ	3	กะ-รอ		COMPOSED	ายแสงทินกรอาวรณ์หวังไ
ตัดสวาท	3	ตัด-สะ-วาท		COMPOSED	มัธยัสถ์ตัดสวาทขาดกระเด็น
ความสงสัย	3	ความ-สง-ไส		COMPOSED	์หักห้ามความสงสัยอันขันตีมี
กำหนดให้	3	กำ-หนด-ให้		COMPOSED	นขันตีมีกำหนดให้อดใจจงตั้ง
ฝากฝัง	3	ฝาก-ฝัง		COMPOSED	างโฉมได้ฝากฝังครูเฒ่าช่ว
ดับจิต	3	ดับ-จิด		COMPOSED	างวับถึงดับจิตด้วยชีวิตม
น้ำเย็น	3	น้ำ-เย็น		COMPOSED	ุฏิ์ตาหาน้ำเย็นตักมาเป็นโ
ภาคหน้า	3	ภา-คะ-หน้า		COMPOSED	ังนิพพานภาคหน้าให้ถาวร¦อั
สิทธิ	3	สิ-ทะ-ทิ		COMPOSED	มุนีฤๅษีสิทธิ์สำรวมกิจน
เลื่อนลอย	3	เลื่อน-ลอย		COMPOSED	วันเมฆก็เลื่อนลอยมาในอากาศภ
ความดี	3	ความ-ดี		COMPOSED	ปรานีเอาความดีสอนให้ในสั
ที่เที่ยว	3	ที่-เที่ยว		COMPOSED	ลำกำปั่นที่เที่ยวเสาะตามแก่
ตรวจการ	3	ตรวด-กาน		COMPOSED	้นานพลางตรวจการเภตราเร่งค
รูปเขียน	3	รูบ-เขียน		COMPOSED	าแต่เปิดรูปเขียนออกเวียนดู
บัญชาการ	3	บัน-ชา-กาน		COMPOSED	ดตรวจตราบัญชาการราชยานรถที
กลลวง	3	กล-ลวง		COMPOSED	ปากน้ำทำกลลวงแม้นได้ท่ว
หลักเมือง	3	หะ-ลัก-เมือง		COMPOSED	วรณ์ด้วยหลักเมืองร้ายอยู่รา
คลอง	3	คะ-ลอง		COMPOSED	แม่น้ำลำคลองทั้งสองฟาก
ช้างสาร	3	ช้าง-สาน		COMPOSED	็นการอันช้างสารเสียงามักก
ตรงนั้น	3	ตรง-นั้น		COMPOSED	นไรมีที่ตรงนั้นอย่ามั่นหม
เท่านั้นเอง	3	เท่า-นั้น-เอง		COMPOSED	ของดิฉันเท่านั้นเอง¦บาทหลวงได
ขาก	3	ขา-กะ		COMPOSED	าได้ว่าเขากูจะไปไต่ถา
ทหารปืนใหญ่	3	ทะ-หาน-ปืน-ใหญ่		COMPOSED	าด่านให้ทหารปืนใหญ่ทั้งซ้ายขว
ทองปราย	3	ทอง-ปราย		COMPOSED	าคาบศิลาทองปรายไว้หลายพัน
เป็นต่อ	3	เป็น-ต่อ		COMPOSED	ใบไม้ให้เป็นต่อห่อผ้าขาวเ
สุดที่รัก	3	สุด-ที่-รัก		COMPOSED	ิดถึงนุชสุดที่รักให้หนักใจถ
เมื่อก่อน	3	เมื่อ-ก่อน		COMPOSED	พระเชษฐาเมื่อก่อนได้ผิดพลั้
อุป	3	อุ-ปะ		COMPOSED	าช่วยชุบอุปถัมภ์เขาไม
เข้าหู	3	เข้า-หู		COMPOSED	กล่าวให้เข้าหูจะเท็จจริง
เพราะหู	3	เพราะ-หู		COMPOSED	จล่วงรู้เพราะหูผีแจ้งคดีเ
ลือลั่น	3	ลือ-ลั่น		COMPOSED	สนั่นบันลือลั่นสังข์แตรเซ
เรือดั้ง	3	เรือ-ดั้ง		COMPOSED	้องสนั่นเรือดั้งกันลอยรายช
ระหว่างทาง	3	ระ-หว่าง-ทาง		COMPOSED	กษาตรงไประหว่างทางทักษิณถึงก
พูดว่า	3	พูด-ว่า		COMPOSED	ค์มันไม่พูดว่ากระไรเที่ย
ไม่เบา	3	ไม่-เบา		COMPOSED	านพวกเราไม่เบาเลยทั้งเจ้
บังคับบัญชา	3	บัง-คับ-บัน-ชา		COMPOSED	อนผันตามบังคับบัญชาสารพันอย่า
เมืองออก	3	เมือง-ออก		COMPOSED	มื่อใดในเมืองออกยงยุทธ์จึ่
ต้องหา	3	ต้อง-หา		COMPOSED	ต้องซื้อต้องหาให้ช้าการก
ของกำนัล	3	ของ-กำ-นัน		COMPOSED	ตามทำนองของกำนัลรีบผายผันม
โดยประมาณ	3	โดย-ประ-มาน		COMPOSED	างกันดารโดยประมาณห้าเดือนไม
พระครู	3	พระ-ครู		COMPOSED	ญเจ้ากับพระครูผู้อาจารย์
งามพร้อม	3	งาม-พร้อม		COMPOSED	งร่างกายงามพร้อมไม่ผอมพี¦บ
ถมยา	3	ถะ-มะ-ยา		COMPOSED	รื่องทองถมยาราชาวดี¦ขึ
มยุเรศ	3	มะ-ยุ-เร-สะ		COMPOSED	นกิ่งเกดมยุเรศจับรังประด
ผู้ดีเก่า	3	ผู้-ดี-เก่า		COMPOSED	ฒ่าคนนี้ผู้ดีเก่ารู้เรื่องร
กลียุค	3	กะ-ลี-ยุ-คะ		COMPOSED	จ้งในการกลียุคทุกบุรินทร
ขายดี	3	ขาย-ดี		COMPOSED	งข้าวของขายดีมีราคาเรือ
เต็มใจ	3	เต็ม-ใจ		COMPOSED	นครราษฎรเต็มใจขอให้เป็น¦
แก้วกาหลง	3	แก้ว-กา-หลง		COMPOSED	ย์มะลิลาแก้วกาหลงทั้งคัดเค้
ขรม	3	ขะ-รม		COMPOSED	หว่างสิงขรมิได้พักโยธ
ทันตาเห็น	3	ทัน-ตา-เห็น		COMPOSED	นเสียให้ทันตาเห็นดั่งเจรจา¦
ถึงกำหนด	3	ถึง-กำ-หนด		COMPOSED	ล้วเสร็จถึงกำหนดแจกกฎหมายเ
เจ้าพระคุณ	3	เจ้า-พระ-คุน		COMPOSED	่อาจารย์เจ้าพระคุณเท่าเทียมฟ
ตีสำนวน	3	ตี-สำ-นวน		COMPOSED	ายกระบวนตีสำนวนต่างต่างไม
ปูม้า	3	ปู-ม้า		COMPOSED	หมู่หมู่ปูม้าแข้งขายาวว
ไม่ขาดสาย	3	ไม่-ขาด-สาย		COMPOSED	ื่อนกลาดไม่ขาดสายทั้งเต่าหอ
โลกธรรม	3	โลก-ทำ		COMPOSED	ตามวิสัยโลกธรรมต้องจำเป็น
รับไหว้	3	รับ-ไหว้		COMPOSED	้ใหญ่นางรับไหว้เขยรักทรงศ
ส่องแสง	3	ส่อง-แสง		COMPOSED	แจ่มแจ้งส่องแสงฉันม้าก็เห
เมื่อคืน	3	เมื่อ-คืน		COMPOSED	กถามพลันเมื่อคืนนั้นคิดถึง
พออาศัย	3	พอ-อา-ไส		COMPOSED	งยศพักพาพออาศัยกับพระยาม้
ประสก	3	ประ-สะ-กะ		COMPOSED	พลันเฮ้ยประสกเอ๋ยหวามาแ
ผิดที่	3	ผิด-ที่		COMPOSED	รือเองมาผิดที่มีสังเกตถิ
ชั้นฉาย	3	ชั้น-ฉาย		COMPOSED	นทร์เจ็ดชั้นฉายลงกระดานหา
กินใน	3	กิน-ใน		COMPOSED	ู่ทำมาหากินในถิ่นฐานค่อ
มิต	3	มิ-ตะ		COMPOSED	พวกประจามิตรที่คิดคดจ
น้ำลายไหล	3	น้ำ-ลาย-ไหล		COMPOSED	งปลิ้นตาน้ำลายไหลหมายจะกินใ
เต็มที่	3	เต็ม-ที่		COMPOSED	ักษ์ตื่นเต็มที่ไม่มีขวัญข
เสกเป่า	3	เสก-เป่า		COMPOSED	เฒ่าแล้วเสกเป่าโองการอ่าน
ตาลอย	3	ตา-ลอย		COMPOSED	ะดานัยน์ตาลอย¦จะใคร่ดูว
พล่าม	3	พะ-ล่าม		COMPOSED	เล่าเพัอพล่ามตามวิสัยอ้
ทำตา	3	ทำ-ตา		COMPOSED	ครเร่งไปทำตามกระทรวงเบ
แผลงฤทธิ์	3	แผล-งะ-ริด		COMPOSED	กศิษย์กูแผลงฤทธิ์ขึ้นจริงจร
ปอด	3	ปะ-อด		COMPOSED	าบเข้าในปอดว่าลอดเลยย
ลมชาย	3	ลม-ชาย		COMPOSED	งหรรษาพอลมชายบ่ายแสงสุร
เพลินใจ	3	เพลิน-ใจ		COMPOSED	เดินด้วยเพลินใจ¦มันจึงสั่
หลากหลาย	3	หะ-ลาก-หลาย		COMPOSED	ก็มากฟังหลากหลายมันจะเลอะเ
ไก่ชน	3	ไก่-ชะ-นะ		COMPOSED	ม่ได้พวกไก่ชนยิ่งแก่ตัว
สิ้นท่า	3	สิ้น-ท่า		COMPOSED	ดูช่างซนสิ้นท่าพวกบ้ากาม¦
ม้าน้ำ	3	ม้า-น้ำ		COMPOSED	ยองเหล่าม้าน้ำทำท่าม้าลำ
ช้างน้ำ	3	ช้าง-น้ำ		COMPOSED	นชลธีฝูงช้างน้ำนำโขลงชักโ
กลาโหม	3	กะ-ลา-โหม		COMPOSED	ทั้งหลายกลาโหมกรมท่าเสนา
ลายอย่าง	3	ลาย-อย่าง		COMPOSED	รู้เหตุหลายอย่างเพราะนางมา
ต่อมือ	3	ต่อ-มือ		COMPOSED	่นย่อไม่ต่อมือแตกกระพือย
ครองแผ่นดิน	3	ครอง-แผ่น-ดิน		COMPOSED	นพี่น้องครองแผ่นดินพระภูมินทร
ศาลเจ้า	3	สาน-เจ้า		COMPOSED	ล้วไปยังศาลเจ้าท้าวผีสิงใ
มยุรา	3	มะ-ยุ-รา		COMPOSED	มะเกลือ¦มยุราพระยาลอเสี
ตามเวลา	3	ตาม-เว-ลา		COMPOSED	สีวันยามตามเวลาแล้วให้ทรง
อย่างไรบ้าง	3	อย่าง-ไร-บ้าง		COMPOSED	อกชิงชัยอย่างไรบ้างในท่าทางรบ
ตกตะลึง	3	ตก-ตะ-ลึง		COMPOSED	ายคงจะงกตกตะลึง¦จะกล่าวข้
กาฝาก	3	กา-ฝาก		COMPOSED	คะขาเจ้ากาฝากอย่าพูดมาก
เสียคน	3	เสีย-คน		COMPOSED	ิลหาทั้งเสียคนพลทหารในพา
ผูกไมตรี	3	ผูก-ไม-ตรี		COMPOSED	ถาวรจำจะผูกไมตรีเป็นที่หวั
นอกเมือง	3	นอก-เมือง		COMPOSED	รื่องที่นอกเมืองชายป่าพนาส
ไกรลาส	3	ไกร-ลา-สะ		COMPOSED	วไนยเจ้าไกรลาสขอโอกาสมาช
นเรศ	3	นะ-เร-สะ		COMPOSED	งเกดฝูงโนเรศรายพลอดบนย
แสงเดือน	3	แสง-เดือน		COMPOSED	นแบ่งรับแสงเดือน¦กำลังรุ่น
เสริมส่ง	3	เส-ริม-ส่ง		COMPOSED	แต้มเติมเสริมส่งให้ทรงฟังพ
ปลาไหล	3	ปลา-ไหล		COMPOSED	พล่าคั่วปลาไหลเครื่องสำร
สมพงศ์	3	สม-พง		COMPOSED	สมศักดิ์สมพงศ์สมวงศ์วานน
ทรงกลด	3	ทรง-กลด		COMPOSED	ันทร์อันทรงกลดเมื่อเมฆหม
เช่นกัน	3	เช่น-กัน		COMPOSED	งเซ็นรับเช่นกันให้รางวัลต
ขอตัว	3	ขอ-ตัว		COMPOSED	เออออข้าขอตัวเรื่องข่มผ
พร้อมญาติ	3	พร้อม-ยาด		COMPOSED	เห็นจะมาพร้อมญาติคาดคะเนด้ว
ตอกหมัน	3	ตะ-อก-หะ-มัน		COMPOSED	ร่งขัดสีตอกหมันเอาชันยาทั
รองท้อง	3	รอง-ท้อง		COMPOSED	่างเรืองรองท้องทะเล¦เสวกา
การละเล่น	3	กาน-ละ-เล่น		COMPOSED	ทั้งจะมีการละเล่นทั้งเต้นรำ
นักบวช	3	นัก-บวด		COMPOSED	มนตราพวกนักบวชสวดละม้ายค
อย่างหนึ่ง	3	อย่าง-หนึ่ง		COMPOSED	ใดฟังอีกอย่างหนึ่งหญิงสอพลอพ
สาโรช	3	สา-โร-ชะ		COMPOSED	งแย้มผกาสาโรชลอออองกระท
ตาขาว	3	ตา-ขาว		COMPOSED	ม่อาจทักตาขาวราวกับผีฝ่
ชราภาพ	3	ชะ-รา-ภา-พะ		COMPOSED	ล่าก็แก่ชราภาพจะปรามปราบ
ขมา	3	ขะ-มา		COMPOSED	้มาง้อขอขมาบอกให้อากั
เสือกสน	3	เสือ-กะ-สะ-นะ		COMPOSED	งือกว่ายเสือกสนขึ้นว่ายวน
นามกร	3	นาม-กร		COMPOSED	ั้งขวากหนามกรวดทรายเอาร
พักผ่อน	3	พัก-ผ่อน		COMPOSED	มหาศาลจงพักผ่อนพลไพร่ให้ส
ข้อมือ	3	ข้อ-มือ		COMPOSED	คำถือสวมข้อมือศิษย์แซ่ตา
กระจับปี่	3	กระ-จับ-ปี่		COMPOSED	รับกันตีกระจับปี่โทนขลุ่ยรำ
นับวัน	3	นับ-วัน		COMPOSED	บอย่าให้นับวันคอยละห้อยห
ปากเปล่า	3	ปาก-เปล่า		COMPOSED	ม่พูดอวดปากเปล่าจะเป่าถวาย
โลดแล่น	3	โลด-แล่น		COMPOSED	กแท่นออกโลดแล่นมากุฎีที่อ
กระบาย	3	กะ-ระ-บาย		COMPOSED	าทหารสานกระบายขึ้นหาดทรา
สุดสายตา	3	สุด-สาย-ตา		COMPOSED	งตะละไร่สุดสายตา¦ถึงธารน้ำ
แบกหาม	3	แบก-หา-มะ		COMPOSED	แหรกบ้างแบกหามกลัวจะอดอุ
ฉุดกระชาก	3	ฉุด-กระ-ชาก		COMPOSED	าสาวหยุดฉุดกระชากเก็บบุนนาค
สามนต์	3	สา-มน		COMPOSED	ตรัสสั่งสามนต์คนทั้งหลาย
ออกโรง	3	ออก-โรง		COMPOSED	นไสยาสน์ออกโรงฉันด้วยหรร
ข้าราชการ	3	ข้า-ราด-กาน		COMPOSED	าอำมาตย์ข้าราชการ¦เข้าประตู
สูญสิ้น	3	สูน-สิ้น		COMPOSED	อยเสื่อมสูญสิ้นห่วงใยในขั
เข้าโรง	3	เข้า-โรง		COMPOSED	ากรถบทจรเข้าโรงฉันพอทรงธร
ผลกรรม	3	ผล-กำ		COMPOSED	ามแต่ที่ผลกรรมได้ทำมา¦อย
ม้าล่อ	3	ม้า-ล่อ		COMPOSED	สนาให้ตีม้าล่อดังเป็นกัง
ตกลึก	3	ตก-ลึก		COMPOSED	องผลึกพอตกลึกลมจับดับสั
พลาหก	3	พะ-ลา-หก		COMPOSED	อ่านคาถาพลาหกให้ฝนตกฟุ้
ปลงศพ	3	ปะ-ลง-สบ		COMPOSED	ย่งกินจะปลงศพเสียให้สิ้
ไก่ป่า	3	ไก่-ป่า		COMPOSED	วิเวกวับไก่ป่ารับขันขานป
ปรอท	3	ปะ-รอ-ทะ		COMPOSED	งว่าเป็นปรอทฤทธิ์วิธิเ
วาโย	3	วา-โย		COMPOSED	ม่สังขารวาโยธาตุอัดอั้
มฤต	3	มะ-รึ-ตะ		COMPOSED	งน้ำสุรามฤตมาเจือจิตเ
ทอดกาย	3	ทอด-กาย		COMPOSED	ั่งเลยมาทอดกายวายวางอยู่
รับได้	3	รับ-ได้		COMPOSED	านตึกสำหรับได้หลับนอนแล้
ลูกติด	3	ลูก-ติด		COMPOSED	นแม่ม่ายลูกติดสนิทเหลือจ
เสสรวล	3	เส-สวน		COMPOSED	สียงฮาเฮเสสรวลชวนเป็นเกล
เสียงเงียบ	3	เสียง-เงียบ		COMPOSED	ุทรจนสุดเสียงเงียบสำเนียงนึก
ดูจะ	3	ดู-จะ		COMPOSED	้ได้เอ็นดูจะขืนอยู่ไยเ
อุกอาจ	3	อุ-กะ-อา-จะ		COMPOSED	รานรุกทำอุกอาจมันเกรี้ยว
ที่ไหนได้	3	ที่-ไหน-ได้		COMPOSED	จะสู้มันที่ไหนได้อย่าไปเลย¦
อยู่เลย	3	อยู่-เลย		COMPOSED	่เคยอย่าอยู่เลยหลีกไปเสีย
คราก	3	คะ-รา-กะ		COMPOSED	ร้องโครกครากบ้างอ้าปาก
โกน	3	โก-นะ		COMPOSED	องร้องตะโกน¦ให้ตีกลอง
คิดดู	3	คิด-ดู		COMPOSED	ลงเลขคาดคิดดูตามครูสอนต
กลอกกลิ้ง	3	กล-อก-กลิ้ง		COMPOSED	ื่นระลอกกลอกกลิ้งเป็นเกลียว
เดินทัพ	3	เดิน-ทับ		COMPOSED	กกำแพงพอเดินทัพถึงกันประจ
ลือนาม	3	ลือ-นาม		COMPOSED	้ชื่อให้ลือนามไม่กลัวควา
แยกทาง	3	แยก-ทาง		COMPOSED	าควบอาชาแยกทางไปกลางแปลง
การเกณฑ์	3	กาน-เกน		COMPOSED	่งมาแจ้งการเกณฑ์ทหารเก่าให
สุดสงวน	3	สุด-สะ-งะ-วน		COMPOSED	าสั่งนุชสุดสงวนจนไก่ขันหว
เห็นทีจะ	3	เห็น-ที-จะ		COMPOSED	งนอุศเรนเห็นทีจะมีคนแวะขึ้
กำหนดการ	3	กำ-หนด-กาน		COMPOSED	งลำสุดจะกำหนดการด้วยย่านไก
ปิดความ	3	ปิด-ความ		COMPOSED	ดสู้ป้องปิดความในไม่ไขขาน
ครวญเพลง	3	ครวน-เพลง		COMPOSED	ะห้อยหวนครวญเพลงบรรเลงลานโ
รู้อยู่แก่ใจ	3	รู้-อยู่-แก่-ใจ		COMPOSED	ยอมพระก็รู้อยู่แก่ใจ¦นี่รักกัน
ขอด	3	ขะ-อด		COMPOSED	ปากบอนมาขอดค่อนให้ผู้
หกร้อย	3	หก-ร้อย		COMPOSED	ใจปองได้หกร้อยย่อยยับเสี
น้ำมันยาง	3	น้ำ-มัน-ยา-งะ		COMPOSED	งทิ้งผ้าน้ำมันยางบ้างขว้างค
ปัดเป่า	3	ปัด-เป่า		COMPOSED	์หมอเข้าปัดเป่าแก้แผลรักษ
หมอนข้าง	3	หมอน-ข้าง		COMPOSED	เตียงนอนหมอนข้างเอาวางไว้ค
ราวกับว่า	3	ราว-กับ-ว่า		COMPOSED	อได้ข่าวราวกับว่าได้ยาทิพย์
ครองตัว	3	ครอง-ตัว		COMPOSED	อุตส่าห์ครองตัวมาถึงธานีอ
ตั้งต้น	3	ตั้ง-ต้น		COMPOSED	สำเร็จดีตั้งต้นหนคนการชำน
คชสาร	3	คะ-ชะ-สาน		COMPOSED	ั้งม้ารถคชสารทหารรบให้ร
สีเนื้อ	3	สี-เนื้อ		COMPOSED	ชื่อวาลีสีเนื้อนั้นคล้ำมั
เอาแต่ใจ	3	เอา-แต่-ใจ		COMPOSED	ะคิดอ่านเอาแต่ใจก็ไม่เคย¦แ
คู่คิด	3	คู่-คิด		COMPOSED	ขอแต่ผู้คู่คิดสักคนหนึ่ง
ช่อฟ้า	3	ช่อ-ฟ้า		COMPOSED	วเรียกวอช่อฟ้าเข้ามารับท
ความเจ็บปวด	3	ความ-เจ็บ-ปวด		COMPOSED	่ขัดขวางความเจ็บปวดรวดเร้าไม่
สืบตระกูล	3	สืบ-ตระ-กูน		COMPOSED	งกรุงศรีสืบตระกูลพูนสวัสดิ์
แก่น	3	แก่-นะ		COMPOSED	งแหนเป็นแก่นสารเราถือส
อุณาโลม	3	อุ-ณา-โลม		COMPOSED	์เจิมมหาอุณาโลม¦แล้วจัดแจ
ย่อมเยาว์	3	ย่อม-เยา		COMPOSED	งศรีทั้งย่อมเยาว์เบาความได้
ใจขาด	3	ใจ-ขาด		COMPOSED	ลัยเพียงใจขาดจะนิราศแรม
หัวขาด	3	หัว-ขาด		COMPOSED	เนื้อตัวหัวขาดลงกลาดเกลื
วุ่นวายใจ	3	วุ่น-วาย-ใจ		COMPOSED	าเจ้านายวุ่นวายใจแต่หันเหีย
ชาติก่อน	3	ชาด-ก่อน		COMPOSED	าทนึกว่าชาติก่อนกรรมจะทำไฉ
ขอประทานโทษ	3	ขอ-ประ-ทาน-โทด		COMPOSED	หม่นหมองขอประทานโทษาฝ่าละอองท
ลางที	3	ลา-งะ-ที		COMPOSED	ท่าศาลากลางที่ด่านทางปา
ผัดผัน	3	ผัด-ผัน		COMPOSED	ลีกลัดดูผัดผันบ้างทิ่มแท
ห้องนอน	3	ห้อง-นอน		COMPOSED	ในเรือมีห้องนอนหมอนเสื่อส
ส่วนพระองค์	3	ส่วน-พระ-อง		COMPOSED	ิดฝึกสอนส่วนพระองค์ลงที่นั่งเ
ตัวพระ	3	ตัว-พระ		COMPOSED	าเข่นฆ่าตัวพระยาจับไว้อย
อ่านหนังสือ	3	อ่าน-หนัง-สือ		COMPOSED	ไปสวรรค์อ่านหนังสือถือเทียนเว
ข้าวตอก	3	ข้าว-ตะ-อก		COMPOSED	ยได้ถวายข้าวตอกดอกบุปผาให
ชัยศรี	3	ไช-สี		COMPOSED	คชสารชาญชัยศรีแล้วเวียงว
ไพร่ฟ้าข้าแผ่นดิน	3	ไพร่-ฟ้า-ข้า-แผ่น-ดิน		COMPOSED	หนื่อยใจไพร่ฟ้าข้าแผ่นดินใช้แต่ลิ้น
ดินแดน	3	ดิน-แดน		COMPOSED	ภูมิแผ่นดินแดนทะเลพระเวห
ช่างเขียน	3	ช่าง-เขียน		COMPOSED	ับรูปนางช่างเขียนไม่เพี้ยนผ
น้ำปลา	3	น้ำ-ปลา		COMPOSED	มพรมพล่าน้ำปลาเจือล้วนเถ
ส่วนองค์	3	ส่วน-อง		COMPOSED	ลาสินธุ์ส่วนองค์ท้าวเจ้าละ
สร้อยสน	3	สร้อย-สะ-นะ		COMPOSED	กไม้ร้อยสร้อยสนสุคนธรสมะล
ตละ	3	ตะ-ละ		COMPOSED	าได้ปะตาตละศรสะท้อนทร
คนรัก	3	คน-รัก		COMPOSED	ตรจักรมีคนรักคอยเหตุทุก
คอยเหตุ	3	คอย-เหด		COMPOSED	รมีคนรักคอยเหตุทุกเขตขัณฑ
ลูบอก	3	ลูบ-อก		COMPOSED	ูปต่างก็ลูบอกว่าน่าสงสั
ข่าวสาร	3	ข่าว-สาน		COMPOSED	อ่าวด้วยข่าวสารถ้าข้าศึกฮ
ประสีประสา	3	ประ-สี-ประ-สา		COMPOSED	ทบถ้อยทีประสีประสาเสียงทหารข
ล่าถอย	3	ล่า-ถอย		COMPOSED	บกล้าไม่ล่าถอยเรือทองคำล
วางมือ	3	วาง-มือ		COMPOSED	นทรีย์พอวางมือรื้อแรงตะแ
ยิงฟัน	3	ยิง-ฟัน		COMPOSED	ได้สิงห์ยิงฟันมันไม่เข้า
สายฝน	3	สาย-ฝน		COMPOSED	คำรนเป็นสายฝนฟุ้งฟ้าลงม
พังทลาย	3	พัง-ทะ-ลาย		COMPOSED	พลาฝรั่งพังทลายทั้งขอบค่า
คิดร้าย	3	คิด-ร้าย		COMPOSED	ษชายเจ้าคิดร้ายลักพาเอามา
ลักพา	3	ลัก-พา		COMPOSED	าคิดร้ายลักพาเอามาไยเข้
ของรัก	3	ของ-รัก		COMPOSED	นถึงข้าวของรักใคร่ก็ไม่ย
ลับแล	3	ลับ-แล		COMPOSED	มสายรายสลับแลระยับฉัตรเ
แก้หน้า	3	แก้-หน้า		COMPOSED	ทรวงระกำแก้หน้าดูฝาเฝืองแ
ถือบวช	3	ถือ-บวด		COMPOSED	ำตาวาวจะถือบวชตรวจน้ำทำน
สาวใหญ่	3	สาว-ใหญ่		COMPOSED	งสงวนนี่สาวใหญ่ได้แต่ดูไม
คิดได้	3	คิด-ได้		COMPOSED	ขอบใจพ่อคิดได้ดียิ่งจริง
คบคิด	3	คบ-คิด		COMPOSED	อังกฤษสมคบคิดคุมพลเที่ย
หมดสิ้น	3	หมด-สิ้น		COMPOSED	ีมีรสไม่หมดสิ้นจะให้กินได
รับใช้	3	รับ-ใช้		COMPOSED	แต่คนสำหรับใช้ด้วยอยู่ใต
รับรัก	3	รับ-รัก		COMPOSED	ับทำยิ้มรับรักใคร่มิได้ห
ผู้น้อย	3	ผู้-น้อย		COMPOSED	าเป็นแต่ผู้น้อยจะคอยฟังแต
ประมาณการ	3	ประ-มาน-กาน		COMPOSED	็ล่วงรู้ประมาณการสงคราม¦อัน
เครื่องสังเวย	3	เครื่อง-สัง-เวย		COMPOSED	้อนเสียงเครื่องสังเวยเคยถวายไว้
ปล่อยแก่	3	ปล่อย-แก่		COMPOSED	จะสงครามปล่อยแก่พอแก้อาย¦อ
ไพล่หลัง	3	ไพล่-หลัง		COMPOSED	ับได้มัดไพล่หลังฝ่ายวิรุญก
ชาติทหาร	3	ชาด-ทะ-หาน		COMPOSED	็ดนาคราชชาติทหารอาวุธแอบแน
แนบกาย	3	แนบ-กาย		COMPOSED	อาวุธแอบแนบกายหลายประการ
เรียงหมอน	3	เรียง-หมอน		COMPOSED	ลี้ยงไว้เรียงหมอนจงโอนอ่อนอ
เจ้าฟ้า	3	เจ้า-ฟ้า		COMPOSED	งเราเป็นเจ้าฟ้าแล้วปรึกษา
แทบตาย	3	แทบ-ตาย		COMPOSED	ตาชายรักแทบตายจะได้ใคร่ด
เสือสมิง	3	เสือ-สะ-มิ-งะ		COMPOSED	ว่าเชื้อเสือสมิงจริงจริงเจ
ชนะสงคราม	3	ชะ-นะ-สง-คราม		COMPOSED	ับปะทะรบชนะสงครามถึงสามหนคร
หยอด	3	หะ-ยอด		COMPOSED	าเอาปรอทหยอดหูไว้ให้ถื
สะเดาะเคราะห์	3	สะ-เดาะ-เคราะ		COMPOSED	งชาตาเสกสะเดาะเคราะห์ร้ายให้คลา
ชีพ	3	ชี-พะ		COMPOSED	ษีฟังสองชีพูดจาต่างว่
ประจวบ	3	ประ-จวบ		COMPOSED	าคิดหมางประจวบเคราะห์เพร
ความในใจ	3	ความ-ใน-ใจ		COMPOSED	ึงทูลถามความในใจจะใคร่รู้พ
มหาสมุทร	3	มะ-หา-สะ-หมุด		COMPOSED	นสิ้นฟ้ามหาสมุทรไม่สิ้นสุด
ห้ามทัพ	3	ห้าม-ทับ		COMPOSED	างเกง¦จะห้ามทัพดับเข็ญไม่
คช	3	คะ-ชะ		COMPOSED	าก็แก่โรคชราหมั่นเข้
จับผิด	3	จับ-ผิด		COMPOSED	บเฝ้าคอยจับผิดพี่ไปทีเดี
สมยอม	3	สม-ยอม		COMPOSED	กซักซ้อมสมยอมกันเถิดเช่
ปล่อยปละ	3	ปล่อย-ปะ-ละ		COMPOSED	หลงใหลจะปล่อยปละละวางเสียอ
ผลัดผ้า	3	ผะ-ลัด-ผ้า		COMPOSED	์หมายรีบผลัดผ้าทาแป้งจัดแ
หน้าผาก	3	หน้า-ผา-กะ		COMPOSED	ววตาเจิมหน้าผากแล้วสีปากจ
ดลบันดาล	3	ดน-บัน-ดาน		COMPOSED	เวทมนตร์ดลบันดาลให้ซาบซ่าน
ตามกำลัง	3	ตาม-กำ-ลัง		COMPOSED	มก็จะหามตามกำลังเชิญพระนั่
บรรดาศักดิ์	3	บัน-ดา-สัก		COMPOSED	อมถดยศถาบรรดาศักดิ์พี่นี้รักแ
กลั้นใจ	3	กลั้น-ใจ		COMPOSED	งนี้ไปจะกลั้นใจตายเสียดอก
สติปัญญา	3	สะ-ติ-ปัน-ยา		COMPOSED	ึงสามวันสติปัญญาเลิศประเสร
อย่างยิ่ง	3	อย่าง-ยิ่ง		COMPOSED	งค์ก็ผิดอย่างยิ่งจะช้ำระกำก
อยู่กับที่	3	อยู่-กับ-ที่		COMPOSED	เขาขอสู่อยู่กับที่จึงมีผัวมิ
ผูกขาด	3	ผูก-ขาด		COMPOSED	ดไฉนหรือผูกขาดมาดหมายไม่
ญาติมิตร	3	ยาด-มิด		COMPOSED	้ขาดทั้งญาติมิตรจะสนิทถนอม
ตัวใหม่	3	ตัว-ใหม่		COMPOSED	อกอภิเษกตัวใหม่ไม่ได้หรือ
เดินป่า	3	เดิน-ป่า		COMPOSED	หกระเหินเดินป่าพนาวันกินเ
สีมา	3	สี-มา		COMPOSED	เรียกมเหสีมานี่เจ้าอาจ
ปลุกเสก	3	ปะ-ลุก-เสก		COMPOSED	จับตาถึงปลุกเสกเลขยันต์ปร
ประกัน	3	ประ-กัน		COMPOSED	เลขยันต์ประกันแก้ไม่ดูแล
สมทรง	3	สม-ทรง		COMPOSED	วนุ่งห่มสมทรงประจงจัดคา
ทุกข์ระทม	3	ทุก-ระ-ทม		COMPOSED	ต้องอาคมทุกข์ระทมทั่วไปทั้ง
ลองใจ	3	ลอง-ใจ		COMPOSED	พี่แกล้งลองใจดอกจะบอกให
ฝากกาย	3	ฝาก-กาย		COMPOSED	งระคายขอฝากกายแก้วตาสุลา
วันหลัง	3	วัน-หลัง		COMPOSED	พบกันอีกวันหลังแล้วบอกกล่
สาสม	3	สา-สม		COMPOSED	่าว่าให้สาสมแต่สู้ขืนก
ทั่วทุกทิศ	3	ทั่ว-ทุก-ทิด		COMPOSED	ำคล้ำมัวทั่วทุกทิศยิ่งมืดมิด
เปลี่ยนแปลง	3	เปลี่ยน-แปลง		COMPOSED	หน่งบ้างเปลี่ยนแปลงเชือกใบเคร
ยิ่งนัก	3	ยิ่ง-นัก		COMPOSED	็นแสนยากยิ่งนักจะรักษาแก้
ยอดรัก	3	ยอด-รัก		COMPOSED	กย่องตอดยอดรักมาซักซ้อมม
เจ้าที่	3	เจ้า-ที่		COMPOSED	่สวนข้าพเจ้าที่จะให้ไปใคร
เข้านอกออกใน	3	เข้า-นอก-ออก-ใน		COMPOSED	อาการพระเข้านอกออกในมิได้หยุดอ
ต้นคอ	3	ต้น-คอ		COMPOSED	อะล้นถึงต้นคอ¦จะได้เกีย
เด็กอ่อน	3	เด็ก-อ่อน		COMPOSED	่ยังเล็กเด็กอ่อนหย่อนปัญญา
พนาลี	3	พะ-นา-ลี		COMPOSED	นดื่นป่าพนาลีแสงอัคคีคบ
เทียนชัย	3	เทียน-ไช		COMPOSED	เรียนจุดเทียนชัยออกชื่อไปก
ทั้งชาติ	3	ทั้ง-ชาด		COMPOSED	ำร้ายกันทั้งชาตินี้มีสุขไม
คนใด	3	คน-ใด		COMPOSED	ตนถ้าแม้คนใดเห็นจะเป็น
ผละ	3	ผะ-ละ		COMPOSED	ปะทะบ้างผละผลักกระชาก
ถือตาม	3	ถือ-ตาม		COMPOSED	อเป็นที่ถือตามอย่างทางบุ
แผ่นภพ	3	แผ่น-ภพ		COMPOSED	คุณเพียงแผ่นภพสบสมัยแม้ช
ครุ่น	3	คะ-รุ่น		COMPOSED	ป่วนครวญครุ่นพึ่งรุ่นรา
เก็บไร	3	เก็บ-ไร		COMPOSED	งสาวใหญ่เก็บไรจุกลูกผู้ด
ค้างคาว	3	ค้าง-คาว		COMPOSED	พทองร้องค้างคาว¦ผู้หญิงดู
ไม่รู้ไม่เห็น	3	ไม่-รู้-ไม่-เห็น		COMPOSED	ว์อยู่ทำไม่รู้ไม่เห็นทำเป็นเฉยท
เขียนทอง	3	เขียน-ทอง		COMPOSED	ยขนงนุ่งเขียนทองจ้องพระหัต
สุดท้าย	3	สุด-ท้าย		COMPOSED	มุทรอยู่สุดท้ายได้เดือนหน
ลำนำ	3	ลำ-นำ		COMPOSED	ใช้¦ร้องลำนำทำนองพระทอ
โดยเสด็จ	3	โดย-สะ-เด็ด		COMPOSED	นำพวกข้าโดยเสด็จไม่เข็ดขาม
ตามทัน	3	ตาม-ทัน		COMPOSED	ู้ความจะตามทัน¦ให้บอกกล่
เป็นประโยชน์	3	เป็น-ประ-โยชน์		COMPOSED	ึ่งจะให้เป็นประโยชน์เที่ยวโปรด
กันเอา	3	กัน-เอา		COMPOSED	งให้ห่างกันเอาการบุญทูลล
ดีฉาน	3	ดี-ฉาน		COMPOSED	จะพูดกับดีฉานประการใด¦ฝ
ผู้รั้ง	3	ผู้-รั้ง		COMPOSED	้ตัวเป็นผู้รั้งเมืองย่อมเ
เข้ากับ	3	เข้า-กับ		COMPOSED	้นแม้นจะเข้ากับเราด้วยจงช
วาสุกรี	3	วา-สุ-กะ-รี		COMPOSED	ันฝันว่าวาสุกรีอันเกรียงไ
ตระลาการ	3	ตะ-ระ-ลา-กาน		COMPOSED	ี้หรือขาตระลาการเมื่อเย็นว
สิ้นคิด	3	สิ้น-คิด		COMPOSED	อบจิตถ้าสิ้นคิดขาดเหลือจะ
พลับพลาไชย	3	พลับ-พลา-ไช		COMPOSED	สด็จหน้าพลับพลาไชยกำนัลในแห่
เบาปัญญา	3	เบา-ปัน-ยา		COMPOSED	้โฉดเขลาเบาปัญญาไม่รู้ว่าเ
เลี้ยวซ้าย	3	เลี้ยว-ซ้าย		COMPOSED	าญหนีไล่เลี้ยวซ้ายขวาได้หลาย
ผู้ผิด	3	ผู้-ผิด		COMPOSED	งหารผลาญผู้ผิดคิดขบถเหตุ
เปิดทาง	3	เปิด-ทาง		COMPOSED	้งแถลงไขเปิดทางทัพรับพระอ
รู้เห็นเป็นใจ	3	รู้-เห็น-เป็น-ใจ		COMPOSED	ดสูแกล้งรู้เห็นเป็นใจทำไม่รู้ให
เป็นโทษ	3	เป็น-โทด		COMPOSED	ร้นควรจะเป็นโทษทั่วทุกตัว
การคน	3	กาน-คน		COMPOSED	รณให้ทันการคนประจำกำปั่
ลอบฆ่า	3	ลอบ-ฆ่า		COMPOSED	ห้คนหลับลอบฆ่าแต่แม่ทัพแ
มีชื่อเสียง	3	มี-ชื่อ-เสียง		COMPOSED	ยดีจะให้มีชื่อเสียงชุบเลี้ยงไ
อุก	3	อุ-กะ		COMPOSED	รานรุกทำอุกอาจมันเกรี
อาตมา	3	อา-ตะ-มา		COMPOSED	ตรญาติแลอาตมาจงตรึกตราต
เป็นคุณ	3	เป็น-คุน		COMPOSED	งจะนานก็เป็นคุณอย่าวุ่นวา
ราชวงศ์	3	ราด-วง		COMPOSED	ก็ควรขาดราชวงศ์เผ่าพงศาสา
ทั้งคืน	3	ทั้ง-คืน		COMPOSED	ตามคลื่นทั้งคืนวัน¦ฝ่ายอง
หลับใน	3	หลับ-ใน		COMPOSED	ทมเคลิ้มหลับในไพรพนมใต้ร
กองทัพเรือ	3	กอง-ทับ-เรือ		COMPOSED	้องรับยกกองทัพเรือเรียงเคียง
มือซ้าย	3	มือ-ซ้าย		COMPOSED	อมีดกรีดมือซ้ายเมื่อมือซ้
เอาเถิด	3	เอา-เถิด		COMPOSED	าว่าเจ้าเอาเถิดแม่ข้าเป็น
หอกซัด	3	หอก-ซัด		COMPOSED	ันทัดถือหอกซัดปืนดาบกำซา
สู่รู้	3	สู่-รู้		COMPOSED	คู่รู้ขอสู่รู้รักสมศักดิ
เนื้อที่	3	เนื้อ-ที่		COMPOSED	ด้นอนแนบเนื้อที่เจือจันทน์
เขตเมือง	3	เขด-เมือง		COMPOSED	เข้าแขวงเขตเมืองเศรษฐีจึ่ง
ช่างมัน	3	ช่าง-มัน		COMPOSED	นระวังก็ช่างมัน¦เห็นพระวล
เศร้าสลด	3	เส้า-สะ-ลด		COMPOSED	ำร่ำเล่าเศร้าสลดซบกำสรดโศก
ถึงแม้น	3	ถึง-แม้น		COMPOSED	าพาราไว้ถึงแม้นว่าข้าศึกจ
ใจถึง	3	ใจ-ถึง		COMPOSED	อย่าหมองใจถึงร้อยครั้งพ
รูปกาย	3	รูบ-กาย		COMPOSED	ทพารักษ์รูปกายก็หายไป¦เข
ถือสา	3	ถือ-สา		COMPOSED	¦ฝ่ายผู้ถือสารทูลลากลับ
พานรินทร์	3	พา-นะ-ริน		COMPOSED	ลังคารูปพานรินทร์ท้าวกบิลเค
เจ้าบ้าน	3	เจ้า-บ้าน		COMPOSED	งามยศอันเจ้าบ้านผ่านเมืองม
ข้าวกล้า	3	ข้าว-กล้า		COMPOSED	ไร่นาต้นข้าวกล้าสาลียังมีพ
ครรไลหงส์	3	คัน-ไล-หง		COMPOSED	าถหน่อไทครรไลหงส์แผ่นสุธากา
หมู่ญาติ	3	หมู่-ยาด		COMPOSED	พิฆาตจับหมู่ญาติแก้แค้นให้
ตกรอบ	3	ตก-รอบ		COMPOSED	ป็นฝอยฝนตกรอบขอบสิงขรฟ้
ระดู	3	ระ-ดู		COMPOSED	้งคงถูกกระดูกเหลวปัญญา
กลิ่นอาย	3	กลิ่น-อาย		COMPOSED	สบายด้วยกลิ่นอายเกสรขจรมาแ
ขนอน	3	ขะ-นอน		COMPOSED	รทุกด่านขนอนครั้นสั่งเ
มีอำนาจ	3	มี-อำ-นาด		COMPOSED	จรใจฉกาจมีอำนาจถือดีไม่มี
พรหมพักตร์	3	พร-หะ-มะ-พัก		COMPOSED	่ายนิกรมพรหมพักตร์ลุกจากห้อง
ตาโพลง	3	ตา-โพลง		COMPOSED	ว้านัยน์ตาโพลงจับเรือโคล
คนโกง	3	คน-โก-งะ		COMPOSED	ฆราชชาติคนโกงสอนให้เราเ
ผ้าอ้อม	3	ผ้า-อ้อม		COMPOSED	ดเปลทั้งผ้าอ้อมน้อยใหญ่ส่
นุง	3	นุ-งะ		COMPOSED	รั้ววิ่งนุงออกยุ่งเก๋
ชนวน	3	ชะ-นะ-วน		COMPOSED	อนหินดินชนวนเมื่อเรือจ
ทำฤทธิ์	3	ทำ-ริด		COMPOSED	เสื้อน้ำทำฤทธิ์ติดตามมาเส
นมสวรรค์	3	นม-สะ-หวัน	syllable count differs (ssg 2 vs w2p 3)	REVIEW	แกมสุกรมนมสวรรค์มะลิวัลย์ม
ขนมผิง	3	ขะ-หนม-ผิง	syllable count differs (ssg 2 vs w2p 3)	REVIEW	เหล้าส้มขนมผิงอีกเป็ดไก่
ขุมนรก	3	ขุม-นะ-รก	syllable count differs (ssg 2 vs w2p 3)	REVIEW	จะไปห้ามขุมนรกไม่ตกเลย¦เ
ตะโหงก	3	ตะ-โหงก	ssg splits more than override (3 vs 2)	REVIEW	ชฌาสัยจำตะโหงกมันหวาพาเอ
นอนหงาย	3	นอง-หงาย	sound mismatch @1 (นอน vs นอง)	REVIEW	อ้ายเฒ่านอนหงายสบายดีพระภ
บุษบก	3	บุด-สะ-บก	syllable count differs (ssg 2 vs w2p 3)	REVIEW	กพระแท่นบุษบกกระหนกทองป
ฤทธา	3	ริด-ทา	sound mismatch @1 (ฤท vs ริด)	REVIEW	ีวิตด้วยฤทธายิ่งแกล้วก
อพยพ	3	อบ-พะ-ยบ	syllable count differs (ssg 2 vs w2p 3)	REVIEW	ปรารภคิดอพยพที่จะไปในส
อลงกต	3	อะ-ลง-กด	syllable count differs (ssg 2 vs w2p 3)	REVIEW	ฬามาบนรถอลงกตแก้วกระจ่า
ครก	2	ครก		SKIP	อกเอาใส่ครกสับคั่วเช่
หมูแนม	2	หมู-แนม		SKIP	ป็ดแกล้มหมูแนมญวนกินจนเม
สุมทุม	2	สุม-ทุม		SKIP	ุมนุมแอบสุมทุมภาวนามหามน
ฝอน	2	ฝอน		SKIP	รร้อนให้ฝอนเย็นการที่
จุล	2	จุล		SKIP	อย่างจอมจุลจักรมีศักด
ล่ำ	2	ล่ำ		SKIP	วกปัสวะหล่ำงามนักหนาส
โง	2	โง		SKIP	ร่นายไม่โงหัวออกรบสล
นิ่งอึ้ง	2	นิ่ง-อึ้ง		SKIP	รีสุวรรณนิ่งอึ้งตะลึงตะไลต
คันเบ็ด	2	คัน-เบ็ด		SKIP	ลาลัยถือคันเบ็ดมีสายสะพาย
สายสะพาย	2	สาย-สะ-พาย		SKIP	ันเบ็ดมีสายสะพายข้องเที่ยว
เบ็ด	2	เบ็ด		SKIP	ัยถือคันเบ็ดมีสายสะพาย
มาตย์จง	2	มาด-จง		SKIP	สวกาพฤฒามาตย์จงแผ้วกวาดจั
กินอยู่พูวาย	2	กิน-อยู่-พู-วาย		SKIP	่ในธารมากินอยู่พูวายในคงคาหุงข
ทาก	2	ทาก		SKIP	อยแต่หอยทากยังเอาปากเ
มดึงส์	2	มะ-ดึง		SKIP	างธรรมสำมดึงส์จำจะต้องไป
งั่น	2	งั่น		SKIP	วันสูงชะงั่นเป็นชะง่อน
รวก	2	รว-ก	1-char syllable @2 (ก)	REVIEW	ซอกผาไม้รวกรากฝากหินก
กระทา	2	กระ-ทา		SKIP	โลกเลียบกระทาเหยียบกิ่ง
ยงคุ์	2	ยง		SKIP	ค้าดงประยงคุ์แย้มแกมเกส
กระแต	2	กระ-แต		SKIP	งกระต่ายกระแตตุ่นอ้นเที
อมเรศ	2	อม-เรศ		SKIP	ดหมางจึงอมเรศสาปซ้ำไว้ต
เจ็คบ	2	เจ็บ		SKIP	ไม่มีภัยเจ็คบปวดทุกหมวด
ฟาน	2	ฟาน		SKIP	ษดงกระจงฟานร้องประสาน
อารัญ	2	อา-รัญ		SKIP	งลังกาไปอารัญจึ่งรบกันไ
ก้อ	2	ก้อ		SKIP	ช่ที¦เอาก้อนหินศิลาลง
คนป่วย	2	คน-ป่วย		SKIP	้นจับเอาคนป่วยเจ็บเก็บเอ
ไม	2	ไม		SKIP	อนกลับไปไม่ได้ดั่งใจ
พิกัด	2	พิ-กัด		SKIP	ังหวัดมาพิกัดพูดไม่เก้อ
เออะ	2	เอ-อะ		SKIP	๋อเจ๊อะสเออะดวง¦ให้พวก
อยู่ยืด	2	อยู่-ยืด		SKIP	มิให้มึงอยู่ยืดสืบพืชพันธ
พืชพันธุ์	2	พืด-พัน		SKIP	ู่ยืดสืบพืชพันธุ์ในเขตคันพา
อิทธิ์ฤ	2	อิด-ริ		SKIP	อด้านอวดอิทธิ์ฤทธิไกร¦ศาส
ไม้กางเขน	2	ไม้-กาง-เขน		SKIP	ปก่ายเกยไม้กางเขนก็เห็นความ
อิดโรย	2	อิด-โรย		SKIP	ยาพิษให้อิดโรยพอลมโชยอ่อ
ทุน	2	ทุน		SKIP	ักเปลืองทุนไม่มีคุณมี
เสือโคร่ง	2	เสือ-โคร่ง		SKIP	สื้อหนังเสือโคร่งเหมือนผีโป
ริมหาด	2	ริ-มหาด		SKIP	วะเข้าไปริมหาดปรารถนาจะเ
เนื้อสด	2	เนื้อ-สด		SKIP	าหมดทั้งเนื้อสดไก่ด้มขนมผ
ทิศพายัพ	2	ทิศ-พา-ยัพ		SKIP	้งขึ้นในทิศพายัพจับคงคาต้น
ไค	2	ไค		SKIP	้ารีบคลาไคลตามออกไปถ
แฟบ	2	แฟบ		SKIP	เขาไฟจับแฟบยืนแอบตัว¦
เม่า	2	เม่า		SKIP	้นจับแมงเม่าพลางเคล้าค
สุหร่าย	2	สุ-หร่าย		SKIP	รงชลเต้าสุหร่ายสายรินกลิ่
ภูษิต	2	ภู-ษิต		SKIP	ีสองครองภูษิตสำรวมกิจยุ
แต้ว	2	แต้ว		SKIP	ียงมะตูมแต้วแก้วเกดพิก
ขวาด	2	ขวาด		SKIP	ะยอมขวิดขวาดมะหาดเหียง
มะหาด	2	มะ-หาด		SKIP	ขวิดขวาดมะหาดเหียงโศกมะ
เหียง	2	เหียง		SKIP	วาดมะหาดเหียงโศกมะสังยา
สะคร้อ	2	สะ-คร้อ		SKIP	มะสังยางสะคร้อสมอเรียงตะ
มะพร้าวอ่อน	2	มะ-พร้าว-อ่อน		SKIP	ลั่นเกสรมะพร้าวอ่อนจัดแจงแต่ง
อุทุมพร	2	อุ-ทุม-พร		SKIP	นพระแท่นอุทุมพรเหมือนก่อน
บุษย์น้ำทอง	2	บุด-น้าม-ทอง	sound mismatch @2 (น้ำ vs น้าม)	FIXED	มหามงกุฎบุษย์น้ำทอง¦ประโรหิตจ
คะแนน	2	คะ-แนน		SKIP	นแว่นพลูคะแนนนับที่คัมภ
ราย์	2	ราย		SKIP	มกันอันตราย์สถาวรเมื่อ
เกลือกกลั้ว	2	เกลือก-กลั้ว		SKIP	กลิ่นขจรเกลือกกลั้วดอกบัวหลวง
เมือก	2	เมือก		SKIP	เหมือนตกเมือกจมลงในสงสา
ด้าย	2	ด้าย		SKIP	ลเม็ดฝังด้ายเพชรเพราพล
เตร่	2	เตร่		SKIP	่ยวเตร็จเตร่เสาะแสวงทุ
ส่วย	2	ส่วย		SKIP	มืองขึ้นส่วยสาให้อาจาร
โลภมาก	2	โลภ-มาก		SKIP	แกเป็นคนโลภมากอยากข้างดี
ขบขัน	2	ขบ-ขัน		SKIP	คร่พบพูดขบขันจึงตรัสเรี
สัญชาติ	2	สัญ-ชาติ		SKIP	ะหวาดไหวสัญชาติโกงโฉงเฉงไ
เป็นระเบียบ	2	เป็น-ระ-เบียบ		SKIP	โต๊ะตั้งเป็นระเบียบดูเรียบเรี
ไข่ต้ม	2	ไข่-ต้ม		SKIP	ูไก่ทั้งไข่ต้มเอาน้ำส้มร
แจว	2	แจว		SKIP	ทหารเสือแจวไวไปทะเลคร
อู	2	อู		SKIP	คล้ายกับอูฐลากรถชะงด
ครั่นตัว	2	ครั่น-ตัว		SKIP	ด้วยป่วยครั่นตัวไปหลายสถาน
เร่อ	2	เร่อ		SKIP	่นเอาหลงเร่อไปไม่ได้กา
กำจาย	2	กำ-จาย		SKIP	่งเอารากกำจายหิงหายป่าก
หิง	2	หิง		SKIP	กล¦ฝ่ายมหิงขสิงขรเทวบ
ปัฏิ	2	ปัด		SKIP	สัตว์แรกปัฏิสนธิ์ทั้งเ
แปรไป	2	แปร-ไป		SKIP	วยแก้ให้แปรไป¦พิษยาแฝดก
ด้ายสายสิญจน์	2	ด้าย-สาย-สิน		SKIP	ญแล้วเสกด้ายสายสิญจน์ให้สวมไว้ไ
จำกัด	2	จำ-กัด		SKIP	สัตว์ไม่จำกัดห้ามปรามตา
ปลั้ว	2	ปลั้ว		SKIP	่เค้ามูลปลั้วเปลี้ยก็เส
สูบน้ำ	2	สูบ-น้าม	sound mismatch @2 (น้ำ vs น้าม)	FIXED	ครึกโครมสูบน้ำร่ำขึ้นไป¦
แคม	2	แคม		SKIP	เรือแคลงแคมปรุทะลุทลา
รื้อถอน	2	รื้อ-ถอน		SKIP	ถึงจะคิดรื้อถอนก้อนศิลาชา
หวี่	2	หวี่		SKIP	คง¦เสียงหวี่หวู่อู้ไปเ
ย่อหย่อน	2	ย่อ-หย่อน		SKIP	าพลากรดูย่อหย่อนตายกลาดดาษ
จ้างวาน	2	จ้าง-วาน		SKIP	โหฬารใครจ้างวานก็ไม่ไปให้
รวมกัน	2	รวม-กัน		SKIP	บวนเสร็จรวมกันถึงพันสองพ
ถัมถ์	2	ถัม		SKIP	วยชุบอุปถัมถ์แล้วตรัสสั
เท็จจริง	2	เท็จ-จริง		SKIP	เข้าหูจะเท็จจริงอย่างไรจะใ
เชียว	2	เชียว		SKIP	ยาถึงน้ำเชียวชักใบขึ้นใ
โมหันธ์	2	โมหัน		SKIP	่าตอบโต้โมหันธ์ดันทุรังอุ
คำนวณ	2	คำ-นวณ		SKIP	น่ดังยังคำนวณจึงประมวลท
พุธ	2	พุธ		SKIP	ม่แปรผันพุธกับจันทร์ร
มูลเหตุ	2	มูล-เหตุ		SKIP	ปกราบทูลมูลเหตุท้าวโกสัยเ
โฉด	2	โฉด		SKIP	ทษอ้ายคนโฉดเฉโกพวกโมห
สำนึก	2	สำ-นึก		SKIP	ม่รู้สึกสำนึกตัว¦พระจอม
ปร๋อ	2	ปร๋อ		SKIP	่อไรคงไปปร๋อจะอยู่ด้วย
โชยชาย	2	โชย-ชาย		SKIP	ยเมื่อลมโชยชายเขาจะเป่าไ
มุม	2	มุม		SKIP	อกปราการมุมทหารปืนใหญ
รวบรวม	2	รวบ-รวม		SKIP	พร่นายมารวบรวมโยธาได้ห้า
วิ่งราว	2	วิ่ง-ราว		SKIP	ณยังวุ่นวิ่งราวกันลิงรบสู
ดก	2	ดก		SKIP	คดจะแทนทดกันสิหวาให้
สยอน	2	สะ-หยอน		SKIP	ทั้งฝนคนสยอนต้องกลับพว
กลั้วคอ	2	กลั้ว-คอ		SKIP	นยถั่วพอกลั้วคอ¦ทั้งฝนฟ้า
วาตม์	2	วาด		SKIP	ม้วยชีวาวาตม์ให้เคลื่อน
แผัว	2	แผ่ว		SKIP	้วจงผ่องแผัวรีบไปดั่งใ
ไท้	2	ไท้		SKIP	นบพระคุณไท้นั่นใหญ่หล
ล้	2	ล้		SKIP	ฝนตกหนาวล้นเหลือทนทา
เว้า	2	เว้า		SKIP	เป็นวุ้งเว้าดั่งมหาชลา
เซ็ง	2	เซ็ง		SKIP	นพลขันธ์เซ็งแซ่แลไสวท้
สัด	2	สัด		SKIP	างสาวสาวสัดทัดให้ขัดส
ถ้วยชาม	2	ถ้วย-ชาม		SKIP	ีเครื่องถ้วยชามน้ำทองของท
พิกัน	2	พิ-กัน		SKIP	พันพิกุลพิกันกันเกราะสะ
สรรพ์หก	2	สับ-หก		SKIP	งทุกสิ่งสรรพ์หกกษัตริย์กร
ยำเยง	2	ยำ-เยง		SKIP	็นที่รักยำเยงทั้งเกรงขา
จีบปาก	2	จีบ-ปาก		SKIP	าอ้ายกากจีบปากพูดนั่งแต่
ตันหยง	2	ตัน-หยง		SKIP	¦พวงอุบะตันหยงมาส่งให้แล
เทียมฟ้า	2	เทียม-ฟ้า		SKIP	ะคุณเท่าเทียมฟ้าจะหาไหนท่า
พะวักพะวน	2	พะ-วัก-พะ-วน		SKIP	ค้อนควักพะวักพะวน¦เพราะมารย
ไช	2	ไช		SKIP	ดสาครหัสไชยตื่นไสยาส
อวบอ้วน	2	อวบ-อ้วน		SKIP	ังเต่งสดอวบอ้วนนวลฉวีเสีย
กระชับ	2	กระ-ชับ		SKIP	ายติดกับกระชับกระชวนเปรี
ตะบิด	2	ตะ-บิด		SKIP	ตาโถงผ้าตะบิดโพกปิดหูตะ
โสกันต์	2	โส-กัน		SKIP	สามวันก็โสกันต์พระบุตรีฉว
นุ่น	2	นุ่น		SKIP	ิงราวกับนุ่นอุ่นอุรา¦แ
เหลือเฟือ	2	เหลือ-เฟือ		SKIP	เกลือให้เหลือเฟือขนไปใส่เภต
วิจิตร	2	วิ-จิตร		SKIP	ทรงภูษิตวิจิตรพรายทั้งสอ
อิทธิ	2	อิท-ธิ		SKIP	อด้านอวดอิทธิ์ฤทธิไกร¦ศ
กำลังวังชา	2	กำ-ลัง-วัง-ชา		SKIP	ปในวนถึงกำลังวังชาม้าตัวนี้แ
ฉายเฉิด	2	ฉาย-เฉิด		SKIP	รรณรายดูฉายเฉิดงามประเสริ
กลางหาว	2	กลาง-หาว		SKIP	เหินอยู่กลางหาวกระสาสาวส่
โมรี	2	โม-รี		SKIP	หว่าเดินโมรีเหินฝูงหงส
ค้อนหอย	2	ค้อน-หอย		SKIP	วต้อยฝูงค้อนหอยเป็นหงส์ลง
คับคา	2	คับ-คา		SKIP	ตะขาบฝูงคับคา¦นกกระเต็น
รำแพน	2	รำ-แพน		SKIP	ศจับร้องรำแพนหางกาสล้าง
ขี้ตา	2	ขี้-ตา		SKIP	หน้าควักขี้ตามองดูร่ำแล
ระรวย	2	ระ-รวย		SKIP	าพระดาบสระรวยรสเปรียบเห
น้ำมูก	2	น้าม-มูก	sound mismatch @1 (น้ำ vs น้าม)	FIXED	ลูกกลั้นน้ำมูกน้ำตาสีกาเ
ร้องห่ม	2	ร้อง-ห่ม		SKIP	าร้องไห้ร้องห่มค่อยชมเชยใ
ดาวเด่น	2	ดาว-เด่น		SKIP	าวดังดวงดาวเด่นกระจ่างอยู
มล	2	ม-ล	1-char syllable @1 (ม);1-char syllable @2 (ล)	REVIEW	กโครมพอลมล่องกองยาพา
อุษาโยค	2	อุ-ษา-โยค		SKIP	มตามโฉลกอุษาโยคยามจันทร์เ
งอบ	2	งอบ		SKIP	าญใจ¦บ้างอบน้ำทำจันทน
ส้มโอ	2	ส้ม-โอ		SKIP	โตเปลือกส้มโอแช่อิ่มทับ
แช่อิ่ม	2	แช่-อิ่ม		SKIP	ือกส้มโอแช่อิ่มทับทิมพลับ
ทะนน	2	ทะ-นน		SKIP	ขัดสนเอาทะนนน้อยใหญ่ไป
จ้ำจี้	2	จ้ำ-จี้		SKIP	ะอื้นร่ำจ้ำจี้พิรี้พิไรร
ดอกเบี้ย	2	ดอก-เบี้ย		SKIP	่ได้ทั้งดอกเบี้ยน่าเสียดาย
เขิง	2	เขิง		SKIP	รกแซมที่เขิงเขาแก้วเก็
ตกต่ำ	2	ตก-ต่ำ		SKIP	ระสุริยาตกต่ำลงค่ำคืนเส
จอง	2	จอง		SKIP	่างพูดจาจองหองจะลองดู
โร่	2	โร่		SKIP	จร้องไห้โร่เสียงโฮโฮต
ตุ	2	ตุ		SKIP	ผิดเพศเหตุไรไฉนหนอมา
หน้าเซียว	2	หน้า-เซียว		SKIP	ลียวทั้งหน้าเซียวตัวสั่นพรั
ถ่อย	2	ถ่อย		SKIP	ยทุดอ้ายถ่อยเต็มระยำอ้
เมืองนรก	2	เมือง-นะ-รก	syllable count differs (ssg 2 vs w2p 3)	REVIEW	ปิดประตูเมืองนรกไม่ตกเลย¦ไ
ร่มรื่น	2	ร่ม-รื่น		SKIP	้าป่ารังร่มรื่นชื่นสำราญ¦
อินทร์	2	อิน		SKIP	ทรงศอลอออินทร์เหมือนกินร
นิช	2	นิช		SKIP	ลงคลานชำนิชำนาญเรื่อง
วาณิช	2	วา-ณิช		SKIP	ลูกค้าแลวาณิชสำราญจิตหม
เสื่อมสูญ	2	เสื่อม-สูญ		SKIP	ตระกูลจะเสื่อมสูญศักดิ์ไปไม
ยางยูง	2	ยาง-ยูง		SKIP	ดงเถื่อนยางยูงสูงไสวเดิน
ทองม้วน	2	ทอง-ม้วน		SKIP	การลงลานทองม้วนใส่กล่องลง
ไพ	2	ไพ		SKIP	ะไทยเป็นไพรี¦พลางเข้
ชนต์	2	ชน		SKIP	ัยทั้งไพชนต์เขตตำบลก็ส
เป็นปึกแผ่น	2	เป็น-ปึก-แผ่น		SKIP	้หนาแน่นเป็นปึกแผ่นภิญโญสโมสร
นายเวร	2	นาย-เวร		SKIP	เกณฑ์จัดนายเวรขุนหมื่นพื
บด	2	บด		SKIP	วงเข้าจับดวงจิตออกกร
จ้องมอง	2	จ้อง-มอง		SKIP	ือปืนยืนจ้องมองคะเนทางทะเ
ขบฉัน	2	ขบ-ฉัน		SKIP	งถวายให้ขบฉันวันละสองเว
โภช	2	โภช		SKIP	ระยาสุธาโภชน์ด้วยมาโน
เข	2	เข		SKIP	้งคอยฟังเขาแต่ตัวท่า
อู้อี้	2	อู้-อี้		SKIP	ารีเสียงอู้อี้ดื่มน้ำร่ำ
สุริเยศ	2	สุ-ริ-เยศ		SKIP	างแสงพระสุริเยศพระลืมเนตร
เสือป่าแมวเซา	2	เสือ-ป่า-แมว-เซา		SKIP	กลาหลกองเสือป่าแมวเซาจัดเอาคนอ้
ห้วยหนอง	2	ห้วย-หนอง		SKIP	กกรวยตามห้วยหนองประทับร้อน
ปลอมปน	2	ปลอม-ปน		SKIP	สิบคนให้ปลอมปนลัดแลงเที่
โอบล้อม	2	โอบ-ล้อม		SKIP	ตั้งค่ายโอบล้อมเข้าล้อมหล
เลือกคัด	2	เลือก-คัด		SKIP	วัสดิ์แกเลือกคัดไว้เป็นหมู
น้ำทิพย์	2	น้ำ-ทิบ		SKIP	่พล¦ดั่งน้ำทิพย์ธารามาโสรจ
ถอยร่น	2	ถอย-ร่น		SKIP	ประจญใครถอยร่นลงมาเสนานา
คเชนทร์	2	คะ-เชน		SKIP	อยู่บนคอคเชนทร์พลายเธอมุ่
ลัช	2	ลัช		SKIP	นเข้าเขตลัชวีบุรีรัตน
ขจาย	2	ขะ-จาย		SKIP	ากฏยศไกรขจายจรดัสกรทุก
อ้อมค้อม	2	อ้อม-ค้อม		SKIP	็นแยบคายอ้อมค้อมไม่ยอมตัวล
เคี่ยว	2	เคี่ยว		SKIP	้ยวจะขับเคี่ยวเชิงวิวาทอ
ชุมพล	2	ชุม-พล		SKIP	่วสุมประชุมพลให้ขึ้นบนห
พนาสณฑ์	2	พะ-นา-สน		SKIP	องชายป่าพนาสณฑ์กับธงแพรต่
วิสสุกรรม	2	วิส-สุ-กรรม		SKIP	ไทแปดทิศวิสสุกรรม¦แกทูลเสร็
ชัฏ	2	ชัฏ		SKIP	ึงชายป่าชัฏสงัดคน¦ขุน
ด้านหน้า	2	ด้าน-หน้า		SKIP	บทหารออกด้านหน้าชาวเมืองฆ่
ครอบครัว	2	ครอบ-ครัว		SKIP	้ตัวทั้งครอบครัวจำส่งรีบลง
ก้นครัว	2	ก้น-ครัว		SKIP	ะข้าวตังก้นครัวมั่วโทโสหร
ตอน	2	ตอน		SKIP	์ลำดวนดงตอนมาใส่ในกระ
บ่าง	2	บ่าง		SKIP	รอดชีวังบ่างก็นั่งบ่นพ
ผนวช	2	ผะ-หนวด	syllable count differs (ssg 1 vs w2p 2)	REVIEW	รอดตายจะผนวชบวชเป็นเถร
เทพา	2	เท-พา		SKIP	าถอภิวาทเทพารักษ์ลักษม
หุ่นจีน	2	หุ่น-จีน		SKIP	อญรำทั้งหุ่นจีนหุ่นไทยหลา
นางสะ	2	นาง-สะ		SKIP	เจ้าท้าวนางสะพรั่งพร้อม
พรวดพราด	2	พรวด-พราด		SKIP	นลุยโคลนพรวดพราดพลาดถลำขาว
สีแสด	2	สี-แสด		SKIP	ก่แรดห่มสีแสดลอยหน้าจะห
จ้อย	2	จ้อย		SKIP	้นเหลืองจ้อยคล้ายหอยขม
ดวงกมล	2	ดวง-กะ-มน	syllable count differs (ssg 2 vs w2p 3)	REVIEW	ี่ในทรวงดวงกมล¦พระพักตร์
เสมียนตรา	2	สะ-เหมียน-รา	sound mismatch @1 (เสมี vs สะ);sound mismatch @2 (ยน vs เหมียน)	REVIEW	ห้กรมท่าเสมียนตรารับมาอ่านแ
ครุย	2	ครุย		SKIP	งชั้นนอกครุยตามกันไปใน
เออออ	2	เออ-ออ		SKIP	อหลงเล่อเออออข้าขอตัวเร
ข่ม	2	ข่ม		SKIP	หยาบหยามข่มเหงไม่เกรง
วัย	2	วัย		SKIP	มนางทรามวัย¦ฉันทูลเปร
วัตร	2	วัตร		SKIP	กเสนาสารวัตรเร่งจัดการ
สีฝุ่น	2	สี-ฝุ่น		SKIP	ครื่องทาสีฝุ่นชาดกระดาษท
ฎีกา	2	ฎี-กา		SKIP	แม่กองทำฎีกามาเอาไป¦ทั
เปี้ยว	2	เปี้ยว		SKIP	ฉาทั้งปูเปี้ยวหอยแครงเหล
พริ้งเพรา	2	พริ้ง-เพรา		SKIP	ญิงอีนี่พริ้งเพราเพริศดูเฉิ
ถึ่ง	2	ถึ่ง		SKIP	ีดิ์เปรมถึ่งที่สรงทรงพ
เอาเยี่ยง	2	เอา-เยี่ยง		SKIP	นลามอย่าเอาเยี่ยงหญิงกากปาก
ศี	2	ศี		SKIP	เกยช้อนเศียรแล้วรับข
เฟื่องฟู	2	เฟื่อง-ฟู		SKIP	เทืองไม่เฟื่องฟูสีหรุบหรู่
แบบอย่าง	2	แบบ-อย่าง		SKIP	สบายเป็นแบบอย่างมาแต่ครั้ง
สามก๊ก	2	สาม-ก๊ก		SKIP	้งเรื่องสามก๊กอาจารย์ฮกห
ฮก	2	ฮก		SKIP	กอาจารย์ฮกหลงกล่าวเล
ใบปลิว	2	ใบ-ปลิว		SKIP	ณลมก็กินใบปลิวธงทิวไหวนา
ใจหวิว	2	ใจ-หวิว		SKIP	ไอทั้งอกใจหวิวอ่อนหย่อนก
พริ้งเพริศ	2	พริ้ง-เพริศ		SKIP	นื้อหน่อพริ้งเพริศดูเฉิดฉินพ
โอดครวญ	2	โอด-ครวญ		SKIP	ญจวนค่อยโอดครวญกับย่าเจ้า
มึนเมา	2	มึน-เมา		SKIP	ำแพง¦ที่มึนเมาหาวนอนร้อน
กุกกัก	2	กุก-กัก		SKIP	จุกเสียงกุกกักไม่อาจทักต
ทุเลา	2	ทุ-เลา		SKIP	กล้าโปรดทุเลาอย่าเพ่อวุ
สำบัดสำนวน	2	สำ-บัด-สำ-นวน		SKIP	ในกระบวนสำบัดสำนวนลูบไล้ได้ห
ปลิ้นปลอก	2	ปลิ้น-ปลอก		SKIP	นหลอกการปลิ้นปลอกสารพัดไม่ข
แมว	2	แมว		SKIP	งเสือป่าแมวเซาจัดเอาค
วิฬาร์	2	วิ-ลา		SKIP	างแมวหมาวิฬาร์หนูครุฑนาม
แถ	2	แถ		SKIP	จึ่งแจ้งแถลงไปแกตบอก
เลก็บ่าย	2	เล็ก-บ่าย	ssg splits more than override (3 vs 2)	REVIEW	นาญการทะเลก็บ่ายเภตราตามข้
เทือกเถา	2	เทือก-เถา		SKIP	เฒ่าด้วยเทือกเถาแกเป็นศิษย
ชงโค	2	ชง-โค		SKIP	ุลกาญจน์ชงโคโยทะกามะลุ
ค้าว	2	ค้าว		SKIP	จรต้นคัดค้าวสาวหยุดแลพ
ค้ำจุน	2	ค้ำ-จุน		SKIP	าช่วยส่งค้ำจุนเถิดทูนหัว
ยำเกรง	2	ยำ-เกรง		SKIP	นธรรมควรยำเกรงไม่ข่มเหงเ
ขลุ่ย	2	ขลุ่ย		SKIP	ับปี่โทนขลุ่ยรำมะนา¦พวก
แดดิ้น	2	แด-ดิ้น		SKIP	อาดูรโดยแดดิ้นถวิลหาเมื่
อายัน	2	อา-ยัน		SKIP	ตาปาเป็นอายัน¦ไม่พานพบย
จาระไน	2	จา-ระ-ไน		SKIP	ก็บเอามาจาระไน¦ถ้วนกำหนด
ตะแบก	2	ตะ-แบก		SKIP	้อนดำน้ำตะแบกร้าวเป็นแส
แสก	2	แสก		SKIP	ร้าวเป็นแสกแซมมณีล้วน
ลวดลาย	2	ลวด-ลาย		SKIP	พรายเป็นลวดลายราวกับเขีย
ลินจง	2	ลิน-จง		SKIP	านหินต้นลินจงบุษบงบัวผั
สันตะวา	2	สัน-ตะ-วา		SKIP	บงบัวผันสันตะวา¦มีน้ำพุดุ
ก้ามกุ้ง	2	ก้าม-กุ้ง		SKIP	นสันตะวาก้ามกุ้งแกมแซมแทรก
ชะโด	2	ชะ-โด		SKIP	อ่อนช่อนชะโดทั้งดุกด้อ
ด้อง	2	ด้อง		SKIP	ดทั้งดุกด้องตะเพียนทอง
ลิ้นจี่	2	ลิ้น-จี่		SKIP	รภี¦ทั้งลิ้นจี่สีแดงดั่งแ
อมาตย์	2	อะ-หมาด		SKIP	อาสน์พวกอมาตย์หลับกลิ้งร
ขี้ไคล	2	ขี้-ไคล		SKIP	อหนังรังขี้ไคลทั้งสูงใหญ
ม่ำม่ำ	2	ม่ำ-ม่ำ		SKIP	ยวเคี้ยวม่ำม่ำกุ้งกับไข่
ไข่ไก่	2	ไข่-ไก่		SKIP	ำกุ้งกับไข่ไก่พะแนงแกงต้
เปิบ	2	เปิบ		SKIP	ินก็เติบเปิบคำล้วนโตโต
โก๋	2	โก๋		SKIP	วยส้มขนมโก๋ครั้นกินอิ
รวงข้าว	2	รวง-ข้าว		SKIP	งเขาเห็นรวงข้าวขาวค้อมหอม
ข้าวโพด	2	ข้าว-โพด		SKIP	เขาโขดมีข้าวโพดข้าวเจ้าแล
ข้าวฟ่าง	2	ข้าว-ฟ่าง		SKIP	าวเจ้าแลข้าวฟ่างทั้งข้าวเห
สาแหรก	2	สา-แหรก		SKIP	หาคานคอนสาแหรกบ้างแบกหาม
เถา	2	เถา		SKIP	ข้าไปเอาเถาวัลย์คอยพั
มะรืน	2	มะ-รืน		SKIP	งเสนาว่ามะรืนเร่งจัดปืน
เดรัจฉาน	2	เด-รัจ-ฉาน		SKIP	ัตว์เกเรเดรัจฉานยังเที่ยวค
แรกเริ่มเดิมที	2	แรก-เริ่ม-เดิม-ที		SKIP	าษดาด้วยแรกเริ่มเดิมทีมีแต่ครั้ง
โหล	2	โหลด		SKIP	องสักสองโหลลูกโตโตดิน
ดิรัจฉาน	2	ดิ-รัจ-ฉาน		SKIP	จะพ้นเพศดิรัจฉานสำราญรมย์¦
กุฎา	2	กุ-ฎา		SKIP	รงศีลจากกุฎามาหาหลานปร
กุฏิ์พอ	2	กุด-พอ		SKIP	นักพักในกุฏิ์พอยั้งหยุดนั
เก้กัง	2	เก้-กัง		SKIP	เท้าก้าวเก้กังลงมายังที่
ฟังเทศน์	2	ฟัง-เทด		SKIP	ระชินศรีฟังเทศน์ธรรม์ท่านเ
มาตุ	2	มา-ตุ		SKIP	อเชิญบาทมาตุรงค์มาทรงศ
เลื่อนเปื้อน	2	เลื่อน-เปื้อน		SKIP	ชเชือนทำเลื่อนเปื้อนเห็นใจไม่ไ
อทินนาทานา	2	อะ-ทิน-นา-ทา-นา		SKIP	ย่าฆ่าตีอทินนาทานาว่าด้วยทรั
ละเว้น	2	ละ-เว้น		SKIP	ารมณ์พึงละเว้นอย่าให้เป็
เล่นงาน	2	เล่น-งาน		SKIP	เที่ยวดูเล่นงานใหญ่ที่ในว
แหว	2	แหว		SKIP	งสมรแล้วแหวกว่ายสาคโร
ถด	2	ถด		SKIP	สพลางกระถดผินหลังเอา
เปี่ยม	2	เปี่ยม		SKIP	ำตาปริ่มเปี่ยมตามารศรีสะ
เปลือกไม้	2	เปลือก-ไม้		SKIP	กรองครองเปลือกไม้มากราบไหว้
ผลาหาร	2	ผะ-ลา-หาน	syllable count differs (ssg 2 vs w2p 3)	REVIEW	าตน้ำท่าผลาหารรูปไม่ห้าม
ขอยืม	2	ขอ-ยืม		SKIP	้วว่าพ่อขอยืมสไบเจ้าพลา
เงยหน้า	2	เงย-หน้า		SKIP	นักเลยจงเงยหน้าแม่รักเจ้า
มืน	2	มืน		SKIP	งยืนดูทะมืนเมฆาลูกตาว
จักษุ	2	จัก-ษุ		SKIP	นางยักษ์จักษุเสมอทิพย์เ
กอ	2	กอ		SKIP	าเพ่อเอากองทัพถอยกลั
เสียวซ่าน	2	เสียว-ซ่าน		SKIP	างมารให้เสียวซ่านซับซาบวาบห
ซับซาบ	2	ซับ-ซาบ		SKIP	สียวซ่านซับซาบวาบหัวใจ¦แ
หงุบ	2	หงุบ		SKIP	โยกจนโงกหงุบลงหมอบซุบซ
ฉกามาวจร	2	ฉะ-กา-มา-วะ-จอน	syllable count differs (ssg 4 vs w2p 5)	REVIEW	ช่องชั้นฉกามาวจร¦ประหลาดเห
บึกบึน	2	บึก-บึน		SKIP	านิ่งนึกบึกบึนทำมึนตึงถึ
ยุบยับ	2	ยุบ-ยับ		SKIP	องทุบให้ยุบยับ¦แม่ผีเสื้
ปิ้ม	2	ปิ้ม		SKIP	กกระเซ็นปิ้มจะเป็นบ้าห
นาวี	2	นา-วี		SKIP	้กลับรับนาวีแกว่งอัคคี
พุ้ย	2	พุ้ย		SKIP	งเรือพายพุ้ยมายังธานี¦
ริบทรัพย์	2	ริบ-ซับ		SKIP	้พลบขึ้นริบทรัพย์จับคนบนตลิ
หอบหืด	2	หอบ-หืด		SKIP	นื่อยบอบหอบหืดมืดเต็มทีบ
พุ้ยน้ำ	2	พุ้ย-น้าม	sound mismatch @2 (น้ำ vs น้าม)	FIXED	ยเมียมือพุ้ยน้ำด้วยกำลังม
สะเด่า	2	สะ-เด่า		SKIP	ฒ่าสะดุดสะเด่าโดนก้อนสิง
วายวอด	2	วาย-วอด		SKIP	้านายว่าวายวอดไฉนรอดกลับ
เพิ่น	2	เพิ่น		SKIP	ัพแตกกระเพิ่นเยินยับจนท
สรร	2	สอน		SKIP	ั่งแกล้งสรรค์ล้วนสีลา
ชิ	2	ชิ		SKIP	วกพ้องคนชิดทั้งศิษย์
เสียงเคาะ	2	เสียง-เคาะ		SKIP	พอได้ยินเสียงเคาะเกาะกักกัก
ผมเผ้า	2	ผม-เผ้า		SKIP	ูผิวพรรณผมเผ้าพ่อเศร้าหม
เดินดุ่ม	2	เดิน-ดุ่ม		SKIP	ขม้นเมินเดินดุ่มเป็นกลุ่มก
เซซัง	2	เซ-ซัง		SKIP	ึงฝั่งจะเซซังหมายมุ่งไป
เปล่าดาย	2	เปล่า-ดาย		SKIP	ามข่าวก็เปล่าดายหากหลานชาย
ห่าม	2	ห่าม		SKIP	ลพึ่งสุกห่ามทำไม้ง่ามน
ง่าม	2	ง่าม		SKIP	มไม่งุ่มง่ามดอกหนาหวาว
เรือยนต์	2	เรือ-ยน		SKIP	นนั้นผูกเรือยนต์แล่นบนดินอ
สินฑ์	2	สิน		SKIP	างป่าพนาสินฑ์แม้นปี่เรา
โด่งดัง	2	โด่ง-ดัง		SKIP	ยิงประดาโด่งดังเสียงตังตึ
เคล่าคล่อง	2	เคล่า-คล่อง		SKIP	อเจ้าเธอเคล่าคล่องเห็นได้ช่อ
รุ่มร้อน	2	รุ่ม-ร้อน		SKIP	ำเริบรักรุ่มร้อนอาวรณ์หวัง
โหน	2	โหน		SKIP	ขึ้นห้อยโหนโยนระย้าร้
รุกร้น	2	รุก-ร้น		SKIP	ลบอุศเรนรุกร้นพลสมทบเข้า
ประทัด	2	ประ-ทัด		SKIP	พระหัตถ์ประทัดแถวพับลิขิ
นัดพบ	2	นัด-พบ		SKIP	สัตย์เรานัดพบเห็นจะสบสม
รูด	2	รูด		SKIP	่นกันศัตรูดูปัญญามันจ
บุหลัน	2	บุ-หลัน		SKIP	จันทน์ชมบุหลันเล่นตามควา
แคล่วคล่อง	2	แคล่ว-คล่อง		SKIP	ดูฤกษ์ลมแคล่วคล่องทั้งสองข้า
พูดจ้อ	2	พูด-จ้อ		SKIP	สมุทรยังพูดจ้อประหลาดหนอ
นั่งพับเพียบ	2	นั่ง-พับ-เพียบ		SKIP	พรลงมาแพนั่งพับเพียบดูเรียบเรี
สิ้นพระชนม์	2	สิ้น-พระ-ชน		SKIP	ิจจาเอ๋ยสิ้นพระชนม์จนพระศพไม่
วล	2	วล		SKIP	อฝนตกหนาวล้นเหลือทนท
พัสตร์	2	พัด		SKIP	งเอกเศวตพัสตร์ให้เย็บตัด
กัญจน์	2	กัน		SKIP	รรณทองกรกัญจน์จุกงามอร่า
เคร่งครัด	2	เคร่ง-ครัด		SKIP	ีศรีล้วนเคร่งครัดมัสการกองอ
หน้านา	2	หน้า-นา		SKIP	่ยงออกไปหน้านางพระยาทรงว
ย้ายที่	2	ย้าย-ที่		SKIP	ตายายให้ย้ายที่จนได้ผลคนล
วอก	2	วอก		SKIP	ใหญ่โตหัวอกโอ้แสนช้ำร
ทาสปัญญา	2	ทาส-ปัญ-ญา		SKIP	์ว่าท่านทาสปัญญาอย่ามาถามว
กอบ	2	กอบ		SKIP	เวทมีประกอบได้สอบสวนแ
เข้าแบบ	2	เข้า-แบบ		SKIP	้าว่าขานเข้าแบบเห็นแยบคาย
จ้ำม่ำ	2	จ้ำ-ม่ำ		SKIP	นื้อหนังจ้ำม่ำดำหมิดหมีเ
ทุเรียน	2	ทุ-เรียน		SKIP	มีเหมือนทุเรียนเสี้ยนนอกเ
ผอยจน	2	ผอย-จน		SKIP	าะลงเผาะผอยจนฟ้าขาวดาวเ
ย่ำรุ่ง	2	ย่ำ-รุ่ง		SKIP	จะออกแต่ย่ำรุ่งไปกรุงไกร¦
คลัว	2	คลัว		SKIP	นตัวเฝ้าคลัวเคลียน้ำตา
เคลีย	2	เคลีย		SKIP	ยแจ้วคลอเคลียทั้งเมียผั
ฟ้อแฟ้	2	ฟ้อ-แฟ้		SKIP	นุ่มตะกอฟ้อแฟ้มีแม่เลี้ย
เพลาะ	2	เพลาะ		SKIP	้อผ้าแพรเพลาะทะเลาะเถีย
ทุเรศ	2	ทุ-เรศ		SKIP	ปไกลเนตรทุเรศร้างใครจะส
แจ้	2	แจ้		SKIP	ันเข้าไปแจ้งแห่งคดี¦พ
ลูกประหล่ำ	2	ลูก-ประ-หล่ำ		SKIP	คาดประจำลูกประหล่ำลงยาราชาวด
วลี	2	วะ-ลี	syllable count differs (ssg 1 vs w2p 2)	REVIEW	ากที่แล้วลีลา¦พลางแต่
ระวิง	2	ระ-วิง		SKIP	ลงใจไม่ประวิงเป็นความจร
ก้นหอย	2	ก้น-หอย		SKIP	ยววนเป็นก้นหอยแต่เช้าตรู
อัธิษ	2	อัด-ทิด	syllable count differs (ssg 1 vs w2p 2)	REVIEW	่ยงสัตย์อัธิษฐานการกุศล
ดุ่ม	2	ดุ่ม		SKIP	เมินเดินดุ่มเป็นกลุ่มก
อวบ	2	อวบ		SKIP	ังเต่งสดอวบอ้วนนวลฉวี
อ้วนท้วน	2	อ้วน-ท้วน		SKIP	ดูขาวอวบอ้วนท้วนเป็นนวลฉวี
หางนาค	2	หาง-นาค		SKIP	ือนอย่างหางนาคปากคำรนกาย
กำยำ	2	กำ-ยำ		SKIP	นกายพิกลกำยำดูดำนิล¦พอ
เหนียว	2	เหนียว		SKIP	วกับข้าวเหนียวหยิบสุรามา
บังเหียน	2	บัง-เหียน		SKIP	รั้งเช่นบังเหียนแล้วนอนบ่น
กราบเท้า	2	กราบ-เท้า		SKIP	าไหลเข้ากราบเท้าเจ้าตาด้วย
เจ้าปู่	2	เจ้า-ปู่		SKIP	ยชนนีพระเจ้าปู่ดูแลแม่ฉัน
ลมแดด	2	ลม-แดด		SKIP	รเลยต้องลมแดดแผดเผาจะเศ
เป็นเงา	2	เป็น-เงา		SKIP	ห็นแต่ผีเป็นเงาเงาเข้ากลุ
งั่ง	2	งั่ง		SKIP	สียงดังหงั่งหง่างมากลา
ขูด	2	ขูด		SKIP	ไม่มีไม่ขูดขี้ฟันบ้าง
ตะค้า	2	ตะ-ค้า		SKIP	งสายหวายตะค้าสงสารม้าร้
โล้น	2	โล้น		SKIP	้นเลี่ยนโล้นดูโกร๋นเกร
โกร๋น	2	โก-ร๋น		SKIP	ยนโล้นดูโกร๋นเกรียน¦จึง
เกรียน	2	เกรียน		SKIP	นดูโกร๋นเกรียน¦จึงตรัสบอ
สาบ	2	สาบ		SKIP	แกจึงว่าสาบานให้กูแล้
ท้น	2	ท้น		SKIP	บพระคุณไท้นั่นใหญ่หลว
ฏิ์	2	ติ		SKIP	ออกจากกุฏิ์เดินตรงไปส
นาสิก	2	นา-สิก		SKIP	ะไม่เคย¦นาสิกสูบจูบจรดร
ลูกดก	2	ลูก-ดก		SKIP	กแต่ล้วนลูกดกห้อยย้อยไส
แตกร้าว	2	แตก-ร้าว		SKIP	าคีคาวจะแตกร้าวรานกันเพรา
นิดหนึ่ง	2	นิด-หนึ่ง		SKIP	แม้มิคิดนิดหนึ่งด้วยเวรากู
ลบล้าง	2	ลบ-ล้าง		SKIP	ภไม่หมายลบล้างลูกจะปลูกฝ
เกะ	2	เกะ		SKIP	่าพักพูดเกะกะเที่ยวระ
ดุเดือด	2	ดุ-เดือด		SKIP	ยวฟันตายดุเดือดลุยเลือดแด
ตะลุย	2	ตะ-ลุย		SKIP	างทางแทงตะลุยมาฝ่ายปลัด
กะเทาะ	2	กะ-เทาะ		SKIP	ถูกเกราะกะเทาะทะลุลูกหนึ
แปลบปลาบ	2	แปลบ-ปลาบ		SKIP	ุดแสบให้แปลบปลาบโลหิตอาบอั
บัตร	2	บัตร		SKIP	สียผีพลีบัตรปัดรางควาน
เดนตาย	2	เดน-ตาย		SKIP	กณฑ์อ้ายเดนตายเอาศพสายสว
นอนคว่ำ	2	นอน-คว่ำ		SKIP	กรนั้นมานอนคว่ำเรียงเคียง
ศวรร	2	สะ-วัน	syllable count differs (ssg 1 vs w2p 2)	REVIEW	ไปทั้งไอศวรรย์แล้วเกิด
ดอกไม้สด	2	ดอก-ไม้-สด		SKIP	ระรื่นรสดอกไม้สดสองข้างทาง
กระได	2	กระ-ได		SKIP	ลสูงใหญ่กระไดเวียน¦แล้ว
เสี่ยงทาย	2	เสี่ยง-ทาย		SKIP	่ยวใจจึงเสี่ยงทายหมายว่านาน
สั่งงาน	2	สั่ง-งาน		SKIP	สี้ยมจึงสั่งงานการสงครามต
ยี่หร่า	2	ยี่-หร่า		SKIP	รุงผักชียี่หร่าโรยพริกไทย
เมามาย	2	เมา-มาย		SKIP	งกลืนมันเมามายทำชายตาดูร
ดื่มเหล้า	2	ดื่ม-เหล้า		SKIP	พรมเจียมดื่มเหล้าเมาหนักหนา
สัป	2	สัป		SKIP	ที่รบรับสัประยุทธ์โยน
ฟักฟูม	2	ฟัก-ฟูม		SKIP	ยรักจะไปฟักฟูมเฝ้าเป็นเจ
แว่นฟ้า	2	แว่น-ฟ้า		SKIP	สถิตแท่นแว่นฟ้าโอฬาฬารมนต
เฝื่อน	2	เฝื่อน		SKIP	ระพักตร์เฝื่อนฝ้าคล้ำน่า
ทายาด	2	ทา-ยาด		SKIP	่ขาดแค้นทายาดหยิกทึ้งด้
ตระโบม	2	ตระ-โบม		SKIP	ษพลางทางตระโบมประโลมลูบถ
เปาะ	2	เปาะ		SKIP	ลขโปกเปกเปาะราหูเสาร์เ
เทิ้ม	2	เทิ้ม		SKIP	ันสั่นสะเทิ้มระริกเริ้ม
เริ้ม	2	เริ้ม		SKIP	ิ้มระริกเริ้มรัวเต้นดัง
ตอนท้าย	2	ตอน-ท้าย		SKIP	สลอนข้างตอนท้าย¦ทั้งร้อยล
โว้ง	2	โว้ง		SKIP	ขวางว่างโว้งละโล่งลิ่ว
ลำแพน	2	ลำ-แพน		SKIP	นแสนเท่าลำแพนแผ่ปีกหลีก
เหยี่ยว	2	เหยี่ยว		SKIP	ยบเหมือนเหยี่ยวเฉี่ยวปลาแ
แผดเสียง	2	แผด-เสียง		SKIP	หญิงพลางแผดเสียงเหวี่ยงเขน
เริงร่า	2	เริง-ร่า		SKIP	่างราญรณเริงร่าประสาเด็กบ
เด็กชา	2	เด็ก-ชา		SKIP	มหาดเล็กเด็กชาทั้งห้าร้อ
กังหัน	2	กัง-หัน		SKIP	่นั่งดังกังหันเข้าลุยไล่
หุ่งตก	2	หุ่ง-ตก		SKIP	าวเจ้ามะหุ่งตกม้าผลุงผลุ
ฉีด	2	ฉีด		SKIP	ริชโลหิตฉีดผวาหวีดเวท
โฮ่	2	โฮ่		SKIP	อพอสิงโตโฮ่โฮกกระโชกไ
คะมำ	2	คะ-มำ		SKIP	ลิ้งคว่ำคะมำหงายทั้งเล
ลามเลีย	2	ลาม-เลีย		SKIP	างหัวมันลามเลียเคลียเคล้า
เคลียเคล้า	2	เคลีย-เคล้า		SKIP	นลามเลียเคลียเคล้าด้วยเมามัว
เตี้ย	2	เตี้ย		SKIP	่ผู้เมียเตี้ยตุบหลุบมาห
ตุบ	2	ตุบ		SKIP	งสัตว์จัตุบาทวิ่งกลาด
หลุบ	2	หลุบ		SKIP	เตี้ยตุบหลุบมาหมอบฟุบฟ
ฟอกสี	2	ฟอก-สี		SKIP	าหมอบฟุบฟอกสีสำลีขาวตัว
หวีดร้อง	2	หวีด-ร้อง		SKIP	ยงรูปวาดหวีดร้องสยองขนแล้ว
อุบ	2	อุบ		SKIP	ตายเพราะอุบายกูแน่ไม่
วูบวาบ	2	วูบ-วาบ		SKIP	ดลูบยิ่งวูบวาบเป็นเปลวปล
ปวดแปลบ	2	ปวด-แปลบ		SKIP	เปลวปลาบปวดแปลบแสบเส้นขนต
หน้าแล้ง	2	หน้า-แล้ง		SKIP	ยวหาเป็นหน้าแล้งทุกหนแห่งม
วิทย์	2	วิด		SKIP	์คิดด้วยวิทย์เวทอาศัยเห
ซัดเซ	2	ซัด-เซ		SKIP	ัดเที่ยวซัดเซจนถึงเวลาร
เท้าแขน	2	เท้า-แขน		SKIP	วลุกขึ้นเท้าแขนแหงนชะแง้ช
แปลงร่าง	2	แปลง-ร่าง		SKIP	ำจะแสร้งแปลงร่างเป็นนางมนุ
กินนร	2	กิน-นร		SKIP	ธ์กายดังกินนรนวลหงเอาธา
แง่	2	แง่		SKIP	ูแท้ทั้งแง่งอนจึงตรัส
จิม	2	จิม		SKIP	องเฉลิมเจิมขวัญสุพรรณ
หนังเหนียว	2	หนัง-เหนียว		SKIP	องศรีมันหนังเหนียวเขี้ยวทองแ
เหลวแหลก	2	เหลว-แหลก		SKIP	ีแตกช่างเหลวแหลกหลายหมื่นไ
เก้อเขิน	2	เก้อ-เขิน		SKIP	ะเง้อไม่เก้อเขินช่างขาวผ่อ
ตู	2	ตู		SKIP	พหลเสียงตูมตึงผึงผาง
เทียบเรือ	2	เทียบ-เรือ		SKIP	ะอภัยให้เทียบเรือที่นั่งยกข
เพรียง	2	เพรียง		SKIP	ข้าพร้อมเพรียง¦พร้อมพหลพ
น้ำเต้า	2	น้าม-เต้า	sound mismatch @1 (น้ำ vs น้าม)	FIXED	หน้าเท่าน้ำเต้าทอง¦พอได้ย
ตะแบงมาน	2	ตะ-แบง-มาน		SKIP	วแห้งห่อตะแบงมานมั่นไม่หวั
งึ้ม	2	งึ้ม		SKIP	กขาครึ้มงึ้มเงียบเซียบ
หุบเขา	2	หุบ-เขา		SKIP	าหงส์ที่หุบเขาเหล่าฝูงนก
พร้องเพรียก	2	พร้อง-เพรียก		SKIP	้าโมงมองพร้องเพรียกร้องเรียกค
แซว	2	แซว		SKIP	เสียงซังแซวแจ้วแก้วพล
ส่า	2	ส่า		SKIP	กดาจงอุตส่าห์เคี่ยวขั
สาณฑ์	2	สาน		SKIP	นไปในไพรสาณฑ์รถที่นั่งส
หลักแหล่ง	2	หลัก-แหล่ง		SKIP	ทั้งหลายหลักแหล่งอยู่แห่งใด
มาตร	2	มาตร		SKIP	งจูงขึ้นมาตรงไปหาชนนีด
โป	2	โป		SKIP	ะโยชน์จะโปรดมึงเอาให
ดั้นเมฆ	2	ดั้น-เมฆ		SKIP	วสุริยันดั้นเมฆวิเวกลิบแส
ระยิบ	2	ระ-ยิบ		SKIP	วกลิบแสงระยิบลับเงาภูเข
ห่อหุ้ม	2	ห่อ-หุ้ม		SKIP	่มเหมือนห่อหุ้มผ้าทิพย์สั
วาท์	2	วา		SKIP	จะขับอภิวาท์สุรารักษ์ซ
เวตาล	2	เว-ตาล		SKIP	ชะปรเมสุเวตาลจงทราบสารส
วงกว้าง	2	วง-กว้าง		SKIP	องค์เป็นวงกว้างทั้งสองนาง
หวัด	2	หวัด		SKIP	ิภพจบจังหวัดโองการตรัส
สะสวย	2	สะ-สวย		SKIP	จังหวะดูสะสวยสองบังอรฟ้
นวยนาด	2	นวย-นาด		SKIP	วยดำเนินนวยนาดกายชม้ายเม
กระเดื่อง	2	กระ-เดื่อง		SKIP	ดเปรื่องกระเดื่องดังเป็นแสง
วานร	2	วาน		SKIP	ณาเหมือนวานร¦เป็นแสงรุ
อุบาทว์	2	อุ-บาด		SKIP	ลำพันอันอุบาทว์เกิดปีศาจส
กินดิบ	2	กิน-ดิบ		SKIP	กะสิบมันกินดิบดูเหมือนเช
เกินกำหนด	2	เกิน-กำ-หนด		SKIP	ตย์มธุรสเกินกำหนดนึกคอยละห้
หน่ายแหนง	2	หน่าย-แหนง		SKIP	้อยหวนจะหน่ายแหนงแคลงใจก็ไม
เอ่ย	2	เอ่ย		SKIP	เลยแต่พอเอ่ยออกก็เป็นเ
เซาะ	2	เซาะ		SKIP	งกลางทางเซาะจำเพาะเดิน
คีบ	2	คีบ		SKIP	ุดจุดอัคคีบ้างสีไฟกอง
เคี่ยวเข็ญ	2	เคี่ยว-เข็ญ		SKIP	ังเป็นคงเคี่ยวเข็ญคิดอ่านมาร
เอิบอาบ	2	เอิบ-อาบ		SKIP	ขุมขนออกเอิบอาบซาบเสื้อจน
ประเด็น	2	ประ-เด็น		SKIP	ว่าน้ำตาประเด็นแต่จำเป็นจ
เพียบ	2	เพียบ		SKIP	พนั่งพับเพียบดูเรียบเรี
เราะราย	2	เราะ-ราย		SKIP	พราะด้วยเราะรายขอถวายชีวา
มะยม	2	มะ-ยม		SKIP	ืองเฟืองมะยมมันชื่นชมช
ท่วง	2	ท่วง		SKIP	้ายนี่ดูท่วงทีจะพะวงเห
ช่วงใช้	2	ช่วง-ใช้		SKIP	ทหลวงไว้ช่วงใช้ได้ต่างใจต
คู่แข่ง	2	คู่-แข่ง		SKIP	าแซงเป็นคู่แข่งเคียงรถบทจ
ซืน	2	ซืน		SKIP	่อคืนวานซืนนี้พระบุตร
เลิกพล	2	เลิก-พล		SKIP	ามฤกษ์จะเลิกพลเจ้าสานนคอ
เสี้ยนศึก	2	เสี้ยน-ศึก		SKIP	ิ้นเสร็จเสี้ยนศึกจะฮึกเหิมจ
อึด	2	อึด		SKIP	ุบเฟี้ยมอึดอัดขัดกระแ
อิด	2	อิด		SKIP	ยาพิษให้อิดโรยพอลมโชย
แหละ	2	แหละ		SKIP	พูดเหลาะแหละปั้นเจ๋อละ
สิงหาสน์	2	สิง-หา		SKIP	งเขนยเผยสิงหาสน์แลประพาสพุ
เอื้อม	2	เอื้อม		SKIP	็ข้องขัดเอื้อมพระหัตถ์ลู
ข้าวเกรียบ	2	ข้าว-เกรียบ		SKIP	ใจเปรียบข้าวเกรียบเกรียมอย่า
ฮื้อ	2	ฮื้อ		SKIP	ามันร้องฮื้อรื้อกลับนั
บัดใจ	2	บัด-ใจ		SKIP	ริย์ขึ้นบัดใจนี่มิใช่เช
ไฮ้	2	ไฮ้		SKIP	ในนางว่าไฮ้น่าเบื่อเห
เหลือเกิน	2	เหลือ-เกิน		SKIP	าลามล่วงเหลือเกินเชิญบรรทม¦
ห้วง	2	ห้วง		SKIP	้าคนทรงให้วงศ์วานมันแจ
น้ำจัณฑ์	2	น้ำ-จัน		SKIP	นยนมทั้งน้ำจัณฑ์สารพันเสร็
รวงรัง	2	รวง-รัง		SKIP	กร่วงจากรวงรังด้วยเสียงส
สะทกสะท้าน	2	สะ-ทก-สะ-ท้าน		SKIP	ั่นงันงกสะทกสะท้านอลหม่านทั้
หม้อแกง	2	หม้อ-แกง		SKIP	มแรงหิ้วหม้อแกงหม้อข้าวแบ
แสรก	2	แสรก		SKIP	อ่งไหใส่แสรกแบกกระบุง¦
จำหน่าย	2	จำ-หน่าย		SKIP	นักหนาจะจำหน่ายจ่ายเสบียง
อ้างอิง	2	อ้าง-อิง		SKIP	่ยิ่งมันอ้างอิงเอาหลักที่
ต้านลม	2	ต้าน-ลม		SKIP	านยังต่อต้านลมปี่พี่ไม่ไ
แก้ขวย	2	แก้-ขวย		SKIP	ผ้าแพรทำแก้ขวยเอะใครฉวยเ
เลือดเดือด	2	เลือด-เดือด		SKIP	ิกให้ห้อเลือดเดือดหนักหนาพลา
เคียด	2	เคียด		SKIP	าฆาตขึ้งเคียดไม่เดียดฉั
ลุ่ม	2	ลุ่ม		SKIP	ิบหายใครลุ่มหลงปลงใจไม
สามานย์	2	สา-มาน		SKIP	พูดจาติดสามานย์จะคิดอ่านเ
น้ำมันจันทน์	2	น้าม-มัน-จัน	sound mismatch @1 (น้ำ vs น้าม)	FIXED	สงค์แป้งน้ำมันจันทน์ลูบทั้งรูป
วสี	2	วะ-สี		SKIP	สังวาลวาวสีม่วงอ่อนซ้
เลอะเทอะ	2	เลอะ-เทอะ		SKIP	รสุดเคอะเลอะเทอะแท้จะใคร่แ
ปล่ง	2	ปล่ง		SKIP	โหมแล้วเปล่งแสงโชติช่ว
วิลัย	2	วิ-ลัย		SKIP	ร์พิสมัยวิลัยโฉมยิ่งฉุน
ยั่วเย้า	2	ยั่ว-เย้า		SKIP	่มหนำขืนยั่วเย้าเคล้าคลึงจ
ฟ้องศาล	2	ฟ้อง-ศาล		SKIP	ือน้องจะฟ้องศาลพี่กับนางไ
ต่ำช้า	2	ต่ำ-ช้า		SKIP	ันทุพลคนต่ำช้าหน่อยน้ำตา
สะดึง	2	สะ-ดึง		SKIP	ู้จักปักสะดึงตรึงกรองเย
รชะ	2	ระ-ชะ		SKIP	ำเนาสิงขรชะง่อนผาเป็น
ออมอด	2	ออม-อด		SKIP	อยรสต้องออมอดโอ้พระรูปจ
ถ้อยความ	2	ถ้อย-ความ		SKIP	ทรถามถึงถ้อยความเกี่ยวค้าง
แด่	2	แด่		SKIP	ตบทมาลย์แด่องค์พระมเห
จ๋อแจ๋	2	จ๋อ-แจ๋		SKIP	่งต่อกันจ๋อแจ๋พอฤกษ์ดีตี
ลำเอียง	2	ลำ-เอียง		SKIP	นผู้ใหญ่ลำเอียงไม่เที่ยงธ
จังก้า	2	จัง-ก้า		SKIP	ท้ายหน้าจังก้าตรง¦สะอื้น
กระฉ่อน	2	กระ-ฉ่อน		SKIP	ลขวาสาครกระฉ่อนคลื่นไม่มี
คิดคำนึง	2	คิด-คำ-นึง		SKIP	นชื่นจิตคิดคำนึง¦โอ้ยามหนา
ช้องนาง	2	ช้อง-นาง		SKIP	ี่ยวเก็บช้องนางหาบุปผาสดเ
ล้อมรั้ว	2	ล้อม-รั้ว		SKIP	ผัวเพราะล้อมรั้วรักเพื่อนซ
เต้นแร้งเต้นกา	2	เต้น-แร้ง-เต้น-กา		SKIP	าแห้งออกเต้นแร้งเต้นกาเลือดตาไหล
เทครัว	2	เท-ครัว		SKIP	ืมสมคะเนเทครัวเข้ามั่วสุ
หยิบยืม	2	หยิบ-ยืม		SKIP	ักดิบไม่หยิบยืมจะทำลืมเสี
ค่อนขอด	2	ค่อน-ขอด		SKIP	่างตีปีกค่อนขอดยอดขยันแล้
แยแส	2	แย-แส		SKIP	็หย่าไม่แยแสจะพึ่งที่ศ
ตีพิมพ์	2	ตี-พิม		SKIP	างพี่ดังตีพิมพ์นึกอะลิ้มเ
เอลี่ย	2	เอ-ลี่ย		SKIP	ึกอะลิ้มเอลี่ยนั่งเคลียค
มุติ	2	มุด		SKIP	สยมภู์สมมุติว่าเชื้อวง
นัท	2	นัท		SKIP	งสัตว์ในนัททีโอ้ยามนี
ละลุม	2	ละ-ลุม		SKIP	ล่อหลั่งละลุมไหลเจ้าพรา
ลอยลิ่ว	2	ลอย-ลิ่ว		SKIP	ห็นหอคอยลอยลิ่วตรงทิวตาก็
ผู้หญิงริงเรือ	2	ผู้-หญิง-ริง-เรือ		SKIP	พลันเห็นผู้หญิงริงเรือที่เนื้อเห
นั่งร้าน	2	นั่ง-ร้าน		SKIP	ว้านบ้างนั่งร้านสองแถวแนวถ
แน	2	แน		SKIP	แกล้มหมูแนมญวนกินจนเ
ผิวเหลือง	2	ผิว-เหลือง		SKIP	ะหาไหนดูผิวเหลืองเรืองรองทอ
คิกคัก	2	คิก-คัก		SKIP	ระริกดังคิกคักคิดว่าลักน
มหาละลวย	2	มะ-หา-ละ-ลวย	syllable count differs (ssg 3 vs w2p 4)	REVIEW	นธ์มนตรามหาละลวยให้รื่นรวย
เรี่ยม	2	เรี่ยม		SKIP	ย้อยรุ่งเรี่ยมเจ็ดเหลี่ย
เจ็ดเหลี่ยม	2	เจ็ด-เหลี่ยม		SKIP	่งเรี่ยมเจ็ดเหลี่ยมแหลมกรรเจี
ลั่ง	2	ลั่ง		SKIP	ย์คลุ้มคลั่งกำลังหลงเพ
ซูบซีด	2	ซูบ-ซีด		SKIP	ต่พระรูปซูบซีดลงนิดหน่อย
แย้มพราย	2	แย้ม-พราย		SKIP	แก้มยิ้มแย้มพราย¦ไม่แจ้งคว
ฤกษ์พานาที	2	เริก-พา-นา-ที		SKIP	ผิวผอมดูฤกษ์พานาทีให้ดีพร้อม
สับไก	2	สับ-ไก		SKIP	อลั่นฉับสับไกก็ไฟฟรูเสี
ฟ	2	ฟ		SKIP	ี่ยแต่หูฟังพหลให้หม
รู	2	รู		SKIP	ยชนม์ไม่รู้กลตายกลาด
ทะเล้น	2	ทะ-เล้น		SKIP	หน้าเป็นทะเล้นเหลือชะเช่
คบชู้	2	คบ-ชู้		SKIP	่าลือว่าคบชู้สู่หาแกล้ง
ลามปาม	2	ลาม-ปาม		SKIP	อมาเลียมลามปามไปดังไฟฮือ
จิกหัว	2	จิก-หัว		SKIP	้ริมไสยาจิกหัวมาตบซ้ำให้
งุบ	2	งุบ		SKIP	ยกจนโงกหงุบลงหมอบซุบซ
นาที	2	นา-ที		SKIP	รัสกับเสนาที่มาเฝ้าว่า
สะทก	2	สะ-ทก		SKIP	ั่นงันงกสะทกสะท้านอลหม
โซเซ	2	โซ-เซ		SKIP	าเมาทะเลโซเซล้มพะอืดพะ
คร่ำคร่า	2	คร่ำ-คร่า		SKIP	าวของที่คร่ำคร่ายาชันกันใต
เกร็ง	2	เกร็ง		SKIP	ันกันข้อเกร็ง¦ทั้งนายไพ
รั่ว	2	รั่ว		SKIP	องหับจับรั่วต่างตั้งสิ
อิ้ว	2	อิ้ว		SKIP	วโซมตั้งอิ้วเขียนฝาหลั
ระเบง	2	ระ-เบง		SKIP	ไม่มาด่าระเบงระดมเร่งสา
หยิม	2	หยิม		SKIP	บกุมหยุมหยิมไม่อิ่มหนำ
เบี้ยว	2	เบี้ยว		SKIP	ฤษมันบิดเบี้ยวจะขับเคี่ย
ที่สูง	2	ที่-สูง		SKIP	ม่พักสอยที่สูงลิบกลีบหล่
แค่นไค้	2	แค่น-ไค้		SKIP	้นยังขืนแค่นไค้แคะเฝ้าและ
ตามระเบียบ	2	ตาม-ระ-เบียบ		SKIP	ียบเงียบตามระเบียบพฤฒามหาศาล
เขลา	2	เขลา		SKIP	ทษว่าโฉดเขลาพี่กับเจ้า
ผรั่ง	2	ผรั่ง		SKIP	ฟันพลพวกผรั่งแตกพังไป¦บ
ฉาฉี	2	ฉา-ฉี		SKIP	วร้องว่าฉาฉีอีฝรั่งขึ้
ยักยอก	2	ยัก-ยอก		SKIP	งอย่าพักยักยอกตะคอกขู่ถึ
ถดถอย	2	ถด-ถอย		SKIP	ไว้ยศไม่ถดถอยเห็นเอนเอี
รวมพล	2	รวม-พล		SKIP	ขึ้นคีรีรวมพลสกลไกร¦พอเ
โหว	2	โหว		SKIP	วานวิเวกโหวยโหยไห้อาล
ทำไร่ไถนา	2	ทำ-ไร่-ไถ-นา		SKIP	ขอชีวาไปทำไร่ไถนาอยู่ป่าดอน
กราดเกรี้ยว	2	กราด-เกรี้ยว		SKIP	้เจียวมากราดเกรี้ยวโกรธแค้นเถ
ฉ้อฉล	2	ฉ้อ-ฉล		SKIP	มาชมชื่นฉ้อฉลคนโกหกหนึ่
กระทะ	2	กระ-ทะ		SKIP	ะตายตกในกระทะอเวจีหนึ่ง
เล	2	เล		SKIP	ายมังคลาเล่าก็หนีเพร
ร่วงหล่น	2	ร่วง-หล่น		SKIP	กหินแล้วร่วงหล่นกล่นกลาดดา
มหุ่ม	2	มะ-หุ่ม		SKIP	มพราหมณ์มหุ่มกระฎุมพีไม
ยิ้มกริ่ม	2	ยิ้ม-กริ่ม		SKIP	จแต่นั่งยิ้มกริ่มตรึกจนดึกด
ศัพท์	2	สับ		SKIP	ฟังกิตติศัพท์แม้นตรวจทั
หมากดิบ	2	หมาก-ดิบ		SKIP	บอยเจียนหมากดิบจีบพระศรีเ
ผมมวย	2	ผม-มวย		SKIP	นด้วยไว้ผมมวยปักพุ่มใส่
พรึง	2	พรึง		SKIP	ายังเพราพรึงไม่รู้หึงห
มวก	2	มวก		SKIP	จทัพแจกหมวกพวกพหลกับย
ฦๅ	2	ฦๅ		SKIP	่ากลัวจะฦๅทั่วไทท้าว
คาที่	2	คา-ที่		SKIP	สรงพระคงคาที่เนินหน้าเข
เริศ	2	เริศ		SKIP	ด้วยพาราเริศร้างค้างมา
ลงอาญา	2	ลง-อา-ญา		SKIP	ลดเลี้ยวลงอาญาฝ่าธุลี¦ซึ
ปรับไหม	2	ปรับ-ไหม		SKIP	จงคอยจับปรับไหมชายฝรั่งเฆ
ซอน	2	ซอน		SKIP	กเป็นซอกซอนที่น้ำชอนไ
แก้เก้อ	2	แก้-เก้อ		SKIP	งความพระแก้เก้อเออผิดพูดต
ลวด	2	ลวด		SKIP	พรายเป็นลวดลายราวกับเ
สอยผม	2	สอย-ผม		SKIP	ดน้อยไม้สอยผมที่ขัดทรัพ
วามแวม	2	วาม-แวม		SKIP	ามสังวาลวามแวมวับประดับบ
ปิ่ม	2	ปิ่ม		SKIP	มพระเนตรปิ่มเปี่ยมล้นช
เปี่ยมล้น	2	เปี่ยม-ล้น		SKIP	เนตรปิ่มเปี่ยมล้นชลนา¦เสร็จ
รับช่วง	2	รับ-ช่วง		SKIP	ะทรวงคอยรับช่วงชูเทียนส่ง
เจ้ง	2	เจ้ง		SKIP	ค์วังเวงเจ้งจับใจตีโทน
โอด	2	โอด		SKIP	ญจวนค่อยโอดครวญกับย่า
อุโฆษ	2	อุ-โฆษ		SKIP	ลงพระโอดอุโฆษกลอง¦ต้องพ
ขาหยั่ง	2	ขา-หยั่ง		SKIP	ำจองขึ้นขาหยั่งนั่งยองยอง
มู่ลี่	2	มู่-ลี่		SKIP	ลาสีเลิกมู่ลี่แลล้วนเป็น
แลกหมัด	2	แลก-หมัด		SKIP	ยกแรกคอยแลกหมัดขยับปัดปิด
ทอย	2	ทอย		SKIP	เชิงวิวาทอย่าอาจหาญรั
เฉียง	2	เฉียง		SKIP	แล่นก้าวเฉียงออกแล่นเรี
เคราะ	2	เคราะ		SKIP	าวรณ์พระเคราะห์จรเข้าซ้
อัปภาคย์	2	อั๊บ-พาก		SKIP	โอ้อาภัพอัปภาคย์พูดยากนักพ
ไม้เรียว	2	ไม้-เรียว		SKIP	ยแลขวาหาไม้เรียว¦นางพระยาว
หย่ง	2	หย่ง		SKIP	จับเขม่าหย่งเผ้าผมมียา
ยานัตถุ์	2	ยา-ดั๊ด		SKIP	ยาดมหรือยานัตถุ์ไว้ทัดหูเด
แนวทาง	2	แนว-ทาง		SKIP	นนางแน่นแนวทางกลางวิถีเช
โคลงเคลง	2	โคลง-เคลง		SKIP	รึกครื้นโคลงเคลงคลื่นโดนดั
ปลิงทะเล	2	ปลิง-ทะ-เล		SKIP	ังโยนเปลปลิงทะเลลอยเกลือกท
สุกดิบ	2	สุก-ดิบ		SKIP	ทุกข์กินสุกดิบเสวยทิพย์โ
แน่นแฟ้น	2	แน่น-แฟ้น		SKIP	ปรุงปรับแน่นแฟ้นด้วยแผ่นผา
ชุบชีวิต	2	ชุบ-ชี-วิต		SKIP	ชีวีช่วยชุบชีวิตรอดไม่วอดว
อสุภ	2	อะ-สุบ		SKIP	ลคาถาซากอสุภชุบเป็นเห็
เกรียงไกร	2	เกรียง-ไกร		SKIP	สุกรีอันเกรียงไกรเข้าในแท่น
ความเหน็ดเหนื่อย	2	ความ-เหน็ด-เหนื่อ	sound mismatch @3 (เหนื่อย vs เหนื่อ)	REVIEW	้ถากหญ้าความเหน็ดเหนื่อยเมื่อยตัวท
เหลือแหล่	2	เหลือ-แหล่		SKIP	รี้ยวปากเหลือแหล่แม่คุณเอ๋ย
ใฝ่สูง	2	ใฝ่-สูง		SKIP	ำน้ำใจจะใฝ่สูงเหมือนนกยู
ร่อนเร่	2	ร่อน-เร่		SKIP	จรเที่ยวร่อนเร่นึกเสน่ห์น
มดแดง	2	มด-แดง		SKIP	่อชุมแสงมดแดงกัดเต้นตะป
ตะปัดตะป่อง	2	ตะ-ปัด-ตะ-ป่อง		SKIP	งกัดเต้นตะปัดตะป่องจะร้องไห้บ
บุ้ยปาก	2	บุ้ย-ปาก		SKIP	าพราหมณ์บุ้ยปากชี้ตรงนี้ไ
หมอนวด	2	หมอ-นวด		SKIP	็บปวดให้หมอนวดหลายคนปรนน
แตรงอน	2	แตร-งอน		SKIP	งแห่ทั้งแตรงอนอ้อมสิงขรข
เขียนจดหมาย	2	เขียน-จด-หมาย		SKIP	ห้เสมียนเขียนจดหมายราหูฟังสั่
ชุมพา	2	ชุม-พา		SKIP	่ม้าลีลาชุมพาแพะขี่กวาง
เงื้อง่า	2	เงื้อ-ง่า		SKIP	งขับเสือเงื้อง่าคทาโถมเข้า
ตะพัด	2	ตะ-พัด		SKIP	ล่ต้อนตีตะพัดจับมัดมา¦ใ
สะพายแล่ง	2	สะ-พาย-แล่ง		SKIP	สอดสะพักสะพายแล่งพระแสงศรท้
สำรวจ	2	สำ-รวจ		SKIP	่งสวดให้สำรวจตามจริตศิษ
บังสุกุล	2	บัง-สุ-กุล		SKIP	้สวดทั้งบังสุกุลทำบุญทานช่
โพธิ์ทอง	2	โพ-ทอง		SKIP	ือนหนึ่งโพธิ์ทองอันผ่องใสจ
กัทลี	2	กัท-ลี		SKIP	ต่ดาบตัดกัทลียังมีใยหรื
ป่วนใจ	2	ป่วน-ใจ		SKIP	่อักอ่วนป่วนใจมิได้ตรัสใ
นั่งชันเข่า	2	นั่ง-ชัน-เข่า		SKIP	บผู้เฒ่านั่งชันเข่าเหลาตอกผมห
ซ่อนเร้น	2	ซ่อน-เร้น		SKIP	่จู่จรมาซ่อนเร้นควรจะเป็นโ
รูดม่าน	2	รูด-ม่าน		SKIP	น์ชัชวาลรูดม่านบัง¦จริงนะ
ทะมึน	2	ทะ-มึน		SKIP	คลงคลื่นทะมึนมืดเป็นเกล
ยวา	2	ยะ-วา	syllable count differs (ssg 1 vs w2p 2)	REVIEW	นค่อยคลายวายวิโยคบรรเ
เม้น	2	เม้น		SKIP	ลิขิตมิดเม้นไม่เห็นแนว
โหราศาสตร์	2	โหร-สา-สาด		SKIP	ทย์พิทยาโหราศาสตร์มันไม่คาดช
วี่วัน	2	วี่-วัน		SKIP	ือนปีทุกวี่วันจนล่วงลับก
ระทา	2	ระ-ทา		SKIP	นบานรับประทานผ่อนผันด้
เลิศลอย	2	เลิศ-ลอย		SKIP	ับย่อยจะเลิศลอยลืออำนาจวา
โปรยทาน	2	โปรย-ทาน		SKIP	สำราญที่โปรยทานเรียบรอบขอ
คิดเลข	2	คิด-เลข		SKIP	ือเอกลูกคิดเลขนับประมูลค
ไตรภูมิ	2	ไตร-ภูมิ		SKIP	รู้วิสัยไตรภูมิพงศาวดารรู
พงศาวดาร	2	พง-สา-วะ-ดาน	syllable count differs (ssg 3 vs w2p 4)	REVIEW	ยไตรภูมิพงศาวดารรู้จักว่าน
แปลความ	2	แปล-ความ		SKIP	ลหลวงรู้แปลความตามภาษาทั้
ตม์สม	2	ตม-สม		SKIP	ข้างศิโรตม์สมาโทษนางยัก
ซอย	2	ซอย		SKIP	้วนเอมโอซอย่างดีไม่มี
ยวดยิ่ง	2	ยวด-ยิ่ง		SKIP	มเจ็บปวดยวดยิ่งพระกลิ้งล้
อุษา	2	อุ-ษา		SKIP	มตามโฉลกอุษาโยคยามจันท
กระโถน	2	กระ-โถน		SKIP	างกระถางกระโถนที่ผ้าผ่อน
พะอง	2	พะ-อง		SKIP	บันไดไต่พะองเข้ายงยุทธ
เพริศพราย	2	เพริศ-พราย		SKIP	ิดเพี้ยนเพริศพรายลายเลขาแล้
เด็ดขาด	2	เด็ด-ขาด		SKIP	พชรหัวจะเด็ดขาดลงทั้งวงศา
ความเกลียด	2	ความ-เกลียด		SKIP	รามแม่มีความเกลียดเหลือด้วยเ
สุทธิ์	2	สุด		SKIP	ษย์จะบริสุทธิ์เห็นภัยในส
พร่างพราว	2	พร่าง-พราว		SKIP	ำค้างพรมพร่างพราว¦เคยหอมชื่
ปีมะแม	2	ปี-มะ-แม		SKIP	ภพสบสมัยปีมะแมเดือนเจ็ดเ
มรรค	2	มรรค		SKIP	เสด็จตามมรรคาหน้าสิงขร
พินาศ	2	พิ-นาศ		SKIP	ศกาเพียงพินาศถึงขาดใจ¦แ
กระสอบ	2	กระ-สอบ		SKIP	บนทองสองกระสอบลอบให้นายฝ
อ้ำอึ้ง	2	อ้ำ-อึ้ง		SKIP	พระฟังคำอ้ำอึ้งคะนึงนึกจึ
กะปิ	2	กะ-ปิ		SKIP	ปล่อยปืนกะปิตันยิงกำปั
จัณฑาล	2	จัณ-ฑาล		SKIP	งเป็นโจรจัณฑาลพาลเที่ยวร
คางเหลือง	2	คาง-เหลือง		SKIP	อดบ้างก็คางเหลืองพอจวนแจ้งแ
ภายนอก	2	ภาย-นอก		SKIP	นบกายแต่ภายนอกก็ได้ดอกด้
เราะ	2	เราะ		SKIP	กังวานไพเราะเพราะหนักห
เรียด	2	เรียด		SKIP	ย่านย่านเรียดทางไปกลางไ
งัด	2	งัด		SKIP	ยป่าชัฏสงัดคน¦ขุนเสนา
สังกัด	2	สัง-กัด		SKIP	่ายฝรั่งสังกัดทูลทัดทานป
เกินกำลัง	2	เกิน-กำ-ลัง		SKIP	าเห็นการเกินกำลังเจ้าทั้งสอ
จังงัง	2	จัง-งัง		SKIP	ทขลังใช้จังงังบังคนด้วยม
ด้านหลัง	2	ด้าน-หลัง		SKIP	ด่านเข้าด้านหลังจะไปด้วยช่
ภางค์	2	พาง		SKIP	ว้างโดยนภางค์เมฆาเวหาหน
ทัณฑ์บน	2	ทับ-บน		SKIP	ฉันจะให้ทัณฑ์บนไว้จนตาย¦ช
ใบตอง	2	ใบ-ตอง		SKIP	างทางตัดใบตองอ่อนมาเขีย
หน้าเง้า	2	หน้า-เง้า		SKIP	งศรีสุดาหน้าเง้าเที่ยวเซ้า
เก็บเล็ม	2	เก็บ-เล็ม		SKIP	ฝงเที่ยวเก็บเล็มเต็มห่อให้
น้ำมันดิบ	2	น้าม-มัน-ดิบ	sound mismatch @1 (น้ำ vs น้าม)	FIXED	้ำมันหอมน้ำมันดิบสักสิบไหไห
ตะไกร	2	ตะ-ไกร		SKIP	ก็บไรค่าตะไกรของเขาถึงส
เฟื้อง	2	เฟื้อง		SKIP	าถึงสลึงเฟื้อง¦เสียแรงแต
เสียงปร่า	2	เสียง-ปร่า		SKIP	ิ้งขว้างเสียงปร่างเปรื่องทุ
ตำตา	2	ตำ-ตา		SKIP	รจะทำให้ตำตาไม่พูดจาให
สอสอ	2	สอ-สอ		SKIP	าหมอวิ่งสอสอเซ็งแซ่มาแ
โบ	2	โบ		SKIP	คอยบังลมโบกปัดจะพัดม
เท้งเต้ง	2	เท้ง-เต้ง		SKIP	งเกงต่างเท้งเต้งเที่ยวตะโก
วกวน	2	วก-วน		SKIP	ันตกวิ่งวกวน¦บาทหลวงยั
ฉา	2	ฉา		SKIP	ยงส่งแสงฉานที่มืดมัว
เครง	2	เครง		SKIP	ปืนครื้นเครงวังเวงวนแก
โพล่	2	โพล่		SKIP	กดำตกน้ำโพล่งถูกซึ่โคร
กระจี้	2	กระ-จี้		SKIP	บหนักจักกระจี้เบือนหนีหน
ผิวหนัง	2	ผิว-หนัง		SKIP	ริ้วร้อนผิวหนังพิมเสนฝนปน
หลังฉาก	2	หลัง-ฉาก		SKIP	เข้าข้างหลังฉากกั้นชั้นเฉ
นิ้วชี้	2	นิ้ว-ชี้		SKIP	ลียงจ้องนิ้วชี้จี้นางแอบข
กูบ	2	กูบ		SKIP	ับว่าได้กูบอกให้แล้วอ
ผลิ	2	ผลิ		SKIP	นิน¦บ้างผลิดอกออกผลพว
ป่าสูง	2	ป่า-สูง		SKIP	นโรยเข้าป่าสูงฝูงนกวิหคร
ต้มส้ม	2	ต้ม-ส้ม		SKIP	าวไทยใส่ต้มส้มแกงต้มขิงน
แตงโม	2	แตง-โม		SKIP	ดปลาแห้งแตงโมฉู่ฉี่มี¦ก
ฉู่ฉี่	2	ฉู่-ฉี่		SKIP	ห้งแตงโมฉู่ฉี่มี¦กับข้าว
ตับเหล็ก	2	ตับ-เหล็ก		SKIP	ทเจ๊กต้มตับเหล็กเกาเหลาเหล
ต้มเค็ม	2	ต้ม-เค็ม		SKIP	นหมี่หมูต้มเค็มใส่เต็มจาน
พูดอ้อมค้อม	2	พูด-อ้อม-ค้อม		SKIP	ันไม่ยอมพูดอ้อมค้อมขัดข้องจอง
ดุจ	2	ดุจ		SKIP	ดึกมีชายดุจักขุบอดมัน
กระเพิง	2	กระ-เพิง		SKIP	กแลเวิ้งกระเพิงผาพอโคมใกล
ตุ้ง	2	ตุ้ง		SKIP	ฟวิ่งกระตุ้งกระติ้งตาป
เดียงสา	2	เดียง-สา		SKIP	ลี้ยงไม่เดียงสาด้วยซื่อตร
บอกใบ้	2	บอก-ใบ้		SKIP	ำนงในได้บอกใบ้ใช้ปัญญาน่
เป็นฝี	2	เป็น-ฝี		SKIP	ตรีเพราะเป็นฝีที่ที่นั่ง
แยง	2	แยง		SKIP	ญิงหนึ่งแยงฉุดชักข่วน
กำปั้น	2	กำ-ปั้น		SKIP	สรรค์กุมกำปั้นรันทุบกันต
ปล้ำปลุก	2	ปล้ำ-ปลุก		SKIP	บตับบ้างปล้ำปลุกลุกล้มประท
ล้มพับ	2	ล้ม-พับ		SKIP	มทับบ้างล้มพับผ้านุ่งคาด
กำเดา	2	กำ-เดา		SKIP	ฟกอกเข่ากำเดาไหลบ้างนอน
ระอิดระอา	2	ระ-อิด-ระ-อา		SKIP	เบื่อจิตระอิดระอาต้องอับอาย
ใช้งาน	2	ใช้-งาน		SKIP	อยใหญ่คนใช้งานกำหนดการให
ริ้วรอย	2	ริ้ว-รอย		SKIP	มคางคิ้วริ้วรอยน้อยหรือนั
เทิ่ง	2	เทิ่ง		SKIP	ลังดูสูงเทิ่งเบิ่งหน้าล
เบิ่ง	2	เบิ่ง		SKIP	สูงเทิ่งเบิ่งหน้าละล้าล
ฝาด	2	ฝาด		SKIP	ลุยเลือดฝาดฟูมฟองออกน
ฝืด	2	ฝืด		SKIP	ืนถึงฝาดฝืดจืดเค็มที่
ไขกุญแจ	2	ไข-กุญ-แจ		SKIP	เลี้ยงไปไขกุญแจเถ้าแก่พร้
ไม้สูง	2	ไม้-สูง		SKIP	นเขาใหญ่ไม้สูงชมฝูงนกหมู
เนาว	2	เนาว		SKIP	ลอยวิเศษเนาวรัตน์ประภั
ข่มใจ	2	ข่ม-ใจ		SKIP	มยิ่งคิดข่มใจฝืนยิ่งขืน
ร่องน้ำ	2	ร่อง-น้าม	sound mismatch @2 (น้ำ vs น้าม)	FIXED	ณหงส์ออกร่องน้ำท่ามกลางตั
แหวะ	2	แหวะ		SKIP	ามีดกรีดแหวะแฉละโล่งให
เลื่อมพราย	2	เลื่อม-พราย		SKIP	ลื้อยลายเลื่อมพรายพรอยทั้งให
เกี่ยวพัน	2	เกี่ยว-พัน		SKIP	ลี้ยวกอดเกี่ยวพัน¦เป็นปล่อง
เวีย	2	เวีย		SKIP	พลเที่ยวเวียนวนบอกไปทั
ร่อย	2	ร่อย		SKIP	ลงในของอร่อยรสเป็ดไก่ส
แม่งาน	2	แม่-งาน		SKIP	มุทรเป็นแม่งานคิดทำเมรุเ
แจ่ง	2	แจ่ง		SKIP	วเสแสร้งแจ่งข้อหน่อกษั
ประหม่า	2	ประ-หม่า		SKIP	หลวงงกตกประหม่าให้ล่าทัพจ
ล้าน	2	ล้าน		SKIP	ืนฉันทากล้านักมักให้ชั
อี่	2	อี่		SKIP	เก้าอี้เอี่ยมมีพรมเจี
ดึ้อ	2	ดึ้อ		SKIP	ชษฐาอย่าดึ้อดึงขึงขัดพ
เอ๊ะ	2	เอ๊ะ		SKIP	าบาทหลวงเอ๊ะเกะกะเจ้าว
แหลกเหลว	2	แหลก-เหลว		SKIP	้ตื่นแตกแหลกเหลวดั่งเปลวไฟ
ซื้อรู้	2	ซื้อ-รู้		SKIP	ำดึงดื้อซื้อรู้ถือครูโกง¦
อัมพ	2	อำ-พบ		SKIP	างค์กลางอัมพร¦พายุพยับ
ตึ	2	ตึ		SKIP	เสียงตูมตึงผึงผางทาง
หยากเยื่อ	2	หยาก-เยื่อ		SKIP	ี่ทิศเอาหยากเยื่อเชื้อไฟดิน
นาเกลือ	2	นา-เกลือ		SKIP	ีข้าวปลานาเกลือทั้งเหนือใ
เตลิดเปิดเปิง	2	เตลิด-เปิด-เปิง		SKIP	เจิงแล่นเตลิดเปิดเปิงเซอะเซิงไป
เซิง	2	เซิง		SKIP	เปิงเซอะเซิงไป¦พายุพัด
เปน	2	เปน		SKIP	งเองเห็นเปนสนุกกูนี้เ
นัย	2	นัย		SKIP	ด้ฟังว่านัยน์ตาเขียวแ
อิทธิฤทธิ์	2	อิด-ทิ-ริด		SKIP	พราะเห็นอิทธิฤทธิ์เดชทางเวทม
โหง	2	โหง		SKIP	นไปอีตายโหงชะนางพวกฤๅ
เที่ยวเตร่	2	เที่ยว-เตร่		SKIP	กำพลเพชรเที่ยวเตร่เตร็ดวุ่นว
โกย	2	โกย		SKIP	่าฝืนมันโกยเอาสินทรัพ
บัทว์ไภ	2	บัด-ไพ		SKIP	ิ์คุ้มอุบัทว์ไภยันทั้งกัน
เทิน	2	เทิน		SKIP	หน้าเชิงเทิน¦กองกิเลสผ
มิคเศียร	2	มิค-เศียร		SKIP	ี่แน่ดาวมิคเศียรเองจงเรียน
ฆะ	2	ฆะ		SKIP	ันกับดาวฆะต้องชนะข้า
ร้อยลิ้น	2	ร้อย-ลิ้น		SKIP	อนเขาว่าร้อยลิ้นที่กินหวาน
เกส	2	เกส		SKIP	์แย้มแกมเกสรมะลุลีมะล
รดี	2	ระ-ดี		SKIP	ย์เป็นการดีไม่ควรที่โ
นุ่มนวล	2	นุ่ม-นวล		SKIP	ู้ชุ่มพอนุ่มนวล¦แมงภู่ผึ้
บูด	2	บูด		SKIP	นข้าวแฉะบูดสุดถวิลเป็
เริศจง	2	เริศ-จง		SKIP	งให้น้องเริศจงโปรดเถิดกร
เสาว	2	เสาว		SKIP	่หัวเจ้าเสาวคนธ์บ้างก็
นัง	2	นัง		SKIP	ต็มกลัวหนังหัวพองไม่อ
ปิตุลา	2	ปิ-ตุ-ลา		SKIP	ฤทธิ์พระปิตุลา¦พระอภัยได
ทับลัคน์	2	ทับ-ลัก		SKIP	เป็นหรือทับลัคน์เล็งจันทร์
ทักษิณา	2	ทัก-ษิ-ณา		SKIP	ทรงสังข์ทักษิณารดวารี¦ให้
เกี๋ย	2	เกี๋ย		SKIP	มืองตั้งเกี๋ยเป็นตั้วเฮ
กลั้ว	2	กล้ว		SKIP	จรเกลือกกลั้วดอกบัวหลวง
แฟง	2	แฟง		SKIP	ักคือฟักแฟงก็เสียแรงร
รดน้ำ	2	รด-น้าม	sound mismatch @2 (น้ำ vs น้าม)	FIXED	รงทรงพรตรดน้ำสังข์พระรั
หะยี	2	หะ-ยี		SKIP	ท่านโต๊ะหะยีสี่สิบคน¦พ
ชำแหละ	2	ชำ-แหละ		SKIP	ังแพะแกะชำแหละถวายมัสมั่
วู	2	วู		SKIP	ียงหวี่หวู่อู้ไปเข้า
เภก	2	เภก		SKIP	ะตกที่พิเภกอสุราต้องข
ผึ่ง	2	ผึ่ง		SKIP	ตึงเสียงผึ่งผางพวกต้นห
เร่งเร้า	2	เร่ง-เร้า		SKIP	คิดปรารภเร่งเร้าพระเจ้าหลา
เติบโต	2	เติบ-โต		SKIP	ว้างใหญ่เติบโตรโหฐานรู้ไ
ลอยช้อน	2	ลอย-ช้อน		SKIP	าหอยบ้างลอยช้อนเดินฉะอ้อน
ถ้วนถี่	2	ถ้วน-ถี่		SKIP	ทหลวงฟังถ้วนถี่แกดีใจรีบข
คัดลอก	2	คัด-ลอก		SKIP	นบอกแล้วคัดลอกความลงไม่ส
ตุ้มปี่	2	ตุ้ม-ปี่		SKIP	าวดีหมวกตุ้มปี่อย่างฝรั่ง
เกียจคร้าน	2	เกียจ-คร้าน		SKIP	ช้การไม่เกียจคร้านบิดเบือนไม
กาว	2	กาว		SKIP	บทูลมูลิกาว่าองค์วายุ
เสื่อมคลาย	2	เสื่อม-คลาย		SKIP	็บชาค่อยเสื่อมคลายหายแล้วหรื
หมกหมุ่น	2	หมก-หมุ่น		SKIP	ตรองตรึกหมกหมุ่นยิ่งฉุนเฉี
เตร็ดเตร่	2	เตร็ด-เตร่		SKIP	เลเที่ยวเตร็ดเตร่ไปทุกเมือง
ตรีศูล	2	ตรี-ศูล		SKIP	ังมณีถือตรีศูลเสด็จออกพร
เจดีย์	2	เจ-ดี		SKIP	ญ่ว่ายอดเจดีย์มีอยู่กลาง
ข่าง	2	ข่าง		SKIP	ุโน่นดาวข่างหว่างดาวสำ
ดะ	2	ดะ		SKIP	ต่ากระระดะดาษเที่ยวว
กุก่อง	2	กุ-ก่อง		SKIP	ใส่ใบตาดกุก่องทองระหงทั้
กระเดียด	2	กระ-เดียด		SKIP	ิ่งเบียดกระเดียดเปล¦เมืองด
เดินโซเซ	2	เดิน-โซ-เซ		SKIP	ยไข้โกโรเดินโซเซเที่ยวหันเ
เสียรอย	2	เสีย-รอย		SKIP	พวกลังกาเสียรอยคิดถอยพลพว
มะกัน	2	มะ-กัน		SKIP	ดดินดำกำมะกันเข้าพร้อมก
สีทันดร	2	สี-ทัน-ดร		SKIP	อ่าววารีสีทันดรด่านขนอนแถ
บ้าบ่น	2	บ้า-บ่น		SKIP	นศรีสุดาบ้าบ่นเดินวนเวีย
อาบเอิบ	2	อาบ-เอิบ		SKIP	ะอองอ่อนอาบเอิบกำเริบแรง¦
เกี่ยวก้อย	2	เกี่ยว-ก้อย		SKIP	งองค์ทรงเกี่ยวก้อยกระหวัดตาม
ส้าว	2	ส้าว		SKIP	วกระทุ้งส้าวเสียงลั่นส
บัณฑิต	2	บัณ-ฑิต		SKIP	นพรวนพวกบัณฑิตศิษย์วัดซั
ตะกุย	2	ตะ-กุย		SKIP	ตะกายตีนตะกุยพลางคุ้ยผง
คุ้ย	2	คุ้ย		SKIP	ะกุยพลางคุ้ยผงจึงลุกขึ
เครื่องเซ่น	2	เครื่อง-เซ่น		SKIP	าเชิญรับเครื่องเซ่นจะได้เป็นท
เดาะ	2	เดาะ		SKIP	าตาเสกสะเดาะเคราะห์ร้า
ช่องแคบ	2	ช่อง-แคบ		SKIP	ชิงเพราะช่องแคบทางจะเข้าเ
หลวมตัว	2	หลวม-ตัว		SKIP	วยละเลิงหลวมตัวสิชั่วจริง
ครู่ใหญ่	2	ครู่-ใหญ่		SKIP	ยอยู่สักครู่ใหญ่เราจะไปทูล
โยโส	2	โย-โส		SKIP	นจาบจ้วงโยโสทั้งโอหังเ
บ้าลำโพง	2	บ้า-ลำ-โพง		SKIP	นปากกล้าบ้าลำโพงมันโป้งโหย
ซ่อง	2	ซ่อง		SKIP	ิงกูเปิดซ่องร่องไว้มัน
มะกรูด	2	มะ-กรูด		SKIP	ก็ได้ผิวมะกรูดมาสูดดมพอด
สูดดม	2	สูด-ดม		SKIP	มะกรูดมาสูดดมพอดับลมเวี
หงอยเหงา	2	หงอย-เหงา		SKIP	งนอนง่วงหงอยเหงาเศร้าอุรา¦
ซ่องแซ่ง	2	ซ่อง-แซ่ง		SKIP	ห้องเดินซ่องแซ่งสิ้นเรี่ยว
อาญาศึก	2	อา-ญา-ศึก		SKIP	ม่หนีหายอาญาศึกย่อมรู้เป็
ศาน	2	ศาน		SKIP	มเอมเกษมศานต์หยุดอยู่
คีต	2	คีต		SKIP	เนียงสังคีตทั้งดีดสีท
ซ่องสุม	2	ซ่อง-สุม		SKIP	ทำนองคิดซ่องสุมดึกสงัดจะเ
ตีกรรเชียง	2	ตี-กรร-เชียง		SKIP	คนใช้สอยตีกรรเชียงลงให้หนักค
เลื่อยล้า	2	เลื่อย-ล้า		SKIP	บัญชาใครเลื่อยล้าโทษมึงจะถึ
ฃู่	2	ฃู่		SKIP	น้าประตูฃู่สำทับยังนอ
มิฉะนั้น	2	มิ-ฉะ-นั้น		SKIP	้ากรงขังมิฉะนั้นมันจะปิดให
หรั่นดิ์	2	หรั่น		SKIP	เหล้าบ้าหรั่นดิ์ขวดใหญ่มาใ
เพรียกพร้อง	2	เพรียก-พร้อง		SKIP	วิหคเหินเพรียกพร้องก้องสำเนีย
ขัดจังหวะ	2	ขัด-จัง-หวะ		SKIP	จาสารพัดขัดจังหวะแกเอะอะเดื
มำไม	2	มำ-ไม		SKIP	่งเกรงใจมำไมมี¦แกเดือด
เพ่	2	เพ่		SKIP	บเราอย่าเพ่อเอากองทัพ
หุงต้ม	2	หุง-ต้ม		SKIP	รเอาอะไรหุงต้มนั่งซมซานไ
วิชาธร	2	วิ-ชา-ธร		SKIP	นสนั่นหูวิชาธรนักสิทธ์ปิ
โป้ง	2	โป้ง		SKIP	กตีฝีปากโป้งโหยงทำโฉงเ
มาบ	2	มาบ		SKIP	เพราะมันมาบนอากาศประห
ฟองน้ำ	2	ฟอง-น้าม	sound mismatch @2 (น้ำ vs น้าม)	FIXED	างผุดพ่นฟองน้ำบ้างดำจร¦ฉ
สับเงา	2	สับ-เงา		SKIP	แตกยับลงสับเงา¦เที่ยวแลร
ก้าวย่าง	2	ก้าว-ย่าง		SKIP	ยไม้เท้าก้าวย่างจากบัลลังก
ตัวหนัง	2	ตัว-หนัง		COMPOSED	หวไปทั้งตัวหนังหัวพองพลาง
ทางแยก	2	ทาง-แยก		COMPOSED	ให้คนตัดทางแยกห่างไป¦แต่
ผู้บัญชา	2	ผู้-บัน-ชา		COMPOSED	ปฟังท่านผู้บัญชา¦สั่งให้ตร
เบื่อเมา	2	เบื่อ-เมา		COMPOSED	ดเครื่องเบื่อเมาทำเตาเสร็จ
ยังก่อน	2	ยัง-ก่อน		COMPOSED	รณังนั่นยังก่อนไม่เป็นไรใ
กินกัน	2	กิน-กัน		COMPOSED	ังเมามัวกินกันทั่วหายหมด
ผลีผลาม	2	ผะ-ลี-ผะ-ลา-มะ		COMPOSED	่นี่อย่าผลีผลามจงจำคำมารด
อ่อนความ	2	อ่อน-ความ		COMPOSED	ารดาอย่าอ่อนความให้ต้องตาม
ตกปลา	2	ตก-ปลา		COMPOSED	บ็ดหย่อนตกปลาพากันไปคนท
บินลง	2	บิน-ลง		COMPOSED	ูงวิหคนกบินลงกินปลาก็มร
น้ำยา	2	น้ำ-ยา		COMPOSED	าะมันกินน้ำยาคงอาสัญบาท
ผู้ดู	2	ผู้-ดู		COMPOSED	ียรแต่คนผู้ดูก็ดีไม่มีท
ทรงธรรม	2	ทรง-ทำ		COMPOSED	อกจากกิจทรงธรรมกรรมฐานเสด
พรายแสง	2	พราย-แสง		COMPOSED	้วนสีลายพรายแสงแข่งตะวันส
นกกระสา	2	นก-กระ-สา		COMPOSED	นยอดเขลงนกกระสาจับกระสังเ
ซ้ำสาม	2	ซ้ำ-สาม		COMPOSED	ัตว์ระยำซ้ำสามตะกลามชู้ม
ทางได้	2	ทาง-ได้		COMPOSED	้ำไว้ตามทางได้เชยค่างต่า
คำสั่ง	2	คำ-สั่ง		COMPOSED	ูรเสนานำคำสั่งพระนักสิทธ
การกุศล	2	กาน-กุ-สน		COMPOSED	์โพธิญาณการกุศลจะได้พ้นกอ
ทีท่า	2	ที-ท่า		COMPOSED	ล้วยถาทำทีท่าดูละม้ายคล
โคมไฟ	2	โคม-ไฟ		COMPOSED	เราคิดทำโคมไฟใส่ไกกลปล่
ปรุงยา	2	ปะ-รุ-งะ-ยา		COMPOSED	้วคิดการปรุงยาหาน้ำมัน¦ท
กริม	2	กะ-ริม		COMPOSED	กไปข้างบกริมท่าชลาไหลอ
ดำขลับ	2	ดำ-ขะ-ลับ		COMPOSED	่เสื้อสีดำขลับระยับพลาย¦
คราม	2	คะ-รา-มะ		COMPOSED	ตรูสู้สงครามทั้งขวากหน
อันต	2	อัน-ตะ		COMPOSED	เป็นไพรีอันตัวกูผู้จะต
ลงกา	2	ลง-กา		COMPOSED	ท้าวเจ้าลงกา¦บาทหลวงขึ
ตาเป็นมัน	2	ตา-เป็น-มัน		COMPOSED	อกจากรถาตาเป็นมันแล้วดุดันเ
ระราน	2	ระ-รา-นะ		COMPOSED	กะเที่ยวระรานจนเมืองบ้า
ได้ที่	2	ได้-ที่		COMPOSED	ลเห็นไม่ได้ที่ในเชิง¦แต่
หัวลม	2	หัว-ลม		COMPOSED	ดับเพลิงหัวลมระดมเอา¦แต
สุดฝีมือ	2	สุด-ฝี-มือ		COMPOSED	มไม่หยุดสุดฝีมือ¦นางฤๅษีชี
ตามยาว	2	ตาม-ยาว		COMPOSED	อลูกขลุบตามยาวทั้งบ่าวนา
หนำซ้ำ	2	หะ-นำ-ซ้ำ		COMPOSED	รั้นอิ่มหนำซ้ำว่าอย่าประ
เต็มทน	2	เต็ม-ทน		COMPOSED	จะดูเข็มเต็มทนด้วยหนทางต
นกเขา	2	นก-เขา		COMPOSED	บนยอดไทรนกเขาไฟจับแฟบยื
แก้วเสียง	2	แก้ว-เสียง		COMPOSED	่งบนกิ่งแก้วเสียงเจื้อยแจ้ว
หัวอก	2	หัว-อก		COMPOSED	็นใหญ่โตหัวอกโอ้แสนช้ำร
คันทรง	2	คัน-ทรง		COMPOSED	ันทน์ต้นคันทรงประดู่ดงกร
นรี	2	นะ-รี		COMPOSED	็นการร้อนรีบไปดังใจจง
เต็มอก	2	เต็ม-อก		COMPOSED	ืดเค็มก็เต็มอกหมายจะยกกอ
ขวายขวน	2	ขะ-วาย-ขะ-วน		COMPOSED	นวายต้องขวายขวนประเวณีมีท
กลางดิน	2	กลาง-ดิน		COMPOSED	กวางเสียกลางดินเป็นเสร็จส
ความเศร้า	2	ความ-เส้า		COMPOSED	สร็จสิ้นความเศร้าบรรเทาคลาย
สังวาลพราหมณ์	2	สัง-วาน-พราม		COMPOSED	ายกระสันสังวาลพราหมณ์สามสายดูพร
สามสาย	2	สาม-สาย		COMPOSED	ลพราหมณ์สามสายดูพรายพรรณ
แต่เท่านี้	2	แต่-เท่า-นี้		COMPOSED	คำของแม่แต่เท่านี้นะลูกรักปร
โบกสะบัด	2	โบก-สะ-บัด		COMPOSED	รุยอดโยกโบกสะบัดพระพายพัดไ
ทนทุกข์	2	ทน-ทุก		COMPOSED	าพาตนให้ทนทุกข์ไม่มีสุขอว
ผลเสีย	2	ผล-เสีย		COMPOSED	นให้เสียผลเสียประโยชน์โพ
ยุติธรรม	2	ยุ-ติ-ทำ		COMPOSED	จงตั้งในยุติธรรมคงสำราญได้
ความสุข	2	ความ-สุก		COMPOSED	โมหาเกิดความสุขขึ้นทุกวัน
นี่เอง	2	นี่-เอง		COMPOSED	โญมโหฬารนี่เองมาอย่างไรไ
อุทิศ	2	อุ-ทิด		COMPOSED	็จกิจอวยอุทิศอานิสงส์ทร
ทุกข์เข็ญ	2	ทุก-เข็น		COMPOSED	ก็ย่อมมีทุกข์เข็ญไม่เว้นตัว
ธงสามชาย	2	ธง-สาม-ชาย		COMPOSED	อนให้โบกธงสามชายกรีดกรายกร
ดังกล่าว	2	ดัง-กล่าว		COMPOSED	นจริงจังดังกล่าวเข้าไปรับเ
ทหารเกณฑ์	2	ทะ-หาน-เกน		COMPOSED	าด่านจัดทหารเกณฑ์แห่แลไสวออ
ออกจะ	2	ออก-จะ		COMPOSED	วลาจวนจะออกจะมีบอกเข้าไ
ครูใหญ่	2	ครู-ใหญ่		COMPOSED	หลวงเป็นครูใหญ่ได้รางวัลเ
ทั้งกลม	2	ทั้ง-กะ-ลม		COMPOSED	ี่อยู่กูทั้งกลมจะเป่าลมให
วางซ้อน	2	วาง-ซ้อน		COMPOSED	ยกสุกรมาวางซ้อนต่างต่างล้
สืบรู้	2	สืบ-รู้		COMPOSED	ดขวางข้าสืบรู้แยบคายมันห
เป็นได้	2	เป็น-ได้		COMPOSED	รมีที่จะเป็นได้เล่นกันเรา
เชิงชาย	2	เชิง-ชาย		COMPOSED	ราก็ชั้นเชิงชายใช่สตรีเข้
ตั้งบ้าน	2	ตั้ง-บ้าน		COMPOSED	้นั่งกินตั้งบ้านถิ่นฐานชลา
ใช้กำลัง	2	ใช้-กำ-ลัง		COMPOSED	กก็จะได้ใช้กำลังแล้วแต่งตั
พอดี	2	พอ-ดี		COMPOSED	ลกลไกใช่พอดีทั้งจู้จี้
ตราประทับ	2	ตรา-ประ-ทับ		COMPOSED	อสองฉบับตราประทับให้เข้าไปไ
สมนอก	2	สม-นอก		COMPOSED	ำแหงตั้งสมนอกสมในขอใช้แ
การเกณฑ์ทหาร	2	กาน-เกน-ทะ-หาน		COMPOSED	่งมาแจ้งการเกณฑ์ทหารเก่าใหม่ใน
การประมูล	2	กาน-ประ-มูน		COMPOSED	แถลงเล่าการประมูลทูลถวายพระ
พระนคร	2	พระ-นะ-คอน		COMPOSED	ามกฎหมายพระนครแต่ก่อนมาท
ต่างชาติ	2	ต่าง-ชาด		COMPOSED	ยน้องถึงต่างชาติวาสนาได้มา
ทอดสะพาน	2	ทอด-สะ-พาน		COMPOSED	ทหลวงให้ทอดสะพานกระดานเรีย
เหล็กแผ่น	2	เหล็ก-แผ่น		COMPOSED	้ขวางเอาเหล็กแผ่นบังกายวิ่ง
เสียงเอก	2	เสียง-เอก		COMPOSED	าตามภาษาเสียงเอกวิเวกหวานผ
เชื่อง	2	เชื่อ-งะ		COMPOSED	เงื่องดูเชื่องคน¦ระดมปืน
กะลา	2	กะ-ลา		COMPOSED	นบนเภตรากะลาสีต่างอึงม
ขลุก	2	ขะ-ลุก		COMPOSED	ม่เป็นสุขลุกผวาได้ยินเ
ทำมาหากิน	2	ทำ-มา-หา-กิน		COMPOSED	อนรนอยู่ทำมาหากินในถิ่นฐานค
ชูคอ	2	ชู-คอ		COMPOSED	นหมูนั่งชูคอ¦นางปีศาจล
น้ำเสีย	2	น้ำ-เสีย		COMPOSED	ลาริมท่าน้ำเสียระยำปี้ป่น
ฉนวนน้ำ	2	ฉะ-นะ-วน-น้ำ		COMPOSED	วังลงยังฉนวนน้ำก็พร้อมลำก
ทันเวลา	2	ทัน-เว-ลา		COMPOSED	วันไปให้ทันเวลาอย่าช้าที¦
ระกะ	2	ระ-กะ		COMPOSED	็นหอยลอยระกะตัวเป็นกระ
ดาระ	2	ดา-ระ		COMPOSED	พหลพลม้าดาระดาษเสนามาต
ลำราง	2	ลำ-รา-งะ		COMPOSED	้วขุดที่ลำรางเป็นทางไป¦
ในทันที	2	ใน-ทัน-ที		COMPOSED	าให้พลันในทันทีแล้วแจ้งคว
ตานี	2	ตา-นี		COMPOSED	อแปลกแขกตานีไม่รู้ที่จ
ที่หนึ่ง	2	ที่-หนึ่ง		COMPOSED	ะบี่เป็นที่หนึ่งให้สมซึ่งพ
ผกผัน	2	ผะ-กะ-ผัน		COMPOSED	บกันพลางผกผันชักม้าเข้า
แปดสิบ	2	แปด-สิบ		COMPOSED	น¦ได้ถึงแปดสิบกษัตริย์จน
ข้างน้อย	2	ข้าง-น้อย		COMPOSED	นผู้อยู่ข้างน้อยครั้นจะถอย
ความตกใจ	2	ความ-ตก-ใจ		COMPOSED	ม่มีขวัญความตกใจแทบจะดิ้นส
รู้ไม่ถึง	2	รู้-ไม่-ถึง		COMPOSED	าลึกซึ้งรู้ไม่ถึงมารยามันพา
พายุฝน	2	พา-ยุ-ฝน		COMPOSED	เข้าในวนพายุฝนก็ค่อยเบาบ
ฟ้าคะนอง	2	ฟ้า-คะ-นอง		COMPOSED	ฝนลมกล้าฟ้าคะนองก็รู้สิ้นพ
ทำใจ	2	ทำ-ใจ		COMPOSED	อาหารแต่ทำใจแข็งขืนพอช
เนื้อไก่	2	เนื้อ-ไก่		COMPOSED	ินแต่ปลาเนื้อไก่ไม่ได้การ¦
พลัดถิ่น	2	พลัด-ถิ่น		COMPOSED	ราปตาหวีพลัดถิ่นที่เอ้องค์
มีใจ	2	มี-ใจ		COMPOSED	ดีให้นึกมีใจจิตคิดศรัท
ไพร่หลวง	2	ไพร่-หลวง		COMPOSED	นสมทบกับไพร่หลวงหมู่ของใคร
เสียม	2	เสีย-มะ		COMPOSED	ลไพร่ตายเสียมากแสนลำบาก
พร้อมกับ	2	พร้อม-กับ		COMPOSED	ายุพาพินพร้อมกับสิ้นบนพลับ
การเต้นรำ	2	กาน-เต้น-รำ		COMPOSED	ารย์มาดูการเต้นรำตามทำนอง¦ก
ข้าหลวงเดิม	2	ข้า-หลวง-เดิม		COMPOSED	แต่บรรดาข้าหลวงเดิมจอดประทับก
รุกขชาติ	2	รุก-ขะ-ชาด		COMPOSED	เขียนวาดรุกขชาติเขียวชอุ่ม
ภาระ	2	ภา-ระ		COMPOSED	ฉลองซึ่งภาระหนักอกเรื่
หนักหน้า	2	หนัก-หน้า		COMPOSED	ก่อนต้องหนักหน้าเร่งอาวรณ์
เบื้องปลาย	2	เบื้อง-ปลาย		COMPOSED	รื่องแต่เบื้องปลายก็ค่อยคลาย
ความโกรธ	2	ความ-โกรด		COMPOSED	ค่อยคลายความโกรธพิโรธอา¦เอ
หรบ	2	หะ-รบ		COMPOSED	งนมเนยสำหรบไทเจ้าไอศู
ทำชั่ว	2	ทำ-ชั่ว		COMPOSED	ลแต่ก่อนทำชั่วให้มัวมนพร
มีความสุข	2	มี-ความ-สุก		COMPOSED	งนุสนธิ์มีความสุขแสนสบายทั้
กุศลผลบุญ	2	กุ-สน-ผล-บุญ		COMPOSED	เจรจาตามกุศลผลบุญเขาทั้งสอง
ประนมมือ	2	ประ-นม-มือ		COMPOSED	็ต้องก้มประนมมือข้างแขกถือ
เครื่องบน	2	เครื่อง-บน		COMPOSED	ววังตั้งเครื่องบนโต๊ะใหญ่ทั
เป็นต้นว่า	2	เป็น-ต้น-ว่า		COMPOSED	ดีมีราคาเป็นต้นว่าสายสร้อยเค
ที่บูชา	2	ที่-บู-ชา		COMPOSED	้เป็นครูที่บูชา¦แล้วจึ่งว
รับศีล	2	รับ-สีน		COMPOSED	ยก็คำนับรับศีลพรเมื่อจะจ
พรุน	2	พะ-รุ-นะ		COMPOSED	นชลสายตะพรุนพรายพรายพร
นมนาง	2	นม-นาง		COMPOSED	วหอยอีรมนมนางอยู่กลางหา
กฤติกา	2	กะ-รึ-ติ-กา		COMPOSED	รียกชื่อกฤติกาตำรามีโรหิ
กำลังดี	2	กำ-ลัง-ดี		COMPOSED	่อยก็ยังกำลังดีน่าเปรมปรี
เรียกร้อง	2	เรียก-ร้อง		COMPOSED	ก้องบ้างเรียกร้องกู่กันเสีย
ทอดที่	2	ทอด-ที่		COMPOSED	ตาหวีให้ทอดที่อ่าวมหาชลา
วิ่งไล่	2	วิ่ง-ไล่		COMPOSED	หว่างไศลวิ่งไล่กันเลียงผา
ฤดูฝน	2	รึ-ดู-ฝน		COMPOSED	นี้มิใช่ฤดูฝนมามืดมนดูล
ประตูออก	2	ประ-ตู-ออก		COMPOSED	สริฐเปิดประตูออกมาสู่โรงฉั
ทายก	2	ทาย-กะ		COMPOSED	พวกศิษย์ทายกผลาผลไม้ปร
สีไฟ	2	สี-ไฟ		COMPOSED	ัคคีบ้างสีไฟกองขึ้นในศ
กระสา	2	กระ-สา		COMPOSED	อดเขลงนกกระสาจับกระสังเ
กระรอก	2	กระ-รอก		COMPOSED	์ลงละหานกระรอกเรียงเคียง
รังนาน	2	รัง-นาน		COMPOSED	ะเรียนนกรังนานคับแคขานปน
โรงธาร	2	โรง-ทาน		COMPOSED	างวันพระโรงธารชานพักตำหน
แล้วด้วย	2	แล้ว-ด้วย		COMPOSED	วแต่ล้วนแล้วด้วยมุกดาฝาผนั
ฟันคลื่น	2	ฟัน-คลื่น		COMPOSED	้งกันออกฟันคลื่นจนเที่ยงคื
ลูกหนี้	2	ลูก-หะ-นี้		COMPOSED	ลังเหล่าลูกหนี้ที่ติดจะปิ
นิ่งแน่	2	นิ่ง-แน่		COMPOSED	มกลิ้งลงนิ่งแน่หมอเข้าแก้
น้ำข้าว	2	น้ำ-ข้าว		COMPOSED	นทางทั้งน้ำข้าวเอาขึ้นใส่
มันนี	2	มัน-นี		COMPOSED	จยักขินีมันนีมิตเข้าดลจ
ร้อนแรง	2	ร้อน-แรง		COMPOSED	ดถวิลให้ร้อนแรงแสงกล้าติด
คำมั่น	2	คำ-มั่น		COMPOSED	มุ่งหมายคำมั่นดั่งสัญญาต
เพชรน้ำค้าง	2	เพ็ด-น้ำ-ค้าง		COMPOSED	แก้วเก็จเพชรน้ำค้างขาวสล้างแล
น้อยลง	2	น้อย-ลง		COMPOSED	คนยกเรือน้อยลงลอยเรียงอ้
ข้าวสาลี	2	ข้าว-สา-ลี		COMPOSED	โอชโภชนาข้าวสาลีมเหสีสองนา
ดังลั่น	2	ดัง-ลั่น		COMPOSED	คาะระฆังดังลั่นสนั่นไปพวก
นมนาน	2	นม-นาน		COMPOSED	อเสียงมานมนานทุกถิ่นฐาน
วอนขอ	2	วอน-ขอ		COMPOSED	ษฎรมาวิงวอนขอกษัตริย์ขั
แก่ตัว	2	แก่-ตัว		COMPOSED	ก่ชนยิ่งแก่ตัวก็ยิ่งมัวด
ของถวาย	2	ของ-ถะ-วาย		COMPOSED	ล้วให้ขนของถวายไปในเรือ¦ฝ
ทำท่า	2	ทำ-ท่า		COMPOSED	่าม้าน้ำทำท่าม้าลำพองขึ
หมูน้ำ	2	หมู-น้ำ		COMPOSED	นวิถีฝูงหมูน้ำดำวนชลธีเท
เครื่องเคียง	2	เครื่อง-เคียง		COMPOSED	มศรีทั้งเครื่องเคียงต่างต่างขอ
อุปทูต	2	อุ-ปะ-ทูด		COMPOSED	นหลั่นไปอุปทูตราชทูตให้ต
หมายเกณฑ์	2	หมาย-เกน		COMPOSED	ยเร่งบาดหมายเกณฑ์กันให้ทันก
วาท	2	วา-ทะ		COMPOSED	ยวเชิงวิวาทอย่าอาจหาญ
สามแยก	2	สาม-แยก		COMPOSED	ใบไปทั้งสามแยกไปตามทิศทา
ยาสั่ง	2	ยา-สั่ง		COMPOSED	งในที่ไสยาสั่งอนงค์องค์ม
พงไพร	2	พะ-งะ-ไพร		COMPOSED	้านดงชาวพงไพรได้อาศัยท่
สมใจนึก	2	สม-ใจ-นึก		COMPOSED	งแม้นได้สมใจนึกอย่างตรึกต
ลุกไหม้	2	ลุก-ไม้		COMPOSED	ิงทิ้งไฟลุกไหม้แดงติดกระแ
การรับเอา	2	กาน-รับ-เอา		COMPOSED	่งไปแจ้งการรับเอาสารทูตาเข้
จับฉลาก	2	จับ-ฉะ-ลาก		COMPOSED	วีเหลืองจับฉลากกันให้เสร็
เครื่องใช้	2	เครื่อง-ใช้		COMPOSED	หลายร้อยเครื่องใช้สอยรอกเชือ
ยานมาศ	2	ยา-นะ-มาด		COMPOSED	ำหรับรับยานมาศใส่ราชสารแ
ผ้าแดง	2	ผ้า-แดง		COMPOSED	ยท้าวเอาผ้าแดงมานุ่งทาแป
กางปีก	2	กาง-ปี-กะ		COMPOSED	่ชวาแล้วกางปีกโบกปัดพัดท
แดงฉาน	2	แดง-ฉาน		COMPOSED	้าแข็งสีแดงฉานได้แก่พวกท
ได้แก่	2	ได้-แก่		COMPOSED	สีแดงฉานได้แก่พวกที่มาหว
ผู้ทำนาย	2	ผู้-ทำ-นาย		COMPOSED	ตข้าโหราผู้ทำนายข้างต้นร้า
ปืนยา	2	ปืน-ยา		COMPOSED	งปืนสั้นปืนยาวทั้งง้าวท
ชาวเรือ	2	ชาว-เรือ		COMPOSED	องเบาฆ่าชาวเรือให้ถือขวาน
ประทับร้อน	2	ประ-ทับ-ร้อน		COMPOSED	ห้วยหนองประทับร้อนโดยประสงค์
เด็กหนุ่ม	2	เด็ก-หนุ่ม		COMPOSED	วจะคบค้าเด็กหนุ่มคุ้มไม่ได้
สะกดทัพ	2	สะ-กด-ทับ		COMPOSED	ระสิทธิ์สะกดทัพขึ้นรถขับต
สีดา	2	สี-ดา		COMPOSED	นงค์องค์สีดามาพาราสมปร
เลี้ยงลา	2	เลี้ยง-ลา		COMPOSED	ร็จสำราญเลี้ยงลากันคลาไคล¦
อิศวร	2	อิศ-วร		COMPOSED	กรรมทั้งอิศวรภูวไนยเจ้า
ล้างหน้า	2	ล้าง-หน้า		COMPOSED	นน้ำมนต์ล้างหน้าพาสบาย¦พวก
หญ้าปากคอก	2	หญ้า-ปาก-คะ-อก		COMPOSED	ซเล่นแต่หญ้าปากคอกบอกกันมั่ง
สมจริง	2	สม-จิง		COMPOSED	หญิงแม้นสมจริงก็จะพาชูรา
แบกหน้า	2	แบก-หน้า		COMPOSED	รู้ที่จะแบกหน้าพากันอาย¦เ
มือเปล่า	2	มือ-เปล่า		COMPOSED	ทแต่จะไปมือเปล่าเขาจะแคลง¦
หวนคิด	2	หวน-คิด		COMPOSED	ระนุชนาฏหวนคิดจิตถวิลจัน
ฝาชี	2	ฝา-ชี		COMPOSED	าวดีคลุมฝาชีตาดปักจำหล
เล่นกล	2	เล่น-กล		COMPOSED	งมวยปล้ำเล่นกลให้คนดู¦ทั
กับแกล้ม	2	กับ-แก-ล้ม		COMPOSED	่องสำรับกับแกล้มหมูแนมไทยท
สารตรา	2	สาน-ตรา		COMPOSED	เหสีแต่งสารตรามาแถลงแจ้ง
รายตัว	2	ราย-ตัว		COMPOSED	าถวายทูลรายตัว¦เป็นเชื้อ
โรงละคร	2	โรง-ละ-คอน		COMPOSED	ูกโรงโขนโรงละครทั้งงิ้วหุ
แม่กอง	2	แม่-กอง		COMPOSED	าษทองพวกแม่กองทำฎีกามาเอ
ชาวที่	2	ชาว-ที่		COMPOSED	งเขนยพวกชาวที่กรมวังตั้ง
ลูกหลวง	2	ลูก-หลวง		COMPOSED	่างดีที่ลูกหลวงทรงมงกุฎบุ
ใจเบา	2	ใจ-เบา		COMPOSED	วไว้อย่าใจเบา¦อีกอย่างห
ผัดผ่อน	2	ผัด-ผ่อน		COMPOSED	ดแก้ไขขอผัดผ่อนแต่พอหย่อน
สักประเดี๋ยว	2	สัก-ประ-เดี๋ยว		COMPOSED	นงลักษณ์สักประเดี๋ยวคงสำเร็จเส
เป็นการใหญ่	2	เป็น-กาน-ใหญ่		COMPOSED	ไปในพาราเป็นการใหญ่ใช้คุณเข้า
แสงอ่อน	2	แสง-อ่อน		COMPOSED	้คู่แม้นแสงอ่อนไม่ประเทือ
สิงหนาท	2	สิ-งะ-หนา-ทะ		COMPOSED	ระจึ่งมีสิงหนาทประภาษตรัส
หอยนางรม	2	หอย-นาง-รม		COMPOSED	ต่างต่างหอยนางรม¦เรือก็แล่
ฉมัง	2	ฉะ-มัง		COMPOSED	นยของมัจฉมังสาพนักงานต
แค้นคอ	2	แค้น-คอ		COMPOSED	นกินข้าวแค้นคอฝืนกลืนไม่
คนชรา	2	คน-ชะ-รา		COMPOSED	ยโรคาไข้คนชราเป็นมานาน¦
ให้ข่าว	2	ให้-ข่าว		COMPOSED	จนใจเร่งให้ข่าวบอกเรื่องร
คนเมา	2	คน-เมา		COMPOSED	ถวิลแม้นคนเมาเข้าไปได้ใ
การป้องกัน	2	กาน-ป้อง-กัน		COMPOSED	ห้เตรียมการป้องกันอย่าหวั่นไ
ทางอ้อม	2	ทาง-อ้อม		COMPOSED	นน้อมแต่ทางอ้อมเกือบพาราป
พอใช้	2	พอ-ใช้		COMPOSED	รพูดจาก็พอใช้ในกระบวนสำ
กถา	2	กะ-ถา		COMPOSED	รั่งฟังแกถามก็ว่าตามแ
บินวน	2	บิน-วน		COMPOSED	ระเบนบินบินวนปนมังกง¦ฝู
ปลาโลมา	2	ปลา-โล-มา		COMPOSED	เตลิดหลงปลาโลมามาว่ายเป็น
มหาพรหม	2	มะ-หา-พร-หะ-มะ		COMPOSED	รั้งธาดามหาพรหมแต่ปฐมเหล่
ลอยคว้าง	2	ลอย-คว้า-งะ		COMPOSED	ถีทางออกลอยคว้างในมหาชลาลั
เชิงกราน	2	เชิง-กราน		COMPOSED	บูชาไฟในเชิงกรานไม่กินข้าว
ตัดรำคาญ	2	ตัด-รำ-คาน		COMPOSED	นาสมาทานตัดรำคาญจิตใจอยู่ใ
เข้าผี	2	เข้า-ผี		COMPOSED	าเทาดั่งเข้าผีบ้างก็เดิน
เครื่องแก้ว	2	เครื่อง-แก้ว		COMPOSED	ิวแถวผูกเครื่องแก้วแจ่มจำรัสป
ลมหอบ	2	ลม-หอบ		COMPOSED	ลหาเมื่อลมหอบน้องนุชบุษ
เพชรนิลจินดา	2	เพ็ด-นิล-จิน-ดา		COMPOSED	นคร¦เก็บเพชรนิลจินดาหาหัวแหวนไ
กระจับ	2	กระ-จับ		COMPOSED	รับกันตีกระจับปี่โทนขลุ่
สร้อยทอง	2	สร้อย-ทอง		COMPOSED	้งซิวซ่าสร้อยทองละอองอิน¦ก
ช่อน	2	ช่อ-นะ		COMPOSED	ิ้มไคล้ใช่อนงค์องค์นาร
ลั่นทม	2	ลั่น-ทะ-มะ		COMPOSED	ไม้ผลต้นลั่นทมนมสวรรค์อิ
เป็นเรื่อง	2	เป็น-เรื่อง		COMPOSED	ว่ากล่าวเป็นเรื่องราวว่ามันต
ชี้ช่อง	2	ชี้-ช่อง		COMPOSED	่งว่าพี่ชี้ช่องช่วยตรองกา
ทุกข์ใจ	2	ทุก-ใจ		COMPOSED	นหน่อนาถทุกข์ใจนั้นใหญ่หล
มากความ	2	มาก-ความ		COMPOSED	าว่าข้าวมากความยินลากขากด
กระเช้า	2	กระ-เช้า		COMPOSED	วข้าวสานกระเช้าให้ทุกคนขน
ประจำยาม	2	ประ-จำ-ยาม		COMPOSED	ดเข็มขัดประจำยามงามหนักหนา
สักวา	2	สัก-วา		COMPOSED	ยวยาวราวสักวาไม่นึกรักส
ที่ใด	2	ที่-ใด		COMPOSED	สาลีอยู่ที่ใดช่วยนำไปให
ข้าวเจ้า	2	ข้าว-เจ้า		COMPOSED	ีข้าวโพดข้าวเจ้าแลข้าวฟ่าง
ข้าวหางช้าง	2	ข้าว-หาง-ช้าง		COMPOSED	เขียวขาวข้าวหางช้างแลต่างต่าง
ดอกไม้เพลิง	2	ดอก-ไม้-เพลิง		COMPOSED	ป็นแสงสีดอกไม้เพลิงส่องสว่างก
เสียงดนตรี	2	เสียง-ดน-ตรี		COMPOSED	กลางคิรีเสียงดนตรีอื้ออึงคะน
นางเมือง	2	นาง-เมือง		COMPOSED	านพวกขุนนางเมืองลังกาแต่บร
ตกรางวัล	2	ตก-ราง-วัน		COMPOSED	ปราโมทย์ตกรางวัลผ้าส่านสีต
นขา	2	นะ-ขา		COMPOSED	าระเวกบินขานประสานเสี
เป็นไปตาม	2	เป็น-ไป-ตาม		COMPOSED	ื่อไรมันเป็นไปตามแผลข้างแสง
เรือเอก	2	เรือ-เอก		COMPOSED	แล้วแต่งเรือเอกชัยฝีพายพร
ท่าจะ	2	ท่า-จะ		COMPOSED	งไม่เห็นท่าจะราวีด้วยปึ
แต่ต้นจนจบ	2	แต่-ต้น-จน-จบ		COMPOSED	รงภพตั้งแต่ต้นจนจบอนุสนธิ์ป่
ลูกขุน	2	ลูก-ขุน		COMPOSED	ยศถาล้วนลูกขุนลูกหมื่นพื
สส	2	สะ-สะ		COMPOSED	รัสประภัสสรสุดสิ้นแส
เสาธง	2	เสา-ธง		COMPOSED	ิงเขาริมเสาธง¦สละละโทโส
กาม	2	กา-มะ		COMPOSED	เกณฑ์ลังกามหาศาลเห็นจ
น้ำคำ	2	น้ำ-คำ		COMPOSED	เมืองปากน้ำคำนับนำอ่านป
สิ้นกรรม	2	สิ้น-กำ		COMPOSED	กุศลหนุนสิ้นกรรมที่ทำมา¦สุ
ไหว้พระ	2	ไหว้-พระ		COMPOSED	้ไปสิงขรไหว้พระรูปเทวฤทธิ
คันธกุฎี	2	คัน-ทะ-กุ-ดี		COMPOSED	็จออกนอกคันธกุฎีสองนางชีเล
สาดส่อง	2	สาด-ส่อง		COMPOSED	าห้องแสงสาดส่องตามลำเนาภู
เบื้องต้น	2	เบื้อง-ต้น		COMPOSED	สนองอรรถเบื้องต้นแต่หนหลังถ
ตรำ	2	ตะ-รำ		COMPOSED	ต้องตรากตรำทำสงครามให
ให้ศีล	2	ให้-สีน		COMPOSED	้พระจึ่งให้ศีลพลางทางนุส
ฉกลัก	2	ฉะ-กะ-ลัก		COMPOSED	าสับปลับฉกลักเสียศักดิ์
ลมปาก	2	ลม-ปาก		COMPOSED	าสับปลับลมปากถลากไถลพูด
กวา	2	กะ-วา		COMPOSED	ัพหน้าพวกวาโหมวาหุโลม
เมื่อวาน	2	เมื่อ-วา-นะ		COMPOSED	ห่งมัจฉาเมื่อวานนี้มีสำเภา
คลายอารมณ์	2	คลาย-อา-รม		COMPOSED	ผ่อนสบายคลายอารมณ์แต่ยังตรมต
กระจัดพลัดพราย	2	กระ-จัด-พลัด-พราย		COMPOSED	แตกผางคนกระจัดพลัดพรายบ้างวายวาง
บานประตู	2	บาน-ประ-ตู		COMPOSED	ด้กระดานบานประตูคิดถึงครูเ
ฟ้าร้อง	2	ฟ้า-ร้อง		COMPOSED	าฝืนทั้งฟ้าร้องก้องกระหึม
ตากฝน	2	ตา-กะ-ฝน		COMPOSED	ำบากต้องตากฝนจะหนีนางทา
คิดลึก	2	คิด-ลึก		COMPOSED	พรั่นจิตคิดลึกยังนึกแหนง
ผีเสื้อสมุทร	2	ผี-เสื้อ-สะ-หมุด		COMPOSED	มยงสงสารผีเสื้อสมุทรมาสิ้นสุดช
เส้นสาย	2	เส้น-สาย		COMPOSED	นวดเคล้นเส้นสายปลายบาทาบ้
รากษส	2	รา-กะ-สะ-สะ		COMPOSED	ห็นศพซากรากษสที่มรณาเป็
อาศัยที่	2	อา-ไส-ที่		COMPOSED	ไม่มีที่อาศัยที่ไหนเลย¦ไหน
ข้าน้อย	2	ข้า-น้อย		COMPOSED	ึงทูลว่าข้าน้อยนี้ม่อยหลั
พ้นวิสัย	2	พ้น-วิ-ไส		COMPOSED	นวาสนาตนพ้นวิสัยแต่เสียดาย
ดีดดิ้น	2	ดีด-ดิ้น		COMPOSED	งกินอย่าดีดดิ้นดึงดื้อทำอ
สิ้นชีพ	2	สิ้น-ชี-พะ		COMPOSED	ช่จะดิ้นสิ้นชีพอย่ารีบร้อ
แน่ใจ	2	แน่-ใจ		COMPOSED	้เห็นแท้แน่ใจว่าไม่ลวงช
โอนอ่อนผ่อนตาม	2	โอน-อ่อน-ผ่อน-ตาม		COMPOSED	งสัยยิ่งโอนอ่อนผ่อนตามยิ่งลามไปเ
สะกดจิต	2	สะ-กด-จิด		COMPOSED	้พี่จะอดสะกดจิตพอมืดมิดก็
ตาสว่าง	2	ตา-สะ-หว่าง		COMPOSED	ุมารตื่นตาสว่างค่อยสร่างห
หลวงพ่อ	2	หลวง-พ่อ		COMPOSED	่าตัดพ้อหลวงพ่อพ่อแม่จะรั
ประลอง	2	ประ-ลอง		COMPOSED	าร้อยลอยประลองเที่ยวแล่น
เศษผ้า	2	เศษ-ผ้า		COMPOSED	อ็นดูเอาเศษผ้ามาทำผ้านุ่
ถมทอง	2	ถะ-มะ-ทอง		COMPOSED	มปักปิ่นถมทองหุ้มใส่ตุ้
คร่ำทอง	2	คะ-ร่ำ-ทอง		COMPOSED	ือดาบด้ำคร่ำทองของฝรั่งถว
สง	2	สะ-งะ		COMPOSED	ต่ถามตามสงกาเจ้าคุณม
สารสิน	2	สาน-สิน		COMPOSED	องปืน¦สงสารสินสมุทรซบสลบ
ขออภัย	2	ขอ-อะ-ไพ		COMPOSED	อนวอนว่าขออภัยพระอย่าได้
จอมพล	2	จอม-พล		COMPOSED	กระหม่อมจอมพลออกรณรงค์เ
พลพาย	2	พล-พาย		COMPOSED	นเร่งให้พลพายมายังธานี¦
ธรรมชาติ	2	ทำ-ชาด		COMPOSED	อันทองคำธรรมชาติใช่ทองแดงไ
วางตา	2	วาง-ตา		COMPOSED	ูพลางไม่วางตา¦ชี้พระหัต
หนาตา	2	หนา-ตา		COMPOSED	ิดผิดนักหนาตาพราหมณ์ครู
โอ้ว่า	2	โอ้-ว่า		COMPOSED	ายุพาพาลโอ้ว่าป่านฉะนี้น
กองทหาร	2	กอง-ทะ-หาน		COMPOSED	ั่งลังกากองทหารรับโองการน
ก็ช่าง	2	ก็-ช่าง		COMPOSED	ับบิดามาก็ช่างใครเป็นไรห
ทำไม้	2	ทำ-ไม้		COMPOSED	งสุกห่ามทำไม้ง่ามน้อยน้
แสนเสนาะ	2	แสน-สะ-เหนาะ		COMPOSED	ั้งดีดสีแสนเสนาะเพราะหนักห
ประชี	2	ประ-ชี		COMPOSED	าเอาสำลีประชีรองขอดประค
ยอดเขา	2	ยอด-เขา		COMPOSED	แล้วพาไปยอดเขาให้เป่าปี่
สาขา	2	สา-ขา		COMPOSED	าใกล้ไทรสาขาริมวารินก็
เพื่อนชาย	2	เพื่อน-ชาย		COMPOSED	งนายเจ้าเพื่อนชายชื่อไรไปไห
เดินดง	2	เดิน-ดง		COMPOSED	หนมาหรือเดินดงหลงทางมาต่
ใจชั่ว	2	ใจ-ชั่ว		COMPOSED	อภัยช่างใจชั่วลูกของตัวเ
ต่อท้าย	2	ต่อ-ท้าย		COMPOSED	งเก๋งก่อต่อท้ายสบายดีนางเ
หมดลม	2	หมด-ลม		COMPOSED	สเห็นเมฆหมดลมตั้งกำบังบ
ติดลม	2	ติด-ลม		COMPOSED	ฉวยเพลิงติดลมพัดจะขัดสน
รอบข้าง	2	รอบ-ข้าง		COMPOSED	ฝรั่งรับรอบข้างทั้งดั้งเข
หันหน้า	2	หัน-หน้า		COMPOSED	าหาญแล้วหันหน้ามาประณตบทม
ส่งท้าย	2	ส่ง-ท้าย		COMPOSED	งพอลมตรงส่งท้ายหมายชนะแล่
ให้น้ำ	2	ให้-น้ำ		COMPOSED	่างยอนหูให้น้ำลายนั้นหาย
ถอนพิษ	2	ถอน-พิด		COMPOSED	เปลวสุกรถอนพิษพอกใบชาขี้
ตายพราย	2	ตาย-พราย		COMPOSED	ที่เหลือตายพรายพลัดกำจัดจ
คำถาม	2	คำ-ถาม		COMPOSED	องจำจะทำคำถามทรามสงวนฟั
มีความผิด	2	มี-ความ-ผิด		COMPOSED	เมื่อไม่มีความผิดสักนิดเดีย
เข้าฝัน	2	เข้า-ฝัน		COMPOSED	อนเก้ามาเข้าฝันผิดพระรูปซ
ใช้บน	2	ใช้-บน		COMPOSED	บัญชาบวชใช้บนพ้นแล้วไม่
เข้าให้	2	เข้า-ให้		COMPOSED	ก็จะเฝ้าเข้าให้ถึงเสนานั่
มีแก่ใจ	2	มี-แก่-ใจ		COMPOSED	สว่าวาลีมีแก่ใจมารักใคร่ค
มีตระกูล	2	มี-ตระ-กูน		COMPOSED	มนางวาลีมีตระกูลพรุณพราหมณ
พรุ	2	พะ-รุ		COMPOSED	ู่นี่ต่อพรุ่งนี้จึ่งม
ตรุษ	2	ตะ-รุ-สะ		COMPOSED	ุทรจวนจะตรุษอึกทึกไม่น
บทบงสุ์	2	บท-บง		COMPOSED	ตเฉลิมยศบทบงสุ์พระทรงโฉมโ
น้ำรัก	2	น้ำ-รัก		COMPOSED	ตัวดำดังน้ำรักแต่รู้หลัก
บ่าวสาว	2	บ่าว-สาว		COMPOSED	จสรรพกับบ่าวสาวสองคนไปสู่
รับรู้	2	รับ-รู้		COMPOSED	ับพระทรงรับรู้เหตุว่าเชษ
พระสนม	2	พระ-สะ-นม		COMPOSED	้เป็นที่พระสนมก็สมยศ¦พระ
เจ้าสาว	2	เจ้า-สาว		COMPOSED	งหลวงแม่เจ้าสาวสุรางค์คิด
สระผม	2	สะ-ระ-ผะ-มะ		COMPOSED	ใครจะสางสระผมให้สมศรีทั
ทูลเกล้า	2	ทูน-เกล้า		COMPOSED	กเถิดพ่อทูลเกล้าพลางโลมเล้
ปรับปรุง	2	ปะ-รับ-ปะ-รุ-งะ		COMPOSED	บจึงค่อยปรับปรุงให้ใช้ลูกห
สังเกตว่า	2	สัง-เกด-ว่า		COMPOSED	เหตุนิ่งสังเกตว่าสีกามาแต่ไ
ท้องร้อง	2	ท้อง-ร้อง		COMPOSED	ีมันเจ็บท้องร้องอึงจะออกลู
จากกัน	2	จาก-กัน		COMPOSED	พลัดพรากจากกันคิดมั่นหมา
คนเมือง	2	คน-เมือง		COMPOSED	นแรงกว่าคนเมืองเราชาวบุรี
ดูดำ	2	ดู-ดำ		COMPOSED	พิกลกำยำดูดำนิล¦พอพบม้
ใจบุญ	2	ใจ-บุญ		COMPOSED	่ใกล้น้ำใจบุญจงการุญอย่
คำอำลา	2	คำ-อำ-ลา		COMPOSED	้อนจะออกคำอำลาให้อาวรณ์ส
จำแลง	2	จำ-แล-งะ		COMPOSED	บเสแสร้งจำแลงกายเป็นถิ่
เก่าแก่	2	เก่า-แก่		COMPOSED	ยู่ในน้ำเก่าแก่เห็นแต่ผีเ
ไหว้เจ้า	2	ไหว้-เจ้า		COMPOSED	บนใบเสมาไหว้เจ้าตาทูลถามดู
กำแพงเมือง	2	กำ-แพง-เมือง		COMPOSED	อนแรงนี่กำแพงเมืองตั้งแต่ครั
เสาหงส์	2	เสา-หง		COMPOSED	งื้อมเขาเสาหงส์ใส่ธงเทียว
แก้ผ้า	2	แก้-ผ้า		COMPOSED	นไยมานอนแก้ผ้าน่าบัดสีหร
สมปัก	2	สม-ปัก		COMPOSED	าโถงนุ่งสมปักชักกลีบจับ
เจ้าเล่ห์เพทุบาย	2	เจ้า-เล่-เพ-ทุ-บาย		COMPOSED	วนตาเฒ่าเจ้าเล่ห์เพทุบายเรามาหมายโ
ยอดดี	2	ยอด-ดี		COMPOSED	วรอดเป็นยอดดี¦แม้นใครรั
ดอกกุหลาบ	2	ดอก-กุ-หลาบ		COMPOSED	สร็จเด็ดดอกกุหลาบซ้อนเชยเกส
พื้นดิน	2	พื้น-ดิน		COMPOSED	ยบเหมือนพื้นดินนั่งหลังไม
ชักพระ	2	ชัก-พระ		COMPOSED	นีคึกคักชักพระขรรค์ออกข้
พาหา	2	พา-หา		COMPOSED	ยกจอนพระพาหาพาหุรัดกระ
สายโลหิต	2	สาย-โล-หิด		COMPOSED	แล้วดื่มสายโลหิตสนิทสนมจนอ
ยังชั่ว	2	ยัง-ชั่ว		COMPOSED	พอประทังยังชั่วตั้งตัวได้
ได้ใจ	2	ได้-ใจ		COMPOSED	เห็นจะทำได้ใจหม่อมฉันขอ
ตัดกำลัง	2	ตัด-กำ-ลัง		COMPOSED	ก้าวสกัดตัดกำลังให้พร้อมพร
กะปะ	2	กะ-ปะ		COMPOSED	ะล้วนเกะกะปะกันควันโขม
เชื้อเพลิง	2	เชื้อ-เพลิง		COMPOSED	จะลงเรือเชื้อเพลิงก็โพลงผลาญ
ลูกเสือ	2	ลูก-เสือ		COMPOSED	ือนดูถูกลูกเสือเบื่อนักหน
เสียผี	2	เสีย-ผี		COMPOSED	ขนานบ้างเสียผีพลีบัตรปัด
รู้ดี	2	รู้-ดี		COMPOSED	ู่จะใคร่รู้ดีร้ายให้หาย
ช่างประดิษฐ์	2	ช่าง-ประ-ดิด		COMPOSED	ห้จับจิตช่างประดิษฐ์ดัดแปลงกระ
กระแสง	2	กระ-แสง		COMPOSED	์ดัดแปลงกระแสงใสเสนาะคำพ
ยังแล้ว	2	ยัง-แล้ว		COMPOSED	ูพี่เสียยังแล้วจะแคล้วน้อ
สาวรุ่น	2	สาว-รุ่น		COMPOSED	เจ้าเป็นสาวรุ่นแม้นสิ้นบุ
กินน้ำตา	2	กิน-น้ำ-ตา		COMPOSED	ดียวดิ้นกินน้ำตาโอนึกน่าหน
คะเนงร้าย	2	คะ-เน-งะ-ร้าย		COMPOSED	ุมคุมเหงคะเนงร้ายเขาจะตายนอ
อาราม	2	อา-รา-มะ		COMPOSED	แซงตามชมอารามรุ่งโรจน์โ
ลดหลั่น	2	ลด-หลั่น		COMPOSED	นบันไดคดลดหลั่นเป็นชั้นชา
ต้นแก้ว	2	ต้น-แก้ว		COMPOSED	าดตาปลูกต้นแก้วทับทิมที่ร
ปลูกสร้าง	2	ปลูก-ส้าง		COMPOSED	งเปลี่ยนปลูกสร้างสำอางตา¦เก
สุดยอด	2	สุด-ยอด		COMPOSED	ัดปราสาทสุดยอดตลอดฐานแล้
มือหนัก	2	มือ-หนัก		COMPOSED	ิยักษ์ฝีมือหนักนีดเน้นเคล
แก้มแดง	2	แก้ม-แดง		COMPOSED	ดี๋ยวนี้แก้มแดงดอกจะบอกให
ข้ามถนน	2	ข้าม-ถะ-หนน		COMPOSED	กาตรงท่าข้ามถนนพระรามราชว
ตั้งใหม่	2	ตั้ง-ใหม่		COMPOSED	าชวังที่ตั้งใหม่ทอดสมอรอเร
ถนนใหญ่	2	ถะ-หนน-ใหญ่		COMPOSED	้องบนตามถนนใหญ่ยาวผ้าขาวป
คำโต	2	คำ-โต		COMPOSED	่าควายยำคำโตโต¦เหล่าพห
การแก้แค้น	2	กาน-แก้-แค้น		COMPOSED	นราญจะทำการแก้แค้นแทนลังกา¦ใ
แม้ว่า	2	แม้-ว่า		COMPOSED	แทนลังกาแม้ว่าองค์พระอภั
พวน	2	พะ-วน		COMPOSED	นโซ่ตรวนพวนพันพรั่นพร
นอกรีต	2	นอก-รี-ตะ		COMPOSED	นหนักหนานอกรีตมากีดขวางเ
ขานาง	2	ขา-นาง		COMPOSED	ังคิดกังขานางแย้มยิ้มพร
ที่อื่น	2	ที่-อื่น		COMPOSED	รากไปไว้ที่อื่นคงคืนมาเหม
บอกทาง	2	บอก-ทาง		COMPOSED	มือนดาบสบอกทางกลางวิถีหม
เก็บกิน	2	เก็บ-กิน		COMPOSED	อยเที่ยวเก็บกินดินสลุตขึ้
อีกที	2	อีก-ที		COMPOSED	้าละเมิดอีกทีนี้จึงตีฉั
การรักษา	2	กาน-รัก-สา		COMPOSED	์ค่อยคิดการรักษาด่านปากน้ำ
ข้อน	2	ข้อ-นะ		COMPOSED	นเขียนกอข้อน่าหัวร่อหร
หลาวเหล็ก	2	หลาว-เหล็ก		COMPOSED	ทเด็กถือหลาวเหล็กข้างละเล่ม
ตากล้า	2	ตา-กล้า		COMPOSED	์แก้วแววตากล้าราญรอนจับผ
ไทใหญ่	2	ไท-ใหญ่		COMPOSED	ลางสมุทรไทใหญ่ทะมื่นทอดส
ป้องกันตัว	2	ป้อง-กัน-ตัว		COMPOSED	รรม์ช่วยป้องกันตัวข้าเข้าธาน
รถม้า	2	รถ-ม้า		COMPOSED	้าพระลานรถม้าเทียบเรียบ
คลี	2	คะ-ลี		COMPOSED	้ายบาหลีคลี่ตำรับแล้ว
ทำพิธี	2	ทำ-พิ-ที		COMPOSED	ชื่อสานนทำพิธีพลีบวงสรวง
เพื่อนรัก	2	เพื่อน-รัก		COMPOSED	นเป็นผัวเพื่อนรักสมัครสมานข
เลื่อนที่	2	เลื่อน-ที่		COMPOSED	เรือนได้เลื่อนที่เจียดกระบี
เข้าหน้า	2	เข้า-หน้า		COMPOSED	้นให้เราเข้าหน้าจะราวีให้ไ
กระบี่ลีลา	2	กระ-บี่-ลี-ลา		COMPOSED	ซมไสวถือกระบี่ลีลาเหล่าข้าไท
ไฟป่า	2	ไฟ-ป่า		COMPOSED	ับเหมือนไฟป่ามาใกล้จุดไ
ทหารม้า	2	ทะ-หาน-ม้า		COMPOSED	ล่ฟันแทงทหารม้าฝรั่งออกคั
เสือป่า	2	เสือ-ป่า		COMPOSED	กลาหลกองเสือป่าแมวเซาจัดเ
ใจกล้า	2	ใจ-กล้า		COMPOSED	¦พระอภัยใจกล้าเห็นข้าศึก
ปอก	2	ปะ-อก		COMPOSED	ผลลอกยังปอกปวดให้เร้า
เข้าสิง	2	เข้า-สิ-งะ		COMPOSED	ีผู้หญิงเข้าสิงกายจะมิอาย
มฤค	2	มะ-รึ-คะ		COMPOSED	ั้งโคถึกมฤคีเม่นหมีเม
นางนวล	2	นาง-นวน		COMPOSED	ขม้นเห็นนางนวลละอองเคียง
กินปลี	2	กิน-ปะ-ลี		COMPOSED	่ห่างกันกินปลีเปล้าเขาไฟ
ขุนทอง	2	ขุน-ทอง		COMPOSED	ก้วขันนกขุนทองปองไล่เบญจ
ชาวเรา	2	ชาว-เรา		COMPOSED	ชาวดงพวกชาวเราเอาหวาอย่า
ถิ่นฐานบ้านช่อง	2	ถิ่น-ถาน-บ้าน-ช่อง		COMPOSED	ะองค์ทุกถิ่นฐานบ้านช่องของพระแม่ส
สุราบาน	2	สุ-รา-บาน		COMPOSED	อยคอยรินสุราบานใส่จอกจานจ
รากเลือด	2	รา-กะ-เลือด		COMPOSED	าตรแม้มิรากเลือดคงต้องเชือ
จอมสุรางค์	2	จอม-สุ-ราง		COMPOSED	ขับกล่อมจอมสุรางค์สำอางโฉมต่
ขจัด	2	ขะ-จัด		COMPOSED	งป้องปัดขจัดภัยตามวิสั
บุญฤทธิ์	2	บุญ-ริด		COMPOSED	ดชาการุญบุญฤทธิ์มันกลัวผิด
ด้วยดี	2	ด้วย-ดี		COMPOSED	รมปรีดิ์ด้วยดีใจตรงเข้าไ
เดินรถ	2	เดิน-รถ		COMPOSED	นั่งหน้าเดินรถดูงดงาม¦แล
ประปราย	2	ประ-ปราย		COMPOSED	่ายฉายฉะประปรายบาทกะหวัดว
ประจำปี	2	ประ-จำ-ปี		COMPOSED	ขาเจ้ารำประจำปีทุกวันนี้ก
มีเรือน	2	มี-เรือน		COMPOSED	ีแม้นไม่มีเรือนทองก็หมองน
คิดไม่ถึง	2	คิด-ไม่-ถึง		COMPOSED	มลึกซึ้งคิดไม่ถึงท่านว่ารัก
มานพ	2	มา-นะ-พะ		COMPOSED	ประจานทรมานพวกเราไม่เบ
ลีก	2	ลี-กะ		COMPOSED	อห่วงจงหลีกล่วงหนีทุก
ลูกตา	2	ลูก-ตา		COMPOSED	ะมืนเมฆาลูกตาวาว¦ต่อผีพ
คนต่อคน	2	คน-ต่อ-คน		COMPOSED	้ากัดกันคนต่อคนบนหลังกำลั
ถูกตา	2	ถูก-ตา		COMPOSED	เกาทัณฑ์ถูกตาเจ้าธานี¦ค
เคืองตา	2	เคือง-ตา		COMPOSED	จ้าเมืองเคืองตาปรึกษากันศ
ตกดิน	2	ตก-ดิน		COMPOSED	ดิ้นพลัดตกดินแทบชีวาจะอ
ลูกดอก	2	ลูก-ดอก		COMPOSED	อาสัญชักลูกดอกออกภาวนาพล
ต่างพ่อ	2	ต่าง-พ่อ		COMPOSED	อนางอยู่ต่างพ่อให้ส่งต่อต
ต่อตาม	2	ต่อ-ตาม		COMPOSED	่อให้ส่งต่อตามระยะไปถวาย
หยุกหยิก	2	หะ-ยุ-กะ-หยิก		COMPOSED	พลิกพลอยหยุกหยิกอยากจะถือเ
กน	2	กะ-นะ		COMPOSED	ายหลากมากนักหนาแล้วส
ร่วมทาง	2	ร่วม-ทาง		COMPOSED	ผายผันพอร่วมทางหว่างเขาเจ
โหมฮึก	2	โหม-ฮึก		COMPOSED	ผลึกยิ่งโหมฮึกไล่ล้างมาก
เลี้ยงพระ	2	เลี้ยง-พระ		COMPOSED	ี่พระพี่เลี้ยงพระอภัยได้ฟัง
ขันอาสา	2	ขัน-อา-สา		COMPOSED	พร้อมกันขันอาสาแม้เสียทัพ
คอก	2	คะ-อก		COMPOSED	ามาขู่ตะคอกพูดหลอกลิง
ตีวง	2	ตี-วง		COMPOSED	่อตรงต่อตีวงต้านแตกจึง
มักได้	2	มัก-ได้		COMPOSED	ละโมบนักมักได้ฉันไม่เคยไ
มีหน้า	2	มี-หน้า		COMPOSED	ะวางกลางมีหน้าต่างเตียงต
มากหลาย	2	มาก-หลาย		COMPOSED	กับนาคมามากหลายเข้ารุมรบข
เป็นแม่นมั่น	2	เป็น-แม่น-มั่น		COMPOSED	ายตายแทนเป็นแม่นมั่นพระเคราะห์
กลั่นแกล้ง	2	กะ-ลั่น-แกล้ง		COMPOSED	้แหนงแต่กลั่นแกล้งกลัวอายฝ่า
รุ่งขึ้น	2	รุ่ง-ขึ้น		COMPOSED	ทัยไว้พอรุ่งขึ้นพรุ่งนี้จึ
ข้างต้น	2	ข้าง-ต้น		COMPOSED	มักมีภัยข้างต้นร้ายปลายดี
ปลายปี	2	ปลาย-ปี		COMPOSED	งต้นร้ายปลายปีบริบูรณ์จะ
ทีไร	2	ที-ไร		COMPOSED	¦รักสตรีทีไรก็ได้ทุกข์
ป่าน	2	ป่า-นะ		COMPOSED	ถวิลครวญป่านฉะนี้เนื้อ
ละมุนละม่อม	2	ละ-มุน-ละ-ม่อม		COMPOSED	ยหนุนงามละมุนละม่อมล้วนนวลหงแ
เศร้าโศก	2	เส้า-โสก		COMPOSED	แสนวิโยคเศร้าโศกศัลย์นี่หา
คาดคิด	2	คาด-คิด		COMPOSED	นาถลงเลขคาดคิดดูตามครูสอ
ถึงแม้	2	ถึง-แม้		COMPOSED	าพาราไว้ถึงแม้นว่าข้าศึก
สักวัน	2	สัก-วัน		COMPOSED	ไปกำปั่นสักวันหนึ่งจะได้
แพ้รู้	2	แพ้-รู้		COMPOSED	จนจวนแก่แพ้รู้อีผู้หญิงป
ประจำเมือง	2	ประ-จำ-เมือง		COMPOSED	าวเหลืองประจำเมืองสุกเหมือนด
ชั้นล่าง	2	ชั้น-ล่า-งะ		COMPOSED	ยู่เพียงชั้นล่างที่ข้างฝาม
ใส่ความ	2	ใส่-ความ		COMPOSED	กล้แกล้งใส่ความ¦แล้วลดเลื
ห้ามใจ	2	ห้าม-ใจ		COMPOSED	ามนี่หากห้ามใจได้จึงไม่อ
ดาน	2	ดา-นะ		COMPOSED	ั่นในสันดานแม้นเกิดกา
หูก	2	หู-กะ		COMPOSED	้งกรดไกรหูกวางนางตะเค
เห็นด้วย	2	เห็น-ด้วย		COMPOSED	บเข็ญไม่เห็นด้วยเห็นจะช่วย
ตราแดง	2	ตรา-แดง		COMPOSED	ดแจ้งกับตราแดงดวงหน้าพระ
กันชิง	2	กัน-ชิง		COMPOSED	รถาพร้อมกันชิงกลิ้งกลดรจ
น้ำกลั่น	2	น้ำ-กะ-ลั่น		COMPOSED	ุหลาบอาบน้ำกลั่นกระแจะจันท
นั่งเล่น	2	นั่ง-เล่น		COMPOSED	เอ็นหลังนั่งเล่นเย็นสบายนา
รู้เท่าทัน	2	รู้-เท่า-ทัน		COMPOSED	ไปเลยเขารู้เท่าทัน¦ผิดสำเหนี
น่าขัน	2	น่า-ขัน		COMPOSED	คอได้ไม่น่าขันทำย้อนยักซ
ตาจน	2	ตา-จน		COMPOSED	าหวาเข้าตาจนอย่ามาบ่นร
ตัวสำคัญ	2	ตัว-สำ-คัน		COMPOSED	ศ์พันธุ์ตัวสำคัญเอามาขังไว
ครั้นแล้ว	2	ครั้น-แล้ว		COMPOSED	อามาวัง¦ครั้นแล้วเสร็จถึงกำ
เพื่อนตาย	2	เพื่อน-ตาย		COMPOSED	ี้ยงเป็นเพื่อนตายไม่อายเหนี
เป็นอันตราย	2	เป็น-อัน-ตะ-ราย		COMPOSED	าตีชีวันเป็นอันตรายรู้ระคายเค
ไม้ไล่	2	ไม้-ไล่		COMPOSED	งป่างฉวยไม้ไล่ต้อนเอาขอน
กระจกส่อง	2	กระ-จะ-กะ-ส่อง		COMPOSED	แย้มสรวลกระจกส่องลองเยื้อนเ
สู้ความ	2	สู้-ความ		COMPOSED	ยคิดอ่านสู้ความตามสำเนา¦เ
กระหม่อม	2	กระ-หม่อม		COMPOSED	ชะบุญทูลกระหม่อมไม่อับปางเ
หางยาม	2	หาง-ยาม		COMPOSED	รั้งเป็นหางยามยังหลงตามต
ครั้งหนึ่ง	2	ครั้ง-หนึ่ง		COMPOSED	ปสั่งอีกครั้งหนึ่งทูลให้ถึงท
ลำบากยากแค้น	2	ลำ-บาก-ยาก-แค้น		COMPOSED	ัยหวนได้ลำบากยากแค้นแม้นประชวร
ครวญถึง	2	ครวน-ถึง		COMPOSED	วรจะคร่ำครวญถึงน้องตรึกตร
ฤก	2	รึ-กะ		COMPOSED	อง¦ครั้นฤกษ์ดีตีกลอง
มีเรื่อง	2	มี-เรื่อง		COMPOSED	เมืองให้มีเรื่องสารามาพาที
เท่าตัว	2	เท่า-ตัว		COMPOSED	งเสียทองเท่าตัวเสียหัวไปแ
เสียหัว	2	เสีย-หัว		COMPOSED	งเท่าตัวเสียหัวไปแต่มิให้
ล่วงว่า	2	ล่วง-ว่า		COMPOSED	ยวหึงหวงล่วงว่าเป็นบ้ากาม
มีส่วน	2	มี-ส่วน		COMPOSED	ข้าชิงสามีส่วนฆ่าพี่เขาส
รีรอ	2	รี-รอ		COMPOSED	องละอองศรีรองพานกลมถมย
ท่าเรือ	2	ท่า-เรือ		COMPOSED	าเข้าถึงท่าเรือจอดทอดสมอพ
รักษาโรค	2	รัก-สา-โรก		COMPOSED	ทย์วิทยารักษาโรคจะดับโศกสั
เข้าเดือน	2	เข้า-เดือน		COMPOSED	าถ้าย่างเข้าเดือนยี่เห็นจะม
โรงรถ	2	โรง-รถ		COMPOSED	นักหนามีโรงรถคชไกรไอยรา
คุณยาย	2	คุน-ยาย		COMPOSED	ุ่นเจียวคุณยายให้คำมั่นส
ว่าลับหลัง	2	ว่า-ลับ-หลัง		COMPOSED	ลักนินทาว่าลับหลังหุนพิโรธโก
อย่างเคย	2	อย่าง-เคย		COMPOSED	วยเหมือนอย่างเคยขับกล่อมถน
เท่าทัน	2	เท่า-ทัน		COMPOSED	ลยเขารู้เท่าทัน¦ผิดสำเหนี
พร้อมด้วย	2	พร้อม-ด้วย		COMPOSED	ไอศวรรย์พร้อมด้วยกันได้ประม
เป็นจริง	2	เป็น-จิง		COMPOSED	ยเห็นว่าเป็นจริงนางสุวรรณม
ต่อตา	2	ต่อ-ตา		COMPOSED	่อให้ส่งต่อตามระยะไปถวา
แม่ตาย	2	แม่-ตาย		COMPOSED	มัจฉาแม้แม่ตายหมายจิตเป็
ขาดคราว	2	ขาด-คราว		COMPOSED	สวาทต้องขาดคราวพระพี่หนาว
สกา	2	สะ-กา		COMPOSED	ัตริย์มัสการแล้วกรานก
ติดผู้หญิง	2	ติด-ผู้-หยิง		COMPOSED	นั่งนิ่งติดผู้หญิงอยู่ที่ไหน
นอกกาย	2	นอก-กาย		COMPOSED	่ดอกด้วยนอกกาย¦พลางกอดเก
บุญกรรม	2	บุญ-กำ		COMPOSED	มเถิดตามบุญกรรมแกล้งทำเฉย
ปากนก	2	ปาก-นก		COMPOSED	มือนขึ้นปากนกหินใส่ดินห
ลูกสวาท	2	ลูก-สะ-วาท		COMPOSED	ันผูกถึงลูกสวาทเหลือประหล
ดีแตก	2	ดี-แตก		COMPOSED	ดี๋ยวนี้ดีแตกแหลกแล้วคะ
ถูกปาก	2	ถูก-ปาก		COMPOSED	้นยืนยิงถูกปากม้าพาโลดกร
เป็นต้น	2	เป็น-ต้น		COMPOSED	ดีมีราคาเป็นต้นว่าสายสร้อ
ผ้าลาย	2	ผ้า-ลาย		COMPOSED	รั่งทั้งผ้าลายมาจำหน่ายเ
เป็นลำดับ	2	เป็น-ลำ-ดับ		COMPOSED	ินกระบวนเป็นลำดับไม่สับสนออ
กงวาน	2	กะ-งะ-วา-นะ		COMPOSED	นั่งหงส์กงวานสะท้านสะทก
ทอดตัว	2	ทอด-ตัว		COMPOSED	ไม่รอดลงทอดตัว¦เข้าในห้อ
หายขาด	2	หาย-ขาด		COMPOSED	วรนาถให้หายขาดคืนเขตนิเว
ท้องที่	2	ท้อง-ที่		COMPOSED	ันกันใต้ท้องที่เป็นช่องตอ
รับเชิญ	2	รับ-เชิน		COMPOSED	ันไป¦สำหรับเชิญเครื่องอาน
นางรม	2	นาง-รม		COMPOSED	งต่างหอยนางรม¦เรือก็แล่
ร่วมชีวิต	2	ร่วม-ชี-วิด		COMPOSED	งร่วมรักร่วมชีวิตพิสมัยกลาง
หัวไม้	2	หัว-ไม้		COMPOSED	อนไปเป็นหัวไม้ผู้หญิงลอบ
ขันที	2	ขัน-ที		COMPOSED	็บปวดกวดขันที่ฟันฟาดอย่
กง	2	กะ-งะ		COMPOSED	่โตรกตรอกงอกง้ำเป็นถ
พลวง	2	พะ-ลวง		COMPOSED	ทั้งพลับพลวงม่วงปรางลู
ลางสาด	2	ลา-งะ-สาด		COMPOSED	งปรางลูกลางสาดมะตูมตาดแต
จวง	2	จะ-วง		COMPOSED	วดกระแจะจวงจันทน์กลั่
ลูกผู้ชาย	2	ลูก-ผู้-ชาย		COMPOSED	สมศักดิ์ลูกผู้ชายสายใจวิไลล
น่าหัวเราะ	2	น่า-หัว-เราะ		COMPOSED	ึงหลบตัวน่าหัวเราะ¦กูสัญญาว่
ลอยดอก	2	ลอย-ดอก		COMPOSED	เมียนั้นลอยดอกให้หยอกเอิ
หลงกล	2	หลง-กล		COMPOSED	าจารย์ฮกหลงกล่าวเล่าขยา
เตรียมพร้อม	2	เตรียม-พร้อม		COMPOSED	กธงศรีมาเตรียมพร้อมทั้งพหลแลม
นางละคร	2	นาง-ละ-คอน		COMPOSED	ลับระเนนนางละครฟ้อนรำยังท
นิ่งเงียบ	2	นิ่ง-เงียบ		COMPOSED	ล้มระเนนนิ่งเงียบเซียบสำเนี
สองใจ	2	สอง-ใจ		COMPOSED	น้องเป็นสองใจ¦มิขออยู่ส
หนีหน้า	2	หนี-หน้า		COMPOSED	สะหรีไม่หนีหน้าต้อนโยธาหุ
ตัดออก	2	ตัด-ออก		COMPOSED	ล้วทูลลาตัดออกมานอกทุ่งพ
บินขึ้น	2	บิน-ขึ้น		COMPOSED	ดินจึงจะบินขึ้นบนไม่พ้นมื
ตายดี	2	ตาย-ดี		COMPOSED	ะตายร้ายตายดีก็ทีหนึ่งโ
ใช้อุบาย	2	ใช้-อุ-บาย		COMPOSED	แผลแก้ไขใช้อุบายทำฟูมฟายชล
ป่าแดง	2	ป่า-แดง		COMPOSED	่ยวมาถึงป่าแดง¦พระอภัยใจ
เหตุนี้	2	เหด-นี้		COMPOSED	เชษฐ์ว่าเหตุนี้เพราะฤทธิ์
เอาตัวรอด	2	เอา-ตัว-รอด		COMPOSED	ะม้วยมอดเอาตัวรอดเถิดท้าวเห
ปล่อยนก	2	ปล่อย-นก		COMPOSED	นผยองนางปล่อยนกผกโผนโจนคะ
ผลประโยชน์	2	ผล-ประ-โยชน์		COMPOSED	นไม่เห็นผลประโยชน์ที่โทษคุณย
ราคาขาย	2	รา-คา-ขาย		COMPOSED	บจินดาตีราคาขายได้เงินให้
ปล่อยปละละเลย	2	ปล่อย-ปะ-ละ-ละ-เลย		COMPOSED	าง้อเจ้าปล่อยปละละเลยทำเฉยได้ไม
ชอบพอ	2	ชอบ-พอ		COMPOSED	ปลอบเห็นชอบพอจะปลูกหอขึ
มากขึ้น	2	มาก-ขึ้น		COMPOSED	มเกิดน้ำมากขึ้นท่วมปากท่ว
ผิดสำแดง	2	ผิด-สำ-แดง		COMPOSED	กับจะจับผิดสำแดงฤทธิ์ราวกั
ประคบ	2	ประ-คบ		COMPOSED	เขาทำครบประคบผงมพระรับข
ผงม	2	ผะ-งะ-มะ		COMPOSED	ครบประคบผงมพระรับขวัญ
คืนดี	2	คืน-ดี		COMPOSED	สุดจะคิดคืนดีเจ้าพี่เอ๋
เช่นเคย	2	เช่น-เคย		COMPOSED	ัวสองเลยเช่นเคยเห็นถึงขัด
ชะเลย	2	ชะ-เลย		COMPOSED	ังตามเคยชะเลยใจเหมือนเป
ติดเชื้อ	2	ติด-เชื้อ		COMPOSED	ฝอยนิดก็ติดเชื้อ¦จะกลับมาห
ชมชอบ	2	ชม-ชอบ		COMPOSED	มมันชื่นชมชอบใจด้วยได้ด
ตระ	2	ตะ-ระ		COMPOSED	งพิงเขนยตระกองเกยช้อน
เล่นพวก	2	เล่น-พวก		COMPOSED	งเครื่องเล่นพวกเต้นรำทั้ง
นายช่าง	2	นาย-ช่าง		COMPOSED	เฉลิมพวกนายช่างทั้งปวงข้า
เลี้ยงโต๊ะ	2	เลี้ยง-โต๊ะ		COMPOSED	ัดเพื่อนเลี้ยงโต๊ะกันด้วยหรร
ได้หน้า	2	ได้-หน้า		COMPOSED	เยื้อนมาได้หน้าตาตั้งปึ่ง
ตาตั้ง	2	ตา-ตั้ง		COMPOSED	นั่งหลับตาตั้งสติแน่วตรง
ประยูรญาติ	2	ประ-ยูน-ยาด		COMPOSED	ฑปอภิวาทประยูรญาติโยคีฤๅษีไส
ตกรถ	2	ตก-รถ		COMPOSED	ักอกพลัดตกรถต้องทำบทวา
กลองโยน	2	กลอง-โยน		COMPOSED	ลองเสียงกลองโยนโขนเมืองผล
นายโรง	2	นาย-โรง		COMPOSED	นองน้ำตานายโรงรำทำบทกำสร
ช้าปี่	2	ช้า-ปี่		COMPOSED	าแล้วรับช้าปี่นอกแกล้งหย
ปรบไก่	2	ปะ-รบ-ไก่		COMPOSED	ำไทยเพลงปรบไก่เทพทองร้อง
ปูน	2	ปู-นะ		COMPOSED	หญิงทิ้งปูนพลูปิดขมับ
ลอยชาย	2	ลอย-ชาย		COMPOSED	ัดหูเดินลอยชายส่ายไหล่ผู
เรือคู่ชัก	2	เรือ-คู่-ชัก		COMPOSED	าไตรจักรเรือคู่ชักดั้งกันผัน
ทางขึ้น	2	ทาง-ขึ้น		COMPOSED	าวาหุโลมทางขึ้นโรมวิสัยเม
น่าเกรงขาม	2	น่า-เกรง-ขาม		COMPOSED	งเกาะเองน่าเกรงขามตีนสิงขรล่
ให้แรง	2	ให้-แรง		COMPOSED	นส่องแสงให้แรงมี¦ทั้งฤกษ
บุตรหญิง	2	บุด-หยิง		COMPOSED	ิ่งสรรพ์บุตรหญิงชายนายด่าน
อาสนะ	2	อา-สะ-นะ		COMPOSED	เสื่อสาดอาสนะพระฤๅษีจุด
ตายตัว	2	ตาย-ตัว		COMPOSED	ายให้ล้มตายตัวจึงหนีรอดช
ต่อให้	2	ต่อ-ให้		COMPOSED	บสู้กูจะต่อให้พ่อลูกจับไ
จริงอยู่	2	จิง-อยู่		COMPOSED	็นหญิงก็จริงอยู่แต่ได้รู้ก
ทั้งวัน	2	ทั้ง-วัน		COMPOSED	เล่นเสียทั้งวันจึงร้องเรี
หน้าเสีย	2	หน้า-เสีย		COMPOSED	แล้วเมินหน้าเสียไม่ดูข้างผ
สุภา	2	สุ-ภา		COMPOSED	มกราบโดยสุภาพกลมเกลียว
บ่ง	2	บ่-งะ		COMPOSED	แสร้งมาแบ่งปัน¦กูก็เป
เป็นหมวดหมู่	2	เป็น-หมวด-หมู่		COMPOSED	ทบรบราหูเป็นหมวดหมู่มากมายทั้ง
ถ้วนหน้า	2	ถ้วน-หน้า		COMPOSED	้งกระบวนถ้วนหน้าตรวจตราพลผ
กระพือปีก	2	กระ-พือ-ปี-กะ		COMPOSED	วลัดหลีกกระพือปีกบินเร่ขึ้น
มุ่งร้าย	2	มุ่ง-ร้าย		COMPOSED	่ารบพุ่งมุ่งร้ายเมื่อภายหล
บังตา	2	บัง-ตา		COMPOSED	้มนตรากำบังตาล่องหนทั้ง
ชักศพ	2	ชัก-สบ		COMPOSED	้นบนมณฑปชักศพไปทำบุญให้
สุมไฟ	2	สุ-มะ-ไฟ		COMPOSED	ิงรุมดังสุมไฟ¦โยงผ้าขาว
ผมหงอก	2	ผะ-มะ-หะ-งะ-อก		COMPOSED	าเหลาตอกผมหงอกขาวเป็นชาย
ขัดแข็ง	2	ขัด-แข็ง		COMPOSED	พัทธ์ไม่ขัดแข็งจะแทนบุญคุ
เลี้ยงส่ง	2	เลี้ยง-ส่ง		COMPOSED	เหล่าพี่เลี้ยงส่งโคมเคียงข้
หน้าตาย	2	หน้า-ตาย		COMPOSED	ะขอลาก้มหน้าตายอยู่ก็อายไ
ลมสลาตัน	2	ลม-สะ-ลา-ตัน		COMPOSED	บนดาดฟ้าลมสลาตันผันพัดหันเ
อย่างใจ	2	อย่าง-ใจ		COMPOSED	ม่เหมือนอย่างใจนึกยิ่งตรึ
เป็นใจ	2	เป็น-ใจ		COMPOSED	ฬปราศรัยเป็นใจความ¦บาทหล
น้ำลง	2	น้ำ-ลง		COMPOSED	รีมันลุยน้ำลงมาไม่ช้าที
ทวาทศ	2	ทะ-วา-ทด		COMPOSED	นดินทั้งทวาทศราศีทั้งพร
คุณไสย	2	คุน-ไสย		COMPOSED	ันแปรแก้คุณไสยรู้เล็ดลอด
ผลดี	2	ผล-ดี		COMPOSED	นทำนาได้ผลดีรู้ที่ทำ¦ห
ตำราเรียน	2	ตำ-รา-เรียน		COMPOSED	กรกินปลาตำราเรียนแล้วฝึกไพร
แก้วผลึก	2	แก้ว-ผะ-ลึก		COMPOSED	อมตละแววแก้วผลึกบ้างเหมือน
คืนหนึ่ง	2	คืน-หนึ่ง		COMPOSED	วเก็จมา¦คืนหนึ่งเจ้าพารานิ
หยิบผิด	2	หยิบ-ผิด		COMPOSED	ทรงศรยังหยิบผิดคิดการจะรา
พูดถึง	2	พูด-ถึง		COMPOSED	มิให้ใครพูดถึงโคตรเพชรหั
ตาก	2	ตา-กะ		COMPOSED	ควักข้าวตากฝากตาภาษาม
มีเจ้าของ	2	มี-เจ้า-ของ		COMPOSED	องของเขามีเจ้าของอย่าได้ปอง
ชะล่า	2	ชะ-ล่า		COMPOSED	ธุ์ภัสดาชะล่าลามเป็นธุร
เป็นธุระ	2	เป็น-ทุ-ระ		COMPOSED	ชะล่าลามเป็นธุระผู้บำรุงกร
พันธมิตร	2	พัน-ทะ-มิด		COMPOSED	ุติธรรม์พันธมิตร¦เป็นธุระผ
ชั้นลูก	2	ชั้น-ลูก		COMPOSED	ล่สังหารชั้นลูกอ่อนนอนฟูก
ล่องเรือ	2	ล่อง-เรือ		COMPOSED	กลือแล้วล่องเรือรีบข้ามแล่
ปะปนกัน	2	ปะ-ปน-กัน		COMPOSED	ายว่ายวนปะปนกัน¦เรือยุขัน
ตั้งตรง	2	ตั้ง-ตรง		COMPOSED	เล็มเข็มตั้งตรงลังกาแล้วร
เบาแรง	2	เบา-แรง		COMPOSED	งเขาค่อยเบาแรงต่อรุ่งแจ้
คู่บุญ	2	คู่-บุญ		COMPOSED	ลังกาที่คู่บุญรุ่นราวสาว
กราบพระ	2	กราบ-พระ		COMPOSED	้วมานั่งกราบพระองค์ทรงสิก
นอกครู	2	นอก-ครู		COMPOSED	งว่าอ้ายนอกครูทำจู่โจม¦ถ
ตื่นตาย	2	ตื่น-ตาย		COMPOSED	นต้องแตกตื่นตายเป็นไม่เห็
ถึงที่ตาย	2	ถึง-ที่-ตาย		COMPOSED	้งปวงนี้ถึงที่ตาย¦เหมือนถอด
ตราชู	2	ตรา-ชู		COMPOSED	ลายหีบดูตราชูมี¦ถึงเมือ
ช่องทาง	2	ช่อง-ทาง		COMPOSED	่หุบห้องช่องทางเที่ยววางค
ทางตัด	2	ทาง-ตัด		COMPOSED	ะว่าพลางทางตัดใบตองอ่อนม
ชักช้า	2	ชัก-ช้า		COMPOSED	งจะแกล้งชักช้าน่ารำคาญ¦ศ
ตลับ	2	ตะ-ลับ		COMPOSED	รื่องทุบตลับเล็กน้อยต่
รังแก	2	รัง-แก		COMPOSED	น่าชังทำรังแกจะมาแต่ไหน
ตั้งแต่นี้ไป	2	ตั้ง-แต่-นี้-ไป		COMPOSED	วแม่เถิดตั้งแต่นี้ไปฉันไม่ว่าถ
คันปาก	2	คัน-ปาก		COMPOSED	อกฉากยังคันปากยิบอยู่ไม่
หาญกล้า	2	หาน-กล้า		COMPOSED	กละหม่านหาญกล้าต้องอาวุธล
เสียหู	2	เสีย-หู		COMPOSED	พนาสัณฑ์เสียหูตาขาแข้งถู
เมื่อคืนนี้	2	เมื่อ-คืน-นี้		COMPOSED	นับหมื่นเมื่อคืนนี้จะรีบตีตาม
เลือดสาด	2	เลือด-สาด		COMPOSED	่นฟันฟาดเลือดสาดโซมขับสิงห
หลังกับ	2	หลัง-กับ		COMPOSED	เล่าความหลังกับมังคลา¦อ้า
ดาม	2	ดา-มะ		COMPOSED	ผลผลาบรรดามีมาตั้งที่
เจ้ากู	2	เจ้า-กู		COMPOSED	ทีนี้ยับเจ้ากูจับจำไว้ทั
ให้กำเนิด	2	ให้-กำ-เหนิด		COMPOSED	ลูกในไส้ให้กำเนิดได้เกิดมาค
ทองหยิบ	2	ทอง-หยิบ		COMPOSED	่าปี่ฉวยทองหยิบบีบขยี้เข้
ลับหน้า	2	ลับ-หน้า		COMPOSED	พลขันธ์กลับหน้าเข้าราวี¦ย
หค	2	หะ-คะ		COMPOSED	บ้างหันเหคลื่นกระแทก
กรัง	2	กะ-รัง		COMPOSED	กะเรียนนกรังนานคับแคขา
แกงร้อน	2	แก-งะ-ร้อน		COMPOSED	ต่ล้วนดีแกงร้อนหมี่หมูต้ม
ก้มตัว	2	ก้ม-ตัว		COMPOSED	รณ์ชลีกรก้มตัวกราบผัวขวั
แม่นาง	2	แม่-นาง		COMPOSED	จึงบัญชาแม่นางมาลีนะนางล
หมอยา	2	หมอ-ยา		COMPOSED	้ทดลองทำหมอยาผ่าฝีหุงสี
เหลือมือ	2	เหลือ-มือ		COMPOSED	งลือเห็นเหลือมือจะไม่ได้ดั
ปีระกา	2	ปี-ระ-กา		COMPOSED	ำความได้ปีระกามารดาตายบิ
สวนดอกไม้	2	สะ-วน-ดอก-ไม้		COMPOSED	ี่ชี้บอกสวนดอกไม้เรามิได้หน
กลางเมือง	2	กลาง-เมือง		COMPOSED	เสียบไว้กลางเมืองให้เลื่องล
ทอดถอนใจ	2	ทอด-ถอน-ใจ		COMPOSED	ิดามารดาทอดถอนใจ¦ถือเทียนธ
ที่สี่	2	ที่-สี่		COMPOSED	ศีรษะปักที่สี่กั๊กท่ามกล
ขวางกั้น	2	ขวาง-กั้น		COMPOSED	กกลางมือขวางกั้นต่างประคอง
เป็นอยู่	2	เป็น-อยู่		COMPOSED	วดเลยเคยเป็นอยู่เช่นนี้แล้
ลือชาปรากฏ	2	ลือ-ชา-ปรา-กด		COMPOSED	รติยศได้ลือชาปรากฏไม่อดสูแต่
น่าดู	2	น่า-ดู		COMPOSED	างย่าไม่น่าดูปู่ไปอยู่ค
เต็มกลืน	2	เต็ม-กลืน		COMPOSED	ดเค็มที่เต็มกลืนอย่าคายคืน
สมัน	2	สะ-มัน		COMPOSED	รกองกิเลสมันย่อมทำให้ร
ฝังศพ	2	ฝัง-สบ		COMPOSED	ธานีแล้วฝังศพกลบหลุมประ
หมอผี	2	หมอ-ผี		COMPOSED	วบุรีว่าหมอผีลอบเข้ามาฆ
เหลือขอ	2	เหลือ-ขอ		COMPOSED	เหื่อที่เหลือขอจะลักหลับจ
ลักหลับ	2	ลัก-หลับ		COMPOSED	หลือขอจะลักหลับจับต้องประ
ภาษามนุษย์	2	พา-สา-มะ-นุด		COMPOSED	บกัน¦รู้ภาษามนุษย์สุดประเทศด
ครองเมือง	2	ครอง-เมือง		COMPOSED	่ายฝรั่งครองเมืองลังกาจิตคิ
ราปีก	2	รา-ปี-กะ		COMPOSED	าบถาร่อนราปีกฉวยโฉบฉีกน
ญาติโยม	2	ยาด-โย-มะ		COMPOSED	ปบิณฑบาตญาติโยมทั้งปวงไปจ
ขึ้นคอ	2	ขึ้น-คอ		COMPOSED	งค์ทรงขอขึ้นคอช้างพวกขุน
แตกกัน	2	แตก-กัน		COMPOSED	้วหัวแขกแตกกันดูเปิดประต
เชิงเนิน	2	เชิง-เนิน		COMPOSED	ค์ธิดาบนเชิงเนินทำให้มีที่
ขันสู้	2	ขัน-สู้		COMPOSED	สหายช่างขันสู้แขกเหรื่อเ
ริมน้ำ	2	ริม-น้ำ		COMPOSED	่งตั้งทำริมน้ำไหลยาวสามเ
ฆ่าตัวตาย	2	ฆ่า-ตัว-ตาย		COMPOSED	ินทาจะขอฆ่าตัวตายด้วยอายใจ¦
นางฟ้า	2	นาง-ฟ้า		COMPOSED	อเสือถึงนางฟ้ามาสนิทมาชิ
ผลี	2	ผะ-ลี		COMPOSED	่นี่อย่าผลีผลามจงจำคำ
สาระ	2	สา-ระ		COMPOSED	ือครูโกงสาระยำทำวิบัติ
ขัดคอ	2	ขัด-คอ		COMPOSED	ือมาข้องขัดคอยปัดมือประ
แตกแยก	2	แตก-แยก		COMPOSED	กม้นก็จะแตกแยกกันไปเราแห
โดยจริง	2	โดย-จิง		COMPOSED	้วยภักดีโดยจริงทุกสิ่งอัน
ชี้ชวน	2	ชี้-ชวน		COMPOSED	ัสสรแล้วชี้ชวนชมนภาดาราก
ขนลุก	2	ขน-ลุก		COMPOSED	์เข่าคุกขนลุกเกรียวกราบ
เพื่อนบ้าน	2	เพื่อน-บ้าน		COMPOSED	์วงศ์วานเพื่อนบ้านช่องเอาสิ่
นานมาแล้ว	2	นาน-มา-แล้ว		COMPOSED	นหินศิลานานมาแล้วดูเป็นแก้ว
อันธ	2	อัน-ทะ		COMPOSED	กิดโรคันอันธการคนประมา
คนเรา	2	คน-เรา		COMPOSED	บอกต้นหนคนเราแวะเข้าดูเ
ความนำ	2	ความ-นำ		COMPOSED	องลอกข้อความนำอักษรไปกรา
แขกเมือง	2	แขก-เมือง		COMPOSED	้ไปหาพวกแขกเมืองได้รู้เรื่
กระชิง	2	กระ-ชิง		COMPOSED	นหนาฉัตรกระชิงกลิ้งกลดรจ
ประตูเมือง	2	ประ-ตู-เมือง		COMPOSED	ของกูปิดประตูเมืองนรกไม่ตกเล
เดินเรือ	2	เดิน-เรือ		COMPOSED	นแล้วรีบเดินเรือมาในสาคร¦ไ
สิงหราช	2	สิ-งะ-หะ-ราด		COMPOSED	รือไกรสรสิงหราชสะอาดตา¦คร
คู่เคียงเรียงหมอน	2	คู่-เคียง-เรียง-หมอน		COMPOSED	กฏไปแม้นคู่เคียงเรียงหมอนแต่ก่อนสร้
พอประมาณ	2	พอ-ประ-มาน		COMPOSED	ยโปรยช่อพอประมาณในท้องธารไ
คุมตัว	2	คุม-ตัว		COMPOSED	ดามีแล้วคุมตัวนายโจรเข้า
เต็มรัก	2	เต็ม-รัก		COMPOSED	กเข็มนี้เต็มรักจะเคียงพัก
เป็นแผล	2	เป็น-แผล		COMPOSED	าเห็นว่าเป็นแผลใช่ไกลใกล้
เมืองเปิด	2	เมือง-เปิด		COMPOSED	วานพวกในเมืองเปิดประตูกรูกั
ยิงประตู	2	ยิง-ประ-ตู		COMPOSED	าปืนใหญ่ยิงประตูกรูกันเข้า
ขัดตาทัพ	2	ขัด-ตา-ทับ		COMPOSED	ขึ้นป้อมขัดตาทัพไว้รับรองป
ของ้าว	2	ขอ-ง้าว		COMPOSED	รงพระแสงของ้าวแวววาวตาขึ
จำบัง	2	จำ-บัง		COMPOSED	ระยาพลายจำบังที่นั่งทรง
สนามรบ	2	สะ-นาม-รบ		COMPOSED	่ท่าข้ามสนามรบเห็นแต่ศพน
ปากแข็ง	2	ปาก-แข็ง		COMPOSED	ารำภานี่ปากแข็งเจ้าจะแกล้
เสียงคราง	2	เสียง-คราง		COMPOSED	้าหักผางเสียงครางครวญพายุป่
ดูหนังสือ	2	ดู-หนัง-สือ		COMPOSED	านท่านจงดูหนังสือชื่ออาจารย
การบ้าน	2	กาน-บ้าน		COMPOSED	ปไม่ต้องการบ้านเมืองเอาแต
ริมถนน	2	ริม-ถะ-หนน		COMPOSED	านแถวทิมริมถนนบ้านเศรษฐี
ผู้เรียน	2	ผู้-เรียน		COMPOSED	ามรู้แก่ผู้เรียนเป็นอาเกีย
คิดในใจ	2	คิด-ใน-ใจ		COMPOSED	คนตามพรูคิดในใจไว้เห็นสมอ
ทันท่วงที	2	ทัน-ท่วง-ที		COMPOSED	าบาทหลวงทันท่วงที¦กับทั้งท้
ษนง	2	สะ-นะ-งะ		COMPOSED	่างนุชบุษนงทั้งสององค
เกิดเรื่อง	2	เกิด-เรื่อง		COMPOSED	ในทิศามาเกิดเรื่องป่วยไข้ให้
ลำบากยากเย็น	2	ลำ-บาก-ยาก-เย็น		COMPOSED	กรำคาญจะลำบากยากเย็นด้วยเป็นหญ
ทำนายทายทัก	2	ทำ-นาย-ทาย-ทัก		COMPOSED	าเถรท่านทำนายทายทักประจักษ์เจ
นางบำเรอ	2	นาง-บำ-เรอ		COMPOSED	้อมยุพินนางบำเรอเสนอเรียง¦
ความจริงจัง	2	ความ-จิง-จัง		COMPOSED	ตามคงได้ความจริงจังในลังกา¦เร
อันธพาล	2	อัน-ทะ-พาน		COMPOSED	าะเป็นคนอันธพาลสันดานดึงพ
เสียตา	2	เสีย-ตา		COMPOSED	ญครางที่เสียตาเมียพาไปแอ
การผูก	2	กาน-ผูก		COMPOSED	นแล้วคิดการผูกพยนต์มนต์ค
นานนม	2	นาน-นม		COMPOSED	้าวรานมานานนมเห็นไม่สมค
หนาวเย็น	2	หนาว-เย็น		COMPOSED	หลวงนั่งหนาวเย็นทุกเส้นขนใ
คับใจ	2	คับ-ใจ		COMPOSED	่หลับมันคับใจ¦ตั้งแต่ทำ
ขนพอง	2	ขน-พอ-งะ		COMPOSED	นาวล้นจนขนพองเห็นจะต้อง
สนาน	2	สะ-นาน		COMPOSED	งไศลพวกเสนานักสิทธ์เดิ
ตัวต่อ	2	ตัว-ต่อ		COMPOSED	วอย่าถือตัวต่อชายจะหน่าย
ตาขวาง	2	ตา-ขวาง		COMPOSED	ด่านัยน์ตาขวางไม่รู้จักก
ถลากถลำ	2	ถะ-ลาก-ถะ-ลำ		COMPOSED	ผีอดอยากถลากถลำคอยเรือลงต
การพลี	2	กาน-พะ-ลี		COMPOSED	าศาลตั้งการพลี¦สามพระหน่
เสียงพูด	2	เสียง-พูด		COMPOSED	ีสำเนียงเสียงพูดจาพวกที่มา
ต้นขา	2	ต้น-ขา		COMPOSED	นหยัดดัดต้นขากูจะพาไปแจ
เสียอารมณ์	2	เสีย-อา-รม		COMPOSED	ดถึงเมียเสียอารมณ์ลงนั่งตรมต
เสียเที่ยว	2	เสีย-เที่ยว		COMPOSED	วัดกำจัดเสียเที่ยวเคาะเขี่ยอ
ฝูงชน	2	ฝูง-ชะ-นะ		COMPOSED	บำรุงแก่ฝูงชน¦ชีวิตกูอย
ปากกล้า	2	ปาก-กล้า		COMPOSED	นถือสาราปากกล้าแข็งแต่ล้ว
สิ้นสังขาร	2	สิ้น-สัง-ขาน		COMPOSED	มากคนกินสิ้นสังขาร์จงรีบไปตา
คนชั่ว	2	คน-ชั่ว		COMPOSED	จะคิดให้คนชั่วมันกลัวเกร
ชักดาบ	2	ชัก-ดาบ		COMPOSED	ระหนาบแกชักดาบคอยสกัดจะต
ดับลม	2	ดับ-ลม		COMPOSED	าสูดดมพอดับลมเวียนศีรษะ
ตามบุญตามกรรม	2	ตาม-บุญ-ตาม-กำ		COMPOSED	งมัจฉาก็ตามบุญตามกรรมได้ทำมาพระ
อุไร	2	อุ-ไร		COMPOSED	องรองทองอุไรพลางสอดใส่
การชิง	2	กาน-ชิง		COMPOSED	ไปให้ได้การชิงเอาด่านท้า
มิตรสหาย	2	มิด-สะ-หาย		COMPOSED	่วทุกทิศมิตรสหายเชิญผันผาย
กระเรียนร้อง	2	กระ-เรียน-ร้อง		COMPOSED	ส่องเมฆากระเรียนร้องก้องดงพลาง
ผู้ช่วย	2	ผู้-ช่วย		COMPOSED	ด้วยเป็นผู้ช่วยตรองความตา
ถึงชีวิต	2	ถึง-ชี-วิด		COMPOSED	มิได้คิดถึงชีวิตชีวังจะสัง
ยุทธ	2	ยุ-ทะ-ทะ		COMPOSED	รับสัประยุทธ์โยนชุดไฟแ
ลำลอง	2	ลำ-ลอง		COMPOSED	กันทำแต่ลำลองกูตรึกตรอง
หน้าฝน	2	หน้า-ฝน		COMPOSED	เนิ่นนานหน้าฝนสิจนใจ¦ครั
ดีงาม	2	ดี-งาม		COMPOSED	าปีรูปดีดีงามงามสักสามพ
เจ็บร้อน	2	เจ็บ-ร้อน		COMPOSED	กก่อนไม่เจ็บร้อนหรือกระไรไ
เมาเหล้า	2	เมา-เหล้า		COMPOSED	ุรากินจนเมาเหล้าหมดเป็นสี่
คนละอย่าง	2	คน-ละ-อย่าง		COMPOSED	มีวิชาดีคนละอย่างทางณรงค์¦ส
ดูใจ	2	ดู-ใจ		COMPOSED	ขยถองลองดูใจมันจะไปฟ้อ
รูปคน	2	รูบ-คน		COMPOSED	กลับเป็นรูปคนให้อั้นอ้น
สาละวน	2	สา-ละ-วน		COMPOSED	ามันพาคนสาละวนกาลีมีเข้า
รู้ทัน	2	รู้-ทัน		COMPOSED	ผูกพันกูรู้ทันมึงดอกบอกจ
คุณหญิง	2	คุน-หยิง		COMPOSED	ึ่งบุญในคุณหญิงจะมาพูดเกเ
สีหน้า	2	สี-หน้า		COMPOSED	บพ่อตาดูสีหน้าก็รู้ทุกผู
ข้าวแตก	2	ข้าว-แตก		COMPOSED	บราวหม้อข้าวแตกจะมาแบกตุ่
ระดา	2	ระ-ดา		COMPOSED	ำรับจับกระดาษที่วาดเขี
ลูกปัด	2	ลูก-ปัด		COMPOSED	ส่สังวาลลูกปัดจัดประจง¦ใ
วิ่งเล่น	2	วิ่ง-เล่น		COMPOSED	ิ่งหนีไปวิ่งเล่นอยู่ในคูหา
ปิดปาก	2	ปิด-ปาก		COMPOSED	ันช่วยไปปิดปากถ้ำที่สำคั
กรมกรอม	2	กะ-รม-กะ-รอ-มะ		COMPOSED	รมณ์นั้นกรมกรอมแต่คิดอ่าน
ละอองฝน	2	ละ-ออง-ฝน		COMPOSED	ฟูพ่นฟองละอองฝนฝูงพิมพาพา
กรกฎ	2	กอ-ระ-กด	syllable count differs (ssg 2 vs w2p 3)	REVIEW	ร่วมธาตุกรกฎกำหนดหวังเ
กลเม็ด	2	กน-ละ-เม็ด	syllable count differs (ssg 2 vs w2p 3)	REVIEW	เตาเสร็จกลเม็ดหลายหลากมา
ค้อนควัก	2	ค้น-ควัก	sound mismatch @1 (ค้อน vs ค้น)	REVIEW	ำเลืองแลค้อนควักพะวักพะวน¦
จวบจน	2	จวบ-จน	ssg splits more than override (3 vs 2)	REVIEW	ะชาชนประจวบจนประเดี๋ยวน
ด้วงโสน	2	ด้วง-สะ-โหน	syllable count differs (ssg 2 vs w2p 3)	REVIEW	ยำมะม่วงด้วงโสนแกงปลาไหลไ
ตรลบ	2	ตระ-หลบ	sound mismatch @1 (ตร vs ตระ)	REVIEW	องเล่นบุตรลบพลบค่ำต้อง
นภดล	2	นบ-พะ-ดน	syllable count differs (ssg 2 vs w2p 3)	REVIEW	ดมัวทั่วนภดล¦เสนาะดังส
นภศูล	2	นบ-พะ-สูน	syllable count differs (ssg 2 vs w2p 3)	REVIEW	าเวหาหาวนภศูลแสงแก้วดูแ
พฤฒิ	2	พรึด-ทิ	sound mismatch @1 (พฤ vs พรึด)	REVIEW	นผู้ใหญ่พฤฒิพราหมณ์นาม
สยมภุ์	2	สะ-หยม	sound mismatch @1 (สย vs สะ)	REVIEW	มีแต่พระสยมภุ์ตระกูลพรหม
เจ๋อเจ๊อะ	2	เจ๋อ-เจ๊อะ	ssg splits more than override (3 vs 2)	REVIEW	ล้วยังทำเจ๋อเจ๊อะสเออะดวง¦ใ
เทพนม	2	เทบ-พะ-นม	syllable count differs (ssg 2 vs w2p 3)	REVIEW	ุ่งยกทองเทพนมดูคมขำเข็ม
เหยาะย่าง	2	เหยะ-ย่าง	sound mismatch @1 (เหยาะ vs เหยะ)	REVIEW	ลดม้าพยศเหยาะย่างตามทางมา¦แ
เอน็จ	2	อะ-เหน็ด	sound mismatch @1 (เอ vs อะ);sound mismatch @2 (น็จ vs เหน็ด)	REVIEW	ำเร็จนึกเอน็จอนาถใจหลาย
โกกเกก	2	โกก-เกก	ssg splits more than override (3 vs 2)	REVIEW	่วตัวเอกโกกเกกโกง¦ทำเช่น
โพระดก	2	โพ-ระ-ดก	syllable count differs (ssg 2 vs w2p 3)	REVIEW	กระลุมพูโพระดกโฮกปกเสียง
พินท	2	พิน-ทะ	sound mismatch @1 (พิ vs พิน);sound mismatch @2 (นท vs ทะ)	REVIEW	งหวัดปัถพินทั้งคงทนมนต
ย้อนกลับ	1	ย้อน-กลับ		SKIP	ล่าทัพจะย้อนกลับไปไม่ได้ดั
พร่ง	1	พร่ง		SKIP	กูสอนค่ำพร่งนี้จะได้ตี
ระส่ำระสาย	1	ระ-ส่ำ-ระ-สาย		SKIP	้เจ็บช้ำระส่ำระสายเฮ้ยอ้ายท้
ปัส	1	ปัส		SKIP	ดใส่หมวกปัสวะหล่ำงามน
โหมดเทศ	1	โหมด-เทศ		SKIP	เช็ดหน้าโหมดเทศข้างเพศตัว
ซี่โครง	1	ซี่-โครง		SKIP	ึงโผงถูกซี่โครงมันไม่เข้า
เทเวศ	1	เท-เวศ		SKIP	ใช่สิงขรเทเวศป้องเขตคัน
ที่ต่ำ	1	ที่-ต่ำ		SKIP	ูอยู่ถ้ำที่ต่ำใต้เพราะมิ
ท่อน้ำ	1	ท่อ-น้าม	sound mismatch @2 (น้ำ vs น้าม)	FIXED	ขุดบ่อทำท่อน้ำคนประจำเกณ
อิ่มเอิบ	1	อิ่ม-เอิบ		SKIP	กไทยจึ่งอิ่มเอิบกำเริบแรง¦
ศุ	1	ศุ		SKIP	ได้ลุถึงศุโขมโหฬาร¦ป
อีลุ้ม	1	อี-ลุ้ม		SKIP	นาวันฝูงอีลุ้มจับพุ่มอุโ
ณิการ์	1	นิ-กั		SKIP	ลแก้วการณิการ์มหาหงส์คัด
ขะ	1	ขะ		SKIP	ว่าให้สุขะชนะโรคอันค
คู้	1	คู้		SKIP	งนั่งคุดคู้เงี่ยแต่หู
กระบาก	1	กระ-บาก		SKIP	สวกระแบกกระบากซากซึกมะสั
เจ่า	1	เจ่า		SKIP	บ้างหมอบเจ่าคุดคู้ดูมั
จานชาม	1	จาน-ชาม		SKIP	วหวานใส่จานชามถวายตามฤๅษ
สาธุการ	1	สา-ธุ-การ		SKIP	ฉันโมทนาสาธุการในศีลทานที
จ๋อ	1	จ๋อ		SKIP	าโยมนั่งจ๋อก้อไว้ล่อล
รือ	1	รือ		SKIP	รทหารรบเรือแพจงแก้ไขใ
เฮ้อ	1	เฮ้อ		SKIP	จะไปตาม¦เฮ้อนี่แน่แยบค
เลว	1	เลว		SKIP	ไว้มิใช่เลวเหมือนตกเห
รวยริน	1	รวย-ริน		SKIP	ระพายพัดรวยรินกลิ่นเกสรล
เลียง	1	เลียง		SKIP	ฟังเพลินเลียงกริ่งเกริ่
มลิ้น	1	มะ-ลิ้น		SKIP	ำมันทาโคมลิ้นใส่ดินปืนส
ค่อนแคะ	1	ค่อน-แคะ		SKIP	องอนอย่าค่อนแคะพูดเหลาะแห
เหลาะแหละ	1	เหลาะ-แหละ		SKIP	อนแคะพูดเหลาะแหละปั้นเจ๋อละ
ครองแครง	1	ครอง-แครง		SKIP	มเอาทั้งครองแครงแย่งยื้อดื
ค้ำ	1	ค้ำ		SKIP	อยก็ท้องค้ำหน้าอีบ้าก
ใหั	1	ใหั		SKIP	ายุพัฒน์ใหัขัดแค้นอ้า
บอง	1	บอง		SKIP	ห้าพันระบองสั้นแหลนหล
เลา	1	เลา		SKIP	าลิ้นใส่เลาเป่าปี่สนอ
เรือโล้	1	เรือ-โล้		SKIP	ล่ำไปใช้เรือโล้กับล่ามไปถ
เหมาะ	1	เหมาะ		SKIP	นทัพหน้าเหมาะใจใครจะปาน
ขึ้	1	ขึ้		SKIP	เป็นหอรบขึ้นครบครันอย
ด้ม	1	ด้ม		SKIP	ื้อสดไก่ด้มขนมผิงครั้
ด้ง	1	ด้ง		SKIP	ตลบกระทบด้งกำปั่นทั้ง
บูรณ์	1	บูน		SKIP	ัตรา¦ปริบูรณ์พูนสุขไม่ท
แช	1	แช		SKIP	ม่ขอแลทำแชเชือน¦คนที
นิพนธ์	1	นิ-พน		SKIP	างเวหนนำนิพนธ์ไปถึงมิตรก
ข่มขืนใจ	1	ข่ม-ขืน-ใจ		SKIP	้เขาตื่นข่มขืนใจผิดวิสัยนั
ปี่อ้อ	1	ปี่-อ้อ		SKIP	งจำเรียงปี่อ้อแลซอสีพวกส
ใบพลู	1	ใบ-พลู		SKIP	วย้ายขวาใบพลูดับเทียนพล
งานใหญ่	1	งาน-ใหญ่		SKIP	ยวดูเล่นงานใหญ่ที่ในวังบ้
หุย	1	หุย		SKIP	งมอญร้องหุยว่าอุ๊ยยาย
อุ๊ย	1	อุ๊ย		SKIP	องหุยว่าอุ๊ยยาย¦คำของแ
เนมิ	1	เน-มิ		SKIP	้งขุนเขาเนมินอิสินธรยอ
อิสินธร	1	อิ-สิน-ธร		SKIP	เขาเนมินอิสินธรยอดก็อ่อนเ
มดึงส์สม	1	มึ-ดง-สม		SKIP	ลงธรรมสำมดึงส์สมประโยชน์หว
มะไฟ	1	มะ-ไฟ		SKIP	ยมะเฟืองมะไฟผลผลาทั้งห
หว้า	1	หว้า		SKIP	ลผลาทั้งหว้าดง¦พระนักธ
วาโยธาตุ	1	วา-โย-ธาตุ		SKIP	ม่สังขารวาโยธาตุอัดอั้นในส
มุ่นหมก	1	มุ่น-หมก		SKIP	็มอกอย่ามุ่นหมกให้มันวุ่น
วังสะ	1	วัง-สะ		SKIP	็จออกนอกวังสะพรั่งพร้อม
อย่	1	อย่		SKIP	ไปกับเราอย่าเพ่อเอากอ
นิติ์	1	นิด		SKIP	เรียกโลกนิติ์สิทธิเวทเป
ฌาณ	1	ฌาณ		SKIP	ฏิ์สำรวมฌาณการสิกขาระ
เทค	1	เทค		SKIP	ยคิดถ่ายเทคาดคะเนแสนย
ดั้อ	1	ดั้ด		SKIP	¦แม้นดึงดั้อถือดีมิมาง
ใท้	1	ใท้		SKIP	ครึ่งวันใท้ผูกพันรูปท
ระบบ	1	ระ-บบ		SKIP	แลชอบตามระบบกลศึกได้ปร
หลพล	1	หะ-หลน	sound mismatch @1 (หล vs หะ)	REVIEW	เร่งพวกพหลพลนิกายไปหาด
วสา	1	วะ-สา		SKIP	ังกาบแก้วสายหยุดพุทธช
ก๋า	1	ก๋า		SKIP	กยุ่งอวดก๋าเจ้าข้าเอ๋
เหยง	1	เหยง		SKIP	ลดกระโดดเหยงแล้วชี้หน้
แหะ	1	แหะ		SKIP	ค์หัวร่อแหะแคะไค้มิได
แคะไค้	1	แคะ-ไค้		SKIP	ัวร่อแหะแคะไค้มิได้โกรธใ
นิวัต	1	นิ-วัต		SKIP	ิย์เสร็จนิวัตกลับหลังยั
วินิจฉัย	1	วิ-นิจ-ฉัย		SKIP	สถิตแท่นวินิจฉัยอันไพโรจน์
บำราบ	1	บำ-ราบ		SKIP	้พากันมาบำราบปราบอรินทร
ซึ่	1	ซึ่ง		SKIP	ได้บำรุงซึ่งกรุงไกร¦แ
หวู่	1	หวู่		SKIP	สียงหวี่หวู่อู้ไปเข้าค
อี้	1	อี้		SKIP	ไปบนเก้าอี้ที่ในเรือ¦
ตอไม้	1	ตอ-ไม้		SKIP	ที่ยวแอบตอไม้คล้ายกับลิ
พ้อง	1	พ้อง		SKIP	งทั้งพวกพ้องคนชิดทั้งศ
เงื่อง	1	เงื่อง		SKIP	มานานบินเงื่องดูเชื่องคน
ทักขิณา	1	ทัก-ขิ-ณา		SKIP	วายสังข์ทักขิณามหาผลพุทธม
พุดตาน	1	พุด-ตาน		SKIP	่งราชยานพุดตานทองรีบลงไป
ทารุณ	1	ทา-รุณ		SKIP	งหน้าถ้าทารุณให้เคืองขุ
หลาบจำ	1	หลาบ-จำ		SKIP	ารภาพว่าหลาบจำแม้นมิไปใค
ซ้อมซัก	1	ซ้อม-ซัก		SKIP	าจักรให้ซ้อมซักทหารปืนยืน
เท้าหน้า	1	เท้า-หน้า		SKIP	วเป็นปลาเท้าหน้ามีตัวเป็นช
พู่กัน	1	พู่-กัน		SKIP	ระบายลายพู่กันเป็นเชิงชั
ย่างเท้า	1	ย่าง-เท้า		SKIP	อบาทหลวงย่างเท้าก้าวออกมาพ
เตย	1	เตย		SKIP	ลยเข้าดงเตยติดกับเห็น
จุมพล	1	จุม-พล		SKIP	่ายุคลขอจุมพลทราบความตา
หยุดชะงัก	1	หยุด-ชะ-งัก		SKIP	สินสมุทรหยุดชะงักแกรู้จักมั
คนครัว	1	คน-ครัว		SKIP	ขัดสนพวกคนครัวไปหามาบัดด
ละเหี่ย	1	ละ-เหี่ย		SKIP	งเมียที่ละเหี่ยหิวละห้อยค
จับเจ่า	1	จับ-เจ่า		SKIP	อยมานั่งจับเจ่าเห็นเขาราย
คาวุต	1	คา-วุต		SKIP	นพราหมณ์คาวุตก็หยุดยืนค
ผิวหน้า	1	ผิว-หน้า		SKIP	พานชราดูผิวหน้าแดงก่ำเป็น
โรงครัว	1	โรง-ครัว		SKIP	ดการปลูกโรงครัวเลี้ยงดูหม
นวย	1	นวย		SKIP	รยาตรนาดนวยระทวยทดดูอ
คว้าไขว่	1	คว้า-ไขว่		SKIP	มไต่เข้าคว้าไขว่รวบรุมนางก
กระจัง	1	กระ-จัง		SKIP	นทรงรถมีกระจังที่นั่งรอง
แกว่งไกว	1	แกว่ง-ไกว		SKIP	คมไทแล้วแกว่งไกวโบกปัดพัชน
ตาตุ่ม	1	ตา-ตุ่ม		SKIP	ะตั้วจับตาตุ่มเข้าซุ้มนอ
แดงสด	1	แดง-สด		SKIP	ก็เป็นสีแดงสดดูงดงามหกก
เพียน	1	เพียน		SKIP	ยสลอนฝูงเพียนทองท่องท้อ
ต้า	1	ต้า		SKIP	หารไปต่อต้านดูฤทธิ์อย
กัม	1	กัม		SKIP	ได้บังคมกัมเกศาครั้นส
ครน	1	ครน		SKIP	ากรเจ้านครนคราเมืองป่
ด้าม	1	ด้าม		SKIP	นมีดคร่ำด้ามสุวรรณให้จ
กะทังหัน	1	กะ-ทัง-หัน		SKIP	รวยกร่างกะทังหันพะยอมยางรา
สะเดา	1	สะ-เดา		SKIP	กันเกราะสะเดาดง¦ผลไม้นา
หางนกยูง	1	หาง-นก-ยูง		SKIP	งมหาหงส์หางนกยูงพุ่งขจรทั้
ซ่อนกลิ่น	1	ซ่อน-กลิ่น		SKIP	นรักซ้อนซ่อนกลิ่นระรินโรย¦ฝ
จุบ	1	จุบ		SKIP	ดทรายหอยจุบแจงแมงดาว่
ม่านลาย	1	ม่าน-ลาย		SKIP	ยพล่านปนม่านลายบ้างผุดว่า
ตาโถง	1	ตา-โถง		SKIP	โสร่งคาดตาโถงผ้าตะบิดโพ
ยิหวา	1	ยิ-หวา		SKIP	่มพวงดวงยิหวาพี่จะพาน้อ
โบยบิน	1	โบย-บิน		SKIP	ย้าสกุณาโบยบินแล้วผินผัน
อึดใจ	1	อึด-ใจ		SKIP	ังหรณ์พออึดใจลืมตาผวากร
เย็นวาบ	1	เย็น-วาบ		SKIP	ป็นน้ำฝนเย็นวาบจับหัวใจแข
รุ่มร่าม	1	รุ่ม-ร่าม		SKIP	ย่ามเดินรุ่มร่ามไปศาลาที่อ
ดำคล้ำ	1	ดำ-คล้ำ		SKIP	นเหฟ้าก็ดำคล้ำมัวทั่วทะเ
ร่อ	1	ร่อ		SKIP	ลอมันหัวร่อปรีดิ์เปรม
ม้ง	1	ม้ง		SKIP	นศิลามีไม้งอกออกผลหล่
บั้นเอว	1	บั้น-เอว		SKIP	อยเมื่อยบั้นเอว¦พ่อเป็นบุ
พุทโธ่	1	พุท-โธ่		SKIP	ือกน้ำวาพุทโธ่แล้วโศกาเอ
กุฏิ	1	กุด		SKIP	หนออกจากกุฏิ์เดินตรงไป
เมื่อยขบ	1	เมื่อย-ขบ		SKIP	่สบายให้เมื่อยขบเต็มประดาท
ก้าวเดิน	1	ก้าว-เดิน		SKIP	อไม้เท้าก้าวเดินจากเนินทรา
โยกย้าย	1	โยก-ย้าย		SKIP	ทรายค่อยโยกย้ายเดินดึ่งถึ
ขร	1	ขร		SKIP	งฝั่งสิงขรคอยฝนหายจะ
ยุคุนธร	1	ยุ-คุน-ธร		SKIP	ิยงลงลับยุคุนธรแกก็จรขึ้น
ลิงโลดใจ	1	ลิง-โลด-ใจ		SKIP	ดี่ยวโดดลิงโลดใจพายุใหญ่ตี
ขิ	1	ขิ		SKIP	นาภูเขาเขินระยะย่างท
ชะง้ำ	1	ชะ-ง้ำ		SKIP	น้าสิงขรชะง้ำชะโงกโกรกก
โสมม	1	โสม-มน		SKIP	ศิษย์เถรโสมมนั่งต้มกลอ
ัอ	1	ัอ		SKIP	ก็เล่าเพัอพล่ามตามวิ
ซึมซาบ	1	ซึม-ซาบ		SKIP	ณเอ๋ยมันซึมซาบเข้าในปอดว
ปิตุ	1	ปิ-ตุ		SKIP	ั้งสามไทปิตุราชมาตุรงค
ทุรน	1	ทุ-รน		SKIP	ณ์ในสาครทุรนร้อนทรวงเร
กระวิน	1	กระ-วิน		SKIP	ตะพายสายกระวินแต่ล้วนหิน
โครกคราก	1	โครก-คราก		SKIP	จ้องร้องโครกครากบ้างอ้าปาก
พึม	1	พึม		SKIP	กันเสียงพึมพำตามทำนอง
บันเบา	1	บัน-เบา		SKIP	ันขันไม่บันเบาขอให้เราเถ
ห่าน	1	ห่าน		SKIP	งเหมหงส์ห่านมีมานานหลา
บงส์	1	บง		SKIP	บื้องบาทบงส์องค์มุนินท
เพริศ	1	เพริศ		SKIP	สลับเพราเพริศดูเฉิดฉินเ
เลก็ว้า	1	เล็ก-ว้า	ssg splits more than override (3 vs 2)	REVIEW	ากใจในทะเลก็ว้าเหว่วิญญาณ
เรื่อยไป	1	เรื่อย-ไป		SKIP	อยเรื่อยเรื่อยไปฝูงกระโห่โ
ป้าน	1	ป้าน		SKIP	่ชราทั้งป้าน้าน้องพี่อ
ถี่	1	ถี่		SKIP	ระบวนให้ถี่ถ้วนตามตำห
โจ๋	1	โจ๋		SKIP	โห่เสียงโจ๋เจ๋พวกถือป
เจ๋	1	เจ๋		SKIP	แหละปั้นเจ๋อละเมอฝันพ
ยี่สน	1	ยี่-สน		SKIP	งกงเหล่ายี่สนนนทรีมีสะพ
ตามรอย	1	ตาม-รอย		SKIP	เล็กน้อยตามรอยทางสุริยงเ
จรรโลง	1	จรร-โลง		SKIP	ระโรงจอมจรรโลงชี้ขาดราชก
สุพรรณภาชน์	1	สุ-พัน-พาด		SKIP	ญเครื่องสุพรรณภาชน์ทองใส่ของห
พัฒ	1	พัฒ		SKIP	หลานวายุพัฒน์ยิ่งอัดท
โอฬาร	1	โอ-ฬาร		SKIP	อิศโรอันโอฬารในสถานทิพอ
กระแชง	1	กระ-แชง		SKIP	ม้แดงติดกระแชงเผาค่ายไหม
เหี่ยว	1	เหี่ยว		SKIP	น้าเซียวเหี่ยวไปไม่เสบยก
ร้บ	1	ร้บ		SKIP	มตำแหน่งร้บเข้าไปในบุ
กัณฐัศร์	1	กัน-ถัด		SKIP	เสด็จทรงกัณฐัศร์อัสดรแล้วร
อังคาร	1	อัง-คาร		SKIP	กร์สโมสรอังคารเสาร์เข้าต
อุตม์	1	อุด		SKIP	จรมาเป็นอุตม์สุดจะดี¦ฝ่
ร้า	1	ร้า		SKIP	ารตรัสเศร้าสร้อยละห้อ
บรรยงก์	1	บัน-ยง		SKIP	ลงจับที่บรรยงก์ส่งสำเนียง
นึ	1	นึ		SKIP	งอย่าได้นึกแหนงระแวง
ตะโก	1	ตะ-โก		SKIP	ก้องร้องตะโกน¦ให้ตีกลอ
ชิงชัน	1	ชิง-ชัน		SKIP	โกวันต้นชิงชันช้างน้าวเห
ช้างน้าว	1	ช้าง-น้าว		SKIP	้นชิงชันช้างน้าวเหล่ามะเกล
มะเกลือ	1	มะ-เกลือ		SKIP	้าวเหล่ามะเกลือ¦มยุราพระย
กุโงก	1	กุ-โงก		SKIP	กโพระโดกกุโงกงอนขมิ้นอ่
ดินสอ	1	ดิน-สอ		SKIP	เจ้าชู้เดินสอกรอผู้หญิง
เหมือง	1	เหมือง		SKIP	้ามาราวีเหมืองแมงหวี่เข้
คชาธาร	1	คะ-ชา-ทาน		SKIP	ผูกพระยาคชาธารชำนาญยุทธ์
บางอย่าง	1	บาง-อย่าง		SKIP	กหลานรู้บางอย่างกระแสหรือต
เปรยปราย	1	เปรย-ปราย		SKIP	ัสเฉลยภิเปรยปรายพ่อค่อยวาย
มักกะสัน	1	มัก-กะ-สัน		SKIP	ใช่ยักษ์มักกะสันก็จำเป็นจำ
มารย์	1	มาน		SKIP	าตรขุนอำมารย์เร่งกันเสี
มัย	1	มัย		SKIP	มมิตรพิสมัยพลางจูงกรก
หยาด	1	หยาด		SKIP	็นฝนฟุ้งหยาดอุทกตกกระจ
เป็นนัย	1	เป็น-นัย		SKIP	ถนัดตรัสเป็นนัยเสวยเสร็จพ
สื่อ	1	สื่อ		SKIP	ังจะให้เสื่อมสว่างทางว
เพล	1	เพล		SKIP	ินพระฟังเพลินปักษาคณา
ศวรรย์	1	สะ-วัน		SKIP	ไปทั้งไอศวรรย์แล้วเกิดเป
หมั่นไส้	1	หมั่น-ไส้		SKIP	ุนหันนึกหมั่นไส้อนิจจังทุก
บาตร	1	บาตร		SKIP	หัวคล้ายบาตรชาติโลมาฝู
จัดซื้อ	1	จัด-ซื้อ		SKIP	ำเกาเหลาจัดซื้อเหล้าหมูไก
ออง	1	ออง		SKIP	ที่มีมาขอองค์พระเยซูม
ตะพาน	1	ตะ-พาน		SKIP	าบาลเป็นตะพานจะได้ไปในบ
สาวทึมทึก	1	สาว-ทึม-ทึก		SKIP	ังพวกนางสาวทึมทึกนึกจะหาจับ
ดอง	1	ดอง		SKIP	องจะปรองดองโปรดปรานปร
เรือกัญญา	1	เรือ-กัญ-ญา		SKIP	งละอองตาเรือกัญญาพร้อมพรั่ง
ฟ้อ	1	ฟ้อ		SKIP	หนุ่มงามฟ้อลอออินน้อง
แน่ว	1	แน่ว		SKIP	องไม่รู้แน่ว่าแผลไหนขอ
ลิ่ม	1	ลิ่ม		SKIP	ังคงขวางลิ่มดูก็นิ่มเน
ปัตห	1	ปัด-ตะ		SKIP	ะไปเมืองปัตหรีเขามีบุญ
โสภี	1	โส-ภี		SKIP	ำลังรุ่นโสภีเป็นศรีวัง
มะเดื่อ	1	มะ-เดื่อ		SKIP	างยางแดงมะเดื่อดูกบ้างออก
มะขาม	1	มะ-ขาม		SKIP	บพลอดยอดมะขามสาสิกากาโก
สายธุรำ	1	สาย-ธุ-รำ		SKIP	สอดสะพายสายธุรำประคำถือสว
โอภา	1	โอ-ภา		SKIP	ุมาศขึ้นโอภาสแจ่มจำรัส
เจือสม	1	เจือ-สม		SKIP	งดั่งทองเจือสมเป็นเชื้อพ
โกเมน	1	โก-เมน		SKIP	ทจร¦ทั้งโกเมนบุษรามหาชา
โคก	1	โคก		SKIP	ด็จไปยังโคกที่โคตรเพช
มะดูก	1	มะ-ดูก		SKIP	่งแสงชาดมะดูกดาษผลหอมสุ
สุกงอม	1	สุก-งอม		SKIP	ดาษผลหอมสุกงอมเหลืองพะวา
ดึงส์	1	ดึง		SKIP	งธรรมสำมดึงส์จำจะต้องไป
หุบผา	1	หุบ-ผา		SKIP	้นทางหาดหุบผาด้วยกล้าหา
รัต	1	รัต		SKIP	ธานีบุรีรัตน์ปะกษัตริ
สาลิกาแก้ว	1	สา-ลิ-กา-แก้ว		SKIP	นครวญว่าสาลิกาแก้วค่ำลงแล้วข
ขี้เซา	1	ขี้-เซา		SKIP	เหล่านี้ขี้เซาเบาอยู่หรื
สว	1	สว		SKIP	ช่องแล้วสว่างแผ้วราว
กรวบ	1	กรวบ		SKIP	สียงกริบกรวบรวบรัดแล้ว
ล้าหลัง	1	ล้า-หลัง		SKIP	ฉงฉาวที่ล้าหลังยังห่างย่า
เสียวไส้	1	เสียว-ไส้		SKIP	เจียวน่าเสียวไส้แต่งเสียทั
นรชน	1	นะ-ระ-ชน	syllable count differs (ssg 2 vs w2p 3)	REVIEW	จะดับโศกนรชนพวกคนหลงขุ
อวดรู้	1	อวด-รู้		SKIP	นั่งพิไรอวดรู้ทางดูแล¦อ้
คนโท	1	คน-โท		SKIP	ขยันตั้งคนโทถ้วยน้ำของ
เหงือก	1	เหงือก		SKIP	สือกแกขบเหงือกด่าไปดั่งใ
มีโอกาส	1	มี-โอ-กาส		SKIP	ู้รบไพรีมีโอกาสด้วยอำนาจอ
ฮึ	1	ฮึ		SKIP	ต่างเหิมฮึกแต่เห็นยั
ซู	1	ซู		SKIP	งค์พระเยซูมาชูช่วยให
ซุด	1	ซุด		SKIP	ดดินหูซูซุดจุดไฟฟอนเส
ส่าง	1	ส่าง		SKIP	งรุ่งรางส่างแสงแจ้งกระ
สงส์	1	สง		SKIP	ุทิศอานิสงส์ทรงยถาแล้ว
รากเหง้า	1	ราก-เหง้า		SKIP	าฝากเป็นรากเหง้าต้องว่ากล่
กระถด	1	กระ-ถด		SKIP	ดาบสพลางกระถดผินหลังเอา
ประเวศน์	1	ประ-เวด		SKIP	ับแม่ให้ประเวศน์ขอบเขตคันไ
อารย์	1	อาน		SKIP	ภิวาทพระอารย์ให้ผันผายข
จีรัง	1	จี-รัง		SKIP	ื่อไรไม่จีรัง¦นี่แลตัวท
ยอแสง	1	ยอ-แสง		SKIP	อเย็นย่ำยอแสงทินกรถึงสิ
ทิษฐะ	1	ทิษ-ฐะ		SKIP	เห็นเป็นทิษฐะแต่ไหว้พระ
สุณิสา	1	สุ-ณิ-สา		SKIP	งสองนารีสุณิสากล่าววาจาพ
ลองไน	1	ลอง-ไน		SKIP	งกิ่งไทรลองไนร้องประสาน
จ้า	1	จ้า		SKIP	ตามสงกาเจ้าคุณมาราชกา
วัฏ	1	วัฏ		SKIP	ต้องว่ายวัฏเวียนวงในส
ยึดมั่น	1	ยึด-มั่น		SKIP	ป็นอัตรายึดมั่นในสันดาน¦ม
ปริ่ม	1	ปริ่ม		SKIP	งิมน้ำตาปริ่มเปี่ยมตามา
นั่นเป็นไร	1	นั่น-เป็น-ไร		SKIP	ะธิดาว่านั่นเป็นไรเล่าน้อยหร
ตระหง่าน	1	ตระ-หง่าน		SKIP	มให้ทัน¦ตระหง่านเงื้อมเลื่
พังพาบ	1	พัง-พาบ		SKIP	นผัวนั่งพังพาบลงกราบกราน
ตัดพ้อต่อว่า	1	ตัด-พ้อ-ต่อ-ว่า		SKIP	ักหนต้องตัดพ้อต่อว่าประสาจนจึง
ซุบ	1	ซุบ		SKIP	ุบลงหมอบซุบซวนซบสลบไส
แขวะ	1	แขวะ		SKIP	ัดไม้ไผ่แขวะแฉละดีช่วย
ฉะนั้น	1	ฉะ-นั้น		SKIP	ยเหตุไฉนฉะนั้นหนอข้าขอฟั
วิสัญญี	1	วิ-สัญ-ญี		SKIP	ย์พันทวีวิสัญญีภาพนิ่งไม่
อัศ	1	อัศ		SKIP	ายสบายใจอัศจรรย์ครั่น
โจ	1	โจ		SKIP	ไวมันไล่โจนควักเอาโค
พืชผล	1	พืช-ผล		SKIP	้ยืดเป็นพืชผลเคาะพนักพย
ขนรักแร้	1	ขน-รัก-แร้		SKIP	นช่วยถอนขนรักแร้พี่ทีเถิดน
สำราก	1	สำ-ราก		SKIP	่นพิษพูดสำรากทั้งถากถาง
มรสุม	1	มอ-ระ-สุม		SKIP	บทจรสายสมรสุมาลัยจะไปตา
ยิ้มแห้ง	1	ยิ้ม-แห้ง		SKIP	ิกแพลงทำยิ้มแห้งห้ามว่าเจ้
ตัดทอน	1	ตัด-ทอน		SKIP	กรณ์แล้วตัดทอนทูลความตาม
ทุ้ง	1	ทุ้ง		SKIP	มสาครถึงทุ้งกว้างห่างป
เลอะเลือน	1	เลอะ-เลือน		SKIP	ทูลเฟือนเลอะเลือนหลงทูลกระห
ทัจ	1	ทัจ		SKIP	ดิ์อายอุทัจที่จะออกไป
มหรณพ	1	มะ-หอ-ระ-นบ	syllable count differs (ssg 3 vs w2p 4)	REVIEW	อบขอบฟากมหรณพไม่พานพบพี
ง่อยเปลี้ยเสียขา	1	ง่อย-เปลี้ย-เสีย-ขา		SKIP	ครึก¦ที่ง่อยเปลี้ยเสียขานัยน์ตาบอด
พัว	1	พัว		SKIP	ญย่อมพันพัวดีแลชั่วต้
เยิ่น	1	เยิ่น		SKIP	มเดินไม่เยิ่นไหวลงหลังแ
อุยหน่า	1	ซอย-หน่า	sound mismatch @1 (อุย vs ซอย)	REVIEW	น้องร้องอุยหน่าแม่หญิงอย่
ร่วมอุทร	1	ร่วม-อุ-ทร		SKIP	ี่ที่รักร่วมอุทรก็ไม่จรจาก
สุรินทร์	1	สุ-ริน		SKIP	ห้ใจนางอสุรินทร์สิ้นอาลัยก
กลางแดด	1	กลาง-แดด		SKIP	ต้องอยู่กลางแดดฝนทนทรมานเ
ปอ	1	ปอ		SKIP	กรูเข้าไปอยู่ไม่รอดว
คอเป็นเอ็น	1	คอ-เป็น-เอ็น		SKIP	รธาด่าทอคอเป็นเอ็นจะจับเป็นแ
ประธาน	1	ประ-ธาน		SKIP	ะการเป็นประธานที่ในกายขอ
ย้ำ	1	ย้ำ		SKIP	โดยดีถ้าย้ำยีจึงจักสู
กัต	1	กัต		SKIP	ศีลสัตย์กัตเวทีย่อมเป
เวที	1	เว-ที		SKIP	สัตย์กัตเวทีย่อมเป็นที
ผลิดอกออกผล	1	ผลิ-ดอก-ออก-ผล		SKIP	นิน¦บ้างผลิดอกออกผลพวงระย้าปี
ตีค่า	1	ตี-ค่า		SKIP	ึ่งดนตรีตีค่าไว้ถึงแสนเ
ยิ่งยวด	1	ยิ่ง-ยวด		SKIP	งสองสิ่งยิ่งยวดวิชาการใคร
กระทืบ	1	กระ-ทืบ		SKIP	งศรีโกรธกระทืบบาทาแล้วพา
สนเท่ห์	1	สน-เท่		SKIP	กลข้าแสนสนเท่ห์ในน้ำใจจริ
ประหวั่น	1	ประ-หวั่น		SKIP	นึกพรั่นประหวั่นไหวเข้ากอด
ฟับ	1	ฟับ		SKIP	นไฟเสียงฟับไฟฟูฟูมตูม
ฉัวะ	1	ฉัวะ		SKIP	ฝรั่งดังฉัวะฉะบ้างรับร
ใบชา	1	ใบ-ชา		SKIP	อนพิษพอกใบชาขี้ผึ้งยาป
น้ำท่วม	1	น้าม-ท่วม	sound mismatch @1 (น้ำ vs น้าม)	FIXED	กน้องนี้น้ำท่วมมิได้ร่วมเ
นี่แหละ	1	นี่-แหละ		SKIP	่าให้ไป¦นี่แหละหลานการอะไ
สายม่าน	1	สาย-ม่าน		SKIP	ยแล้วรูดสายม่านบังสั่งสุร
ละล่ำละลัก	1	ละ-ล่ำ-ละ-ลัก		SKIP	สัยใจช้ำละล่ำละลักแกล้งร้องท
ล้อเล่น	1	ล้อ-เล่น		SKIP	ลยลวงล่อล้อเล่นได้ลักเอาผ
มาทะ	1	มา-ทะ		SKIP	าณาถึงอิมาทะสะเสร็จสำเ
ไสยศาสตร์	1	ไส-สาด		SKIP	ีตามวิธีไสยศาสตร์ไม่คลาดคลา
โฉมเฉิด	1	โฉม-เฉิด		SKIP	ามประโลมโฉมเฉิดเลิศโลกีย์
หลักแหลม	1	หลัก-แหลม		SKIP	กตร์เห็นหลักแหลมช่างเหน็บแ
โน้มน้าว	1	โน้ม-น้าว		SKIP	ึงว่าโยมโน้มน้าวชาวบุรีให้
ทิพา	1	ทิ-พา		SKIP	สงสุริยาทิพากรสำนักนอน
เภสัช	1	เภ-สัช		SKIP	วัสดิ์ยกเภสัชเภลามาถวาย
เภ	1	เภ		SKIP	ึงธารท่าเภตราจอดให้ค
พาไล	1	พา-ไล		SKIP	ชียรเชิงพาไลใส่แผงเอาแ
บวก	1	บวก		SKIP	งเอาแป้งบวกจัดช่างพวก
ข้องเกี่ยว	1	ข้อง-เกี่ยว		SKIP	่เงินทองข้องเกี่ยวก็เที่ยวหา
ขี้เมา	1	ขี้-เมา		SKIP	ี่เกลอมีขี้เมาซื้อเหล้าเ
ฝาย	1	ฝาย		SKIP	วายปราณ¦ฝายโยคีมีพรตป
ปากเปียก	1	ปาก-เปียก		SKIP	ลดาบสบ่นปากเปียกเรียกไม่ไห
สายสิญจน์	1	สาย-สิน		SKIP	วเสกด้ายสายสิญจน์ให้สวมไว้ไ
ปีชวด	1	ปี-ชวด		SKIP	ดี๋ยวนี้ปีชวดฉศกแล้วเกิ
สมภาร	1	สม-ภาร		SKIP	อดนมเป็นสมภารเจียวหรือฉ
ไม้พุ่ม	1	ไม้-พุ่ม		SKIP	็นละเมาะไม้พุ่มชอุ่มเขียว
โคร่งคร่าง	1	โคร่ง-คร่าง		SKIP	ยรูปร่างโคร่งคร่างครัน¦ประหล
เครา	1	เครา		SKIP	าวรณ์พระเคราะห์จรเข้าซ
ยมทูต	1	ยม-มะ-ทูด	syllable count differs (ssg 2 vs w2p 3)	REVIEW	รือปีศาจยมทูตอ้ายภูตผีจ
โมกข์	1	โมก		SKIP	มีทิศาปาโมกข์อยู่สองคนอ
เคา	1	เคา		SKIP	ำเพาะแต่เคาะกลองตามทำ
เปลือย	1	เปลือย		SKIP	กาะที่ชีเปลือยเมื่อแรกมา
จุฑา	1	จุ-ฑา		SKIP	งพระภูษาจุฑากระสันจงจำ
จำนอง	1	จำ-นอง		SKIP	กระสันจงจำนองครองเครื่อ
ทิ่ม	1	ทิ่ม		SKIP	าจี้จิ้มทิ่มพุงสะดุ้งพ
เม็ดฝน	1	เม็ด-ฝน		SKIP	ลับตนแต่เม็ดฝนก็ไม่ถูกลู
ติ๋วเซียง	1	ติ๋ว-เซียง		SKIP	งจิ๋วจุนติ๋วเซียงเข้าลัดเลี
มุ้ย	1	มุ้ย		SKIP	ี่ยงอ้ายมุ้ยแล่นฉุยมา¦
คู่แฝด	1	คู่-แฝด		SKIP	ขอให้เคยคู่แฝดสักแปดคราว
ท้อ	1	ท้อ		SKIP	ารแม่ให้ท้อแท้เศร้าใน
อุมงค์	1	อุ-มง		SKIP	ด้คิดปิดอุมงค์ปลงพระศพเป
สินธุ	1	สิน-ธุ		SKIP	ยหน้าชลาสินธุ์กรูเข้าไป
ชวย	1	ชวย		SKIP	อมรวยรวยชวยชื่นระรื่น
ลาดตระเวน	1	ลาด-ตระ-เวน		SKIP	ดแต่งออกลาดตระเวนเกณฑ์อาสาส
ทะนาน	1	ทะ-นาน		SKIP	เต้าเก้าทะนานพนักงานตั้
พังผืด	1	พัง-ผืด		SKIP	สันเนื้อพังผืดตืดไตกินไส
ตืด	1	ตืด		SKIP	้อพังผืดตืดไตกินไส้ตั
ไส้ตัน	1	ไส้-ตัน		SKIP	ตืดไตกินไส้ตันยิ่งกลืนมั
โก่ง	1	โก่ง		SKIP	่นายต่างโก่งสายเกาทัณฑ
ใหญ๋	1	ใหญ๋		SKIP	งทั้งสูงใหญ๋ไพร่นายนั้
ประดิทิน	1	ประ-ดิ-ทิน		SKIP	าเฒ่าเอาประดิทินออกคลี่ตั้
เปก	1	เปก		SKIP	ลงเลขโปกเปกเปาะราหูเส
เข้มงวด	1	เข้ม-งวด		SKIP	วยค่ำคืนเข้มงวดจะกวดขันถ้
หง่อง	1	หง่อง		SKIP	่นไหวจองหง่องหง่องฆ้องก
ฆ้องกระแต	1	ฆ้อง-กระ-แต		SKIP	่องหง่องฆ้องกระแตออกแซ่ไปต่
ชั่งใจ	1	ชั่ง-ใจ		SKIP	บคั่งคอยชั่งใจพอจวนใกล้ป
กล้อ	1	กล้อ		SKIP	มตำราใส่กล้องเป่าลองดู
เมื่อวานซืน	1	เมื่อ-วาน-ซืน		SKIP	้ชอบชื่นเมื่อวานซืนแม่ไม่เห็น
ขาดสะบั้น	1	ขาด-สะ-บั้น		SKIP	้เท้าฟาดขาดสะบั้นดังฟันฟอนม
เคว้ง	1	เคว้ง		SKIP	างพระพี่เคว้งขวางอยู่กล
ลัน	1	ลัน		SKIP	หนังสือพลันก็ชวนกันเข
ละเลาะ	1	ละ-เลาะ		SKIP	กลัวเงาะละเลาะหนีแต่เชษฐ
แน่ชัด	1	แน่-ชัด		SKIP	ม้ลูกแม่แน่ชัดนางมัจฉาจะ
มาโนชญ์	1	มา-โนด		SKIP	รตม์ด้วยมาโนชญ์หน่อนราอัช
ผาดโผน	1	ผาด-โผน		SKIP	สะบัดขาดผาดโผนโจนประจัญเ
ชนม์ชีพ	1	ชน-ชีบ		SKIP	ังไม่ดับชนม์ชีพเป็นผุยผงพ
ชังน้ำหน้า	1	ชัง-น้ำ-หน้า		SKIP	คิดอินังชังน้ำหน้าถีบจนพลัดจ
ภาษี	1	ภา-ษี		SKIP	หวานเจ้าภาษีตั้งโรงเรี
โหด	1	โหด		SKIP	ติโทษว่าโหดไร้จึงจำส่
เติบใหญ่	1	เติบ-ใหญ่		SKIP	สารเมื่อเติบใหญ่ไหนก็คงเป็
ภัศม์	1	พัด		SKIP	งป่นเป็นภัศม์ธุลีไม่หนี
ฉิบ	1	ฉิบ		SKIP	ัวริบให้ฉิบหายบาทหลวง
แค้	1	แค้		SKIP	อบแทนที่แค้นเคืองให้ล
นมะ	1	นะ-มะ		SKIP	กลิ่นหวานมะลิวัลย์กรร
ประดัก	1	ประ-ดัก		SKIP	รำลึกถึงประดักประเดิดเถิ
ยกกระบัตร	1	ยก-กระ-บัตร		SKIP	กลางวัน¦ยกกระบัตรหัศเกนตระเ
ลอกหน้า	1	ลอก-หน้า		SKIP	ลอนหลอกกลอกหน้าทำตาวาวจะถ
นบี	1	นะ-บี		SKIP	้นไพรีมันบีฑาคิดตั้งห
เหมี่ยว	1	เหมี่ยว		SKIP	นศึกมาตาเหมี่ยววิ่งเกรียว
แอ่ง	1	แอ่ง		SKIP	สามแหล่งแอ่งอ่าวเหล่าส
หวอ	1	หวอ		SKIP	นสะท้านไหวออกโลดเต้นเ
โผล่	1	โผล่		SKIP	ทรฉุดโซ่โผล่ทะลึ่งพลัด
ติดคุก	1	ติด-คุก		SKIP	ประตูปิดติดคุกวิ่งซุกซนจ
ซุกซน	1	ซุก-ซน		SKIP	ดคุกวิ่งซุกซนจะขึ้นบนลง
แกล้ว	1	แกล้ว		SKIP	ซ้องร้องแกล้วนฝูงกานกโก
แอ้	1	แอ้		SKIP	อวก็อ้อนแอ้นเป็นหนุ่ม
อ่อย	1	อ็่อย		SKIP	ไหนแอ้อีอ่อยสร้อยฟ้าสุ
ละลวย	1	ละ-ลวย		SKIP	ลมปี่นี้ละลวยให้งวยงงสุ
ระรี่	1	ระ-รี่		SKIP	งเพลงปี่ระรี่เรื่อยจนเห
กำพืด	1	กำ-พืด		SKIP	ชิมรสรู้กำพืดว่าจืดหวาน
แผ่เผื่อ	1	แผ่-เผื่อ		SKIP	ลับจะคิดแผ่เผื่อเป็นเชื้อส
เจิ่น	1	เจิ่น		SKIP	เพิ่นกระเจิ่นเจียวนางหล
มอซอ	1	มอ-ซอ		SKIP	ูสลัวมัวมอซอแล้วดูดาวเ
ระเบียบเรียบร้อย	1	ระ-เบียบ-เรียบ-ร้อย		SKIP	ฌาสัยได้ระเบียบเรียบร้อยคอยรับใช้เ
ถ่อมตัว	1	ถ่อม-ตัว		SKIP	ช่ชั่วทำถ่อมตัวตอบความตาม
มนัส	1	มะ-นัด		SKIP	จริงใจโทมนัสอัดอารมณ์จ
เลศ	1	เลศ		SKIP	ัยไตรเพทเลศวิชาเหมือน
เหมาะเหม็ง	1	เหมาะ-เหม็ง		SKIP	เราะล้วนเหมาะเหม็งกล่าวประโล
กาพย์	1	กาบ		SKIP	ะเวงด้วยกาพย์เพลงพลอดคิ
โบกโบย	1	โบก-โบย		SKIP	มลมโยกมาโบกโบยจะร่วงโรยแ
เนืองนิตย์	1	เนือง-นิด		SKIP	ลืองเป็นเนืองนิตย์ใครฆ่าตีชี
แอก	1	แอก		SKIP	มาอีกอัดแอกระแสสินธุ์
ภูเขาเลากา	1	ภู-เขา-เลา-กา		SKIP	มฉิวขึ้นภูเขาเลากามันพาปลิวท
คุ้มเกรง	1	คุ้ม-เกรง		SKIP	ันกันเองคุ้มเกรงครองจึงจะต
เมี่ยง	1	เมี่ยง		SKIP	ทั้งหมากเมี่ยงมังสาสุราบ
กระสือ	1	กระ-สือ		SKIP	เช่นเป็นกระสือฝ่ายทหารกา
เกกมะเหรก	1	เกก-มะ-เหรก		SKIP	ำย้อนยอกเกกมะเหรกพูดเสกสรรม
ผอมโซ	1	ผอม-โซ		SKIP	วกไพร่จะผอมโซเพราะโลกีย
มูรหุ่ม	1	มูร-หุ่ม		SKIP	สวยโสภา¦มูรหุ่มคุมทหารอยู
พราด	1	พราด		SKIP	โคลนพรวดพราดพลาดถลำขาว
ขั้น	1	ขั้น		SKIP	เอาโซ่ทำขั้นเป็นบันไดข
เหลี่ย	1	เหลี่ยว		SKIP	ณุมาศลับเหลี่ยมคิรีศรีให
เหมาะสม	1	เหมาะ-สม		SKIP	มเกราะดูเหมาะสมใส่หมวกทอง
อีโต้	1	อี-โต้		SKIP	าแต่พร้าอีโต้โตเต็มที่เ
เขี้ยวแก้ว	1	เขี้ยว-แก้ว		SKIP	ี่ขาด้วยเขี้ยวแก้วแพรวพรรณกั
เหม็นเขียว	1	เหม็น-เขียว		SKIP	์เป็นจึงเหม็นเขียวบ้างว่าเชื
บแรง	1	แบรง		SKIP	อิบกำเริบแรง¦แกสอนสั่ง
ก้าม	1	ก้าม		SKIP	นสันตะวาก้ามกุ้งแกมแซม
เลียน	1	เลียน		SKIP	มนางต่างเลียนจุดเทียนพร
หน่วงเวลา	1	หน่วง-เว-ลา		SKIP	้าไม่ลวงหน่วงเวลาแล้วมีหน้า
ซื้อหน้า	1	ซื้อ-หน้า		SKIP	งแม่สื่อซื้อหน้าฆ่าให้ตายแ
ศาสตร์	1	สาด		SKIP	มวิธีไสยศาสตร์ไม่คลาดคลา
ราพณ์	1	ราบ		SKIP	ามสีดาไมราพณ์พาลงไปไว้ใ
บาดาล	1	บา-ดาล		SKIP	ไปไว้ใต้บาดาลแต่มีชายตา
ผีปอบ	1	ผี-ปอบ		SKIP	ันพอสตรีผีปอบเข้าขอบค่า
ตรัจเตร็จ	1	ตรัจ-เตร็จ		SKIP	งจำรัสดูตรัจเตร็จล้วนพลอยเพ
กักกัน	1	กัก-กัน		SKIP	มจักรกึกกักกันพอเย็นย่ำค
ผ้าขี้ริ้ว	1	ผ้า-ขี้-ริ้ว		SKIP	ฟืนปืนผาผ้าขี้ริ้วดินประสิวด
เดชานุภาพ	1	เด-ชา-นุ-ภาพ		SKIP	ชะตาเสียเดชานุภาพพลางกราบทู
ว่าว	1	ว่าว		SKIP	หรือชื่อว่าวายุพัฒน์จะ
บาดตา	1	บาด-ตา		SKIP	าวเจียระบาดตาดปักเครื่อ
นิ่มนวล	1	นิ่ม-นวล		SKIP	ะชวรเห็นนิ่มนวลนอนหลับแล้
อิก	1	อิก		SKIP	ิกเสียงเอิกเกริกเตรีย
พราวตา	1	พราว-ตา		SKIP	ดวงดาวดูพราวตา¦พี่รู้เท่
กล้วยกล้าย	1	กล้วย-กล้าย		SKIP	ำกลืนแต่กล้วยกล้ายจะเหือดหาย
ขี้อาย	1	ขี้-อาย		SKIP	ดูนักมักขี้อายนางว่าเบื่
ตะเกียบ	1	ตะ-เกียบ		SKIP	เนยมามีดตะเกียบเทียบทำไว้
ระเนียด	1	ระ-เนียด		SKIP	กสามค่ายระเนียดแตกแหลกทลา
ทึก	1	ทึก		SKIP	ึกทรวงสะทึกถอนพระทัยอ
ลพ	1	ลพ		SKIP	ร่งพวกพหลพลนิกายไปหา
ปรุโปร่ง	1	ปรุ-โปร่ง		SKIP	่มีโกร่งปรุโปร่งเพชรแล้วห้
เล่นเบี้ย	1	เล่น-เบี้ย		SKIP	งหลังที่เล่นเบี้ยเสียห้ามปร
เป็นงาน	1	เป็น-งาน		SKIP	ังราชการเป็นงานกลาง¦ฝ่ายส
ชึ้น	1	ช้าน		SKIP	ำเลืองไปชึ้นเฝ้าในมนเท
ยองใย	1	ยอง-ใย		SKIP	ะอองเป็นยองใยบ้างพ่วงพี
พ่วงพี	1	พ่วง-พี		SKIP	องใยบ้างพ่วงพีมีแต่เนื้อ
จิกปีก	1	จิก-ปีก		SKIP	กลัวจะงงจิกปีกเสียอีกเจ้
เลือน	1	เลือน		SKIP	ฟือนเลอะเลือนหลงทูลกระห
จุกเสียด	1	จุก-เสียด		SKIP	าหารทั้งจุกเสียดเคียดระดมเ
เซ่อ	1	เซ่อ		SKIP	พ้อคะข้าเซ่อเสียจริตผิ
คลั่งไคล้	1	คลั่ง-ไคล้		SKIP	ยการ¦นี่คลั่งไคล้ใครจะห้ามเ
ร้อยชั่ง	1	ร้อย-ชั่ง		SKIP	นมถนอมชมร้อยชั่งในวังหลวงจ
ตั้งนาฬิกา	1	ตั้ง-นา-ฬิ-กา		SKIP	็นคนนั่งตั้งนาฬิกาทุ่มทำคองุ
งุ้ม	1	งุ้ม		SKIP	ทุ่มทำคองุ้มโหงกหงุบเธ
ดอกจันทน์	1	ดอก-จัน		SKIP	บทรวงดวงดอกจันทน์สังวาลวรรณ
เล็บมือ	1	เล็บ-มือ		SKIP	วววามวาวเล็บมือยาวย้อมเที
เอ๋	1	เอ๋		SKIP	าแม่เจ้าเอ๋ยเอออ้ายท้
ควักค้อน	1	ควัก-ค้อน		SKIP	ลยหลงใหลควักค้อนข่วนหมอนอิ
วูบ	1	วูบ		SKIP	ดลูบยิ่งวูบวาบเป็นเปล
งูบ	1	งูบ		SKIP	ูบลงง่วงงูบตรึกตราประ
สันหลัง	1	สัน-หลัง		SKIP	้วก็เจ็บสันหลังดังจะหักไห
เจ็บแสบ	1	เจ็บ-แสบ		SKIP	ดหายความเจ็บแสบแทบไม่รอดจ
แผนภูมิ	1	แผน-ภูมิ		SKIP	ล่นไปตามแผนภูมิพื้นทุกคืน
พุมเรียง	1	พุม-เรียง		SKIP	วหยุดพุดพุมเรียงลำพักเคียง
แป้งนวล	1	แป้ง-นวล		SKIP	สมควรเอาแป้งนวลผัดหน้าด้ว
สื่อสาร	1	สื่อ-สาร		SKIP	มีชื่อมาสื่อสารจะว่าขานข้
โลกธาตุ	1	โลก-ธาตุ		SKIP	นกับฟื้นโลกธาตุศาสนาอันลู
เสวก	1	สะ-เหวก	sound mismatch @1 (เส vs สะ);sound mismatch @2 (วก vs เหวก)	REVIEW	วสั่งพวกเสวกาพฤฒามาตย์
สาวทึนทึก	1	สาว-ทึน-ทึก		SKIP	นรุ่นราวสาวทึนทึกได้ฝึกปรือ
ชักสื่อ	1	ชัก-สื่อ		SKIP	ปรือเป็นชักสื่อสายสนล้วนค
ประชดประชัน	1	ประ-ชด-ประ-ชัน		SKIP	งค์ทรงยศประชดประชันเขาว่าฉันช
พักพิง	1	พัก-พิง		SKIP	ียมรักสะพักพิง¦ให้สมตรัส
รุ่นราวคราวกัน	1	รุ่น-ราว-ควา-กัน	sound mismatch @3 (คราว vs ควา)	REVIEW	ู้สาวที่รุ่นราวคราวกันสักพันหญิง
เนียน	1	เนียน		SKIP	บปิดผนิดเนียน¦ว่าชิงผัว
ปีวอก	1	ปี-วอก		SKIP	เดือนแปดปีวอกวันจันทร์ข
ข้างแรม	1	ข้าง-แรม		SKIP	ันจันทร์ข้างแรม¦เจ้าครองก
รอยเท้า	1	รอย-เท้า		SKIP	ก็พอเห็นรอยเท้าที่ยาวใหญ่
สัน	1	สัน		SKIP	เปรมเกษมสันต์พลางแล่น
ยื้อแย่ง	1	ยื้อ-แย่ง		SKIP	เจ้าหนี้ยื้อแย่งจงแจ้งความ
กะพริบตา	1	กะ-พริบ-ตา		SKIP	วงหลงลืมกะพริบตาเสน่หาปั่น
ระเบียง	1	ระ-เบียง		SKIP	มานอนที่ระเบียงคอยฟังเสีย
เกรียบ	1	เกรียบ		SKIP	รียบข้าวเกรียบเกรียมอย่า
ลมเพลมพัด	1	ลม-เพลม-พัด		SKIP	องเสน่ห์ลมเพลมพัด¦พระอภัยใจ
เง่า	1	เง่า		SKIP	งว่าเจ้าเง่าโง่งงเขายุ
เขมร	1	เขมร		SKIP	หาที่ไหนเขมรลาวชาวละคร
เจ่าจุก	1	เจ่า-จุก		SKIP	งกอดเข่าเจ่าจุกเสียงกุกกั
โอบอุ้ม	1	โอบ-อุ้ม		SKIP	อ้อยอิ่งโอบอุ้มดูลุ่มหลงอ
ท้วง	1	ท้วง		SKIP	มง่วงไม่ท้วงติงทำเมินน
ถือเพศ	1	ถือ-เพศ		SKIP	ือเชิญมาถือเพศฝรั่งเมือง
เจ็บช้ำน้ำใจ	1	เจ็บ-ช้ำ-น้าม-ไจ	sound mismatch @3 (น้ำ vs น้าม)	FIXED	ษฐาเหลือเจ็บช้ำน้ำใจอาลัยลากลั
เถือก	1	เถือก		SKIP	เชือกตามเถือกเถาหรือพระ
เหลือบเห็น	1	เหลือบ-เห็น		SKIP	ลัยแล¦พอเหลือบเห็นหัสไชยมาใก
คอแห้ง	1	คอ-แห้ง		SKIP	ับเคี่ยวคอแห้งได้แต่งเสี
เหยียด	1	เหยียด		SKIP	ยุดทรงยศเหยียดกรป้อนสลาแ
ทำเทียม	1	ทำ-เทียม		SKIP	ายเหนียมทำเทียมเธอขึ้นเสม
ขึ้นซัง	1	ขึ้น-ซัง		SKIP	หรั่งมึงขึ้นซังสมนึกทำฮึก
เอียงเอน	1	เอียง-เอน		SKIP	ี่ยงอย่าเอียงเอน¦พระอภัยให
ขิก	1	ขิก		SKIP	ริกเสียงขิกขักแค้นทรง
ขัก	1	ขัก		SKIP	เสียงขิกขักแค้นทรงฤทธ
ซบเซา	1	ซบ-เซา		SKIP	ดตัวบ้างซบเซาเมาทะเลโซเ
พะอืดพะอม	1	พะ-อืด-พะ-อม		SKIP	ลโซเซล้มพะอืดพะอมอาเจียนวิง
สูงตระหง่าน	1	สูง-ตระ-หง่าน		SKIP	ดังวิมานสูงตระหง่านงามสง่าในส
หม่อน	1	หม่อน		SKIP	สด็จมาหาหม่อนฉานถึงบ้าน
นิษฐ์	1	นิด		SKIP	์เป็นอักนิษฐ์ข้าพเจ้าเล
เทียมทัน	1	เทียม-ทัน		SKIP	สามัญไม่เทียมทันชันษาท่านอ
ศุลี	1	ศุ-ลี		SKIP	ักขระพระศุลีเด็กถือกลี
กลี่	1	กลี่		SKIP	จึงไกล่เกลี่ยกล่าวคำเป
ท้าวคาง	1	ท้าว-คาง		SKIP	ลนางนั่งท้าวคางบ้างก็เอกเ
คิมหันต์	1	คิม-หัน		SKIP	ยิมเมื่อคิมหันต์โอ้อกเอ๋ยย
กาบ	1	กาบ		SKIP	ุหลาบอังกาบมีสารภีบุน
ขมขื่น	1	ขม-ขื่น		SKIP	แม้กินยาขมขื่นจะกลืนแทนพ
หลู่	1	หลู่		SKIP	ไม่เคยลบหลู่แต่อยู่มาใ
ผ่าเหล่า	1	ผ่า-เหล่า		SKIP	งศ์พงศ์เผ่าเหล่าพระญาติขอโ
เถน	1	เถน		SKIP	กนอีเมียเถนเทวทัตสัตว
พะรุงพะรัง	1	พะ-รุง-พะ-รัง		SKIP	ข้ามทุ่งพะรุงพะรังไปหยุดยั้ง
ช่ำ	1	ช่ำ		SKIP	อบช้ำประช่ำประชวรน้อง
สอบถาม	1	สอบ-ถาม		SKIP	่างพากันสอบถามพราหมณ์พฤฒ
ติฉินนินทา	1	ติ-ฉิน-นิน-ทา		SKIP	หนมา¦มันติฉินนินทาฆ่ามันเสีย
พูดเท็จ	1	พูด-เท็จ		SKIP	เสร็จถึงพูดเท็จก็เห็นจริง
เผือ	1	เผือ		SKIP	คยกินแต่เผือกมันผลไม้เ
ตะคุ่ม	1	ตะ-คุ่ม		SKIP	นสุมเสือตะคุ่มคิดว่าโยธา
แปร้น	1	แปร้น		SKIP	ะเปรี้ยงแปร้นมาคุมแค้นล
กีดกั้น	1	กีด-กั้น		SKIP	ายหมดใครกีดกั้นฟันฉะไม่ละ
เผื่อว่า	1	เผื่อ-ว่า		SKIP	กินอาหารเผื่อว่าการผันแปรจ
นึง	1	นึง		SKIP	จิตคิดคะนึง¦ฝ่ายพวกพล
อเวจี	1	อะ-เว-จี		SKIP	กในกระทะอเวจีหนึ่งสูบฝิ
ดุม	1	ดุม		SKIP	ฉนเหมือนดุมวงกงเกวียน
กงเกวียน	1	กง-เกวียน		SKIP	ือนดุมวงกงเกวียนวนเวียนไปอ
ปีเถาะ	1	ปี-เถาะ		SKIP	้า¦เพราะปีเถาะเคราะห์กรร
เขี้ยวเล็บ	1	เขี้ยว-เล็บ		SKIP	เจ็บทั้งเขี้ยวเล็บซ่อนไว้มิใ
ตะบิดตะบอย	1	ตะ-บิด-ตะ-บอย		SKIP	ีวิตอย่าตะบิดตะบอยอยู่หน่อยเ
ถ่านไฟเก่า	1	ถ่าน-ไฟ-เก่า		SKIP	้อนไปที่ถ่านไฟเก่าดับก็กลับโ
ขุ่นแค้น	1	ขุ่น-แค้น		SKIP	่าได้คิดขุ่นแค้นถึงแสนสากร
วับแวม	1	วับ-แวม		SKIP	หิ่งห้อยวับแวมเรืองริมเฝ
เชิน	1	เชิน		SKIP	ามพระขวยเชินเมินหมางเห
สุขุม	1	สุ-ขุม		SKIP	ทุกข์ถึงสุขุมเหมือนหนึ่
ฉาบฉวย	1	ฉาบ-ฉวย		SKIP	ปราบช่างฉาบฉวยพี่ขอบใจไร
ตราบ	1	ตราบ		SKIP	หมวดตรวจตราบัญชาการราช
สุทธาวาส	1	สุท-ธา-วาส		SKIP	้นดินฟ้าสุทธาวาสดำรงราชย์ร
ไม้ดัด	1	ไม้-ดัด		SKIP	ภูเขาเอาไม้ดัดขึ้นจัดแจง
ฉะนี้	1	ฉะ-นี้		SKIP	ครวญป่านฉะนี้เนื้อเย็นจ
ขับซอ	1	ขับ-ซอ		SKIP	ร้องเพลงขับซอกระจับปี่ก
กรีดนิ้ว	1	กรีด-นิ้ว		SKIP	ระจับปี่กรีดนิ้วดีดสีข้างช
พากย์	1	พาก		SKIP	้าแหงนคนพากย์แทนทำชม้อย
ชดช้อย	1	ชด-ช้อย		SKIP	นทำชม้อยชดช้อยเสียงอินทร
อินทร	1	อิน-ทร		SKIP	งกสิณให้อินทรีย์ลอยขึ้น
ปับ	1	ปับ		SKIP	ออรับดังปับปุบถูกปากฟ
ปุบ	1	ปุบ		SKIP	ับดังปับปุบถูกปากฟกชก
ยุบ	1	ยุบ		SKIP	วความตามยุบลมันติดกลท
เขวียว	1	เขวียว		SKIP	ทับเสียงเขวียวขวับพัลวัน
บง	1	บง		SKIP	กห้องบุษบงอย่าสงสัยพ
หยั่งรู้	1	หยั่ง-รู้		SKIP	ได้ฟังก็หยั่งรู้เพราะอดสูเ
เบย	1	เบย		SKIP	ยเฝ้าบ่นเบยราวกับบ้าน
ปานนี้	1	ปาน-นี้		SKIP	ก็นานถึงปานนี้ส่วนบุตรีย
ไฟธาตุ	1	ไฟ-ธาตุ		SKIP	ข้เขาว่าไฟธาตุหย่อนอ่อนห
พระภูมิ	1	พระ-ภูมิ		SKIP	งแผ่นดินพระภูมินทร์จะโปรด
ก่ออิฐ	1	ก่อ-อิฐ		SKIP	ฝืองล้วนก่ออิฐปิดทองดูรอ
จับระบำ	1	จับ-ระ-บำ		SKIP	างสำหรับจับระบำก็ทำบทน้อม
กระแชะ	1	กระ-แชะ		SKIP	เลียบและกระแชะชิดจะมอบมิ
ยิ้มเยาะ	1	ยิ้ม-เยาะ		SKIP	วกัน¦พระยิ้มเยาะเคราะห์กรร
ธุดงค์	1	ทุ-ดง		SKIP	ระสงค์จะธุดงค์เที่ยวไปชม
ถุงย่าม	1	ถุง-ย่าม		SKIP	อากระบุงถุงย่ามมา¦พวกทมิฬ
เคร่ง	1	เคร่ง		SKIP	ารย์ครัดเคร่งบำเพ็งเพีย
โสม	1	โสม		SKIP	้ฟังตรัสโสมนัสทูลแจ้ง
เบิกทาง	1	เบิก-ทาง		SKIP	์หมายได้เบิกทางอย่างว่าจะ
หน็บ	1	หน็บ		SKIP	หารเป็นเหน็บตายเสียหลา
สาคู	1	สา-คู		SKIP	ต่งาถั่วสาคูพวกบวชเก่า
แสด	1	แสด		SKIP	่าวคำร่ำแสดงให้แจ้งคว
ดอกลำดวน	1	ดอก-ลำ-ดวน		SKIP	ลือกเด็กดอกลำดวนที่ยวนใจมา
กระซาบ	1	กระ-ซาบ		SKIP	น้อยค่อยกระซาบคงตายราบมั
นะคะ	1	นะ-คะ		SKIP	พรุ่งนี้นะคะหม่อมให้เห
ขุม	1	ขุม		SKIP	จะไปห้ามขุมนรกไม่ตกเล
นิยาย	1	นิ-ยาย		SKIP	งความตามนิยายเห็นจะเป็น
เมื่อไหร่	1	เมื่อ-ไหร่		SKIP	ิ่งใจสักเมื่อไหร่อีกเล่าเขา
ค่อนวัน	1	ค่อน-วัน		SKIP	ปก่อนได้ค่อนวันพอแดดร่มลม
ชาม	1	ชาม		SKIP	านใส่จานชามถวายตามฤๅษ
หิมวา	1	หิม-วา		SKIP	่อนลงริมหิมวาสิ้นศัสตรา
สมบูรณ์	1	สม-บูน		SKIP	ี่ปีรุ่นสมบูรณ์ครันจึงอวย
ปานฉะนี้	1	ปาน-ฉะ-นี้		SKIP	แสนสงสารปานฉะนี้พระพี่เจ้า
คิน	1	คิน		SKIP	งมัจฉานาคินทร์ขึ้นดิ้
สาวัตถี	1	สา-วัต-ถี		SKIP	อชาวพาราสาวัตถีเมื่อหนุ่ม
พิมาน	1	พิ-มาน		SKIP	ขทุกสถานพิมานทิพย์เห็นล
งานค้าง	1	งาน-ค้าง		SKIP	เต้นเล่นงานค้างการนั้นกลั
ดู๋	1	ดู๋		SKIP	ผันผายดูดู๋ดื้อถือตัว
ลอดช่อง	1	ลอด-ช่อง		SKIP	ชะรอยพระลอดช่องเช่นล่องหน
ส่าห์ทน	1	ส่า-ทน		SKIP	อกหวาอุตส่าห์ทนจะได้พ้นจา
สารส้ม	1	สาร-ส้ม		SKIP	ระกาลเผาสารส้มแล้วตีกลอง
แวน	1	แวน		SKIP	สถิตแท่นแวนฟ้าสถาวรพร
มุข	1	มุข		SKIP	ี่เฝ้ามามุขขวาขวางเห็
เหลือบดู	1	เหลือบ-ดู		SKIP	เชษฐาพระเหลือบดูรู้ว่าน้อง
แกงเผ็ด	1	แกง-เผ็ด		SKIP	ไก่พะแนงแกงเผ็ดกับเป็ดหั่
หั่น	1	หั่น		SKIP	สมรจะห้ำหั่นบั่นเสียให
ห่อหมก	1	ห่อ-หมก		SKIP	เป็ดหั่นห่อหมกมันจันลอนส
ลอน	1	ลอน		SKIP	วากล่าวกลอนสุนทรถามจึ
แกงส้ม	1	แกง-ส้ม		SKIP	รหันทั้งแกงส้มต้มขิงทุกส
บวน	1	บวน		SKIP	ใส่ในกระบวน¦แล้วหยิบธ
โสดา	1	โส-ดา		SKIP	รก็จะได้โสดาไม่ช้าทีพร
สวรรคต	1	สะ-หวัน-คด	syllable count differs (ssg 2 vs w2p 3)	REVIEW	ลาไก่ขันสวรรคต¦ประโคมยาม
เมรุทอง	1	เมรุ-ทอง		SKIP	ชนทร์พระเมรุทองทำให้ต้องต
แทรกแซง	1	แทรก-แซง		SKIP	ดเปลี่ยนแทรกแซงโถมแทงฟัน¦
กระทัดรัด	1	กระ-ทัด-รัด		SKIP	ประจงจัดกระทัดรัดพรรณรายสาย
กิ่งไม้	1	กิ่ง-ไม้		SKIP	างเกาะกกกิ่งไม้บ้างไซ้ขนบ
ไซ้	1	ไซ้		SKIP	นแล้วซักไซ้ไต่ถามถึงท
โบย	1	โบย		SKIP	ย้าสกุณาโบยบินแล้วผิน
รุ้งพราย	1	รุ้ง-พราย		SKIP	าขวางที่รุ้งพรายหายหลบขึ้น
ธัญ	1	ธัญ		SKIP	พณ์เกลือธัญญาเพลิงไหม
เค	1	เค		SKIP	ปืนครื้นเครงวังเวงวน
ราห์	1	รา		SKIP	สะเดาะเคราห์เมืองเครื่
โลโล้	1	โล-โล้		SKIP	ั้งโห่เฮโลโล้กำปั่นเสีย
กระบะ	1	กระ-บะ		SKIP	ุงกระบุงกระบะแบกกระทะโอ
กระตุ้งกระติ้ง	1	กระ-ตุ้ง-กระ-ติ้ง		SKIP	่นไฟวิ่งกระตุ้งกระติ้งตาปลกตีอกผ
ปลก	1	ปลก		SKIP	แลงแปลงแปลกเป็นแขกจาม
ปวดหัว	1	ปวด-หัว		SKIP	แพง¦บ้างปวดหัวมัวตาให้หน
หรุบ	1	หรุบ		SKIP	ื่องฟูสีหรุบหรู่ทายว่า
แผ้วพาน	1	แผ้ว-พาน		SKIP	วอย่าให้แผ้วพานพบประสบสมย
พาทย์	1	พาด		SKIP	สังข์พิณพาทย์ระนาดฆ้องป
รุมเร้า	1	รุม-เร้า		SKIP	เจ้าต่างรุมเร้าเลี้ยวลัดฉ
เกื้อ	1	เกื้อ		SKIP	ดเหลือจะเกื้อหนุนว่าผู้
ฉาง	1	ฉาง		SKIP	ทั้งยุ้งฉางใหญ่ใหญ่ใส
ฤมล	1	ริม-ลอน	syllable count differs (ssg 1 vs w2p 2)	REVIEW	โฉมศรีนีฤมลแม้นเป็นคน
เย็บผ้า	1	เย็บ-ผ้า		SKIP	ทำนาหญิงเย็บผ้าเสื้อหมวกแ
แว่นตา	1	แว่น-ตา		SKIP	้ไพร่ใส่แว่นตา¦พวกฝรั่งย
โงง	1	โงง		SKIP	ยรั้วตัวโงงโก้งโค้งคล
บุกเข้าไป	1	บุก-เข้า-ไป		SKIP	จะได้รุกบุกเข้าไปตีเมืองใหม
พรรคพวก	1	พรรค-พวก		SKIP	์ให้สิ้นพรรคพวกฝรั่งเกาะล
ปุปะ	1	ปุ-ปะ		SKIP	งแตกทะลุปุปะไปพวกหน่อน
ใจชื้น	1	ใจ-ชื้น		SKIP	ัสไชยยังใจชื้นจนกลางคืนค
คอพับ	1	คอ-พับ		SKIP	ดฉับบ้างคอพับหัวกระเด็น
ปักษี	1	ปัก-ษี		SKIP	หมหักดังปักษีแต่ปางหลัง
รกเรี้ยว	1	รก-เรี้ยว		SKIP	ายหนีบุกรกเรี้ยวเลี้ยวหลงใ
พงพี	1	พง-พี		SKIP	้ยวหลงในพงพีเข้าราตรีม
ตุ๊กแก	1	ตุ๊ก-แก		SKIP	ังหัวพองตุ๊กแกร้องบ้างล้
อ่อนซอน	1	อ่อน-ซอน		SKIP	ะเหนื่อยอ่อนซอนซบสลบลงระท
ชะลอ	1	ชะ-ลอ		SKIP	ตรคลอคลอชะลอไหลทั้งหิว
ประกาศิต	1	ประ-กา-ศิต		SKIP	้วยบัญชาประกาศิตซึ่งออกโอษ
แบ่งเบา	1	แบ่ง-เบา		SKIP	ม่จัดแจงแบ่งเบาค่อยเล้าโล
อาตม์	1	อาด		SKIP	นาฏสำอางอาตม์อ่าองค์สรง
ไสหัว	1	ไส-หัว		SKIP	้จะมีภัยไสหัวไปให้พ้นอ้
ฮ้อ	1	ฮ้อ		SKIP	ะไปตาม¦เฮ้อนี่แน่แยบค
เลิกงาน	1	เลิก-งาน		SKIP	กษ์เมื่อเลิกงานพระอ่านสาร
ด้วน	1	ด้วน		SKIP	อซ้ายขาดด้วนไม่ควรคิด¦
เงียบเชียบ	1	เงียบ-เชียบ		SKIP	กษาเรียบเงียบเชียบเสียงจึงขั
ป้อแป้	1	ป้อ-แป้		SKIP	วนอนอ่อนป้อแป้นัยน์ตาแลเ
แมวเซา	1	แมว-เซา		SKIP	งเสือป่าแมวเซาจัดเอาคนอ้
เบศร์	1	เบด		SKIP	ระหน่อนฤเบศร์เกศกษัตริย
หด	1	หด		SKIP	นกำปั่นเหดั่งไกวเปลค
เข้าเวร	1	เข้า-เวร		SKIP	ฝ้าจะให้เข้าเวรไว้ได้ใช้ส
เต่าร้าง	1	เต่า-ร้าง		SKIP	ให้หักใบเต่าร้างที่กลางวัง
กระเตื้อง	1	กระ-เตื้อง		SKIP	ด้วยช่วยกระเตื้องที่เรื่องน
กีดกัน	1	กีด-กัน		SKIP	้าแม้นมิกีดกันจะได้ฉันหว
จิน	1	จิน		SKIP	ดมั่นฝังจินดาค่าบุริน
ดัดดั้น	1	ดัด-ดั้น		SKIP	มนัสเดินดัดดั้นจากด่านชั้
ห้าว	1	ห้ว		SKIP	ล่นมาสิบห้าวันไม่พบฝั่
รีบด่วน	1	รีบ-ด่วน		SKIP	มพันถ้วนรีบด่วนเดิน¦ฝ่ายห
ลูกบาศก์	1	ลูก-บาด		SKIP	างทอดถูกลูกบาศก์เดินพลาดแต
อติสาร	1	อะ-ติ-สาน		SKIP	ึงที่ตัดอติสารพระโปรดด้ว
แซะ	1	แซะ		SKIP	งนั่งกระแซะปะเหลาะปะแ
ตีแตะ	1	ตี-แตะ		SKIP	ันขุดแซะตีแตะแผงทั้งซ้า
จ้าละหวั่น	1	จ้า-ละ-หวั่น		SKIP	คล้นเป็นจ้าละหวั่นค่อยพลิกฟื
ลูกในไส้	1	ลูก-ใน-ไส้		SKIP	ณทูลเกศาลูกในไส้ให้กำเนิดไ
เปา	1	เปา		SKIP	ลขโปกเปกเปาะราหูเสาร์
แตง	1	แตง		SKIP	นเป็นนวลแตงท้าวทศวงศ์
ทรุดตัว	1	ทรุด-ตัว		SKIP	งเห็นผัวทรุดตัวนั่งนางน้อ
ภูริ	1	ภู-ริ		SKIP	่งพระศรีภูริปรีชาคลี่ส
โมก	1	โมก		SKIP	มีทิศาปาโมกข์อยู่สองค
กะโหลก	1	กะ-โหลก		SKIP	จน้ำคว่ำกะโหลกแม้หายโรคเ
หลอกล้อ	1	หลอก-ล้อ		SKIP	าย้อนยอกหลอกล้อเฝ้าคลอเคล
วาล	1	วาล		SKIP	มพรายสังวาลสายมรกตดูง
คุตร์	1	คุด		SKIP	นาเขาสิงคุตร์ที่สูงสุดก
สูงสุด	1	สูง-สุด		SKIP	ลแหงนแสนสูงสุดสายตาเห็นแ
พรายแพรว	1	พราย-แพรว		SKIP	มลายพรอยพรายแพรว¦ด้วยหน่อไ
รื่นรมย์	1	รื่น-รม		SKIP	ึ้มครื้นรื่นรมย์ที่ร่มรังม
พลุ่มพล่าม	1	พลุ่ม-พล่าม		SKIP	เดินดุ่มพลุ่มพล่ามไปตามทางพอ
เซียม	1	เซียม		SKIP	งชื่อนางเซียมวิไลจะไปหา
เช่า	1	เช่า		SKIP	ู่ตามจน¦เช่าตึกที่ยิหว
ยิ	1	ยิ		SKIP	หลวงเห็นยินดีเป็นที่
สีผึ้ง	1	สี-ผึ้ง		SKIP	ผ่าฝีหุงสีผึ้งใครมาถึงชา
ลิงโลด	1	ลิง-โลด		SKIP	ดี่ยวโดดลิงโลดใจพายุใหญ่
โอน	1	โอน		SKIP	งสัยยิ่งโอนอ่อนผ่อนตา
คลอนแคลน	1	คลอน-แคลน		SKIP	ยักขย่อนคลอนแคลนง่อนแง่นหง
ง่อนแง่น	1	ง่อน-แง่น		SKIP	คลอนแคลนง่อนแง่นหงายพอถูกฝ
เปียก	1	เปียก		SKIP	บสบ่นปากเปียกเรียกไม่ไห
ตะเกียกตะกาย	1	ตะ-เกียก-ตะ-กาย		SKIP	นขนเปียกตะเกียกตะกายตัวกระต่าย
ญาต	1	ญาต		SKIP	งหรือสูญญาติขาดแผ่นดิ
บ่อน้ำ	1	บ่อ-น้าม	sound mismatch @2 (น้ำ vs น้าม)	FIXED	าถึงศาลาบ่อน้ำที่ทำไว้เห
ยุ้งข้าว	1	ยุ้ง-ข้าว		SKIP	ตามถนนในยุ้งข้าวเตาไฟเที่ย
เกาะกุม	1	เกาะ-กุม		SKIP	สาวหนุ่มเกาะกุมกันที่ลูกส
ระย่อ	1	ระ-ย่อ		SKIP	ขทุกข์ธุระย่อมพบปะไปกว่
เจ้าคะ	1	เจ้า-คะ		SKIP	ารู้อยู่เจ้าคะฉันจะไปพาม
แปลงเพศ	1	แปลง-เพศ		SKIP	งแต่งตามแปลงเพศเหมือนพราห
เวสสุกรรม	1	เวส-สุ-กรรม		SKIP	นพราหมณ์เวสสุกรรมล้ำเลขาแล้
ของชำ	1	ของ-ชำ		SKIP	บ่าแบกขนของชำทำคุมเหงที
โทงเทง	1	โทง-เทง		SKIP	โล่งวิ่งโทงเทงโดนกันเองอ
กั๊ก	1	กั๊ก		SKIP	ักที่สี่กั๊กท่ามกลางหว
ถกเขมร	1	ถก-เขมร		SKIP	ผ้าคาดอกถกเขมรออกเป็นเกล
หุ่ม	1	หุ่ม		SKIP	โสภา¦มูรหุ่มคุมทหารอยู
อัติ	1	อัด		SKIP	กษัตริย์อัติเรกภิเษกศร
สะอิดสะเอียน	1	สะ-อิด-สะ-เอียน		SKIP	งเพ่งพิศสะอิดสะเอียนดูเพี้ยนเพ
ด้วง	1	ด้วง		SKIP	ยำมะม่วงด้วงโสนแกงปลาไ
พุพอง	1	พุ-พอง		SKIP	นไส้ทะลุพุพองน้ำหนองแตก
ซ่านเซ็น	1	ซ่าน-เซ็น		SKIP	ดกาฬแทรกซ่านเซ็นทุกเส้นขนเ
ปล้นสะดม	1	ปล้น-สะ-ดม		SKIP	¦ไม่ทำกลปล้นสะดมเอาสมบัติไ
มหารณพ	1	มะ-หา-นบ	sound mismatch @1 (มหา vs มะ);sound mismatch @2 (รณ vs หา)	REVIEW	ิมริมท่ามหารณพจะให้พบลาภ
ย่างเหยียบ	1	ย่าง-เหยียบ		SKIP	ุมารค่อยย่างเหยียบเลียบฝั่งไ
ปักษิน	1	ปัก-ษิน		SKIP	อนถามนามปักษินนกขมิ้นเหล
สุมทุมพุ่มไม้	1	สุม-ทุม-พุ่ม-ไม้		SKIP	มันไปนอนสุมทุมพุ่มไม้พระไทรทอง¦
ออเซาะ	1	ออ-เซาะ		SKIP	างแนบแอบออเซาะช่างฉอเลาะ
ม่าเหมี่ยว	1	ม่า-เหมี่ยว		SKIP	์วานเห็นม่าเหมี่ยวเที่ยวเดิน
นั่งโป่ง	1	นั่ง-โป่ง		SKIP	¦พบฝรั่งนั่งโป่งในดงกว้างม
บ้านไร่	1	บ้าน-ไร่		SKIP	็นพวกพาลบ้านไร่ไพรพฤกษารู
ไถ้	1	ไถ้		SKIP	ตทั้งถุงไถ้ใส่ข้าวเม่
ข้าวเม่า	1	ข้าว-เม่า		SKIP	ุงไถ้ใส่ข้าวเม่าแลข้าวตากเ
รอนแรม	1	รอน-แรม		SKIP	ดรประทับรอนแรมทางมากลางด
กิ่งก้าน	1	กิ่ง-ก้าน		SKIP	รวาลเป็นกิ่งก้านซ้อนซับสลั
ฉุยฉาย	1	ฉุย-ฉาย		SKIP	สรวงถวายฉุยฉายเอ๋ยเชิญชม
แต	1	แต		SKIP	คู้เงี่ยแต่หูฟังพหลใ
แยกแยะ	1	แยก-แยะ		SKIP	ปลือกแตกแยกแยะแพะแกะกระโ
ป้าง	1	ป้าง		SKIP	ลลงในน้ำป้างแอบกำปั่นไ
พิเภก	1	พิ-เภก		SKIP	พระตกที่พิเภกอสุราต้องข
เจี๋ยว	1	เจี๋ยว		SKIP	างเรือเจเจี๋ยวอ้ายนายใหญ
เงือดเงื้อ	1	เงือด-เงื้อ		SKIP	กลือต่างเงือดเงื้อง้าวขวานทะ
ผอยผอย	1	ผอย-ผอย		SKIP	นหันหกตกผอยผอยยิงปืนรายห
เปลาะ	1	เปลาะ		SKIP	วนติดแปดเปลาะชะเนาะขันเ
ชะเนาะ	1	ชะ-เนาะ		SKIP	แปดเปลาะชะเนาะขันเรือเล็
ละเล้า	1	ละ-เล้า		SKIP	ู้คนเข้าละเล้าละลุม¦โอ้ล
ส้มป่อย	1	ส้ม-ป่อย		SKIP	้ำมนต์ปนส้มป่อยประทีปธูปเ
เพรางาย	1	เพรา-งาย		SKIP	เกล้าทุกเพรางาย¦จนจวนรุ่ง
เภรี	1	เภ-รี		SKIP	ิบบาทฆาตเภรีเจ้าพราหมณ
กูณฐ์	1	กูน		SKIP	รายณ์วายกูณฐ์¦ศรีสุวรรณ
หุ่นเชิด	1	หุ่น-เชิด		SKIP	ือนอย่างหุ่นเชิดระเหิดระหง
ดาบสั้น	1	ดาบ-สั้น		SKIP	างถือหอกดาบสั้นกั้นหยั่นย
ทาบ	1	ทาบ		SKIP	ายปลายบาทาบ้างโบกผ้าโ
เก่งกาจ	1	เก่ง-กาจ		SKIP	วนฉกรรจ์เก่งกาจชาติทมิฬที
ริ้น	1	ริ้น		SKIP	ยุงก็กินริ้นก็ไต่ไรก็ต
มอมแมม	1	มอม-แมม		SKIP	จะหายหอมมอมแมมทั้งแก้มคา
เฉา	1	เฉา		SKIP	ต่ลูกเราเฉาโฉดหลงโกรธ
นรายณ์	1	นะ-ราย		SKIP	่ลูกปรายนรายณ์แรงถูกคนแด
ต่ำกว่า	1	ต่ำ-กว่า		SKIP	วยค่ายทำต่ำกว่าเนินเชิงเท
ขัตติย	1	ขัด-ติ-ยะ	syllable count differs (ssg 2 vs w2p 3)	REVIEW	กษัตริย์ขัตติยานราราชจาก
ลำโพง	1	ลำ-โพง		SKIP	ดลเอกเสกลำโพงพากันโกงกอ
แก่วัด	1	แก่-วัด		SKIP	กอแกด้วยแก่วัด¦ช่างกระไร
ขี้เล็บ	1	ขี้-เล็บ		SKIP	มีดีเท่าขี้เล็บคอยแต่เก็บ
กดคอ	1	กด-คอ		SKIP	พ้แม่พ่อกดคอเราเอาปี่เ
คดงอ	1	คด-งอ		SKIP	เลี้ยวลดคดงอคิดฉ้อฉลวิ
ง่า	1	ง่า		SKIP	ข้ามาโดยง่ายในบุรินทร
ภวังค์	1	พะ-วัง		SKIP	บโฉลกโลกภวังค์วิสังหรณ์แ
บี้แบน	1	บี้-แบน		SKIP	ับตัวบีบบี้แบนขาแขนหักต่
ต่อเติม	1	ต่อ-เติม		SKIP	ึกเหิมจะต่อเติมเพิ่มพหลพล
โสโครก	1	โส-โครก		SKIP	สัยในโลกโสโครกครบคืออาศพ
ภัง	1	ภัง		SKIP	ออาศพอสุภังสิ้นทั้งหล
กบ	1	กบ		SKIP	รสต่างผงกบ้างยกหัวบ้
พร่ำเพ้อ	1	พร่ำ-เพ้อ		SKIP	งเติมซ้ำพร่ำเพ้อคะเอออือเส
ฟองไข่	1	ฟอง-ไข่		SKIP	ักเท่าไรฟองไข่เป็ดกินสำเ
กระป่อง	1	กระ-ป่อง		SKIP	ี้มีท้องกระป่องเหยาะกลัวค
ทดท้อ	1	ทด-ท้อ		SKIP	ดทุกข์ระทดท้อใจใครจะเหม
หมอตำแย	1	หมอ-ตำ-แย		SKIP	ท้อไม่มีหมอตำแยจะแก้ไขให้
กะเบ้อ	1	กะ-เบ้อ		SKIP	หน้าเก้อกะเบ้อกะบังตะลึง
ถ่านไฟ	1	ถ่าน-ไฟ		SKIP	้อนไปที่ถ่านไฟเก่าดับก็ก
ใจหายวาบ	1	ใจ-หาย-วาบ		SKIP	ยท้าวนางใจหายวาบกราบบาทาแม
โวยวาย	1	โวย-วาย		SKIP	ชีวาร้องโวยวายฟายน้ำตาต่
กระทุ่มน้ำ	1	กระ-ทุ่ม-น้าม	sound mismatch @3 (น้ำ vs น้าม)	FIXED	กันสามคนกระทุ่มน้ำดำเล่นไม่เ
หริ	1	หริ		SKIP	ราณ¦เรไรหริ่งกิ่งไทรล
ออกรวง	1	ออก-รวง		SKIP	พรรณด้วยออกรวงร่วงหล่นคร
สรรพ์ขอ	1	สัน-ขอ		SKIP	งทุกสิ่งสรรพ์ขอทราบเรื่อง
มวล	1	มวล		SKIP	วณจึงประมวลทูลความตาม
แค่	1	แค่		SKIP	นอย่าแคะแค่นแสนกลพวกค
พิมพ์	1	พิม		SKIP	พี่ดังตีพิมพ์นึกอะลิ้มเ
วัดแดด	1	วัด-แดด		SKIP	่ถนัดให้วัดแดดเอาแว่นแฝด
แฝด	1	แฝด		SKIP	ือต้องยาแฝดแปดปนระคนเ
พระเศียร	1	พระ-เศียร		SKIP	ระสันโพกพระเศียรส่านแดงแย่
การวิวาท	1	การ-วิ-วาท		SKIP	ละอองบาทการวิวาทข่มขี่หามี
ฟ้องร้อง	1	ฟ้อง-ร้อง		SKIP	ไม่มีใครฟ้องร้องต้องคดีแต่
พระอินทร์	1	พระ-อิน		SKIP	าอิสูรรบพระอินทร์สิ้นชีวงพง
บัทว์	1	บัด		SKIP	ิ์คุ้มอุบัทว์ไภยันทั้งก
ฬ่อ	1	ฬ่อ		SKIP	สมอตีม้าฬ่อแล่นไปในวี
แค	1	แค		SKIP	อแล้วไม่แคล้วเลยแต่ป
งามงอน	1	งาม-งอน		SKIP	บทจรล้วนงามงอนรุ่นราวขาว
ปาหนัน	1	ปา-หนัน		SKIP	เกศีทั้งปาหนันกรรณิการ์ส
ชาวไร่	1	ชาว-ไร่		SKIP	อนกับที่ชาวไร่พวกไถนาแล้
ไถนา	1	ไถ-นา		SKIP	าไปทำไร่ไถนาอยู่ป่าดอน
เยินยอ	1	เยิน-ยอ		SKIP	ญเป็นที่เยินยอยศปรากฏไปแ
กำหนัด	1	กำ-หนัด		SKIP	สดิ์เกิดกำหนัดร้อนรุ่มทุ
แด	1	แด		SKIP	นางอาดูรแดดาลสงสารวง
ชดเชย	1	ชด-เชย		SKIP	เสาวรสมาชดเชยละอองอาบซา
ห่มดอง	1	ห่ม-ดอง		SKIP	กษัตริย์ห่มดองครองเฉวียง
สายธุหร่ำ	1	สาย-ธุ-หร่ำ		SKIP	ระสวมกายสายธุหร่ำประคำถือปร
คนไข้	1	คน-ไข้		SKIP	้วถามถึงคนไข้ที่ในวังไป
ต่าย	1	ต่าย		SKIP	าระหงกระต่ายกระแตตุ่นอ
พรรษา	1	พรร-ษา		SKIP	ยืนหมื่นพรรษาตามตำราไสย
ตั้วเฮีย	1	ตั้ว-เฮีย		SKIP	กี๋ยเป็นตั้วเฮียคุมไพร่ดัง
เตียว	1	เตียว		SKIP	หวังชื่อเตียวบู้อยู่คงท
บู้	1	บู้		SKIP	ื่อเตียวบู้อยู่คงทรงก
ตั้วเหี่ย	1	ตั้ว-เหี่ย		SKIP	เกี๋ยพวกตั้วเหี่ยจับไว้มิให
ยม	1	ยม		SKIP	ดตำราอ้ายมังคลาเล่าก
ความเกี่ยวข้อง	1	ความ-เกี่ยว-ข้อง		SKIP	ณ์ที่ทูลความเกี่ยวข้องต้องประสงค
ผ็อย	1	ผ็อย		SKIP	าะลงเผาะผ็อยพระละห้อยค
ม่านรูด	1	ม่าน-รูด		SKIP	วิสูตรพอม่านรูดแลเห็นองค์
น้ำอบ	1	น้ำ-อบ		SKIP	ัยให้เอาน้ำอบมาภาวนานึก
ประจุบัน	1	ประ-จุ-บัน		SKIP	ใจไข้ฉลุประจุบันให้ป่วนปั่
หน้ามุข	1	หน้า-มุข		SKIP	้ไสยาตรงหน้ามุขเป็นผาสุกร
ว้า	1	ว้า		SKIP	ิลาลงมาขว้างโดยนภางค์
รวดร้าว	1	รวด-ร้าว		SKIP	็บปวดให้รวดร้าวพระมาเฝ้าอ
เจียมตัว	1	เจียม-ตัว		SKIP	าญ¦เพราะเจียมตัวกลัวผิดจึง
ล่อย	1	ล่อย		SKIP	ใส่ไกกลปล่อยไปบนเวหาสั
สันนิบาต	1	สัน-นิ-บาต		SKIP	ับอภิวาทสันนิบาตเพื่อเส้นเ
ขึ้นร้าน	1	ขึ้น-ร้าน		SKIP	งแตกก้านขึ้นร้านเขาบุราณเล
บ่อน	1	บ่อน		SKIP	าถึงศาลาบ่อน้ำที่ทำไว้
โชคดี	1	โชค-ดี		SKIP	ศุกร์เศษโชคดีคัมภีร์ไสย
ตะแก	1	ตะ-แก		SKIP	งข่าวมันตะแกนั้นงุ่นง่
เป็นจุณ	1	เป็น-จุณ		SKIP	ยิงไปให้เป็นจุณ¦พระสั่งเส
บำบัด	1	บำ-บัด		SKIP	ารพัดไม่บำบัดโรคาก็อาสั
นทร์พอ	1	นัด-พอ		SKIP	ลาไปธานินทร์พอพระสินสมุท
อมิตร	1	อะ-มิด		SKIP	ายามปราบอมิตรไม่คิดเกรง
ทิชาชาติ	1	ทิ-ชา-ชาติ		SKIP	วิหคนกกาทิชาชาติระดาดาษจับ
โกรง	1	โกรง		SKIP	ะยังเคาะโกรงแขกในโรงนั
แฉว	1	แฉว		SKIP	คลองช่องแฉวเป็นเหลือจ
สุเหร่า	1	สุ-เหร่า		SKIP	ยงไก่ขันสุเหร่าร้องก้องขา
นิเวศ	1	นิ-เวศ		SKIP	ยลอยไปในนิเวศน์ถิ่นประเ
นงค์	1	นง		SKIP	รงเหล่าอนงค์สาวใช้ขึ้น
เถ่	1	ถ่		SKIP	¦แล้วไถลเถ่ถามตามประส
เมาฬี	1	เมา-ฬี		SKIP	กวดเกล้าเมาฬีฉวีนวลนางช
เทพี	1	เท-พี		SKIP	ัดวีแล้วเทพีเสด็จมาชลา
ขียน	1	ขียน		SKIP	วราวกับเขียนวิเชียรใสท
สื่อข่าว	1	สื่อ-ข่าว		SKIP	นังสือไปสื่อข่าวในเรื่องรา
หายป่วย	1	หาย-ป่วย		SKIP	ค่อยคลายหายป่วยด้วยโรคาเร
บอบบาง	1	บอบ-บาง		SKIP	วยเป็นคนบอบบางไม่วางใจ¦บ
เคล้าเคลีย	1	เคล้า-เคลีย		SKIP	เมียเฝ้าเคล้าเคลียคลึงรสจนหม
คลึง	1	คลึง		SKIP	หัตถาพระคลึงเคล้นเฟ้นพ
ถลึง	1	ถะ-หลึง		SKIP	งต่างถึงถลึงตาพวกเสนาแ
เลนะ	1	เล-นะ		SKIP	พาไปในทะเลนะเทวีถ้าฉวย
พื่ยา	1	พื่-ยา		SKIP	่นนี้พระพื่ยาพระโปรดปรา
ทัดเทียม	1	ทัด-เทียม		SKIP	มเนียมพอทัดเทียมทั่วนครเหม
วาวแวว	1	วาว-แวว		SKIP	พรอยแพรววาวแวววับกระจ่าง
เสพย์	1	เพบ		SKIP	วเชิญให้เสพย์กระยาสุธาโ
เพราะพริ้ง	1	เพราะ-พริ้ง		SKIP	พาทย์รับเพราะพริ้งล้วนหญิงสา
กรอบเกรียบ	1	กรอบ-เกรียบ		SKIP	เงียบไม่กรอบเกรียบยืนดูอยู่ท
อิทธิ์	1	อิด		SKIP	อด้านอวดอิทธิ์ฤทธิไกร¦ศา
หน้าด้าน	1	หน้า-ด้าน		SKIP	าคาเพราะหน้าด้านเอาแต่การโ
ทอดโกลน	1	ทอด-โก-ลน		SKIP	ยอดเพราะทอดโกลนมันทำศึกยั
ภาย	1	ภาย		SKIP	งจะไปต่อภายหลังเรียกฝ
ร่น	1	ร่น		SKIP	ัยทั้งไพร่นายกอดกันตา
ดาย	1	ดาย		SKIP	าน่าเสียดายแกฟูมฟายชล
รุ่ม	1	รุ่ม		SKIP	ย่ามเดินรุ่มร่ามไปศาลา
ความเหนื่อย	1	ความ-เหนื่อย		SKIP	มไม่กลัวความเหนื่อยยากลำบากกา
โอนเอน	1	โอน-เอน		SKIP	ือโยนเสาโอนเอนที่นั่งทรง
เวสสุวัณ	1	เวส-สุ-วัณ		SKIP	ทั้งนั้นเวสสุวัณให้พิทักษ์
จองแล้ว	1	จอง-แล้ว		SKIP	ประมาทอาจองแล้วตรงมาไม่บู
ล่วงเกิน	1	ล่วง-เกิน		SKIP	วงสรวงทำล่วงเกิน¦ฝ่ายพระจอ
แข่งขัน	1	แข่ง-ขัน		SKIP	ะเข้าออกแข่งขันทั้งหันเหแ
ถ่อ	1	ถ่อ		SKIP	ยทุดอ้ายถ่อยเต็มระยำอ
ทั่น	1	ทั่น		SKIP	่าเล่าขาทั่นพลางทำชั้น
ซิกซี้	1	ซิก-ซี้		SKIP	กหยิกกันซิกซี้¦ฝ่ายพี่เล
คิ่น	1	คิ่น		SKIP	มุ่นขุ่นคิ่นในวิญญาณ์จ
เข้าม่าน	1	เข้า-ม่าน		SKIP	กราบกรานเข้าม่านทอง¦ครั้นเ
ผลอ	1	ผลอ		SKIP	าฝืนเสวยผลอินจันทน์ทุ
เภา	1	เภา		SKIP	ล่าเอาสำเภาเภตรามาหรื
อัภิวันท์	1	อัน-พิ-วัน	syllable count differs (ssg 2 vs w2p 3)	REVIEW	สเสนารับอัภิวันท์ด้วยทันใดม
ค้อนติง	1	ค้อน-ติง		SKIP	่งสอนคอยค้อนติงแกให้ยิงปื
ยุแยง	1	ยุ-แยง		SKIP	มุทะลุมายุแยงจนพลัดแพลง
ง่อย	1	ง่อย		SKIP	ครึก¦ที่ง่อยเปลี้ยเสีย
ดิ	1	ดิ		SKIP	กเปรมปรีดิ์ในใจเห็นไ
ผุ	1	ผุ		SKIP	ะจุยเป็นผุยผงอายุยืน
ท่าว	1	ท่าว		SKIP	อบดูรู้เท่าว่าเขาเยาะก
เปิดเปิง	1	เปิด-เปิง		SKIP	ล่นเตลิดเปิดเปิงเซอะเซิงไป
นาฬิกา	1	นา-ฬิ-กา		SKIP	นั่งตั้งนาฬิกาทุ่มทำคองุ
ดุลย์	1	ดุน		SKIP	เพาะอยู่ดุลย์วุ่นนักหนา
หร้อม	1	หร้อม		SKIP	บนอบน้อมหร้อมสะพรั่งยกโ
ข่มขืน	1	ข่ม-ขืน		SKIP	้เขาตื่นข่มขืนใจผิดวิสัย
แถบ	1	แถบ		SKIP	ิงขรข้างแถบเขาเจ้าประ
ผึ้งรวง	1	ผึ้ง-รวง		SKIP	หึ่งหึ่งผึ้งรวงเฝ้าหวงรัง
เห็นชัด	1	เห็น-ชัด		SKIP	ีรัตน์กูเห็นชัดมาแต่ครั้ง
ขาดทุน	1	ขาด-ทุน		SKIP	ต่เรื่องขาดทุนออกวุ่นวาย
ไข้พิษ	1	ไข้-พิษ		SKIP	งคิดเป็นไข้พิษเจ็บจุกหรื
สึ่	1	สึ่ง		SKIP	ฤกษ์ดีในสึ่โมงแกสั่งเ
ตะบัน	1	ตะ-บัน		SKIP	่ด้วยกันตะบันโรคจะวิโยค
เปีย	1	เปีย		SKIP	้ากามปัวเปียจนเสียวงศ์
ปัวจน	1	ปัว-จน		SKIP	ัวมาเปียปัวจนมันยุ่งออก
เจ็บปวดรวดร้าว	1	เจ็บ-ปวด-รวด-ร้าว		SKIP	คลีย¦ที่เจ็บปวดรวดร้าวลงคราวนี้ม
เลขผา	1	เลข-ผา		SKIP	นมาเสกลงเลขผาแจกไปทั่วต
กระดึง	1	กระ-ดึง		SKIP	งอึงกลองกระดึงตีลั่นสนั่
เกินตัว	1	เกิน-ตัว		SKIP	ดูตกแต่งเกินตัวเจียวขรัวค
ไม้คาน	1	ไม้-คาน		SKIP	เกลาเหลาไม้คานอลหม่านร้อ
ในเครือ	1	ใน-เครือ		SKIP	ก็เกิดมาในเครือเป็นเชื้อไ
ลการ	1	ละ-กาน		SKIP	ญจงบันดาลการร้อนให้ฝอน
ไยไพ	1	ไย-ไพ		SKIP	้ำใจทั้งไยไพหยาบหยามพู
ล้วงตับ	1	ล้วง-ตับ		SKIP	วกอ้ายผีล้วงตับจนคับโครงไ
เครือญาติ	1	เครือ-ญาติ		SKIP	บเนื้อในเครือญาติอย่าหมายมา
หมูแฮม	1	หมู-แฮม		SKIP	งกินอยู่หมูแฮมแกล้มสุราท
แหวนหัว	1	แหวน-หัว		SKIP	นแม้นกับแหวนหัวไม่ร้าวฉาน
เล็น	1	เล็น		SKIP	าสักเท่าเล็นไม่เห็นมีไ
คนโง่	1	คน-โง่		SKIP	นหนออ้ายคนโง่เองอย่างดก
กด	1	กด		SKIP	จักรมีศักดาทั้งชะตาผ
ลาดเลา	1	ลาด-เลา		SKIP	ะขี้ขลาดลาดเลากูเข้าใจถึ
แคบ	1	แคบ		SKIP	พราะช่องแคบทางจะเข้าเ
รู้เค้า	1	รู้-เค้า		SKIP	ย่าให้คนรู้เค้าเขาจะแคลงเ
สูบยา	1	สูบ-ยา		SKIP	หญ้าแล้วสูบยาขึ้นสองชั้
ขุ่นมัว	1	ขุ่น-มัว		SKIP	ำวุ่นให้ขุ่นมัวจะดีชั่วค่
ชาร้อน	1	ชา-ร้อน		SKIP	ระสังฆราชาร้อนให้ผ่อนผัน
แสบร้อน	1	แสบ-ร้อน		SKIP	นผิวพรรณแสบร้อนก็ผ่อนหายท
ยัญ	1	ยัญ		SKIP	จตนาบูชายัญกำหนดวันหน
ภักษาหาร	1	ภัก-ษา-หาร		SKIP	เที่ยวหาภักษาหารจับกระโห้โ
ลู่เข้า	1	ลู่-เข้า		SKIP	ูแล้วลากลู่เข้าในถ้ำด้วยก
ลังถึง	1	ลัง-ถึง		SKIP	เดินตามหลังถึงที่หยุดพวก
เกลี่ย	1	เกลี่ย		SKIP	ยจึงไกล่เกลี่ยกล่าวคำเป็
ซึ้ง	1	ซึ้ง		SKIP	ศึกมาลึกซึ้งรู้ไม่ถึงม
มะซาง	1	มะ-ซาง		SKIP	เลือกลูกมะซางปรางมะยงปร
มะยง	1	มะ-ยง		SKIP	ะซางปรางมะยงประทานองค์
งีบหลับ	1	งีบ-หลับ		SKIP	เหงาง่วงงีบหลับระงับไป¦ฝ่
มัจจุราช	1	มัจ-จุ-ราช		SKIP	ญนั้นคือมัจจุราชจะหมายมาดเ
ใจจืด	1	ใจ-จืด		SKIP	่างกระไรใจจืดไม่ยืดยืนน
คุ	1	คุ		SKIP	รั่งนั่งคุดคู้เงี่ยแ
นธร์	1	นะ		SKIP	นึ่งยุคุนธร์ขุนไศลลุยท
ปลาอินทรี	1	ปลา-อิน-ทรี		SKIP	พอจับได้ปลาอินทรีขึ้นขี่หลั
สัตว์บก	1	สัด-บก		SKIP	นทารกนี่สัตว์บกหรือสัตว์น
รักแร้	1	รัก-แร้		SKIP	่วยถอนขนรักแร้พี่ทีเถิดน
เงื่อม	1	เงื่อม		SKIP	น้ำง้ำชะเงื่อมพระหลบเลื่
เขื่อนเพชร	1	เขื่อน-เพชร		SKIP	ำเร็จดังเขื่อนเพชรภูตปีศาจไม
ได้ประโยชน์	1	ได้-ประ-โยชน์		COMPOSED	นคงได้ผลได้ประโยชน์จะโปรดมึงเ
ญวน	1	ยะ-วน		COMPOSED	้มหมูแนมญวนกินจนเมาหา
การปรึกษา	1	กาน-ปรึก-สา		COMPOSED	ปเห็นได้การปรึกษาท้าวโกสัยเ
ทางน้ำ	1	ทาง-น้ำ		COMPOSED	จะหักหาญทางน้ำประจำคน¦แก
เมายา	1	เมา-ยา		COMPOSED	นช้าเห็นเมายาเข้าจมูกทั
แพ้ยา	1	แพ้-ยา		COMPOSED	ม่แก้ที่แพ้ยาแม้นถ้วนถึ
เข้าทรง	1	เข้า-ทรง		COMPOSED	่งถึงตรงเข้าทรงเอาสั่นเทา
เอารส	1	เอา-รส		COMPOSED	ช่นกับผีเอารสที่วางไว้น
ไว้ลาย	1	ไว้-ลาย		COMPOSED	ิสัยเสือไว้ลายที่ปลายขนเ
ทางเข้า	1	ทาง-เข้า		COMPOSED	แต่บรรดาทางเข้าเอาไปใส่ทั
จุกช่องล้อมวง	1	จุก-ช่อง-ล้อม-วง		COMPOSED	่งกองคิดจุกช่องล้อมวงให้จงดี¦ฝ่
จำพวก	1	จำ-พวก		COMPOSED	าสั่งสอนจำพวกไหนอดอยากท
เสียกล	1	เสีย-กล		COMPOSED	นเสียการเสียกลคนรู้อึงพว
จัดเรียง	1	จัด-เรียง		COMPOSED	ดูเหมือนจัดเรียงเรียบประเท
ผีเสื้อยักษ์	1	ผี-เสื้อ-ยัก		COMPOSED	น้ำเนื้อผีเสื้อยักษ์ถึงจะชักมา
กระแบก	1	กระ-แบก		COMPOSED	เคียงไสวกระแบกกระบากซากซ
ละมั่ง	1	ละ-มั่ง		COMPOSED	ป็นอาหารละมั่งระมาดดาษดง
ระมาด	1	ระ-มาด		COMPOSED	ารละมั่งระมาดดาษดงกระจง
ระลึกถึง	1	ระ-ลึก-ถึง		COMPOSED	ตรองตรึกระลึกถึงพระไตรลักษ
การรำพึง	1	กาน-รำ-พึง		COMPOSED	ักประหารการรำพึงคิดตัดซึ่ง
วงศ์ตระกูล	1	วง-ตระ-กูน		COMPOSED	รถึงพงศ์วงศ์ตระกูลพอเช้าตรู่
ของเคียง	1	ของ-เคียง		COMPOSED	ะสามทั้งของเคียงคาวหวานใส่
ระยัง	1	ระ-ยัง		COMPOSED	น่วงในอุระยังสะสมเพราะศ
เห็นผล	1	เห็น-ผล		COMPOSED	งเกิดสุขเห็นผลคนนับถือเพ
รายการ	1	ราย-กาน		COMPOSED	้กันอันตรายการที่จะรบราก
แสงอาทิตย์	1	แสง-อา-ทิด		COMPOSED	สว่างฉายแสงอาทิตย์สางสางสว่า
ลงชื่อ	1	ลง-ชื่อ		COMPOSED	ศ์จะต้องลงชื่อไว้ในแผ่นด
คำเต็ม	1	คำ-เต็ม		COMPOSED	ลฟังถ้อยคำเต็มเบื่อเห็นเ
หยิ่ง	1	หะ-ยิ่ง		COMPOSED	พยักเผยอหยิ่งทุกสิ่งสรร
เสกสรรค์	1	เสก-สัน		COMPOSED	ของมันมาเสกสรรค์ใส่เอากูผู
ข้าวพอง	1	ข้าว-พอ-งะ		COMPOSED	ือศีลกินข้าวพองหน่อยก็ท้อ
หน้าม้า	1	หน้า-ม้า		COMPOSED	นกระทั่งหน้าม้าร้องท้าทาย
ปีกนก	1	ปี-กะ-นก		COMPOSED	้แข็งขันปีกนกสับคาบศิลา
ผู้ทรงศีล	1	ผู้-ทรง-สีน		COMPOSED	งพระองค์ผู้ทรงศีลแล้วเอาลิ้
นอนมา	1	นอน-มา		COMPOSED	ากจากที่นอนมารบพุ่งยุ่ง
ความยากลำบาก	1	ความ-ยาก-ลำ-บาก		COMPOSED	นเกิดก่อความยากลำบากจริง¦จะกล่
ตาเหลือก	1	ตา-เหลือ-กะ		COMPOSED	มประดาจนตาเหลือกถอดเอาเกือ
แวะเวียน	1	แวะ-เวียน		COMPOSED	นชลใสแต่แวะเวียนตามเกาะเที
ถอนหายใจ	1	ถอน-หาย-ใจ		COMPOSED	งอิงหมอนถอนหายใจก็หลับไปบน
รังนก	1	รัง-นก		COMPOSED	ปเสียไกลรังนกขมิ้นจับแม
กาเรียน	1	กา-เรียน		COMPOSED	ยอดมะสังกาเรียนดงส่งเสียง
ตรัง	1	ตะ-รัง		COMPOSED	ดังบนยอตตรังแซ่ซ้องก้อ
ลูกกระสุน	1	ลูก-กระ-สุ-นะ		COMPOSED	หมือนถูกลูกกระสุนศรีสุวรรณต
ใช้เนื้อ	1	ใช้-เนื้อ		COMPOSED	ระคองชิดใช้เนื้อให้เหลือหล
รายวัน	1	ราย-วัน		COMPOSED	ยต้องคิดรายวันประชดหมดทุ
เวียนซ้าย	1	เวียน-ซ้าย		COMPOSED	ตามระบอบเวียนซ้ายแล้วย้ายขว
ไม่ค่อย	1	ไม่-ค่อย		COMPOSED	ระพายพัดไม่ค่อยหยุดเพียงห
ขุนเขา	1	ขุน-เขา		COMPOSED	ดถอนทั้งขุนเขาเนมินอิสิน
ขนสัตว์	1	ขน-สัด		COMPOSED	งจะได้ผลขนสัตว์ที่รัดรึงใ
หาประโยชน์	1	หา-ประ-โยชน์		COMPOSED	ายลุล่วงหาประโยชน์จะโปรดชน¦พ
ลาลับ	1	ลา-ลับ		COMPOSED	ิธรจรดับลาลับเมฆอดิเรกส
ลำไย	1	ลำ-ไย		COMPOSED	วงสุกลูกลำไยมะเฟืองมะไ
แก่กล้า	1	แก่-กล้า		COMPOSED	ม้นละโมบแก่กล้าพาฉิบหายใค
หมกไหม้	1	หะ-มะ-กะ-ไม้		COMPOSED	าน¦ในนรกหมกไหม้ไฟจะเผาให้
ฉันทาคติ	1	ฉัน-ทา-คะ-ติ		COMPOSED	นหมองอันฉันทาคติเร่งตริตรอ
มายา	1	มา-ยา		COMPOSED	ช้าเห็นเมายาเข้าจมูกทั
ดูตัว	1	ดู-ตัว		COMPOSED	ครมาอยู่ดูตัวจึงแดงก่ำแ
ใช้เรือ	1	ใช้-เรือ		COMPOSED	อกคล่ำไปใช้เรือโล้กับล่าม
เขียนรูป	1	เขียน-รูบ		COMPOSED	ิดจัดแจงเขียนรูปนุชบุษบง¦ฝ
ติดมือ	1	ติด-มือ		COMPOSED	ิทธิ์ถือติดมือ¦เราเหลือท
ความปรานี	1	ความ-ปรา-นี		COMPOSED	คลาเพราะความปรานีเหลือในเชื
ตามควร	1	ตาม-ควน		COMPOSED	องความดูตามควร¦จะกล่าวฝ่
จิตนิยม	1	จิด-นิ-ยม		COMPOSED	ทหลวงคิดจิตนิยมสมคะเนกูถ่
ผ่อนคลาย	1	ผ่อน-คลาย		COMPOSED	ร้อนค่อยผ่อนคลาย¦จะกล่าวถึ
รู้ใจ	1	รู้-ใจ		COMPOSED	ยกูก็เคยรู้ใจอ้ายไทยแกม
ทำวน	1	ทำ-วน		COMPOSED	ะผ่อนผันทำวนให้พ้นภัย¦
กานดา	1	กา-นะ-ดา		COMPOSED	องราแก้วกานดาดวงจิตอย่า
การร้อง	1	กาน-ร้อง		COMPOSED	กป่าดูอาการร้องมานานบินเง
ดีกัน	1	ดี-กัน		COMPOSED	ี้เห็นจะดีกันหมดโอรสาจะ
ขายหู	1	ขาย-หู		COMPOSED	จะยืดยาวขายหูไม่รู้หายพ
ตำหนักน้ำ	1	ตำ-หนัก-น้ำ		COMPOSED	ร้อมพรักตำหนักน้ำตำรวจนำไปถ
ขอขมา	1	ขอ-ขะ-มา		COMPOSED	ให้มาง้อขอขมาบอกให้อากั
เดือนก่อน	1	เดือน-ก่อน		COMPOSED	ุสาเมื่อเดือนก่อนกูเที่ยวไป
โดยที่	1	โดย-ที่		COMPOSED	จะสงครามโดยที่ตามในจังหว
มีทาง	1	มี-ทาง		COMPOSED	จะถอยไม่มีทางหว่างวิถีเ
บำรุงเลี้ยง	1	บำ-รุง-เลี้ยง		COMPOSED	ไม่อิจฉาบำรุงเลี้ยงข้าเฝ้าเหล
หน้าสลด	1	หน้า-สะ-ลด		COMPOSED	่งฟังว่าหน้าสลดจิตระทดเสี
เสกคาถา	1	เสก-คา-ถา		COMPOSED	แล้วจึ่งเสกคาถายาสะกดได้ก
จนบัดนี้	1	จน-บัด-นี้		COMPOSED	กษัตริย์จนบัดนี้เอามาคลี่ด
ตรุ	1	ตะ-รุ		COMPOSED	างสานแผงตรุยาสารพันทา
เมื่อใด	1	เมื่อ-ใด		COMPOSED	เพลิงต่อเมื่อใดในเมืองออก
เรียงหน้า	1	เรียง-หน้า		COMPOSED	วเร่งกันเรียงหน้าดาประดังยิ
มณฑก	1	มะ-นะ-ทะ-กะ		COMPOSED	เพลิงปืนมณฑกนกสับทั้งค
ฟ้าสาง	1	ฟ้า-สาง		COMPOSED	่นซาท้องฟ้าสางค่อยสว่างอ
ผงกหัว	1	ผะ-งะ-กะ-หัว		COMPOSED	ให้ระหวยผงกหัวขึ้นได้หาย
หน้าตึง	1	หน้า-ตึง		COMPOSED	ลางลืมตาหน้าตึงคิดถึงเมีย
แทงใจ	1	แทง-ใจ		COMPOSED	่งเอาหอกแทงใจไม่วายหวัง
เชิญชวน	1	เชิน-ชวน		COMPOSED	ะบวนแล้วเชิญชวนผู้เฒ่ากิน
ลับตัว	1	ลับ-ตัว		COMPOSED	หายวับไปลับตัว¦บ้างก็กิน
ภาชนะ	1	ภา-ชะ-นะ		COMPOSED	ดให้เชิญภาชนะทองอันผ่อง
กะดี	1	กะ-ดี		COMPOSED	งเราเข้ากะดีพี่เลี้ยงก
ของไหว้	1	ของ-ไหว้		COMPOSED	บนแกะไก่ของไหว้ศาลทั้งเต้
เรือนหลวง	1	เรือน-หลวง		COMPOSED	ื่อนแต่งเรือนหลวงตามกระทรวง
พิธีการ	1	พิ-ที-กาน		COMPOSED	้งบายศรีพิธีการดาดเพดานม่
ที่พัก	1	ที่-พัก		COMPOSED	¦ถึงสถานที่พักตำหนักใหม่
สักการ	1	สัก-กาน		COMPOSED	้ศาลแต่งสักการนานาบูชาฉล
มีเหตุผล	1	มี-เหด-ผล		COMPOSED	นี้วิเศษมีเหตุผลจะสุกล้นส่
ดอกไม้พวง	1	ดอก-ไม้-พวง		COMPOSED	อำไพแขวนดอกไม้พวงพุ่มปทุมทอ
สุคนธ	1	สุ-คน-ทะ		COMPOSED	ปาจำปีรสสุคนธ์มณฑาระดาด
กระลำพัก	1	กระ-ลำ-พัก		COMPOSED	ูจับกิ่งกระลำพักนกกาสักจับ
ใต้ดิน	1	ใต้-ดิน		COMPOSED	่งใดอยู่ใต้ดิน¦ท่านยายเฒ
สวามี	1	สะ-วา-มี		COMPOSED	วยท่านตาสวามีเป็นอาจารย
จนกว่า	1	จน-กว่า		COMPOSED	ักญาติไปจนกว่าจะอาสัญด้ว
เครื่องใหญ่	1	เครื่อง-ใหญ่		COMPOSED	าสั่งนายเครื่องใหญ่ในราชฐานแล
ช้างพลาย	1	ช้าง-พะ-ลาย		COMPOSED	างฝูงแรดช้างพลายพังเที่ยวบ
รางแดง	1	รา-งะ-แดง		COMPOSED	พะยอมยางรางแดงแสลงพันพิก
วรกาย	1	วร-กาย		COMPOSED	ะจ่างจับวรกายทั้งซ้ายขว
ปลูกเรือน	1	ปลูก-เรือน		COMPOSED	โบราณว่าปลูกเรือนอยู่ผูกอู่
มัวแต่	1	มัว-แต่		COMPOSED	หูให้มืดมัวแต่จะออกนอกปร
เอาแต่ได้	1	เอา-แต่-ได้		COMPOSED	มันพูดจาเอาแต่ได้ข้างใช้ครู
ถนนหลวง	1	ถะ-หนน-หลวง		COMPOSED	่างไปทางถนนหลวงศิษย์ทั้งป
ทันใจ	1	ทัน-ใจ		COMPOSED	พลันด้วยทันใจตรงเข้าไปใ
ขึ้นชื่อ	1	ขึ้น-ชื่อ		COMPOSED	งขามทั้งขึ้นชื่อลือยศปรากฏ
ความขุ่นข้อง	1	ความ-ขุ่น-ข้อง		COMPOSED	ามจะเกิดความขุ่นข้องให้หมองมัว
ตามเพลง	1	ตาม-เพลง		COMPOSED	ยายามกันตามเพลงของที่เองจ
เรียกชื่อ	1	เรียก-ชื่อ		COMPOSED	บหรี่เขาเรียกชื่อกฤติกาตำรา
ไฟฟ้า	1	ไฟ-ฟ้า		COMPOSED	ว่างเป็นไฟฟ้าปีศาจมากลั
นง	1	นะ-งะ		COMPOSED	ได้นึกแหนงระแวงวนคงไ
ความร้อน	1	ความ-ร้อน		COMPOSED	หลด้วยมีความร้อนทรวงในดวงใ
นักธรรม	1	นัก-ทำ		COMPOSED	ะสงค์พระนักธรรม์ฉันตามกัน
ลมบน	1	ลม-บน		COMPOSED	วงวนทั้งลมบนอากาศจะกรา
ความเมตตา	1	ความ-เมด-ตา		COMPOSED	่งมาห้ามความเมตตา¦ฝ่ายพระสุ
พนาราม	1	พะ-นา-รา-มะ		COMPOSED	านหลงป่าพนาราม¦ฝ่ายพระสุ
สิ้นลมหายใจ	1	สิ้น-ลม-หาย-ใจ		COMPOSED	ยืนครั้นสิ้นลมหายใจกลายเป็นผี
แกก็จร	1	แก-ก็-จร		COMPOSED	บยุคุนธรแกก็จรขึ้นไปนั่ง
เช้ามืด	1	เช้า-มืด		COMPOSED	พอฟ้าขาวเช้ามืดขมุกขมัวต่
สายตา	1	สาย-ตา		COMPOSED	นดินสิ้นสายตาไม่รู้ว่าจ
ขาม้า	1	ขา-ม้า		COMPOSED	ั้งขามันขาม้าคร่าเอาตัว
เล่นตัว	1	เล่น-ตัว		COMPOSED	ลดเต้นทำเล่นตัวทั้งกลอกหั
การนินทา	1	กาน-นิน-ทา		COMPOSED	พูดติฉินการนินทาก็มาปรากฏร
หูไว	1	หู-ไว		COMPOSED	รู้เพราะหูไว¦ฝ่ายพระสุ
เรียงลำดับ	1	เรียง-ลำ-ดับ		COMPOSED	งเสลี่ยงเรียงลำดับคนคั่งคับส
หยับ	1	หะ-ยับ		COMPOSED	นครูเต้นหยับไปลับตา¦จะ
ดีหมี	1	ดี-หะ-มี		COMPOSED	ูกวางต้นดีหมีหมีจ้องร้อ
ตรงข้าม	1	ตรง-ข้าม		COMPOSED	นวงเสด็จตรงข้ามฝั่งไปลังก
เดินเล่น	1	เดิน-เล่น		COMPOSED	ี่ยวด้อมเดินเล่นน้ำในลำธาร
กินริน	1	กิน-ริน		COMPOSED	ร์เหมือนกินรินเยื้องย่าง
หัวคิด	1	หัว-คิด		COMPOSED	ต้องสั่นหัวคิดขยั้นครั่น
ใช้ไม่ได้	1	ใช้-ไม่-ได้		COMPOSED	อาสตรีไปใช้ไม่ได้การต้องเป็
หัวหงอก	1	หัว-หะ-งะ-อก		COMPOSED	จนฟันหักหัวหงอกพูดกลอกคอห
เดินหมาย	1	เดิน-หมาย		COMPOSED	ฑ์¦สัสดีเดินหมายไปทุกแห่งต
ร้องทุกข์	1	ร้อง-ทุก		COMPOSED	ชวนกันมาร้องทุกข์ว่าเหลือทน
ยาวนาน	1	ยาว-นาน		COMPOSED	ินข้าวจะยาวนานเสวยเสร็จพ
ร้องขอ	1	ร้อง-ขอ		COMPOSED	ตนาเขามาร้องขอผู้ครองโภไ
กระแสความ	1	กระ-แส-ความ		COMPOSED	้ต้องตามกระแสความรับสั่งจึ่
การแห่	1	กาน-แห่		COMPOSED	ระทรงโฉมการแห่สารคล้ายพา
บังพระสุริยา	1	บัง-พระ-สุ-ริ-ยา		COMPOSED	ิ้งกลดบดบังพระสุริยาแห่ขึ้นมาเ
ที่ว่าง	1	ที่-ว่า-งะ		COMPOSED	ีทางเป็นที่ว่างของสตรีพอป
สาก	1	สา-กะ		COMPOSED	มองค์โอรสากับไทท้าวเจ
นนทรี	1	นะ-นะ-ทะ-รี		COMPOSED	ล่ายี่สนนนทรีมีสะพรั่งท
จะละเม็ด	1	จะ-ละ-เม็ด		COMPOSED	เตลิดหลงจะละเม็ดดาษเดียรว่
คละเคล้า	1	คะ-ละ-เคล้า		COMPOSED	งเต่ากระคละเคล้าเป็นเหล่าห
คนที	1	คน-ที		COMPOSED	แชเชือน¦คนที่มาว่าไปแต
ท้องถนน	1	ท้อง-ถะ-หนน		COMPOSED	่แซ่ซ้องท้องถนนมาเกลื่อนก
การดำริ	1	กาน-ดำ-หริ		COMPOSED	ยหลายประการดำริพลางทางลงจ
รายได้	1	ราย-ได้		COMPOSED	ันตีทีละรายได้แจ้งสารทุก
มีเงินทอง	1	มี-เงิน-ทอง		COMPOSED	ไม่ยินดีมีเงินทองของอะไรเก็
เข้าตำรา	1	เข้า-ตำ-รา		COMPOSED	คารเสาร์เข้าตำราพยากรณ์ราห
นิลรัตน์	1	นิล-รัด		COMPOSED	ี่มาลาสีนิลรัตน์จำรัสฉายปร
กระเรียน	1	กระ-เรียน		COMPOSED	าโมงพลอดกระเรียนกระรอดเป็ด
เป็ดหงส์	1	เป็ด-หง		COMPOSED	ยนกระรอดเป็ดหงส์ส่งเสียงใส
ระวังไพร	1	ระ-วัง-ไพร		COMPOSED	้องแซ่ไประวังไพรยางกรอกฝูง
ยางกรอก	1	ยา-งะ-กะ-รอก		COMPOSED	ระวังไพรยางกรอกฝูงดอกบัว¦
หนอง	1	หนอ-งะ		COMPOSED	ยตามห้วยหนองประทับร้อน
เงียบเสียง	1	เงียบ-เสียง		COMPOSED	่โห่ร้องเงียบเสียงสำเนียงคน¦
คลาศ	1	คลา-สะ		COMPOSED	ถแล้วคลาคลาศเลียบเดินต
เมฆฉาย	1	เมก-ฉาย		COMPOSED	อกแล้วยกเมฆฉายดูหมู่ทหาร
ยกเครื่อง	1	ยก-เครื่อง		COMPOSED	ญพนักงานยกเครื่องเนื่องกันม
ไฟหน้า	1	ไฟ-หน้า		COMPOSED	ไปยิงปืนไฟหน้าทัพเข้ารับ
เมืองกรุง	1	เมือง-กรุง		COMPOSED	ล้อมเข้าเมืองกรุงกษัตริย์จั
เอาอย่าง	1	เอา-อย่าง		COMPOSED	อ้างต้องเอาอย่างแบบบุราณท่
สนทนาปราศรัย	1	สน-ทะ-นา-ปรา-ไส		COMPOSED	ไม่ไขขานสนทนาปราศรัยไปตามการเส
อุทก	1	อุ-ทะ-กะ		COMPOSED	ฟุ้งหยาดอุทกตกกระจายพร
ยาดา	1	ยา-ดา		COMPOSED	นแสงสุริยาดารากรศศิธรแ
แขกยาม	1	แขก-ยาม		COMPOSED	นแหลกกับแขกยามเรามีความส
ความสงสาร	1	ความ-สง-สาน		COMPOSED	ยามเรามีความสงสารท่านทั้งปว
แล้วก็แล้วไป	1	แล้ว-ก็-แล้ว-ไป		COMPOSED	าตายเสียแล้วก็แล้วไป¦ถึงยากเย็
ส่วนหนึ่ง	1	ส่วน-หนึ่ง		COMPOSED	ือนงคราญส่วนหนึ่งอย่าพึงแคล
น้ำทะเล	1	น้ำ-ทะ-เล		COMPOSED	่าถึงท่าน้ำทะเลล้ำหาดทราย
ถมไป	1	ถะ-มะ-ไป		COMPOSED	มยังอยู่ถมไปข้างหน้าอย
พ้นเขต	1	พ้น-เขด		COMPOSED	มศัตรูจนพ้นเขตไม่แจ้งเหต
หวนนึก	1	หวน-นึก		COMPOSED	่เห็นนวลหวนนึกเอาแต่นามใ
ประสานกัน	1	ประ-สาน-กัน		COMPOSED	เสียงขันประสานกันพระสุริยัน
วาสพ	1	วา-สะ-พะ		COMPOSED	ำฟ้าสุธาวาสพระนุชนาฏหว
หมัน	1	หะ-มัน		COMPOSED	อิเหนาไปหมันหยาได้นารี
ที่รับรอง	1	ที่-รับ-รอง		COMPOSED	่ให้เป็นที่รับรองประคองสงวน
หมอบคลาน	1	หมอบ-คลาน		COMPOSED	บนอบค่อยหมอบคลานแล้วตั้งพา
ขาวม้า	1	ขาว-ม้า		COMPOSED	ดพลาดถลำขาวม้าชุบน้ำหอมย
ทวาย	1	ทะ-วาย		COMPOSED	มพราหมณ์ทวายหลายภาษาแข
เห็นสมควร	1	เห็น-สม-ควน		COMPOSED	อาจารย์¦เห็นสมควรในสกูลประย
ร่วมวงศ์	1	ร่วม-วง		COMPOSED	ูรหงส์จะร่วมวงศ์ร่วมคู่สู่
ธงชาย	1	ธง-ชาย		COMPOSED	ั้งธงฉานธงชายลายมังกรกล
เต็มใบ	1	เต็ม-ใบ		COMPOSED	ามเข็มลมเต็มใบ¦กองตระเวน
ดอกทอง	1	ดอก-ทอง		COMPOSED	สนานม่านดอกทองโขมพัตถ์ชั
กินลม	1	กิน-ลม		COMPOSED	ี่ยวเสาะกินลมพระพายชายพ
นายอากร	1	นาย-อา-กร		COMPOSED	กเจ้าสัวนายอากรทำเกาเหลาจ
ตามลำดับ	1	ตาม-ลำ-ดับ		COMPOSED	นั่งหลามตามลำดับเคยสำหรับส
ทะนงศักดิ์	1	ทะ-นง-สัก		COMPOSED	่าผัวรักทะนงศักดิ์ถือว่าดีไม
ดูท่า	1	ดู-ท่า		COMPOSED	ต่อบูรพาดูท่าทาง¦พวกล้า
สาละ	1	สา-ละ		COMPOSED	ำสำปะหนาสาละวันเป็นจอม
ใจทมิฬ	1	ใจ-ทะ-มิน		COMPOSED	อดนายโจรใจทมิฬพร้อมกันสิ
ลงหิน	1	ลง-หิน		COMPOSED	งจะทดลองลงหินหน้าศิลาแม
หอระฆัง	1	หอ-ระ-คัง		COMPOSED	่างฝรั่งหอระฆังยอดใส่ไม้ก
โดยลำพัง	1	โดย-ลำ-พัง		COMPOSED	ในถ้อยคำโดยลำพัง¦เป็นธรรมด
ไม้ขอน	1	ไม้-ขอ-นะ		COMPOSED	กับไฟสุมไม้ขอนตั้งเกลี้ย
ต่อมา	1	ต่อ-มา		COMPOSED	ยมภู์ต่อต่อมา¦กุมาราบัง
เสือปลา	1	เสือ-ปลา		COMPOSED	นื้อเป็นเสือปลาหัวเป็นลาต
โจรผู้ร้าย	1	โจน-ผู้-ร้าย		COMPOSED	นทุกตำบลโจรผู้ร้ายมิได้มี¦ทั
เมฆฝน	1	เมก-ฝน		COMPOSED	งไป¦ด้วยเมฆฝนดำมัวทั่วน
ใจสั่น	1	ใจ-สั่น		COMPOSED	กรต่างตกใจสั่นรัวทุกตัวค
ตาลม	1	ตา-ลม		COMPOSED	นอ้ายน้ำตาลมันหายกลายเ
กราบเรียน	1	กราบ-เรียน		COMPOSED	สารภาพไปกราบเรียนเสมียนเขีย
เป็นธรรม	1	เป็น-ทำ		COMPOSED	ใครจะปานเป็นธรรมดาสามัญเหม
มหาชาติ	1	มะ-หา-ชาด		COMPOSED	เมนบุษรามหาชาติระดาดาษซับ
ไม้ดอก	1	ไม้-ดอก		COMPOSED	นสายชลมีไม้ดอกงอกงามตามเ
เจ้าทุกข์	1	เจ้า-ทุก		COMPOSED	ยผู้เป็นเจ้าทุกข์ก็เท่าโยมท
พระผู้เป็นเจ้า	1	พระ-ผู้-เป็น-เจ้า		COMPOSED	อถามความพระผู้เป็นเจ้านิมนต์เล่า
งามหน้า	1	งาม-หน้า		COMPOSED	ะบิดาได้งามหน้าลูกแก้วแล้
พูดค่อย	1	พูด-ค่อย		COMPOSED	มุทรน้อยพูดค่อยค่อยเขาจะว
บ้านเล็ก	1	บ้าน-เล็ก		COMPOSED	ื่อพบพานบ้านเล็กแลเมืองน้อ
ทางทิศใต้	1	ทาง-ทิด-ใต้		COMPOSED	ถามรีบไปทางทิศใต้จะได้ความไ
รุ่งสว่าง	1	รุ่ง-สะ-หว่าง		COMPOSED	พอจำเพาะรุ่งสว่างกลางเวหารู
กลางคัน	1	กลาง-คัน		COMPOSED	ค้างอยู่กลางคันพี่เลี้ยงป
ปราทุกรา	1	ปะ-รา-ทุก-รา		COMPOSED	มเอมเปรมปราทุกราตรีกับสองพ
ขวาจัด	1	ขวา-จัด		COMPOSED	ทั้งซ้ายขวาจัดสำเร็จเสร็
พระองค์เจ้า	1	พระ-อง-เจ้า		COMPOSED	โดยจงทูลพระองค์เจ้าบุรินทร์ปิ
เจ้าสำนวน	1	เจ้า-สำ-นวน		COMPOSED	ันเป็นคนเจ้าสำนวนพูดกวนใจคร
ชั้นนี้	1	ชั้น-นี้		COMPOSED	คนทุกวันชั้นนี้มีแต่โลภหล
กล่าวขาน	1	กล่าว-ขาน		COMPOSED	งราวท่านกล่าวขานจะได้จัดแจ
รอดไป	1	รอด-ไป		COMPOSED	ิตจะตลอดรอดไปรังเหมือนห
กรอด	1	กะ-รอด		COMPOSED	คียงสลอนกรอดดินหูซูซุด
เสียงสะท้อน	1	เสียง-สะ-ท้อน		COMPOSED	จุดไฟฟอนเสียงสะท้อนสะท้านดังเ
ตรากตรำ	1	ตรา-กะ-ตะ-รำ		COMPOSED	วไม่ต้องตรากตรำทำสงครามให
ว่ายาก	1	ว่า-ยาก		COMPOSED	นดื้อดึงว่ายากพวกปากหนอน
ก่อการ	1	ก่อ-กาน		COMPOSED	หนอนจะไปก่อการลำบากหญิงป
สำรวมใจ	1	สำ-รวม-ใจ		COMPOSED	ินแต่ไคลสำรวมใจกัลยาโยมปร
ทุกข	1	ทุก-ขะ		COMPOSED	ียรใสที่ทุกข์ร้อนก่อนเ
บวชชี	1	บวด-ชี		COMPOSED	วานข้าขอบวชชีเป็นเช่นนง
พูดโกหก	1	พูด-โก-หก		COMPOSED	กถลากไถลพูดโกหกงุ่มง่ามตา
ชช	1	ชะ-ชะ		COMPOSED	่งสังฆราชชาติอังกฤษก
พันปี	1	พัน-ปี		COMPOSED	มจันทวดีพันปีหลวงผู้รับ
ตราหน้า	1	ตรา-หน้า		COMPOSED	ฟังสวดมนตราหน้าพิธีให้ท้า
ระทดระทวย	1	ระ-ทด-ระ-ทวย		COMPOSED	ร่ำกำสรดระทดระทวยดังจะม้วยม
ที่ไหนบ้าง	1	ที่-ไหน-บ้าง		COMPOSED	ว่ากระไรที่ไหนบ้างจงเล่าความ
ตรอมใจ	1	ตะ-รอ-มะ-ใจ		COMPOSED	ต่ยังตรมตรอมใจด้วยไกลกัน
แรงกาย	1	แรง-กาย		COMPOSED	ยสูงเกินแรงกายจะป่ายปีนเ
มิชอบ	1	มิ-ชอบ		COMPOSED	่างนี้ก็มิชอบจำจะตอบนาง
ใจยักษ์	1	ใจ-ยัก		COMPOSED	งไปก็ขาดใจยักษ์ร้ายวายชีว
ลงแขก	1	ลง-แขก		COMPOSED	ซวนซบสลบลงแขกฝรั่งฟังคำ
โบกมือ	1	โบก-มือ		COMPOSED	างโบกผ้าโบกมือกระพือลม¦ไ
น่าประหลาด	1	น่า-ประ-หลาด		COMPOSED	ยพลอยว่าน่าประหลาดหรือปีศาจผ
ภาพนิ่ง	1	ภา-พะ-นิ่ง		COMPOSED	ีวิสัญญีภาพนิ่งไม่ติงกาย¦
ชีวงคต	1	ชี-วง-คะ-ตะ		COMPOSED	นฟื้นพ้นชีวงคตค่อยเปลื้อ
ปลดทุกข์	1	ปะ-ลด-ทุก		COMPOSED	ยเปลื้องปลดทุกข์ทนของชนนี¦
ติดตา	1	ติด-ตา		COMPOSED	ยายามคิดติดตามภูไนยให้ไ
ตะโกนเรียก	1	ตะ-โกน-เรียก		COMPOSED	งที่นอน¦ตะโกนเรียกสินสมุทรจน
ข้างบน	1	ข้าง-บน		COMPOSED	ักหน้ามาข้างบนช่วยถอนขนร
เสียขวง	1	เสีย-ขะ-วง		COMPOSED	่ลวงช่วยเสียขวงเสียสักหน่
เสียงแข็ง	1	เสียง-แข็ง		COMPOSED	าเถียงจนเสียงแข็งฉวยเฉินฉุก
อยากรู้	1	อยาก-รู้		COMPOSED	ากลูกนึกอยากรู้ในพระทัยหม
ลงท่า	1	ลง-ท่า		COMPOSED	จาพฤฒาแถลงท่านชี้แจงเรื
ตกเป็น	1	ตก-เป็น		COMPOSED	ณห์ตะวันตกเป็นทางบกปรปัก
ตัดถนน	1	ตัด-ถะ-หนน		COMPOSED	าสำเภาพลตัดถนนพระรามข้าม
ครั้งคราว	1	ครั้ง-คราว		COMPOSED	กอ่าวแต่ครั้งคราวพราหมณ์มาอ
กระจายเสียง	1	กระ-จาย-เสียง		COMPOSED	ัดกระจัดกระจายเสียงชาวบ้านร้า
ผ่อนแรง	1	ผ่อน-แรง		COMPOSED	พร่พลได้ผ่อนแรงจะได้แบ่งร
ตระหนก	1	ตะ-ระ-หะ-นก		COMPOSED	นนางต่างตระหนกตกประหม่าจ
ประจันหน้า	1	ประ-จัน-หน้า		COMPOSED	ัพถึงกันประจันหน้าไม่พูดจาโจ
สมคบคิด	1	สม-คบ-คิด		COMPOSED	ืออังกฤษสมคบคิดคุมพลเที่ย
ชีฝรั่ง	1	ชี-ฝะ-หรั่ง		COMPOSED	ระอาตกพาชีฝรั่งรุมกลุ้มจั
เต็มปาก	1	เต็ม-ปาก		COMPOSED	จะพูดไม่เต็มปากวิบากกรรมแ
ลับล่อ	1	ลับ-ล่อ		COMPOSED	สร็จสรรพลับล่อให้ท้อถอยพ
ตระหนักแน่	1	ตะ-ระ-หนัก-แน่		COMPOSED	งต่างซักตระหนักแน่ออกวิ่งแร่
ตัวเล็ก	1	ตัว-เล็ก		COMPOSED	าปรารมภ์ตัวเล็กเล็กเจ๊กจี
วงศาคณาญาติ	1	วง-สา-คะ-ณา-ยาด		COMPOSED	้พระองค์วงศาคณาญาติรู้จักราชน
สิขา	1	สิ-ขา		COMPOSED	รีดีใจไปสิขาพระเจ้าป้า
กินปิ่นโต	1	กิน-ปิ่น-โต		COMPOSED	งเครื่องกินปิ่นโตขันโต๊ะทอง
กลับลำ	1	กลับ-ลำ		COMPOSED	อนลับให้กลับลำครั้นลมส่ง
ซัดสาด	1	ซัด-สาด		COMPOSED	งน้ำค้างซัดสาดอนาถหนาวน้
ปากปลา	1	ปาก-ปลา		COMPOSED	้วยิงปืนปากปลาสัญญาหยุดอ
ล่วงรู้ความลับ	1	ล่วง-รู้-ความ-ลับ		COMPOSED	ศัตรูมันล่วงรู้ความลับน่าอับอาย¦
น่าอับอาย	1	น่า-อับ-อาย		COMPOSED	้ความลับน่าอับอาย¦สินสมุทรน
ขัดกัน	1	ขัด-กัน		COMPOSED	์ไม่ข้องขัดกันทุกสิ่งจริ
แก้ววิเชียร	1	แก้ว-วิ-เชียน		COMPOSED	ย์ปานดวงแก้ววิเชียรเจ้ารักเรี
ทหารเรือ	1	ทะ-หาน-เรือ		COMPOSED	ียมพหลพลทหารเรือลังกามาหมา
รู้เชิง	1	รู้-เชิง		COMPOSED	เริงล้วนรู้เชิงชิงชัยทั้ง
จริงอยู่แต่	1	จิง-อยู่-แต่		COMPOSED	็นหญิงก็จริงอยู่แต่ได้รู้กลศึ
เมินเฉย	1	เมิน-เฉย		COMPOSED	ามเขินทำเมินเฉยลีลาเลยเลี
อุตรา	1	อุ-ตรา		COMPOSED	งใบได้ลมอุตราตรงออกแล่น
ขานกยาง	1	ขา-นก-ยา-งะ		COMPOSED	ยักกะตราขานกยางปืนใหญ่วาง
กำลังกาย	1	กำ-ลัง-กาย		COMPOSED	ดโลดแล่นกำลังกายมาถึงท้ายพ
พ่อลิ้นทอง	1	พ่อ-ลิ้น-ทอง		COMPOSED	ีมิพอที่พ่อลิ้นทองของน้องเอ๋
เล่นเพลงยาว	1	เล่น-เพลง-ยาว		COMPOSED	็นนักเลงเล่นเพลงยาวสินสมุทรหย
เตียงนอน	1	เตียง-นอน		COMPOSED	ดนตรี¦บนเตียงนอนหมอนข้างเอ
ข้างออก	1	ข้าง-ออก		COMPOSED	งทั้งสองข้างออกเยื้องย่าง
พระทอง	1	พระ-ทอง		COMPOSED	้าทับรับพระทองพระแอบดูรู
มองไม่เห็น	1	มอง-ไม่-เห็น		COMPOSED	ล้วเมียงมองไม่เห็นน้องที่ในต
ทักสิน	1	ทัก-สิน		COMPOSED	กล้งร้องทักสินสมุทรด้วยส
ยกหยิบ	1	ยก-หยิบ		COMPOSED	าทิพย์มายกหยิบโรคร้ายให้
ยกย่อง	1	ยก-ย่อง		COMPOSED	ศัลย์จึงยกย่องสององค์พระ
สืบไป	1	สืบ-ไป		COMPOSED	บารมีพระสืบไป¦นางยิ้มเย
ถือใจ	1	ถือ-ใจ		COMPOSED	เถิดอย่าถือใจน้องจะได้พ
ผู้เล่า	1	ผู้-เล่า		COMPOSED	่ใครเป็นผู้เล่าเหตุพระเชษ
ถึงที่สุด	1	ถึง-ที่-สุด		COMPOSED	อย่างไร¦ถึงที่สุดกุฏิ์ใหญ่ย
ผ้าไตร	1	ผ้า-ไตร		COMPOSED	ูกยาอุ้มผ้าไตรเข้าในกุฏิ
นึกไว้	1	นึก-ไว้		COMPOSED	ผลึกน้องนึกไว้เห็นจะไม่ข
แต่งเรื่อง	1	แต่ง-เรื่อง		COMPOSED	อาลักษณ์แต่งเรื่องความตามรับ
แผลเป็น	1	แผล-เป็น		COMPOSED	ยฝีมีแต่แผลเป็นกำพร้ามาแต
คุณแม่	1	คุน-แม่		COMPOSED	้งตึกแทนคุณแม่ทูนหัวเฒ่า
สีชมพู	1	สี-ชม-พู		COMPOSED	ัวเต็มดีสีชมพู¦นางขัดใจไ
มานี	1	มา-นี		COMPOSED	ดีมีท่านมานี้จะประสงค์
นอนค้าง	1	นอน-ค้าง		COMPOSED	ะให้ต้องนอนค้างหรืออย่างไ
สมพาส	1	สม-พา-สะ		COMPOSED	อาสน์ทรงสมพาสเพิ่มรักขึ
ถนอมกล่อมเกลี้ยง	1	ถะ-หนอม-กล่อม-เกลี้ยง		COMPOSED	้าพังสู้ถนอมกล่อมเกลี้ยงเลี้ยงลำบา
สีสา	1	สี-สา		COMPOSED	ก็ไม่รู้สีสาสีกาเอ๋ยต้
สายเอก	1	สาย-เอก		COMPOSED	ึงลงหวายสายเอกเสกประทับไ
ฉศก	1	ฉะ-สะ-กะ		COMPOSED	นี้ปีชวดฉศกแล้วเกิดหล
ถึงตา	1	ถึง-ตา		COMPOSED	ของบิดา¦ถึงตายแล้วแคล้ว
ประกอบด้วย	1	ประ-กอบ-ด้วย		COMPOSED	ุษย์ม้วยประกอบด้วยยักขินีพวก
ก้มหัว	1	ก้ม-หัว		COMPOSED	้ม้ากลัวก้มหัวลงขึ้นขี่ห
ปักหลัก	1	ปัก-หะ-ลัก		COMPOSED	ายทักจึงปักหลักลงแล้วเฆี่
อัดอั้นใจ	1	อัด-อั้น-ใจ		COMPOSED	นัดทำจุกอัดอั้นใจไม่กระดิกเ
ข้าวแกง	1	ข้าว-แก-งะ		COMPOSED	เหล้าหุงข้าวแกงขุนนางแต่ง
อารีอารอบ	1	อา-รี-อา-รอบ		COMPOSED	นดูรู้ดีอารีอารอบทำความชอบช
ละมุนละไม	1	ละ-มุน-ละ-ไม		COMPOSED	อ่อนอุ่นละมุนละไมถ้าชิงชัยแ
นรากร	1	นะ-รา-กร		COMPOSED	พงศ์วงศานรากรนั้นมานอนค
ขจิต	1	ขะ-จิด		COMPOSED	มีสิ่งสุขจิตคิดถวิลถึง
บทบาท	1	บท-บาด		COMPOSED	¦ลงจากรถบทบาทค่อยยาตรย่
การสรรเสริญ	1	กาน-สัน-เสิน		COMPOSED	าดราชสารการสรรเสริญไปเที่ยวเช
สุคนธรส	1	สุ-คน-ทะ-รส		COMPOSED	ยสร้อยสนสุคนธรสมะลิสดหอมร
ถนนหนทาง	1	ถะ-หนน-หน-ทาง		COMPOSED	นนาสาแถวถนนหนทางข้างคงคาให
ล่อใจ	1	ล่อ-ใจ		COMPOSED	ลชำเลืองล่อใจให้ใช้สอยพ
โรยหน้า	1	โรย-หน้า		COMPOSED	ียี่หร่าโรยหน้าพร้อมพระแส
ชายตาดู	1	ชาย-ตา-ดู		COMPOSED	เมามายทำชายตาดูรูปทรงองค์
เสียที่	1	เสีย-ที่		COMPOSED	สนีปล่อยเสียที่แดนเงาะตาม
เป็นกำลัง	1	เป็น-กำ-ลัง		COMPOSED	ที่มีน้ำเป็นกำลังตามรับสั่ง
คราวร้าย	1	คราว-ร้าย		COMPOSED	ะเคราะห์คราวร้ายจึงทายทูลต
ไหว้ผี	1	ไหว้-ผี		COMPOSED	องสังเวยไหว้ผีให้ตีโทนทำ
ผ่านหน้า	1	ผ่าน-หน้า		COMPOSED	ีถือขวานผ่านหน้าเรือแล้วร้
ไล่ขับ	1	ไล่-ขับ		COMPOSED	ยนหนามจะไล่ขับกลับไปก็ไม
เด็กน้อย	1	เด็ก-น้อย		COMPOSED	างแทงฟันเด็กน้อยน้อยพลอยรบ
นึกดู	1	นึก-ดู		COMPOSED	ระจายไป¦นึกดูว่าลูกใครท
ตกลูก	1	ตก-ลูก		COMPOSED	ะวงทรงวิตกลูกจะยกทัพไปไ
ไถ่ถาม	1	ไถ่-ถาม		COMPOSED	วปราศรัยไถ่ถามกันตามซื่อ
ตีผี	1	ตี-ผี		COMPOSED	เมื่อต่อตีผีดิบสักสิบโ
เป็นประกาย	1	เป็น-ประ-กาย		COMPOSED	ระดาษป่นเป็นประกายวุบหายไป¦ฝ
การกัน	1	กาน-กัน		COMPOSED	รมาเกณฑ์การกันแต่ดึกเสีย
ก่อไฟ	1	ก่อ-ไฟ		COMPOSED	ตัวนายจะก่อไฟไม่ติดผิดป
ลมแรง	1	ลม-แรง		COMPOSED	่ล้มด้วยลมแรง¦พระอภัยได
ฝีมือดี	1	ฝี-มือ-ดี		COMPOSED	สินสมุทรฝีมือดีได้ของที่ต
สร้างบ้าน	1	ส้าง-บ้าน		COMPOSED	ันดานเขาสร้างบ้านสร้างเมือง
พ่อเลี้ยง	1	พ่อ-เลี้ยง		COMPOSED	ืมคุณแต่พ่อเลี้ยงเที่ยงธรรม
ร่วมกัน	1	ร่วม-กัน		COMPOSED	ได้ทำบุญร่วมกันมามั่นคง¦พ
ระยำยับ	1	ระ-ยำ-ยับ		COMPOSED	งอื่นซ้ำระยำยับใครยกไปไพร
เหล่าทัพ	1	เหล่า-ทับ		COMPOSED	วิ่งถลันเหล่าทัพแตกแขกฝรั่
มาสาย	1	มา-สาย		COMPOSED	วแต่เช้ามาสายคงคาเขตวนช
ความเจ็บ	1	ความ-เจ็บ		COMPOSED	่ขัดขวางความเจ็บปวดรวดเร้า
มัวเมีย	1	มัว-เมีย		COMPOSED	พิสมัยจะมัวเมียเสียการรำค
ทุกที่	1	ทุก-ที่		COMPOSED	วหวานบรรทุกที่คนมี่สำทั้
ล่าง	1	ล่า-งะ		COMPOSED	นไว้ข้างล่างวางตะเกียง
คนคุม	1	คน-คุม		COMPOSED	าหมณ์สามคนคุมพลพร้อมแยก
หนาวอารมณ์	1	หนาว-อา-รม		COMPOSED	ที่อัมพรหนาวอารมณ์ลมเรื่อยเฉ
ปากม้า	1	ปาก-ม้า		COMPOSED	ืนยิงถูกปากม้าพาโลดกระโด
เต็มเสียง	1	เต็ม-เสียง		COMPOSED	ร้องหวีดเต็มเสียงสำเนียงหญิ
ที่แจ้ง	1	ที่-แจ้ง		COMPOSED	งทีมาถึงที่แจ้งกระจ่างสว่
ทองแผ่นเดียวกัน	1	ทอง-แผ่น-เดียว-กัน		COMPOSED	บแทนเป็นทองแผ่นเดียวกันจนวันตาย¦น
ทอดอาลัย	1	ทอด-อา-ไล		COMPOSED	ช่างพลอดทอดอาลัยกระนี้หรือ
เสียสัตย์	1	เสีย-สัด		COMPOSED	รศรีแม้นเสียสัตย์ขัดขวางทาง
โศกสลด	1	โสก-สะ-ลด		COMPOSED	ลบค่ำซ้ำโศกสลดใจอยู่แต่ใ
ทองเหลือง	1	ทอง-เหลือง		COMPOSED	าน้ำเต้าทองเหลืองอร่ามงามงอ
กลิ่นหอม	1	กลิ่น-หอม		COMPOSED	้ยินทั้งกลิ่นหอมมาพรั่งพร้
หวานเย็น	1	หวาน-เย็น		COMPOSED	หวังด้วยหวานเย็นเห็นประเสร
พระอิศวร	1	พระ-อิศ-วร		COMPOSED	ด้วยธุระพระอิศวรเธอสาปไว้¦
เดือนเต็ม	1	เดือน-เต็ม		COMPOSED	่อนดูดาวเดือนเต็มวงขึ้นทรงก
ลาลด	1	ลา-ลด		COMPOSED	าลังกาพิลาลดสีสลดดูสลั
สามสิบห้า	1	สาม-สิบ-ห้า		COMPOSED	ายนายโจรสามสิบห้ากับกะลาสีฉ
หนองน้ำ	1	หนอ-งะ-น้ำ		COMPOSED	ทองมาถึงหนองน้ำพักสำนักพล
ลมใส่	1	ลม-ใส่		COMPOSED	สาหงส์ธงลมใส่โคมเวียนดา
ชี้นำ	1	ชี้-นำ		COMPOSED	นหนามให้ชี้นำถ้ำใหญ่ยกไ
จัดตั้ง	1	จัด-ตั้ง		COMPOSED	ารพัดให้จัดตั้งขนมปังเป็ด
ขนานนาม	1	ขะ-นาน-นาม		COMPOSED	หยาบหยามขนานนามตามอยู่ที่
บนบานศาลกล่าว	1	บน-บาน-สาน-กล่าว		COMPOSED	าศาลบ้างบนบานศาลกล่าวเจ้าพระกาฬ
เอาผิด	1	เอา-ผิด		COMPOSED	่าเราไม่เอาผิดด้วยสุดคิด
ไรฟัน	1	ไร-ฟัน		COMPOSED	เป็นเห็นไรฟันจะคิดรักกั
หมายเหตุ	1	หมาย-เหด		COMPOSED	ิตที่คิดหมายเหตุไฉนไม่ล้าง
พักรบ	1	พัก-รบ		COMPOSED	ห้รักไม่พักรบได้พิภพโภไ
ตกม้าตาย	1	ตก-ม้า-ตาย		COMPOSED	งขวาซ้ายตกม้าตายแต่ปลัดสกั
ศิษย์เอก	1	สิด-เอก		COMPOSED	ังกฤษลูกศิษย์เอกดำดังเมฆแม
ประตูป่า	1	ประ-ตู-ป่า		COMPOSED	สกัดตั้งประตูป่าพนาสัณฑ์วิ
ใจใหญ่	1	ใจ-ใหญ่		COMPOSED	ลรัง¦ถอนใจใหญ่เหหวนรัญจว
หวนกลับ	1	หวน-กลับ		COMPOSED	ี่ยวแล้วหวนกลับขับพาชีสีก
อ่านโองการ	1	อ่าน-โอง-กาน		COMPOSED	ยพราหมณ์อ่านโองการมนต์¦พวกหน
สูญเสีย	1	สูน-เสีย		COMPOSED	ุกูลอย่าสูญเสียพลางเฟ้นฟอ
มือขึ้น	1	มือ-ขึ้น		COMPOSED	เย็นอกยกมือขึ้นไหว้กราบเป
ความเหมือน	1	ความ-เหมือน		COMPOSED	ใจไม่ได้ความเหมือนหนึ่งเจ้าเ
ประตูผี	1	ประ-ตู-ผี		COMPOSED	ืนป้อมคูประตูผีมีไฟฝนกลหล
ทอดตา	1	ทอด-ตา		COMPOSED	งการะเวกทอดตามกันหลามไป
ท้องน้อย	1	ท้อง-น้อย		COMPOSED	็บไว้ที่ท้องน้อยนั่งคอยนาย
ดวงไฟ	1	ดวง-ไฟ		COMPOSED	งช่วงดังดวงไฟ¦สิงโตเห็น
ตาเดียว	1	ตา-เดียว		COMPOSED	ายหน้ามีตาเดียวบ้างจับต้อ
ต้นลม	1	ต้น-ลม		COMPOSED	ทั้งอยู่ต้นลมมาไล่ฆ่าฟั
พอไปได้	1	พอ-ไป-ได้		COMPOSED	ระทานแต่พอไปได้กราบทูล¦พร
คอด	1	คะ-อด		COMPOSED	กอดจนกายคอดขาดกระเด็น
ประคับประคอง	1	ประ-คับ-ประ-คอง		COMPOSED	หัตถ์รับประคับประคองข้าร้องร้อ
ตัวตั้ง	1	ตัว-ตั้ง		COMPOSED	วจึงครองตัวตั้งสัตย์ว่าภั
กาลนาน	1	กาน-นาน		COMPOSED	นไว้ก่อนกาลนานหนักหนาคำโ
แน่งน้อย	1	แน่-งะ-น้อย		COMPOSED	ดังกินนรแน่งน้อยแช่มช้อยโฉ
ฟังเพลง	1	ฟัง-เพลง		COMPOSED	งค์ละเวงฟังเพลงพลอดระทวยท
ตรีโทษ	1	ตรี-โทด		COMPOSED	ัญญาในราตรีโทษของพี่นี้ไ
แปลกใจ	1	แปลก-ใจ		COMPOSED	านแตกจึงแปลกใจ¦อย่าร่ำรั
เดิมพัน	1	เดิม-พัน		COMPOSED	ู้ศึกปากเดิมพันมากอยู่อ้า
ต่อรอง	1	ต่อ-รอง		COMPOSED	ยงหัวร่อต่อรองกันก้องไปบ
หน้าม้าน	1	หน้า-ม้า-นะ		COMPOSED	ะลึงนิ่งหน้าม้านรำคาญใจสัก
โทษหนัก	1	โทด-หนัก		COMPOSED	ครไม่ทันโทษหนักถึงตักษัยแ
กระวายกระวน	1	กระ-วาย-กระ-วน		COMPOSED	ยค่อยหายกระวายกระวนที่ผูกพันว
ครบมือ	1	ครบ-มือ		COMPOSED	้างจุดคบครบมือถือลงน้ำเท
กพล	1	กะ-พล		COMPOSED	ง¦ฝ่ายพวกพลนายทัพรับอ
รู้เส้น	1	รู้-เส้น		COMPOSED	ยเรียนดูรู้เส้นที่เป็นตาย
หน้าบาน	1	หน้า-บาน		COMPOSED	๋ยมิลงมาหน้าบานบัญชรเลยจะ
ชั้นชั่ว	1	ชั้น-ชั่ว		COMPOSED	องตัวโดยชั้นชั่วก็ยังรักศั
มิบังควร	1	มิ-บัง-ควน		COMPOSED	ความหลังมิบังควรซึ่งสงคราม
ที่มั่น	1	ที่-มั่น		COMPOSED	ะจัญเป็นที่มั่นคงอยู่อย่า
คลายกังวล	1	คลาย-กัง-วน		COMPOSED	ังไม่วายคลายกังวลจึงว่ากลกา
ฉันนั้น	1	ฉัน-นั้น		COMPOSED	ืองหม่อมฉันนั้นหรรษาหรือเ
ห่างหาย	1	ห่าง-หาย		COMPOSED	ขว้างให้ห่างหายชีวิตพ่อก็
วางสาย	1	วาง-สาย		COMPOSED	อดวายไม่วางสายสุดสวาทแล้
หลบลี้หนีหาย	1	หลบ-ลี้-หนี-หาย		COMPOSED	สิงหลไม่หลบลี้หนีหายสู้วายชนม์
พลิกผัน	1	พลิก-ผัน		COMPOSED	หยิกผลักพลิกผันนางว่าพระจ
หนักมือ	1	หนัก-มือ		COMPOSED	องรักไม่หนักมือแม่อย่าถือ
ทองนอก	1	ทอง-นอก		COMPOSED	ข้างแท่นทองนอกห้องกั้นขอ
หมางใจ	1	หะ-มา-งะ-ใจ		COMPOSED	บ้างอย่าหมางใจ¦นางฟังคำท
แม่เหล็ก	1	แม่-เหล็ก		COMPOSED	ใส่ประแจแม่เหล็กแล้วลอบมาเ
เหตุใด	1	เหด-ใด		COMPOSED	งหลังนี่เหตุใดจึงมาห้ามต
สามชั้น	1	สาม-ชั้น		COMPOSED	้นปราสาทสามชั้นด้วยหรรษาน
เอวบางร่างน้อย	1	เอว-บาง-ร่าง-น้อย		COMPOSED	าสัยบ้างเอวบางร่างน้อยน่ากลอยใจง
เย็นสบาย	1	เย็น-สะ-บาย		COMPOSED	นั่งเล่นเย็นสบายนางทั้งหลา
ชื่นกลิ่น	1	ชื่น-กลิ่น		COMPOSED	ะหลงรื่นชื่นกลิ่นดินถนันนาง
หน้ายิ้ม	1	หน้า-ยิ้ม		COMPOSED	พาผกาก้มหน้ายิ้มด้วยนึกอิ่
สั่นสะท้าน	1	สั่น-สะ-ท้าน		COMPOSED	้กลางวันสั่นสะท้านครั้นกลางค
เบื่ออาหาร	1	เบื่อ-อา-หาน		COMPOSED	หิวเหลือเบื่ออาหารทั้งจุกเสี
ของลับ	1	ของ-ลับ		COMPOSED	งหับเป็นของลับสิ่งไรยังไ
พระอุระ	1	พระ-อุ-ระ		COMPOSED	บได้พบปะพระอุระก็จะแยกแตก
เอาธุระ	1	เอา-ทุ-ระ		COMPOSED	งว่าเจ้าเอาธุระที่พระอานา
เชิงรัก	1	เชิง-รัก		COMPOSED	เริงด้วยเชิงรักคอยรับพักต
ยกพื้น	1	ยก-พื้น		COMPOSED	นกทรงผ้ายกพื้นตองปักทองถ
ชายไหว	1	ชาย-หวัย		COMPOSED	ขลิบมะยมชายไหวลมพัดแกว่ง
วันแม่	1	วัน-แม่		COMPOSED	กบุตรีลีวันแม่ขวัญตาเชิญ
หน้านวล	1	หน้า-นวน		COMPOSED	งตาแต่ละหน้านวลละอองเป็นย
อย่างเช่น	1	อย่าง-เช่น		COMPOSED	อย่านิยมอย่างเช่นน้องมิต้อง
กลัก	1	กะ-ลัก		COMPOSED	ื่อน่ารักลักขณากระนี้ห
ข้ามคืน	1	ข้าม-คืน		COMPOSED	ความมิขอข้ามคืนมายังธานี¦
ระโยง	1	ระ-โย-งะ		COMPOSED	ยสายชโลงระโยงแย่งสร้อยท
วงวัง	1	วง-วัง		COMPOSED	นกองล้อมวงวังตั้งอาศัยถ
ต่างกรม	1	ต่าง-กะ-รม		COMPOSED	ลกขุนนางต่างกรมสมกำลังมาพ
หว่า	1	หะ-ว่า		COMPOSED	าศจากทางหว่างวิถีครั้น
พสุธา	1	พะ-สุ-ทา		COMPOSED	ม่มีพื้นพสุธาจะอาศัยโอ้
ชื่นตา	1	ชื่น-ตา		COMPOSED	งอื่นไม่ชื่นตา¦ฝูงสาวสรร
ขอนดอก	1	ขอ-นะ-ดอก		COMPOSED	พักเคียงขอนดอกออกระย้านา
ช่างพูด	1	ช่าง-พูด		COMPOSED	ายชาติกาช่างพูดจาจองหองจะ
รู้จำ	1	รู้-จำ		COMPOSED	นายประตูรู้จำเอาคำสั่งไ
หลงลม	1	หลง-ลม		COMPOSED	ะนงเพราะหลงลมนางซบก้มพั
คู่ความ	1	คู่-ความ		COMPOSED	ยเมียชู้คู่ความย่อมตามกัน
ฝากผี	1	ฝาก-ผี		COMPOSED	ะปลูกฝังฝากผีพิรี้พิไรจ
ตีปีก	1	ตี-ปี-กะ		COMPOSED	ำฉีกช่างตีปีกค่อนขอดยอด
ยามสามตา	1	ยาม-สาม-ตา		COMPOSED	ามาจะจับยามสามตาให้แน่นอนแ
สุดท้อง	1	สุด-ท้อง		COMPOSED	ชารองที่สุดท้องคนนี้ศรีสุ
กลับบ้าน	1	กลับ-บ้าน		COMPOSED	็จสรรพจะกลับบ้านพอลมพานพาพ
ปีก่อน	1	ปี-ก่อน		COMPOSED	เดือนสี่ปีก่อนนั้นโสกันต
เจ้าหนี้	1	เจ้า-หะ-นี้		COMPOSED	ึงมีหรือเจ้าหนี้ยื้อแย่งจง
ไม่ได้สิบ	1	ไม่-ได้-สิบ		COMPOSED	จงหลงใหลไม่ได้สิบทำอุบอิบกล
คำมั่นสัญญา	1	คำ-มั่น-สัน-ยา		COMPOSED	ุณยายให้คำมั่นสัญญามาเมื่อกี้
กรุก	1	กะ-รุก		COMPOSED	คุกแล้วยกรุกออกไปตั้งท
จับตา	1	จับ-ตา		COMPOSED	กกระตั้วจับตาตุ่มเข้าซุ
น้ำทรง	1	น้ำ-ทรง		COMPOSED	าองค์สรงน้ำทรงสำอางสยายส
สยาย	1	สะ-ยาย		COMPOSED	ันไปไม่ไสยายายกับตาผัว
เป็นไรไป	1	เป็น-ไร-ไป		COMPOSED	ราวเมื่อเป็นไรไปก็ตามไม่ห้
ลูกหลง	1	ลูก-หลง		COMPOSED	ม่ถูกพระลูกหลงสำรวลพลางท
เท่ากับ	1	เท่า-กับ		COMPOSED	ารักเจ้าเท่ากับบุตรสุดอาล
เลือดตากระเด็น	1	เลือด-ตา-กระ-เด็น		COMPOSED	นให้ไปหาเลือดตากระเด็นเจ้าได้นาง
ว่าปะ	1	ว่า-ปะ		COMPOSED	ไหลครั้นว่าปะพระบิดาดัง
ออกนาม	1	ออก-นาม		COMPOSED	ไฟลามมันออกนามกนิษฐาต้อง
ประสิทธิ์ประสาท	1	ประ-สิด-ประ-สา-ทะ		COMPOSED	นต์สนจิตประสิทธิ์ประสาทเสียวสวาทป
ข้าวเบา	1	ข้าว-เบา		COMPOSED	็นลมว่าวข้าวเบาหนอเจ้าหนอ
เหลือเข็ญ	1	เหลือ-เข็น		COMPOSED	ว่าเบื่อเหลือเข็ญเฝ้าเคล้นค
ฟังขึ้น	1	ฟัง-ขึ้น		COMPOSED	้นายไพร่ฟังขึ้นทรงนั่งสิง
ปม	1	ปะ-มะ		COMPOSED	นยากจากไปมิได้กลับอน
ลูกเธอ	1	ลูก-เทอ		COMPOSED	นางแลรับลูกเธอชะเง้อหาไม
ลือชื่อ	1	ลือ-ชื่อ		COMPOSED	ก็เลื่องลือชื่อเสียงมานมน
สนับ	1	สะ-นับ		COMPOSED	บุรินทร์สนับเพลาเชิงงอ
ได้ท้าย	1	ได้-ท้าย		COMPOSED	อยอวยเออได้ท้ายเธอปรักปรำ
ปรักปรำ	1	ปะ-รัก-ปะ-รำ		COMPOSED	้ท้ายเธอปรักปรำยิ่งซ้ำเติ
ให้ท้าย	1	ให้-ท้าย		COMPOSED	เหงเพราะให้ท้ายหมายได้จึง
ปรำ	1	ปะ-รำ		COMPOSED	ยเธอปรักปรำยิ่งซ้ำเติ
ปรัก	1	ปะ-รัก		COMPOSED	้ขาดทางไปรักข้างฝ่ายฝร
เสียงสะอื้น	1	เสียง-สะ-อื้น		COMPOSED	มห้ามแซ่เสียงสะอื้นเอียงอ่อนอ
ใฝ่ฝันถึง	1	ไฝ่-ฝัน-ถึง		COMPOSED	ั่นเฟือนใฝ่ฝันถึงวัณฬาละเมอ
กินลึก	1	กิน-ลึก		COMPOSED	่นหางที่กินลึกฝึกลูกเลี้
ถูกเส้น	1	ถูก-เส้น		COMPOSED	วดกระดูกถูกเส้นครูกลายเป็
ตกว่า	1	ตะ-กว่า		COMPOSED	่มีเท่าโตกว่าลำสำเภาเป็
ปากเรือ	1	ปาก-เรือ		COMPOSED	ใส่สำรองปากเรือไว้เผื่อขา
เอากำไร	1	เอา-กำ-ไร		COMPOSED	เมืองเราเอากำไร¦ฝ่ายโฉมแก
เวียนหัว	1	เวียน-หัว		COMPOSED	เจียนวิงเวียนหัวต่างเข้าห้
คุณพระช่วย	1	คุน-พระ-ช่วย		COMPOSED	ะไม่ขลังคุณพระช่วยด้วยเจ้าข้
ต้นสน	1	ต้น-สะ-นะ		COMPOSED	ึกก่อใต้ต้นสนเสียงผู้คน
คราวหลัง	1	คราว-หลัง		COMPOSED	สาวเมื่อคราวหลังไปด้วยกันน
ประพฤติ	1	ประ-พะ-รึ-ติ		COMPOSED	สวยสำอางประพฤติอย่างพราหม
จำเป็นต้อง	1	จำ-เป็น-ต้อง		COMPOSED	ะกรรมให้จำเป็นต้องยากเย็นแยก
เกยลา	1	เกย-ลา		COMPOSED	ีลาเลยมาเกยลา¦ท่านทิศาป
มือเก่า	1	มือ-เก่า		COMPOSED	แล้วหรือมือเก่านะเจ้าพี่ไ
ครีบ	1	คะ-รีบ		COMPOSED	ยวกลีบมีครีบหงอนเหมือน
หลา	1	หะ-ลา		COMPOSED	อากาศประหลาดใจ¦จะย้อน
นิจสิน	1	นิด-สิน		COMPOSED	จริตเป็นนิจสินไปด้วยกันว
ผิดคน	1	ผิด-คน		COMPOSED	ชาติชั่วผิดคนแต่หนหลังถ
สมมติ	1	สม-มะ-ติ		COMPOSED	งหน้าศาลสมมติท่านเทวาสถ
โรธ	1	โร-ทะ		COMPOSED	ค้นแสนพิโรธให้ฉุนโกรธ
เสียหน้า	1	เสีย-หน้า		COMPOSED	เมียพลอยเสียหน้าพระบิดาสอน
หย่อนใจ	1	ห่อย-ใจ		COMPOSED	ันผ่อนพอหย่อนใจต่างลาไปพล
ข้าวตอกดอกไม้	1	ข้าว-ตะ-อก-ดอก-ไม้		COMPOSED	ฉานเทียนข้าวตอกดอกไม้จัดใส่พานพ
ส่วนบุญ	1	ส่วน-บุญ		COMPOSED	มาวานใช้ส่วนบุญไม่ได้ทำกร
ทำกรรม	1	ทำ-กำ		COMPOSED	ุญไม่ได้ทำกรรมหนักหนากูค
ปี่นอก	1	ปี่-นอก		COMPOSED	้วรับช้าปี่นอกแกล้งหยอกก
ดาวฤกษ์	1	ดาว-เริก		COMPOSED	ึงยามสองดาวฤกษ์ขึ้นเบิกแส
ตัวนำ	1	ตัว-นำ		COMPOSED	งตอดแต่งตัวนำช่วยกำบังม
ผลบุญ	1	ผล-บุญ		COMPOSED	าตามกุศลผลบุญเขาทั้งสอง
ปิดหน้า	1	ปิด-หน้า		COMPOSED	ถึงจะคิดปิดหน้าสิ้นฟ้าดิน
คิดมาก	1	คิด-มาก		COMPOSED	ทธิ์ความคิดมากเห็นแสนยาก
ปากจัด	1	ปาก-จัด		COMPOSED	ันทัดแต่ปากจัดร้องชะเจ้า
ยศอย่าง	1	ยด-อย่าง		COMPOSED	หมดเรามียศอย่างพระมเหสีตั
แผลงศร	1	แผล-งะ-สอน		COMPOSED	นแรงหยุดแผลงศรบ้างถูกเหน
การผันแปร	1	กาน-ผัน-แปร		COMPOSED	เผื่อว่าการผันแปรจึงแก้ไขเห
ม้ารำ	1	ม้า-รำ		COMPOSED	รรณเคียงม้ารำภาชม้อยพระ
กระทำการ	1	กระ-ทำ-กาน		COMPOSED	ผาสมาทานกระทำการแก้ไขช่วยไ
สมคบ	1	สม-คบ		COMPOSED	ืออังกฤษสมคบคิดคุมพลเท
บอกต่อ	1	บอก-ต่อ		COMPOSED	รลัยต้องบอกต่อข้อความที่
ท่าเดียว	1	ท่า-เดียว		COMPOSED	ล้วตรงมาท่าเดียวไม่เลี้ยวล
เข้าพบ	1	เข้า-พบ		COMPOSED	มทัพกลับเข้าพบเจ้านายทั้
ลามก	1	ลา-มะ-กะ		COMPOSED	นั้นล้นหลามกุมารากล้าห
ตาบอดสอดตาเห็น	1	ตา-บอด-สอด-ตา-เห็น		COMPOSED	อนึ่งว่าตาบอดสอดตาเห็นให้คิดเป็น
อยู่ร่วม	1	อยู่-ร่วม		COMPOSED	ิดจะพาไปอยู่ร่วมบูรีเกรงสุ
ของเก่า	1	ของ-เก่า		COMPOSED	เช่นน้องของเก่าลูกเต้ามีม
สิ้นดี	1	สิ้น-ดี		COMPOSED	ต้ามีมันสิ้นดีไปเสียหมดไ
ปะเหลาะปะแหละ	1	ปะ-เหลาะ-ปะ-แหละ		COMPOSED	่งกระแซะปะเหลาะปะแหละลูบต้องทำน
เมฆหมอก	1	เมก-หมอ-กะ		COMPOSED	สีเหมือนเมฆหมอกหมดสดสลัวแ
คำสั่งสอน	1	คำ-สั่ง-สอน		COMPOSED	ิ์รู้ฟังคำสั่งสอนพ่อไม่ห้าม
ครองรัก	1	ครอง-รัก		COMPOSED	ับน้องจะครองรักสาพิภักดิ์
ของฝาก	1	ของ-ฝาก		COMPOSED	ลนากเป็นของฝากชู้เมียสู้
ให้อภัย	1	ให้-อะ-ไพ		COMPOSED	นโทษโปรดให้อภัยผิดอย่าได้
ว่าความ	1	ว่า-ความ		COMPOSED	ัวข้าไม่ว่าความแต่ลูกเต้า
ผูกโยง	1	ผูก-โย-งะ		COMPOSED	ูกเอาผ้าผูกโยงเหนี่ยวไว้
เป็นอัน	1	เป็น-อัน		COMPOSED	นถวิลไม่เป็นอันไปมาเที่ยว
ให้หลัง	1	ให้-หลัง		COMPOSED	่งเฆี่ยนให้หลังลายส่งไปโร
เนื้อคู่	1	เนื้อ-คู่		COMPOSED	มวงศาแม่เนื้อคู่อยู่จงดีพี
ติดปาก	1	ติด-ปาก		COMPOSED	มาประชิดติดปากน้ำท่านเร่
ร้องรำทำเพลง	1	ร้อง-รำ-ทำ-เพลง		COMPOSED	นธุ์บ้างร้องรำทำเพลงบรรเลงพิณค
ผู้ดีจัด	1	ผู้-ดี-จัด		COMPOSED	าศัยไพร่ผู้ดีจัดทั้งที่ไพช
นอนโรง	1	นอน-โรง		COMPOSED	ญโขนละครนอนโรงตีโกร่งซ่า
ร้องเพลง	1	ร้อง-เพลง		COMPOSED	ค์วังเวงร้องเพลงขับซอกระจั
ตฤท	1	ตะ-รึ-ทะ		COMPOSED	งอินทรชิตฤทธิรงค์เอี้
เข้าท่า	1	เข้า-ท่า		COMPOSED	างทอยทุบเข้าท่าจับกลับกลอ
หลานสาว	1	หลาน-สาว		COMPOSED	ม่ว่าขานหลานสาวนั่งท้าวแข
แก้บน	1	แก้-บน		COMPOSED	จะผันแปรแก้บนหาคนทรงมาช
เสียสติ	1	เสีย-สะ-ติ		COMPOSED	ู่แล้วสิเสียสติองค์สั่นมิ
ก่อกรรม	1	ก่อ-กำ		COMPOSED	นจะมากวนก่อกรรมให้จำตาย¦จ
ปิดทอง	1	ปิด-ทอง		COMPOSED	วนก่ออิฐปิดทองดูรองเรือง
กระเบื้อง	1	กระ-เบื้อง		COMPOSED	เรืองมุงกระเบื้องโบกปูนทั้ง
นายพัน	1	นาย-พัน		COMPOSED	ทั้งไพร่นายพันร้อยรอคอยฟ
พระทองหวน	1	พระ-ทอง-หวน		COMPOSED	ำนำทำนองพระทองหวนเสนาะสำนวน
ถวายกร	1	ถะ-วาย-กร		COMPOSED	่สารอ่านถวายกรุงกษัตริย์
ปัญญาประดิษฐ์	1	ปัน-ยา-ประ-ดิด		COMPOSED	ลีวันใช้ปัญญาประดิษฐ์แต่งแกล้งว
ประเดี๋ยวเดียว	1	ประ-เดี๋ยว-เดียว		COMPOSED	้วยกำลังประเดี๋ยวเดียวเหลียวกลับ
หมักหมม	1	หะ-มัก-หะ-มะ-มะ		COMPOSED	วยรักที่หมักหมมกำเริบโรคโ
ขวน	1	ขะ-วน		COMPOSED	ตรึงโยนแขวนไว้แน่นหนา
คต	1	คะ-ตะ		COMPOSED	อันฉันทาคติเร่งตริตร
กระเสียน	1	กระ-เสีย-นะ		COMPOSED	จีบเวียนกระเสียนพระศกพัดขน
ศก	1	สะ-กะ		COMPOSED	พลางทางโศกแสนทวีไม่ร
ต่อไม่ติด	1	ต่อ-ไม่-ติด		COMPOSED	ลาญชีวิตต่อไม่ติดแตกพลัดกระ
อันดับ	1	อัน-ดับ		COMPOSED	งกันเป็นอันดับแล้วตรัสห้
ทำอันตราย	1	ทำ-อัน-ตะ-ราย		COMPOSED	ม่ฆ่าฟันทำอันตรายจงกลับมาหา
หงอก	1	หะ-งะ-อก		COMPOSED	ันหักหัวหงอกพูดกลอกคอห
ทษ	1	ทะ-สะ		COMPOSED	็โกรธจะโทษใครเขาว่าอ
ผิดกฎหมาย	1	ผิด-กด-หมาย		COMPOSED	ทษถึงขบถผิดกฎหมายน่าน้อยใจไ
สระน้ำ	1	สะ-ระ-น้ำ		COMPOSED	้ามาใกล้สระน้ำแล้วทำบ่นท
ตรมใจ	1	ตรม-ใจ		COMPOSED	นแสนตรอมตรมใจจะไต่ถามกร
ไม้กลัด	1	ไม้-กะ-ลัด		COMPOSED	เฝ้าเหลาไม้กลัดพรุ่งนี้นะ
ถาง	1	ถา-งะ		COMPOSED	ไม้ในกระถางพระสุริย์ฉ
คนจร	1	คน-จร		COMPOSED	เรายากจนคนจรเที่ยวร่อน
อุทยาน	1	อุ-ทะ-ยา-นะ		COMPOSED	อกไปเล่นอุทยาน¦พระบุตรีพ
ข้าหลวงน้อย	1	ข้า-หลวง-น้อย		COMPOSED	สรรค์นางข้าหลวงน้อยน้อยสอยลูก
พวงดอกไม้	1	พวง-ดอก-ไม้		COMPOSED	าข้าหลวงพวงดอกไม้ถอนฤทัยทุก
แสนยากร	1	แสน-ยา-กร		COMPOSED	่าทศโยธาแสนยากร¦นายด่านฟั
หน้าราหู	1	หน้า-รา-หู		COMPOSED	รนางเห็นหน้าราหูคนบุราณคิด
ไว้ชีวิต	1	ไว้-ชี-วิด		COMPOSED	ษโปรดให้ไว้ชีวิตจะสัตย์ซื่
น่าชมเชย	1	น่า-ชม-เชย		COMPOSED	ลีลั่นทมน่าชมเชยสองข้างทาง
นางชม	1	นาง-ชม		COMPOSED	บหลานเขยนางชมเชยกรตระกอ
คนเข้าเมือง	1	คน-เข้า-เมือง		COMPOSED	าวตามสามคนเข้าเมืองด่านฝ่ายพร
บินหนี	1	บิน-หนี		COMPOSED	ินทร์รีบบินหนีไปถึงที่ทา
การเที่ยว	1	กาน-เที่ยว		COMPOSED	ำศึกตรึกการเที่ยวราญรอนน้อง
เลี้ยงตอบ	1	เลี้ยง-ตอบ		COMPOSED	ไรดี¦พี่เลี้ยงตอบปลอบประโลม
ครึ่งทาง	1	ครึ่ง-ทาง		COMPOSED	ม่ทันถึงครึ่งทางสิอย่างนี้
คนขับ	1	คน-ขับ		COMPOSED	นมองเห็นคนขับเมียไปเสีย
ลายแทง	1	ลาย-แทง		COMPOSED	ยบคายตามลายแทงถ้าสมหวังด
อาพาธ	1	อา-พา-ทะ		COMPOSED	รีราชแต่อาพาธพักตร์หมอง
ผู้รู้แจ้ง	1	ผู้-รู้-แจ้ง		COMPOSED	ลายแม้มีผู้รู้แจ้งจะแพร่งพรา
คิดออก	1	คิด-ออก		COMPOSED	จิตสุดจะคิดออกช่องทำนองไ
เรียนหนังสือ	1	เรียน-หนัง-สือ		COMPOSED	พากเพียรเรียนหนังสือถือฝรั่งอา
ผูกใจ	1	ผูก-ใจ		COMPOSED	่ส่วนลูกผูกใจอาลัยหนักเ
ฉลองพระบาท	1	ฉะ-ลอง-พระ-บาด		COMPOSED	หลืองสอดฉลองพระบาทแล้วยาตรเย
ลอยคอ	1	ลอย-คอ		COMPOSED	รออกแล่นลอยคอยดูอยู่ห่า
คั่งค้าง	1	คั่ง-ค้าง		COMPOSED	นตั้งยังคั่งค้างจึงถามนางส
นางเรียง	1	นาง-เรียง		COMPOSED	ูทั้งสองนางเรียงเรียบเทียบ
ฉลองพระหัตถ์	1	ฉะ-ลอง-พระ-หัด		COMPOSED	์ทองส้อมฉลองพระหัตถ์จัดประจงพร
รสชาติ	1	รส-ชาด		COMPOSED	ลอยอร่อยรสชาติประหลาดเหล
สืบถาม	1	สืบ-ถาม		COMPOSED	จาเที่ยวสืบถามตามรอบทุกข
ระคายเคือง	1	ระ-คาย-เคือง		COMPOSED	นตรายรู้ระคายเคืองแค้นจะแทนท
นางร้องไห้	1	นาง-ร้อง-ไห้		COMPOSED	ตามอย่างนางร้องไห้พวกชีไพรพร
ส่งออก	1	ส่ง-ออก		COMPOSED	้ำลงพอลมส่งออกมหาชลาลึกต
คำประกาศ	1	คำ-ประ-กาด		COMPOSED	ั่งให้ทำคำประกาศพวกนักปราช
เกล้ากระหม่อม	1	เกล้า-กระ-หม่อม		COMPOSED	งนี้เช้าเกล้ากระหม่อมจะทูลลาไปต
ขับขี่	1	ขับ-ขี่		COMPOSED	รม้าพาชีขับขี่แข่งเป็นคู
สายฟ้า	1	สาย-ฟ้า		COMPOSED	ราเหมือนสายฟ้าแลบรอบขอบท
ก่อเกิด	1	ก่อ-เกิด		COMPOSED	งเริศไม่ก่อเกิดแก้วเพชรทั
กันลอง	1	กัน-ลอง		COMPOSED	อยแก่แก้กันลองท่านยายร้อ
หยก	1	หะ-ยก		COMPOSED	ิวคนหิวโหยกระทบกลิ่นย
ว่าร้าย	1	ว่า-ร้าย		COMPOSED	ทูลทำนายว่าร้ายนัก¦ฝ่ายปา
ทวนกลับ	1	ทวน-กลับ		COMPOSED	ะบวนบ้างทวนกลับยิงปืนรับเ
มีต	1	มี-ตะ		COMPOSED	สนุกสนานมีตึกกว้านรั้
ซึ่งหน้า	1	ซึ่ง-หน้า		COMPOSED	์หมายแม้ซึ่งหน้ามาที่ไหนทั
ตื่นไฟ	1	ตื่น-ไฟ		COMPOSED	่าสาวใช้ตื่นไฟวิ่งกระตุ้
หน้ามืด	1	หน้า-มืด		COMPOSED	มัวตาให้หน้ามืดเป็นหอบหืด
เข้าปีก	1	เข้า-ปี-กะ		COMPOSED	ยู่ไยยังเข้าปีกหลีกหลบไม่
ต้องกัน	1	ต้อง-กัน		COMPOSED	งช่างคิดต้องกันกับพี่จะมี
ประจำตรา	1	ประ-จำ-ตรา		COMPOSED	่องทองคำประจำตราให้เสนารีบ
ควันไฟ	1	ควัน-ไฟ		COMPOSED	นไหวเป็นควันไฟมืดมนอยู่จ
เฝ้ารอ	1	เฝ้า-รอ		COMPOSED	งทรวงพังเฝ้ารอรั้งสั่งสว
ความเจ็บไข้	1	ความ-เจ็บ-ไข้		COMPOSED	กำจัดภัยความเจ็บไข้คลาดแคล้วอ
นักสนม	1	นัก-สะ-นม		COMPOSED	ับลูกรักนักสนมนางอยู่งาน
ไขน้ำ	1	ไข-น้ำ		COMPOSED	ฑ์ชายใช้ไขน้ำตั้งทำนาหญ
สุงสิง	1	สุ-งะ-สิ-งะ		COMPOSED	รบพุ่งทำสุงสิงทำเกะกะเรา
ผิดใจกัน	1	ผิด-ใจ-กัน		COMPOSED	ศึกจะได้ผิดใจกัน¦ฝรั่งได้ฟ
ลำลำ	1	ลำ-ลำ		COMPOSED	้ำสิบห้าลำลำละร้อยลอยส
ร้อยห้าสิบ	1	ร้อย-ห้า-สิบ		COMPOSED	พโยธาสองร้อยห้าสิบถ้วนกระบวน
มาระ	1	มา-ระ		COMPOSED	าโปรดได้มาระงับช่วยดับ
หัวกระเด็น	1	หัว-กระ-เด็น		COMPOSED	้างคอพับหัวกระเด็นตายเป็นผีบ
ความเก่า	1	ความ-เก่า		COMPOSED	กลับเล่าความเก่าก่อนเหมือน
แปลกหน้า	1	แปลก-หน้า		COMPOSED	หมือนแขกแปลกหน้าถีบถาโถมโจ
ประดาน้ำ	1	ประ-ดา-น้ำ		COMPOSED	ุกข์เต็มประดาน้ำตาไหลคิดถึ
กองเรือ	1	กอง-เรือ		COMPOSED	งเห็นพวกกองเรือระงับนอนหล
มีสติ	1	มี-สะ-ติ		COMPOSED	่งชั่วดีมีสติต้องตริตรอ
ส่งคืน	1	ส่ง-คืน		COMPOSED	พวกข้าไทส่งคืนไปพาราด้วย
ขมอง	1	ขะ-มอง		COMPOSED	ือนวดปวดขมองบ้างบุกหนา
ตกศึก	1	ตก-สึก		COMPOSED	สึกนึกวิตกศึกจะยกวกทางม
ราศรี	1	รา-สี		COMPOSED	ยท้ายเภตราศรีสุวรรณนั้น
นักทำ	1	นัก-ทำ		COMPOSED	รักน้องหนักทำหักโหมข่มเ
หลบหน้า	1	หลบ-หน้า		COMPOSED	¦พวกหอรบหลบหน้าโยธาหาญจึง
คำชวน	1	คำ-ชวน		COMPOSED	คำนับรับคำชวนกำนัลเชิญส
ลอยเมฆ	1	ลอย-เมก		COMPOSED	เหลือเอกลอยเมฆแท้ขาดพ่อแ
รู้มาก	1	รู้-มาก		COMPOSED	ได้เรียนรู้มากมายหลายสถา
เสือนอนกิน	1	เสือ-นอน-กิน		COMPOSED	อนเหมือนเสือนอนกินควายสบายคร
หายใจไม่ออก	1	หาย-ใจ-ไม่-ออก		COMPOSED	ือกินใครหายใจไม่ออกถึงนอกฟ้าผ
มหาราช	1	มะ-หา-ราด		COMPOSED	่งมังคลามหาราชได้แบบบาทห
ละครร้อง	1	ละ-คอน-ร้อง		COMPOSED	ดก่อนชาวละครร้องฮื้อทำพรื้
อภัยโทษ	1	อะ-ไพ-โทด		COMPOSED	เสนีดีใจอภัยโทษไม่กริ้วโก
ทยา	1	ทะ-ยา		COMPOSED	สิทธิ์วิทยาข้าพเจ้าเอ
ยาคุม	1	ยา-คุม		COMPOSED	ังกฤษริษยาคุมสลัดอัศตัน
ชายหนุ่ม	1	ชาย-หนุ่ม		COMPOSED	ณ์สามนายชายหนุ่มนั้นกำกับก
ทางลัด	1	ทาง-ลัด		COMPOSED	ปขัดขวางทางลัดสกัดกันอย่
ติดสินบน	1	ติด-สิน-บน		COMPOSED	รือจะคิดติดสินบนท่านคนทรงใ
นฤ	1	นะ-รึ		COMPOSED	างพระจอมนฤบาลชาญสนาม
นางนกต่อ	1	นาง-นก-ต่อ		COMPOSED	ไปเลยพ่อนางนกต่อของเรามีดี
สรวลเสเฮฮา	1	สวน-เส-เฮ-ฮา		COMPOSED	ถวายแล้วสรวลเสเฮฮาประสาชายพร
กิริยามารยาท	1	กิ-ริ-ยา-มาน-ยา-ทะ		COMPOSED	ดูท่วงทีกิริยามารยาทมิใช่ชาติพ
หรา	1	หะ-รา		COMPOSED	เมาเข้าโหราเอามาปรุงต
ถ้าว่า	1	ถ้า-ว่า		COMPOSED	ดจะบัดสีถ้าว่าเป็นอย่างน
แลก็รู้	1	แล-ก็-รู้		COMPOSED	งชำเลืองแลก็รู้แน่ว่าเขาฟ
โอ้โลม	1	โอ้-โลม		COMPOSED	อางโฉมจะโอ้โลมเล่นประชัน
เปลี่ยนตัว	1	เปลี่ยน-ตัว		COMPOSED	นเจียนจะเปลี่ยนตัว¦พระบุตรีก
เต็มตัว	1	เต็ม-ตัว		COMPOSED	่ตรวนใส่เต็มตัวทั่วทุกคนค
ทางบ้าน	1	ทาง-บ้าน		COMPOSED	ี้ยวลงไปทางบ้านสะพานยนต์¦
หูช้าง	1	หู-ช้าง		COMPOSED	ทอดหกห้าหูช้างได้ข้างซ้า
ผ้ายก	1	ผ้า-ยก		COMPOSED	ระหนกทรงผ้ายกพื้นตองปัก
ลูกไฟ	1	ลูก-ไฟ		COMPOSED	ียนเหล็กลูกไฟใส่ซ้ายขวา
ไล่ทัน	1	ไล่-ทัน		COMPOSED	อกได้มันไล่ทันต้องรบกันช
ติดตั้ง	1	ติด-ตั้ง		COMPOSED	ภัยไล่มาติดตั้งประชิดหน้า
ชิงช้า	1	ชิง-ช้า		COMPOSED	หิ่งห้อยชิงช้าเอารูปแปลง
สำคัญผิด	1	สำ-คัน-ผิด		COMPOSED	พระฟังคำสำคัญผิดอั้นอ้นถึง
ตามมี	1	ตาม-มี		COMPOSED	ดลองต้องตามมีความรู้ให้
ควาญ	1	คะ-วา-ยะ		COMPOSED	คลุกคลานควาญหมอขี่คอคุ
แข็งตัว	1	แข็ง-ตัว		COMPOSED	หญิงนั่งแข็งตัวว่ากลัวมัน
ข้าวแขก	1	ข้าว-แขก		COMPOSED	ัดสรรกับข้าวแขกแทรกเนื้อแ
ซ้ำสอง	1	ซ้ำ-สอง		COMPOSED	ขบถโอรสาซ้ำสองนางต่างขัด
คอเดียวกัน	1	คอ-เดียว-กัน		COMPOSED	งเป็นหมอคอเดียวกันเจียวเจ้าใ
ถูกคอ	1	ถูก-คอ		COMPOSED	วง้อช่างถูกคอคืนคำทำไถล
คืนคำ	1	คืน-คำ		COMPOSED	่างถูกคอคืนคำทำไถลสารพั
เดือนขึ้น	1	เดือน-ขึ้น		COMPOSED	มความ¦พอเดือนขึ้นชื่นใจแกได
ถือยศ	1	ถือ-ยด		COMPOSED	นซื่อไม่ถือยศ¦แล้วสั่งเ
ดีมาก	1	ดี-มาก		COMPOSED	เป็นสตรีดีมากอยากเป็นหญ
บอกชื่อ	1	บอก-ชื่อ		COMPOSED	้งแถลงไขบอกชื่อนามตามจริง
จำความได้	1	จำ-ความ-ได้		COMPOSED	ุกสิ่งไปจำความได้ปีระกามารด
ที่ลับ	1	ที่-ลับ		COMPOSED	ซ่อนอยู่ที่ลับเนตรกับเชษ
เฝ้าบ้าน	1	เฝ้า-บ้าน		COMPOSED	นาพวกข้าเฝ้าบ้านผู้ดีที่ไห
ฝันดี	1	ฝัน-ดี		COMPOSED	าวลักษณ์ฝันดีนักน้องหญิ
ฝ่ายบิดา	1	ฝ่าย-บิ-ดา		COMPOSED	ึ่งมาได้ฝ่ายบิดาว่าก็ตามแต
คงที่	1	คง-ที่		COMPOSED	วัสดีให้คงที่มียศไม่ลดล
คุณพ่อ	1	คุน-พ่อ		COMPOSED	้อ้อนวอนคุณพ่อให้ทูลขอจะ
พอแล้ว	1	พอ-แล้ว		COMPOSED	าเขียนคำพอแล้วสำเร็จเวลา
ท้องถิ่น	1	ท้อง-ถิ่น		COMPOSED	ดเงินทองท้องถิ่นที่ดินทราย
ดินทราย	1	ดิน-ซาย		COMPOSED	งถิ่นที่ดินทรายทำได้ง่ายไ
การเมือง	1	กาน-เมือง		COMPOSED	วยว่าขานการเมืองรุ่งเรืองย
พานเรศ	1	พาน-เร-สะ		COMPOSED	ยนเพี้ยนพานเรศเวทนาเนตรก
ช่างเถิด	1	ช่าง-เถิด		COMPOSED	งลิงค่างช่างเถิดพ่อพอเพลิด
หนองใน	1	หนอ-งะ-ใน		COMPOSED	ในท้องตกหนองในพวกข้าเฝ้า
หมอดู	1	หมอ-ดู		COMPOSED	็เห็นหายหมอดูดีที่ไหนก็
กรมเมือง	1	กะ-รม-เมือง		COMPOSED	่งตัวให้กรมเมืองบอกเรื่องค
หัวออก	1	หัว-ออก		COMPOSED	นายไม่โงหัวออกรบสลบนิ่งเ
จอมเกล้า	1	จอม-เกล้า		COMPOSED	เช้าเห็นจอมเกล้าเจ้าพารานั
มีหัว	1	มี-หัว		COMPOSED	อาสัญไม่มีหัวตัวหวะรอยฉ
สั่งห้าม	1	สั่ง-ห้าม		COMPOSED	งแล้วสอนสั่งห้ามปรามเจ้าพร
นางแนบ	1	นาง-แนบ		COMPOSED	ะเชยปรางนางแนบแอบออเซาะช
บ้านนอกคอกนา	1	บ้าน-นอก-คอก-นา		COMPOSED	นบูรีชาวบ้านนอกคอกนาประชาราษฎร
หมดทุกข์	1	หมด-ทุก		COMPOSED	ลาใบตีไปหมดทุกข์ระทดท้อใจใ
เนื้อทราย	1	เนื้อ-ซาย		COMPOSED	ิงห์เสือเนื้อทรายแรดควายวัว
เขตป่า	1	เขด-ป่า		COMPOSED	ยวไปทั่วเขตป่าพนาดรแล้วพ
เมฆพัด	1	เมก-พัด		COMPOSED	็นเขาเอกเมฆพัดในนัททีดูแ
เรียนจบ	1	เรียน-จบ		COMPOSED	เพียรได้เรียนจบชำนาญในไตร
เบามือ	1	เบา-มือ		COMPOSED	เท่าทั้งเบามือ¦นางฟังคำร
เฝ้าดู	1	เฝ้า-ดู		COMPOSED	าศรีสุดาเฝ้าดูภูวไนยทั้ง
เศษสิบ	1	เศษ-สิบ		COMPOSED	หนีพอโมงเศษสิบบาทฆาตเภรี
ผจง	1	ผะ-จง		COMPOSED	เต้นเผ่นผจงผ่านมาตรงห
เรือพิฆาต	1	เรือ-พิ-คาด		COMPOSED	่งนาคราชเรือพิฆาตคู่แข่งแซง
เสียรูป	1	เสีย-รูบ		COMPOSED	ระผอมซูบเสียรูปโฉมช่างเดิ
เดินทางไกล	1	เดิน-ทาง-ไกล		COMPOSED	ต่ขุนนางเดินทางไกลยังเกณฑ์ไพ
หละ	1	หะ-ละ		COMPOSED	ูดเหลาะแหละปั้นเจ๋อละ
ลูกปราย	1	ลูก-ปราย		COMPOSED	นใหญ่ใส่ลูกปรายนรายณ์แรงถ
ดังสนั่น	1	ดัง-สะ-หนั่น		COMPOSED	งก้องกึกดังสนั่นลั่นเลื่อน
ไล่หลัง	1	ไล่-หลัง		COMPOSED	่นั่งคอยไล่หลังเหล่าพหลพล
ขากลับ	1	ขา-กลับ		COMPOSED	งใจปอง¦เขากลับว่าอาจารย์
เหล่าร้าย	1	เหล่า-ร้าย		COMPOSED	เข้าข้างเหล่าร้ายก็เสียดายเ
ยาเหน็บ	1	ยา-เหน็บ		COMPOSED	ลาดคาดกายาเหน็บสาตราชื่อภ
สาระยำ	1	สา-ระ-ยำ		COMPOSED	ือครูโกงสาระยำทำวิบัติไอ
แกว่งกวัด	1	แกว่ง-กวัด		COMPOSED	นทัดต่างแกว่งกวัดหอกดาบแปลบ
งวน	1	งะ-วน		COMPOSED	ครงวังเวงวนแกให้คนตัด
ลอยน้ำ	1	ลอย-น้ำ		COMPOSED	อยบ้างลงลอยน้ำหนีบ้างขี่
อานะ	1	อา-นะ		COMPOSED	าเขาเป็นอานะจงฟังเธอสั
หน้าดำ	1	หน้า-ดำ		COMPOSED	ยโรยราจนหน้าดำบาทหลวงพร่
ก่อตั้ง	1	ก่อ-ตั้ง		COMPOSED	บยั้งเขาก่อตั้งตึกรายทั้ง
พอดีกัน	1	พอ-ดี-กัน		COMPOSED	วัญกัณฐีพอดีกันพระตรีพลำอ
เลี้ยงแขก	1	เลี้ยง-แขก		COMPOSED	ายเสบียงเลี้ยงแขกแจกโยธา¦เส
ทนไฟ	1	ทน-ไฟ		COMPOSED	ันเป็นคนทนไฟได้อยู่หรื
แข็งเมือง	1	แข็ง-เมือง		COMPOSED	ร่งมันจะแข็งเมืองคิดริษยาจะ
ชั้นแต่	1	ชั้น-แต่		COMPOSED	ดทรวง¦จนชั้นแต่แม่พ่อก็วิ
เป็นกลาง	1	เป็น-กลาง		COMPOSED	ตามไฟฟืนเป็นกลางคืนต้องประ
ยายแก่	1	ยาย-แก่		COMPOSED	พัน¦ฝ่ายยายแก่แม่เฒ่าโศก
แม่เฒ่า	1	แม่-เท่า		COMPOSED	ายยายแก่แม่เฒ่าโศกเศร้าหม
ทศมาส	1	ทด-มา-สะ		COMPOSED	ั้นกำหนดทศมาสไม่คลาดคลา
กะบัง	1	กะ-บัง		COMPOSED	้อกะเบ้อกะบังตะลึงนั่งฟ
บาปหนา	1	บาบ-หนา		COMPOSED	กำราบที่บาปหนาผู้ใดถือซื
เรือกสวน	1	เรือ-กะ-สะ-วน		COMPOSED	เศรษฐีมีเรือกสวนทั้งทรัพย์
ลูกคลื่น	1	ลูก-คลื่น		COMPOSED	่ไหวทั้งลูกคลื่นถูกลมระดมไ
เจ้าข้าวแดงแกงร้อน	1	เจ้า-ข้าว-แดง-แก-งะ-ร้อน		COMPOSED	ู้พระคุณเจ้าข้าวแดงแกงร้อนอย่านอนเปล
จางวาง	1	จา-งะ-วาง		COMPOSED	อกขุนนางจางวางเวร¦ทรงภูษ
เรือรูปสัตว์	1	เรือ-รูบ-สัด		COMPOSED	ั่นเสียงเรือรูปสัตว์เสือหมีตีก
ผู้รับ	1	ผู้-รับ		COMPOSED	เลี้ยงดูผู้รับสั่งยกมาตั
ต้องคดี	1	ต้อง-คะ-ดี		COMPOSED	ฟ้องร้องต้องคดีแต่ขุนนางข
เรือกลไฟ	1	เรือ-กล-ไฟ		COMPOSED	ลือใช้ในเรือกลไฟให้หลายพัน
เรืองไร	1	เรือง-ไร		COMPOSED	ท้ายสลักเรืองไรรูปไกรสรที
สุดเสียง	1	สุด-เสียง		COMPOSED	นสมุทรจนสุดเสียงเงียบสำเนี
ตาเรือ	1	ตา-เรือ		COMPOSED	ทองละอองตาเรือกัญญาพร้อม
คู่ชัก	1	คู่-ชัก		COMPOSED	จักรเรือคู่ชักดั้งกันผัน
ตกทุกข์ได้ยาก	1	ตก-ทุก-ได้-ยาก		COMPOSED	ราฟังว่าตกทุกข์ได้ยากลำบากเหลือ
ผิดปาก	1	ผิด-ปาก		COMPOSED	เองลองดูผิดปากกูเอ็งจงว่
ต่อเรือ	1	ต่อ-เรือ		COMPOSED	็มป่าไม้ต่อเรือไฟไว้สำหรั
ปิดผนึก	1	ปิด-ผะ-นึก		COMPOSED	¦พับผนิดปิดผนึกจารึกหลังแ
คนเดินดิน	1	คน-เดิน-ดิน		COMPOSED	าหนนี่ก็คนเดินดินสิ้นวิสัยม
ลืมตัว	1	ลืม-ตัว		COMPOSED	ลาบปลื้มลืมตัวด้วยกลัวมน
ฤๅดี	1	รือ-ดี		COMPOSED	ขแทบจะแดฤๅดีดิ้นแสนถวิ
หลักลอย	1	หะ-ลัก-ลอย		COMPOSED	ักพักไม่หลักลอยจึงจะค่อยพ
ตัวผู้	1	ตัว-ผู้		COMPOSED	รบสู้นี่ตัวผู้รั้งด่านชา
ครับ	1	คะ-รับ		COMPOSED	ตะครุบตะครับจับได้อ้าย
มีศักดิ์ศรี	1	มี-สัก-สี		COMPOSED	ทพารักษ์มีศักดิ์ศรีทั้งสามองค
อกรา	1	อก-รา		COMPOSED	มาตย์ไปบอกราชนัดดาในป่
เป็นเอง	1	เป็น-เอง		COMPOSED	ิดเม้นก็เป็นเองกระบวนเพลง
กระบวนเพลง	1	กระ-บวน-เพลง		COMPOSED	็เป็นเองกระบวนเพลงบทนี้ไม่มี
เชิงเดิน	1	เชิง-เดิน		COMPOSED	เพลินค่าเชิงเดินคงจะได้เป็
ลืมตน	1	ลืม-ตน		COMPOSED	หลเลื่อนลืมตนอยู่จนสายก
กินเมือง	1	กิน-เมือง		COMPOSED	ย์ปฏิญาณกินเมืองด่านแดนประ
ยุพเรศ	1	ยุ-พะ-เร-สะ		COMPOSED	งในโฉมยงยุพเรศเกษรานี่แน
รำพัด	1	รำ-พัด		COMPOSED	วนเรรำเพรำพัดให้พวกแพทย
ความรักใคร่	1	ความ-รัก-ใคร่		COMPOSED	งามให้สมความรักใคร่อาลัยลาน¦ฝ
เป็นไปได้	1	เป็น-ไป-ได้		COMPOSED	เป็นไรก็เป็นไปได้เจ็บใจแล้ว
วางยา	1	วาง-ยา		COMPOSED	อนสิงขรขวางยายพยุงจูงตา
ตัดผม	1	ตัด-ผะ-มะ		COMPOSED	็ผลัดกันตัดผมพระบุตรีมิ
ทันคน	1	ทัน-คน		COMPOSED	งอย่าให้ทันคนผู้รู้ระคา
จำครบ	1	จำ-ครบ		COMPOSED	พันลำประจำครบมีเครื่องร
ไฟแดง	1	ไฟ-แดง		COMPOSED	ลงไปเป็นไฟแดงโซ่คงแข็งข
ที่เก็บ	1	ที่-เก็บ		COMPOSED	บ้านช่องที่เก็บของเรียกลู
จับสั่น	1	จับ-สั่น		COMPOSED	่อยเหน็บจับสั่นจิตหวั่นไห
สิ้นตำรา	1	สิ้น-ตำ-รา		COMPOSED	หลายลิ้นสิ้นตำราฟังพูดจาหย
ศึกสงคราม	1	สึก-สง-คราม		COMPOSED	จะได้สู้ศึกสงครามพยายามปราบ
กำลังม้า	1	กำ-ลัง-ม้า		COMPOSED	้อนรนพ้นกำลังม้าที่นั่งเล่
ดังที่	1	ดัง-ที่		COMPOSED	ั่นสนั่นดังที่ริมฝั่งแสง
ความตรง	1	ความ-ตรง		COMPOSED	จึงสำแดงความตรงด้วยธงชัย¦
กองโจร	1	กอง-โจน		COMPOSED	อกรับรองกองโจรจะเข้าเฝ้า
ความสำคัญ	1	ความ-สำ-คัน		COMPOSED	ภาซักถามความสำคัญยังไรท่านจ
ฝ่ายซ้าย	1	ฝ่าย-ซ้าย		COMPOSED	วัง¦ข้างฝ่ายซ้ายรำภาสุดากน
เปรี้ยงปร้าง	1	เปรี้ยง-ปะ-ร้าง		COMPOSED	ดสุนีฟาดเปรี้ยงปร้างสว่างฉายทะ
น้ำวน	1	น้ำ-วน		COMPOSED	ซ้ำมันจมน้ำวนเวียนวงเหี
งค	1	งะ-คะ		COMPOSED	ฝรั่งนั่งคุดคู้เงี่ย
เล่าขาน	1	เล่า-ขาน		COMPOSED	เพราะใครเล่าขานางมาลีแพศย
ต่างประเทศ	1	ต่าง-ประ-เทด		COMPOSED	ว่าฝรั่งต่างประเทศเสียขอบเขต
นึกคิด	1	นึก-คิด		COMPOSED	ษย์สมจิตนึกคิดตรองตรึกอย
เอนตัว	1	เอน-ตัว		COMPOSED	ามัวแล้วเอนตัวม่อยหลับระ
ทูตสวรรค์	1	ทูด-สะ-หวัน		COMPOSED	ึ่งเรียกทูตสวรรค์มิทันนานพย
ลับกาย	1	ลับ-กาย		COMPOSED	ลิววับไปลับกายก็สูญหายใน
ใจบาป	1	ใจ-บาบ		COMPOSED	ืองใดที่ใจบาปจะได้ปราบป
เอาคืน	1	เอา-คืน		COMPOSED	ัดไพรีตีเอาคืนจับแต่พื้น
ดูแลเอาใจใส่	1	ดู-แล-เอา-ใจ-ใส่		COMPOSED	อยู่ช่วยดูแลเอาใจใส่อย่าให้ขัด
กระแสรับสั่ง	1	กระ-แส-รับ-สั่ง		COMPOSED	ยดูแลตามกระแสรับสั่งไม่รั้งรอ¦
ความปรารถนา	1	ความ-ปราด-ถะ-หนา		COMPOSED	อนผันตามความปรารถนาว่าสุดแท้แ
ทางเข้าออก	1	ทาง-เข้า-ออก		COMPOSED	นาสองศอกทางเข้าออกแน่นดีไม่ม
ชาติตระกูล	1	ชาด-ตระ-กูน		COMPOSED	ื่องปราดชาติตระกูลจงเพิ่มพูน
เสียราศี	1	เสีย-รา-สี		COMPOSED	เสียสง่าเสียราศีเขาก็เป็นก
หวานใจ	1	หวาน-ใจ		COMPOSED	ทำการให้หวานใจพลางรีบไปเ
หวังใจว่า	1	หวัง-ใจ-ว่า		COMPOSED	กันดารก็หวังใจว่าได้เป็นเพื
ขวางเชิง	1	ขวาง-เชิง		COMPOSED	ายนี่ขัดขวางเชิงละเลิงหลงอ
นำพา	1	นำ-พา		COMPOSED	้งไว้ไม่นำพาดูก็น่าเกล
หมดแรง	1	หมด-แรง		COMPOSED	คลึงรสจนหมดแรง¦พระมังคลา
หาความ	1	หา-ความ		COMPOSED	จะชักโยงหาความตามแต่บุญพ
ปราชัย	1	ปะ-รา-ไช		COMPOSED	ันบรรลัยปราชัยเขาทุกครั้
อีกครั้ง	1	อีก-ครั้ง		COMPOSED	้าไปสั่งอีกครั้งหนึ่งทูลให
นต	1	นะ-ตะ		COMPOSED	วนแกให้คนตัดทางแยกห่
ตัวเป็นเกลียว	1	ตัว-เป็น-เกลียว		COMPOSED	งกลอกหัวตัวเป็นเกลียวบาทหลวงวิ่
ตีห้า	1	ตี-ห้า		COMPOSED	รกังสดาลตีห้ามปรามดนตรี
เครื่องดนตรี	1	เครื่อง-ดน-ตรี		COMPOSED	หลายพรรณเครื่องดนตรีตีเองเพลงฝ
ลำน้ำ	1	ลำ-น้ำ		COMPOSED	งจะไปทางลำน้ำสำปันหนานี
ฤกษ	1	รึ-กะ-สะ		COMPOSED	อง¦ครั้นฤกษ์ดีตีกลองร
ภาษาคน	1	พา-สา-คน		COMPOSED	ไม่พูดจาภาษาคนเที่ยวเวีย
นอกชาน	1	นอก-ชาน		COMPOSED	ออกมาที่นอกชานชำนาญมนต์แ
ยกเมฆ	1	ยก-เมก		COMPOSED	นเอกแล้วยกเมฆฉายดูหมู่ท
กระบวนการ	1	กระ-บวน-กาน		COMPOSED	มันดูรู้กระบวนการที่ควรจะได
วันดับ	1	วัน-ดับ		COMPOSED	าคล้อยตะวันดับลับเวหนจึง
ผู้นำ	1	ผู้-นำ		COMPOSED	๋ยวนี้มีผู้นำไปทำศึกเห็
วายร้าย	1	วาย-ร้าย		COMPOSED	งลึกวุ่นวายร้ายนักหนาพิเค
ห้องมืด	1	ห้อง-มืด		COMPOSED	องเข้าในห้องมืดอยู่ก็รู้แ
แล้วกัน	1	แล้ว-กัน		COMPOSED	กนวดฟั้นแล้วกันแสงเหมือนแ
กลศ	1	กล-สะ		COMPOSED	จะคิดแก้กลศึกหมั่นตรึ
พรวน	1	พร-วน		COMPOSED	มตามเป็นพรวนพวกบัณฑิตศ
จับคู่	1	จับ-คู่		COMPOSED	บเห็นเขาจับคู่คิดริษยาให
ดอกไม้ไฟ	1	ดอก-ไม้-ไฟ		COMPOSED	งหยุดจุดดอกไม้ไฟสว่างแสงกร
วิ่งควาย	1	วิ่ง-คะ-วาย		COMPOSED	คนชิงกันวิ่งควายพวกผู้ชายส
อดตาย	1	อด-ตาย		COMPOSED	เอ๋ยได้รอดตายวายชีวามาห
ถลีถลำ	1	ถะ-ลี-ถะ-ลำ		COMPOSED	มานพวกผีถลีถลำแต่กลางวัน
ขันสาคร	1	ขัน-สา-คร		COMPOSED	นท์บนก้นขันสาครร้องวอนไป¦
เก้าอี้นั่ง	1	เก้า-อี้-นั่ง		COMPOSED	้วขึ้นบนเก้าอี้นั่งชี้มือท้าว
ไม้เป็น	1	ไม้-เป็น		COMPOSED	นแล้วปักไม้เป็นหลังคาเอาผ
กาแล	1	กา-แล		COMPOSED	สมาทรงโศกาแล้วแจ้งแสดง
ดาวพฤหัส	1	ดาว-พะ-รึ-หัด		COMPOSED	เห็นพิกลดาวพฤหัสสวัสดีเข้า
กติกา	1	กะ-ติ-กา		COMPOSED	เคียงกับกติกาตำราบอกว่า
จักรราศี	1	จัก-รา-สี		COMPOSED	อกมาร่วมจักรราศีพวกอาจารย์
สภา	1	สะ-ภา		COMPOSED	นมณีศรีโสภาทรงมหามงกุ
เปิดช่อง	1	เปิด-ช่อง		COMPOSED	เหหันที่เปิดช่องร่องน้ำนั้
เข้าพวก	1	เข้า-พวก		COMPOSED	คู่ขันไปเข้าพวกไทยสนิทเข้
นอนตะแคง	1	นอน-ตะ-แคง		COMPOSED	่าแช่งจะนอนตะแคงนอนคว่ำคะม
ใจเย็น	1	ใจ-เย็น		COMPOSED	หวหนาวในใจเย็นอยู่ไม่รู้
ค่อยยังชั่ว	1	ค่อย-ยัง-ชั่ว		COMPOSED	่คล้ำมัวค่อยยังชั่วสางสางอย่า
หางไก่	1	หาง-ไก่		COMPOSED	ยูถือธนูหางไก่ลูกใส่ยาง¦
ชูขึ้น	1	ชู-ขึ้น		COMPOSED	ยกธงชมพูชูขึ้นรับเหมือนค
หันมา	1	หัน-มา		COMPOSED	หล่านั้นหันมาถามว่าเครา
กระผม	1	กระ-ผะ-มะ		COMPOSED	ุณเจ้าขากระผมเป็นพลไพร่
ก่อนที่	1	ก่อน-ที่		COMPOSED	้ข้าแจ้งก่อนที่ทุกข์ร้อนโ
ภาษามลายู	1	พา-สา-มะ-ลา-ยู		COMPOSED	ข้าไปส่งภาษามลายู¦ฝ่ายพวกท้
ที่สาม	1	ที่-สาม		COMPOSED	มีมาตั้งที่สามกษัตริย์จั
ของแปลก	1	ของ-แปลก		COMPOSED	วแขกเป็นของแปลกมึงจะใส่ไว
เป็นพื้น	1	เป็น-พื้น		COMPOSED	่งยืนเอาเป็นพื้นแบบฉบับตำห
ตรวจจับ	1	ตรวด-จับ		COMPOSED	ังคับผู้ตรวจจับขังไว้อย่า
ตัวส่ง	1	ตัว-ส่ง		COMPOSED	ห้หนีเอาตัวส่งไปพลันด้วย
นางรอง	1	นาง-รอง		COMPOSED	ใจปองขุนนางรองลงไปเห็นนา
ติระ	1	ติ-ระ		COMPOSED	าธิตั้งสติระลึกไปในวิถ
ดอกผล	1	ดอก-ผล		COMPOSED	ต้นสล้างดอกผลหล่นกระจาย
รังไก่	1	รัง-ไก่		COMPOSED	ันเพรียกรังไก่กระชั้นขัน
ศิลาแลง	1	สิ-ลา-แล-งะ		COMPOSED	เงื้อมผาศิลาแลง¦ฝูงมฤคถึก
มฤ	1	มะ-รึ		COMPOSED	ั้งโคถึกมฤคีเม่นหมีเ
มั่นแม่น	1	มั่น-แม่-นะ		COMPOSED	นพูดจริงมั่นแม่นเป็นแก่นสา
สิ้นฝีมือ	1	สิ้น-ฝี-มือ		COMPOSED	นั้นหรือสิ้นฝีมือพลนิกรจะผ่
มหายุค	1	มะ-หา-ยุ-คะ		COMPOSED	ดูในตำรามหายุคจะรบรุกยัง
ข้างขึ้น	1	ข้าง-ขึ้น		COMPOSED	ารถนาต่อข้างขึ้นเดินสี่ปีร
โดยตำแหน่ง	1	โดย-ตำ-แหน่ง		COMPOSED	ด้จัดแจงโดยตำแหน่งที่รักษาพย
ศาลาดิน	1	สา-ลา-ดิน		COMPOSED	ากห้องมาศาลาดินเรียกมาสิ้
อีแก่	1	อี-แก่		COMPOSED	บเช่นได้อีแก่ก็แปรปรวน¦
ต่อเวลา	1	ต่อ-เว-ลา		COMPOSED	่าได้อึงต่อเวลาค่ำคล้อยจะ
ผู้ให้	1	ผู้-ให้		COMPOSED	งกำชับคนผู้ให้รู้ถึงตามบ
ไขมัน	1	ไข-มัน		COMPOSED	งซ้ำในคำไขมันแกล้งว่าเย
ชาวสวน	1	ชาว-สะ-วน		COMPOSED	พร้าวกับชาวสวนกูรู้สิ้นเ
เครื่องกิน	1	เครื่อง-กิน		COMPOSED	นจะรำพันเครื่องกินข้าวจะยาวน
ผู้รักษา	1	ผู้-รัก-สา		COMPOSED	นายประตูผู้รักษาว่าเรามาแต
นางล้อม	1	นาง-ล้อม		COMPOSED	พร้อมขุนนางล้อมเดินเรียงเ
สถานทูต	1	สะ-ถาน-ทูด		COMPOSED	ศรัยหลายสถานทูตคำนับรับสั
ระคายหู	1	ระ-คาย-หู		COMPOSED	ลวงเคืองระคายหูกูไม่หลงจึ
พลาดท่า	1	พลาด-ท่า		COMPOSED	นชลาแม้นพลาดท่าก็จะได้ไปด
แกก็ด่า	1	แก-ก็-ด่า		COMPOSED	นท้วงติงแกก็ด่าไม่ปราศรัย
ดีละ	1	ดี-ละ		COMPOSED	่ำวันนี้ดีละมึงแล้วอย่
กินโต๊ะ	1	กิน-โต๊ะ		COMPOSED	าปราศรัยกินโต๊ะใหญ่ด้วยกั
สุขสม	1	สุก-สม		COMPOSED	มสองเกษมสุขสมภิรมยา¦ฝ่า
สังฆ	1	สัง-คะ		COMPOSED	กล่าวถึงสังฆราชพระบาทห
ช่องปาก	1	ช่อง-ปาก		COMPOSED	องออกจากช่องปากดงตรงออกไป
ล่วงเลย	1	ล่วง-เลย		COMPOSED	งครั้นตีล่วงเลยทางมากลางห
พลีกรรม	1	พะ-ลี-กำ		COMPOSED	รงไปพิธีพลีกรรมแล้วจึงตรั
เครื่องนุ่งห่ม	1	เครื่อง-นุ่ง-ห่ม		COMPOSED	งให้เป็นเครื่องนุ่งห่มโอรสาสอนให
ชาวเกาะ	1	ชาว-เกาะ		COMPOSED	แต่สำเภาชาวเกาะเมืองลังกา
พลิกตัว	1	พลิก-ตัว		COMPOSED	ูกผัวแต่พลิกตัวกลิ้งกลับไ
คำคม	1	คำ-คะ-มะ		COMPOSED	์ล้ำล้วนคำคมทั้งเนื้อน
มืดหน้า	1	มืด-หน้า		COMPOSED	อกหัวที่มืดหน้าตาลายค่อยห
รูปหล่อ	1	รูบ-หะ-ล่อ		COMPOSED	งคูหาพระรูปหล่อพ่อคุณของเ
การช่าง	1	กาน-ช่าง		COMPOSED	หนอมาก่อการช่างคิดอ่านเอา
สลาย	1	สะ-ลาย		COMPOSED	าวแยกแตกสลายนางคิดเห็น
สัตว์น้ำ	1	สัด-น้ำ		COMPOSED	ว์บกหรือสัตว์น้ำดำนักหนาโจ
มิน่า	1	มิ-น่า		COMPOSED	ือปิตุลามิน่ารักไปฟูมฟั
เอาเปรียบ	1	เอา-เปรียบ		COMPOSED	ท่ามาพูดเอาเปรียบผู้ใหญ่ทำไ
วนรอบ	1	วน-รอบ		COMPOSED	ตขอบตระเวนรอบรายกันเที่
ไขหู	1	ไข-หู		COMPOSED	อกระไรทำไขหูจะควักเอาน
กราม	1	กะ-รา-มะ		COMPOSED	สารพันตึกรามงามวิไลด้ว
กระชก	1	กระ-โชก	sound mismatch @2 (ชก vs โชก)	REVIEW	าระเวกเอกระชกเตะตะต่อยป
ขนบธรรมเนียม	1	ขะ-หนบ-ทำ-เนียม	syllable count differs (ssg 3 vs w2p 4)	REVIEW	่องรบตามขนบธรรมเนียมเตรียมมาหม
จตุรงค์	1	จะ-ตุ-รง	syllable count differs (ssg 2 vs w2p 3)	REVIEW	ห้ผันผายจตุรงค์ลงไปพลัน¦ถ
จร้ล	1	จะ-รัน	tone lost 1→0	REVIEW	รสำคัญจรจร้ลเข้ามาอย่า
จวบจวน	1	จวบ-จวน	ssg splits more than override (3 vs 2)	REVIEW	ะบวนเห็นจวบจวนหมุนวิ่งทั
จักรพงษ์	1	จัก-กระ-พง	syllable count differs (ssg 2 vs w2p 3)	REVIEW	ิญพระจอมจักรพงษ์จงคงคืนเมต
ช่วงโชติ	1	ช่วง-โชด	sound mismatch @2 (โชติ vs โชด)	REVIEW	ือนต่อตาช่วงโชติสามโยชน์ยา
ตลอดจน	1	ตะ-หลอด-จน	syllable count differs (ssg 2 vs w2p 3)	REVIEW	ยน้ำมนต์ตลอดจนห้องฝังกำบ
ถล่ม	1	ถะ-หล่ม	syllable count differs (ssg 1 vs w2p 2)	REVIEW	ียงจะล่มถล่มพัง¦วิเวกห
ถล่มทลาย	1	ถะ-หล่ม-ทะ-ลาย	syllable count differs (ssg 2 vs w2p 4)	REVIEW	แทบจะล่มถล่มทลายเหล่าละเมา
ทศทิศ	1	ทด-สะ-ทิด	syllable count differs (ssg 2 vs w2p 3)	REVIEW	งเกตประเทศทิศที่เทวฤทธิ
นิรมล	1	นิ-ระ-มน	syllable count differs (ssg 2 vs w2p 3)	REVIEW	ถนอมมิ่งนิรมลขึ้นบนแท่น
ปวดศีรษะ	1	ปวด-สี-สะ	sound mismatch @2 (ศีร vs สี)	REVIEW	่าลมปะทะปวดศีรษะริ้วริ้วร้
พรหมินทร์	1	พรม-มิน	sound mismatch @1 (พรห vs พรม)	REVIEW	สถามท่านพรหมินทร์การฟ้าดินฤ
ภาพยนตร์	1	พาบ-พะ-ยน	syllable count differs (ssg 2 vs w2p 3)	REVIEW	อาผูกพันภาพยนตร์ด้วยมนต์ไส
สงัดลม	1	สะ-หงัด-ลม	syllable count differs (ssg 2 vs w2p 3)	REVIEW	วงสามยามสงัดลมพัดฉิวมาริ
สมมุติ	1	สม-มุด	sound mismatch @2 (มุติ vs มุด)	REVIEW	อิสยมภู์สมมุติว่าเชื้อวง
สยดสยอง	1	สะ-หยด-สะ-หยอง	syllable count differs (ssg 2 vs w2p 4)	REVIEW	ศเกรงหมดสยดสยองเมื่อวันนั
อนนต์	1	อะ-นน	syllable count differs (ssg 1 vs w2p 2)	REVIEW	งหลังปลาอนนต์นอน¦สลุบแล
อนาคต	1	อะ-นา-คด	syllable count differs (ssg 2 vs w2p 3)	REVIEW	ื้องหน้าอนาคต¦กรุงกษัตร
เทวศ	1	ทะ-เวด	sound mismatch @1 (เท vs ทะ);sound mismatch @2 (วศ vs เวด)	REVIEW	นคเรศแสนเทวศในพระทัยเจ
