rhyme_class(sara|mat)	word	raw_sara	raw_mat	norm_class	old_sara	old_mat	old_differs	tags	source
ออ|กก	กรอก	ออ	กก	-	ออ	กก	N	-	classical
ออ|กก	กลอก	ออ	กก	-	ออ	กก	N	-	classical
ออ|กก	กอก	ออ	กก	-	ออ	กก	N	-	classical
ออ|กก	ก๊อก	ออ	กก	-	ออ	กก	N	-	dict
ออ|กก	ครอก	ออ	กก	-	ออ	กก	N	-	classical
ออ|กก	คร๊อก	ออ	กก	-	ออ	กก	N	-	dict
ออ|กก	คลอก	ออ	กก	-	ออ	กก	N	-	classical
ออ|กก	คอก	ออ	กก	-	ออ	กก	N	-	classical
ออ|กก	คอกซ์	ออ	กก	-	ออ	กา	Y	karun	dict
ออ|กก	ค๊อก	ออ	กก	-	ออ	กก	N	-	dict
ออ|กก	งอก	ออ	กก	-	ออ	กก	N	-	classical
ออ|กก	จอก	ออ	กก	-	ออ	กก	N	-	classical
ออ|กก	จ้อก	ออ	กก	-	ออ	กก	N	-	dict
ออ|กก	จ๊อก	ออ	กก	-	ออ	กก	N	-	dict
ออ|กก	ฉอก	ออ	กก	-	ออ	กก	N	-	classical
ออ|กก	ชอก	ออ	กก	-	ออ	กก	N	-	classical
ออ|กก	ชอค	ออ	กก	-	ออ	กก	N	-	dict
ออ|กก	ชอล์ก	ออ	กก	-	ออ	กก	N	karun	dict
ออ|กก	ชอล์ค	ออ	กก	-	ออ	กก	N	karun	dict
ออ|กก	ช๊อก	ออ	กก	-	ออ	กก	N	-	dict
ออ|กก	ซอก	ออ	กก	-	ออ	กก	N	-	classical
ออ|กก	ซอค	ออ	กก	-	ออ	กก	N	-	dict
ออ|กก	ซอร์ก	ออ	กก	-	ออ	กก	N	karun	dict
ออ|กก	ดอก	ออ	กก	-	ออ	กก	N	-	classical
ออ|กก	ตรอก	ออ	กก	-	ออ	กก	N	-	classical
ออ|กก	ตอก	ออ	กก	-	ออ	กก	N	-	classical
ออ|กก	ตอร์ค	ออ	กก	-	ออ	กก	N	karun	dict
ออ|กก	ต๊อก	ออ	กก	-	ออ	กก	N	-	classical
ออ|กก	ถลอก	ออ	กก	-	ออ	กก	N	-	classical
ออ|กก	ทอก	ออ	กก	-	ออ	กก	N	-	classical
ออ|กก	ท๊อก	ออ	กก	-	ออ	กก	N	-	dict
ออ|กก	นอก	ออ	กก	-	ออ	กก	N	-	classical
ออ|กก	บอก	ออ	กก	-	ออ	กก	N	-	classical
ออ|กก	บ๊อก	ออ	กก	-	ออ	กก	N	-	dict
ออ|กก	บ๊อกซ์	ออ	กก	-	ออ	กา	Y	karun	dict
ออ|กก	ปลอก	ออ	กก	-	ออ	กก	N	-	classical
ออ|กก	ปอก	ออ	กก	-	ออ	กก	N	-	classical
ออ|กก	ป๊อก	ออ	กก	-	ออ	กก	N	-	dict
ออ|กก	พอก	ออ	กก	-	ออ	กก	N	-	classical
ออ|กก	พอร์ก	ออ	กก	-	ออ	กก	N	karun	dict
ออ|กก	ฟอก	ออ	กก	-	ออ	กก	N	-	classical
ออ|กก	ฟอกซ์	ออ	กก	-	ออ	กา	Y	karun	dict
ออ|กก	มอก	ออ	กก	-	ออ	กก	N	-	classical
ออ|กก	ยอก	ออ	กก	-	ออ	กก	N	-	classical
ออ|กก	ยอร์ก	ออ	กก	-	ออ	กก	N	karun	dict
ออ|กก	ยอร์ค	ออ	กก	-	ออ	กก	N	karun	dict
ออ|กก	รอก	ออ	กก	-	ออ	กก	N	-	classical
ออ|กก	ลอก	ออ	กก	-	ออ	กก	N	-	classical
ออ|กก	วอก	ออ	กก	-	ออ	กก	N	-	classical
ออ|กก	ศอก	ออ	กก	-	ออ	กก	N	-	classical
ออ|กก	หงอก	ออ	กก	-	ออ	กก	N	-	classical
ออ|กก	หนอก	ออ	กก	-	ออ	กก	N	-	classical
ออ|กก	หมอก	ออ	กก	-	ออ	กก	N	-	classical
ออ|กก	หยอก	ออ	กก	-	ออ	กก	N	-	classical
ออ|กก	หรอก	ออ	กก	-	ออ	กก	N	-	dict
ออ|กก	หลอก	ออ	กก	-	ออ	กก	N	-	classical
ออ|กก	หอก	ออ	กก	-	ออ	กก	N	-	classical
ออ|กก	ออก	ออ	กก	-	ออ	กก	N	-	classical
ออ|กก	อ๊อก	ออ	กก	-	ออ	กก	N	-	dict
ออ|กก	อ๊อกซ์	ออ	กก	-	ออ	กา	Y	karun	dict
ออ|กก	ฮอก	ออ	กก	-	ออ	กก	N	-	dict
ออ|กง	กรอง	ออ	กง	-	ออ	กง	N	-	classical
ออ|กง	กล่อง	ออ	กง	-	ออ	กง	N	-	classical
ออ|กง	กล้อง	ออ	กง	-	ออ	กง	N	-	classical
ออ|กง	กว่อง	ออ	กง	-	ออ	กง	N	-	dict
ออ|กง	ก่อง	ออ	กง	-	ออ	กง	N	-	classical
ออ|กง	ก้อง	ออ	กง	-	ออ	กง	N	-	classical
ออ|กง	ของ	ออ	กง	-	ออ	กง	N	-	classical
ออ|กง	ข้อง	ออ	กง	-	ออ	กง	N	-	classical
ออ|กง	ครอง	ออ	กง	-	ออ	กง	N	-	classical
ออ|กง	คลอง	ออ	กง	-	ออ	กง	N	-	classical
ออ|กง	ฆ้อง	ออ	กง	-	ออ	กง	N	-	classical
ออ|กง	ง่อง	ออ	กง	-	ออ	กง	N	-	dict
ออ|กง	จ๋อง	ออ	กง	-	ออ	กง	N	-	classical
ออ|กง	ฉ่อง	ออ	กง	-	ออ	กง	N	-	classical
ออ|กง	ชองป์	ออ	กง	-	ออ	กา	Y	karun	dict
ออ|กง	ช้อง	ออ	กง	-	ออ	กง	N	-	classical
ออ|กง	ซองส์	ออ	กง	-	ออ	กา	Y	karun	dict
ออ|กง	ซ่อง	ออ	กง	-	ออ	กง	N	-	classical
ออ|กง	ดอง	ออ	กง	-	ออ	กง	N	-	classical
ออ|กง	ตรอง	ออ	กง	-	ออ	กง	N	-	classical
ออ|กง	ตอง	ออ	กง	-	ออ	กง	N	-	classical
ออ|กง	ตองด์	ออ	กง	-	ออ	กา	Y	karun	dict
ออ|กง	ต้อง	ออ	กง	-	ออ	กง	N	-	classical
ออ|กง	ถ่อง	ออ	กง	-	ออ	กง	N	-	classical
ออ|กง	ท่อง	ออ	กง	-	ออ	กง	N	-	classical
ออ|กง	บ่อง	ออ	กง	-	ออ	กง	N	-	dict
ออ|กง	บ้อง	ออ	กง	-	ออ	กง	N	-	classical
ออ|กง	บ๊อง	ออ	กง	-	ออ	กง	N	-	dict
ออ|กง	ปรอง	ออ	กง	-	ออ	กง	N	-	classical
ออ|กง	ปล่อง	ออ	กง	-	ออ	กง	N	-	classical
ออ|กง	ปอง	ออ	กง	-	ออ	กง	N	-	classical
ออ|กง	ป่อง	ออ	กง	-	ออ	กง	N	-	classical
ออ|กง	ป้อง	ออ	กง	-	ออ	กง	N	-	classical
ออ|กง	ป๋อง	ออ	กง	-	ออ	กง	N	-	dict
ออ|กง	ผอง	ออ	กง	-	ออ	กง	N	-	classical
ออ|กง	พร่อง	ออ	กง	-	ออ	กง	N	-	classical
ออ|กง	พลอง	ออ	กง	-	ออ	กง	N	-	classical
ออ|กง	พล่อง	ออ	กง	-	ออ	กง	N	-	classical
ออ|กง	พ่อง	ออ	กง	-	ออ	กง	N	-	classical
ออ|กง	ฟอง	ออ	กง	-	ออ	กง	N	-	classical
ออ|กง	มอง	ออ	กง	-	ออ	กง	N	-	classical
ออ|กง	มองต์	ออ	กง	-	ออ	กา	Y	karun	dict
ออ|กง	ม่อง	ออ	กง	-	ออ	กง	N	-	dict
ออ|กง	ยอง	ออ	กง	-	ออ	กง	N	-	classical
ออ|กง	ย่อง	ออ	กง	-	ออ	กง	N	-	classical
ออ|กง	ร่อง	ออ	กง	-	ออ	กง	N	-	classical
ออ|กง	ร้อง	ออ	กง	-	ออ	กง	N	-	classical
ออ|กง	ลอง	ออ	กง	-	ออ	กง	N	-	classical
ออ|กง	ลองส์	ออ	กง	-	ออ	กา	Y	karun	dict
ออ|กง	ล่อง	ออ	กง	-	ออ	กง	N	-	classical
ออ|กง	ว่อง	ออ	กง	-	ออ	กง	N	-	classical
ออ|กง	สยอง	ออ	กง	-	ออ	กง	N	-	classical
ออ|กง	ส่อง	ออ	กง	-	ออ	กง	N	-	classical
ออ|กง	หง่อง	ออ	กง	-	ออ	กง	N	-	classical
ออ|กง	หง๋อง	ออ	กง	-	ออ	กง	N	-	dict
ออ|กง	หมอง	ออ	กง	-	ออ	กง	N	-	classical
ออ|กง	หยอง	ออ	กง	-	ออ	กง	N	-	classical
ออ|กง	หอง	ออ	กง	-	ออ	กง	N	-	classical
ออ|กง	ห้อง	ออ	กง	-	ออ	กง	N	-	classical
ออ|กง	อล่อง	ออ	กง	-	ออ	กง	N	-	classical
ออ|กง	ออง	ออ	กง	-	ออ	กง	N	-	classical
ออ|กด	กรอด	ออ	กด	-	ออ	กด	N	-	classical
ออ|กด	กลอร์ด	ออ	กด	-	ออ	กด	N	karun	dict
ออ|กด	กอด	ออ	กด	-	ออ	กด	N	-	classical
ออ|กด	กอด์ด	ออ	กด	-	ออ	กด	N	karun	dict
ออ|กด	กอส	ออ	กด	-	ออ	กด	N	-	dict
ออ|กด	ก๊อซ	ออ	กด	-	ออ	กด	N	-	dict
ออ|กด	ก๊อด	ออ	กด	-	ออ	กด	N	-	dict
ออ|กด	ขอด	ออ	กด	-	ออ	กด	N	-	classical
ออ|กด	คลอด	ออ	กด	-	ออ	กด	N	-	classical
ออ|กด	คลอตซ์	ออ	กด	-	ออ	กา	Y	karun	dict
ออ|กด	คลอส	ออ	กด	-	ออ	กด	N	-	dict
ออ|กด	คล้อด	ออ	กด	-	ออ	กด	N	-	dict
ออ|กด	ควอต	ออ	กด	-	ออ	กด	N	-	dict
ออ|กด	ควอทซ์	ออ	กด	-	ออ	กา	Y	karun	dict
ออ|กด	คอตต์	ออ	กด	-	ออ	กา	Y	karun	dict
ออ|กด	คอยส์ส	ออ	กด	-	ออ	กด	N	karun	dict
ออ|กด	คอร์ด	ออ	กด	-	ออ	กด	N	karun	dict
ออ|กด	คอร์ส	ออ	กด	-	ออ	กด	N	karun	dict
ออ|กด	คอส	ออ	กด	-	ออ	กด	N	-	dict
ออ|กด	จอด	ออ	กด	-	ออ	กด	N	-	classical
ออ|กด	จอร์จ	ออ	กด	-	ออ	กด	N	karun	dict
ออ|กด	จอว์ส	ออ	กด	-	ออ	กด	N	karun	dict
ออ|กด	จ๊อด	ออ	กด	-	ออ	กด	N	-	dict
ออ|กด	ซอด	ออ	กด	-	ออ	กด	N	-	dict
ออ|กด	ซอส	ออ	กด	-	ออ	กด	N	-	dict
ออ|กด	ซ้อส	ออ	กด	-	ออ	กด	N	-	dict
ออ|กด	ดอต	ออ	กด	-	ออ	กด	N	-	dict
ออ|กด	ดอตต์	ออ	กด	-	ออ	กา	Y	karun	dict
ออ|กด	นอต	ออ	กด	-	ออ	กด	N	-	dict
ออ|กด	บอด	ออ	กด	-	ออ	กด	N	-	classical
ออ|กด	บอส	ออ	กด	-	ออ	กด	N	-	dict
ออ|กด	ปรอด	ออ	กด	-	ออ	กด	N	-	classical
ออ|กด	ปรอท	ออ	กด	-	ออ	กด	N	-	classical
ออ|กด	ปลอด	ออ	กด	-	ออ	กด	N	-	classical
ออ|กด	ปอด	ออ	กด	-	ออ	กด	N	-	classical
ออ|กด	พอท	ออ	กด	-	ออ	กด	N	-	dict
ออ|กด	พอร์ต	ออ	กด	-	ออ	กด	N	karun	dict
ออ|กด	พอร์ท	ออ	กด	-	ออ	กด	N	karun	dict
ออ|กด	พอว์ส	ออ	กด	-	ออ	กด	N	karun	dict
ออ|กด	พอส	ออ	กด	-	ออ	กด	N	-	dict
ออ|กด	ฟอร์ด	ออ	กด	-	ออ	กด	N	karun	dict
ออ|กด	มอด	ออ	กด	-	ออ	กด	N	-	classical
ออ|กด	มอสส์	ออ	กด	-	ออ	กา	Y	karun	dict
ออ|กด	ยอชต์	ออ	กด	-	ออ	กา	Y	karun	dict
ออ|กด	ยอร์จ	ออ	กด	-	ออ	กด	N	karun	dict
ออ|กด	ยอร์ต	ออ	กด	-	ออ	กด	N	karun	dict
ออ|กด	รอด	ออ	กด	-	ออ	กด	N	-	classical
ออ|กด	รอดท์	ออ	กด	-	ออ	กา	Y	karun	dict
ออ|กด	รอต	ออ	กด	-	ออ	กด	N	-	dict
ออ|กด	รอตต์	ออ	กด	-	ออ	กา	Y	karun	dict
ออ|กด	รอสส์	ออ	กด	-	ออ	กา	Y	karun	dict
ออ|กด	สควอช	ออ	กด	-	ออ	กด	N	-	dict
ออ|กด	สปอร์ต	ออ	กด	-	ออ	กด	N	karun	dict
ออ|กด	สลอด	ออ	กด	-	ออ	กด	N	-	dict
ออ|กด	สอด	ออ	กด	-	ออ	กด	N	-	classical
ออ|กด	สอร์ต	ออ	กด	-	ออ	กด	N	karun	dict
ออ|กด	หยอด	ออ	กด	-	ออ	กด	N	-	classical
ออ|กด	หวอด	ออ	กด	-	ออ	กด	N	-	classical
ออ|กด	ออด	ออ	กด	-	ออ	กด	N	-	classical
ออ|กด	ออส	ออ	กด	-	ออ	กด	N	-	dict
ออ|กด	ฮอด	ออ	กด	-	ออ	กด	N	-	classical
ออ|กน	กร	ออ	กน	-	ออ	กน	N	-	classical
ออ|กน	กรณ์	ออ	กน	-	ออ	กก	Y	karun	classical
ออ|กน	กรม์	ออ	กน	-	ออ	กก	Y	karun	dict
ออ|กน	กล้อน	ออ	กน	-	ออ	กน	N	-	classical
ออ|กน	ขร	ออ	กน	-	ออ	กน	N	-	classical
ออ|กน	คร	ออ	กน	-	ออ	กน	N	-	classical
ออ|กน	ครอน	ออ	กน	-	ออ	กน	N	-	dict
ออ|กน	ควอน	ออ	กน	-	ออ	กน	N	-	dict
ออ|กน	ควอล	ออ	กน	-	ออ	กน	N	-	dict
ออ|กน	คอน	ออ	กน	-	ออ	กน	N	-	classical
ออ|กน	คอนส์	ออ	กน	-	ออ	กา	Y	karun	dict
ออ|กน	คอร์น	ออ	กน	-	ออ	กน	N	karun	dict
ออ|กน	คอล	ออ	กน	-	ออ	กน	N	-	dict
ออ|กน	ง่อน	ออ	กน	-	ออ	กน	N	-	classical
ออ|กน	จร	ออ	กน	-	ออ	กน	N	-	classical
ออ|กน	จอนห์	ออ	กน	-	ออ	กา	Y	karun	dict
ออ|กน	ซ้อน	ออ	กน	-	ออ	กน	N	-	classical
ออ|กน	ดร	ออ	กน	-	ออ	กน	N	-	classical
ออ|กน	ดอล	ออ	กน	-	ออ	กน	N	-	classical
ออ|กน	ตอลส์	ออ	กน	-	ออ	กา	Y	karun	dict
ออ|กน	ทร	ออ	กน	-	ออ	กด	Y	-	classical
ออ|กน	ธร	ออ	กน	-	ออ	กน	N	-	classical
ออ|กน	ธอน	ออ	กน	-	ออ	กน	N	-	dict
ออ|กน	นร	ออ	กน	-	ออ	กน	N	-	classical
ออ|กน	บวร	ออ	กน	-	อัว	กน	Y	-	classical
ออ|กน	บอนน์	ออ	กน	-	ออ	กา	Y	karun	dict
ออ|กน	บอล	ออ	กน	-	ออ	กน	N	-	classical
ออ|กน	บ่อน	ออ	กน	-	ออ	กน	N	-	classical
ออ|กน	ปร	ออ	กน	-	ออ	กน	N	-	classical
ออ|กน	ปอนด์	ออ	กน	-	ออ	กา	Y	karun	dict
ออ|กน	ผ่อน	ออ	กน	-	ออ	กน	N	-	classical
ออ|กน	พร	ออ	กน	-	ออ	กน	N	-	classical
ออ|กน	พอน	ออ	กน	-	ออ	กน	N	-	classical
ออ|กน	พอล	ออ	กน	-	ออ	กน	N	-	dict
ออ|กน	ฟอน	ออ	กน	-	ออ	กน	N	-	classical
ออ|กน	ฟอนต์	ออ	กน	-	ออ	กา	Y	karun	dict
ออ|กน	ภมร	ออ	กน	-	ออ	กน	N	-	classical
ออ|กน	ภรณ์	ออ	กน	-	ออ	กบ	Y	karun	classical
ออ|กน	มอนส์	ออ	กน	-	ออ	กา	Y	karun	dict
ออ|กน	มอลล์	ออ	กน	-	ออ	กา	Y	karun	dict
ออ|กน	รอนด์	ออ	กน	-	ออ	กา	Y	karun	dict
ออ|กน	ลอน	ออ	กน	-	ออ	กน	N	-	classical
ออ|กน	ลอนช์	ออ	กน	-	ออ	กา	Y	karun	dict
ออ|กน	วร	ออ	กน	-	อัว	กน	Y	-	classical
ออ|กน	วรณ์	ออ	กน	-	อัว	เกอว	Y	karun	classical
ออ|กน	วอลล์	ออ	กน	-	ออ	กา	Y	karun	dict
ออ|กน	ษร	ออ	กน	-	ออ	กน	N	-	classical
ออ|กน	สปอน	ออ	กน	-	ออ	กน	N	-	dict
ออ|กน	สมร	ออ	กน	-	ออ	กน	N	-	classical
ออ|กน	สวอน	ออ	กน	-	ออ	กน	N	-	dict
ออ|กน	สอน	ออ	กน	-	ออ	กน	N	-	classical
ออ|กน	หนอน	ออ	กน	-	ออ	กน	N	-	classical
ออ|กน	หมอน	ออ	กน	-	ออ	กน	N	-	classical
ออ|กน	หม่อน	ออ	กน	-	ออ	กน	N	-	classical
ออ|กน	หร	ออ	กน	-	ออ	กน	N	-	classical
ออ|กน	หรณ์	ออ	กน	-	ออ	Cant find Marttra in this word	Y	karun	classical
ออ|กน	ออน	ออ	กน	-	ออ	กน	N	-	classical
ออ|กน	ออนซ์	ออ	กน	-	ออ	กา	Y	karun	dict
ออ|กน	ฮอน	ออ	กน	-	ออ	กน	N	-	dict
ออ|กน	ฮอร์น	ออ	กน	-	ออ	กน	N	karun	dict
ออ|กน	ฮอล	ออ	กน	-	ออ	กน	N	-	dict
ออ|กน	ฮอลล์	ออ	กน	-	ออ	กา	Y	karun	dict
ออ|กบ	กรอบ	ออ	กบ	-	ออ	กบ	N	-	classical
ออ|กบ	กอบ	ออ	กบ	-	ออ	กบ	N	-	classical
ออ|กบ	กอล์ฟ	ออ	กบ	-	ออ	กบ	N	karun	dict
ออ|กบ	ก๊อบ	ออ	กบ	-	ออ	กบ	N	-	dict
ออ|กบ	ก๊อป	ออ	กบ	-	ออ	กบ	N	-	dict
ออ|กบ	ขอบ	ออ	กบ	-	ออ	กบ	N	-	classical
ออ|กบ	ครอบ	ออ	กบ	-	ออ	กบ	N	-	classical
ออ|กบ	ครอฟต์	ออ	กบ	-	ออ	กา	Y	karun	dict
ออ|กบ	คอบ	ออ	กบ	-	ออ	กบ	N	-	classical
ออ|กบ	คอป	ออ	กบ	-	ออ	กบ	N	-	dict
ออ|กบ	คอปส์	ออ	กบ	-	ออ	กา	Y	karun	dict
ออ|กบ	คอฟ	ออ	กบ	-	ออ	กบ	N	-	dict
ออ|กบ	คอฟต์	ออ	กบ	-	ออ	กา	Y	karun	dict
ออ|กบ	ค๊อฟ	ออ	กบ	-	ออ	กบ	N	-	dict
ออ|กบ	งอบ	ออ	กบ	-	ออ	กบ	N	-	dict
ออ|กบ	จอบ	ออ	กบ	-	ออ	กบ	N	-	classical
ออ|กบ	จ๊อบ	ออ	กบ	-	ออ	กบ	N	-	dict
ออ|กบ	ชอบ	ออ	กบ	-	ออ	กบ	N	-	classical
ออ|กบ	ชอป	ออ	กบ	-	ออ	กบ	N	-	dict
ออ|กบ	ชอฟ	ออ	กบ	-	ออ	กบ	N	-	dict
ออ|กบ	ช้อบ	ออ	กบ	-	ออ	กบ	N	-	dict
ออ|กบ	ช้อป	ออ	กบ	-	ออ	กบ	N	-	dict
ออ|กบ	ช๊อป	ออ	กบ	-	ออ	กบ	N	-	dict
ออ|กบ	ซอพ	ออ	กบ	-	ออ	กบ	N	-	dict
ออ|กบ	ซอฟ	ออ	กบ	-	ออ	กบ	N	-	dict
ออ|กบ	ซอฟต์	ออ	กบ	-	ออ	กา	Y	karun	dict
ออ|กบ	ซอฟท์	ออ	กบ	-	ออ	กา	Y	karun	dict
ออ|กบ	ซอฟฟ์	ออ	กบ	-	ออ	กา	Y	karun	dict
ออ|กบ	ดอร์ฟ	ออ	กบ	-	ออ	กบ	N	karun	dict
ออ|กบ	ตอบ	ออ	กบ	-	ออ	กบ	N	-	classical
ออ|กบ	ตอฟ	ออ	กบ	-	ออ	กบ	N	-	dict
ออ|กบ	ต๊อบ	ออ	กบ	-	ออ	กบ	N	-	dict
ออ|กบ	ถอบ	ออ	กบ	-	ออ	กบ	N	-	dict
ออ|กบ	ทอฟ	ออ	กบ	-	ออ	กบ	N	-	dict
ออ|กบ	นอบ	ออ	กบ	-	ออ	กบ	N	-	classical
ออ|กบ	บอบ	ออ	กบ	-	ออ	กบ	N	-	classical
ออ|กบ	บ๊อบ	ออ	กบ	-	ออ	กบ	N	-	dict
ออ|กบ	ปลอบ	ออ	กบ	-	ออ	กบ	N	-	classical
ออ|กบ	ปอบ	ออ	กบ	-	ออ	กบ	N	-	classical
ออ|กบ	ผอบ	ออ	กบ	-	ออ	กบ	N	-	classical
ออ|กบ	พร๊อพ	ออ	กบ	-	ออ	กบ	N	-	dict
ออ|กบ	มอบ	ออ	กบ	-	ออ	กบ	N	-	classical
ออ|กบ	มอฟ	ออ	กบ	-	ออ	กบ	N	-	dict
ออ|กบ	ยอบ	ออ	กบ	-	ออ	กบ	N	-	classical
ออ|กบ	รอบ	ออ	กบ	-	ออ	กบ	N	-	classical
ออ|กบ	รอฟ	ออ	กบ	-	ออ	กบ	N	-	dict
ออ|กบ	รอฟฟ์	ออ	กบ	-	ออ	กา	Y	karun	dict
ออ|กบ	ลอบ	ออ	กบ	-	ออ	กบ	N	-	classical
ออ|กบ	สต๊อป	ออ	กบ	-	ออ	กบ	N	-	dict
ออ|กบ	สอบ	ออ	กบ	-	ออ	กบ	N	-	classical
ออ|กบ	หมอบ	ออ	กบ	-	ออ	กบ	N	-	classical
ออ|กบ	หรอบ	ออ	กบ	-	ออ	กบ	N	-	dict
ออ|กบ	หอบ	ออ	กบ	-	ออ	กบ	N	-	classical
ออ|กบ	ออบ	ออ	กบ	-	ออ	กบ	N	-	dict
ออ|กบ	ออพ	ออ	กบ	-	ออ	กบ	N	-	dict
ออ|กบ	ออฟ	ออ	กบ	-	ออ	กบ	N	-	dict
ออ|กบ	ฮอพ	ออ	กบ	-	ออ	กบ	N	-	dict
ออ|กบ	ฮอฟ	ออ	กบ	-	ออ	กบ	N	-	dict
ออ|กม	กรอม	ออ	กม	-	ออ	กม	N	-	classical
ออ|กม	กล่อม	ออ	กม	-	ออ	กม	N	-	classical
ออ|กม	กล้อม	ออ	กม	-	ออ	กม	N	-	classical
ออ|กม	ขม่อม	ออ	กม	-	ออ	กม	N	-	classical
ออ|กม	คร่อม	ออ	กม	-	ออ	กม	N	-	classical
ออ|กม	คอม	ออ	กม	-	ออ	กม	N	-	classical
ออ|กม	คอมพ์	ออ	กม	-	ออ	กา	Y	karun	dict
ออ|กม	คอมม์	ออ	กม	-	ออ	กา	Y	karun	dict
ออ|กม	คอล์ม	ออ	กม	-	ออ	กม	N	karun	dict
ออ|กม	ค่อม	ออ	กม	-	ออ	กม	N	-	classical
ออ|กม	ค้อม	ออ	กม	-	ออ	กม	N	-	classical
ออ|กม	งอม	ออ	กม	-	ออ	กม	N	-	classical
ออ|กม	จอม	ออ	กม	-	ออ	กม	N	-	classical
ออ|กม	จ่อม	ออ	กม	-	ออ	กม	N	-	classical
ออ|กม	จ้อม	ออ	กม	-	ออ	กม	N	-	dict
ออ|กม	จ๊อม	ออ	กม	-	ออ	กม	N	-	dict
ออ|กม	ชอม	ออ	กม	-	ออ	กม	N	-	classical
ออ|กม	ซอม	ออ	กม	-	ออ	กม	N	-	dict
ออ|กม	ซ้อม	ออ	กม	-	ออ	กม	N	-	classical
ออ|กม	ฎอม	ออ	กม	-	ออ	กม	N	-	dict
ออ|กม	ดอม	ออ	กม	-	ออ	กม	N	-	classical
ออ|กม	ด้อม	ออ	กม	-	ออ	กม	N	-	classical
ออ|กม	ตรอม	ออ	กม	-	ออ	กม	N	-	classical
ออ|กม	ต้อม	ออ	กม	-	ออ	กม	N	-	dict
ออ|กม	ถนอม	ออ	กม	-	ออ	กม	N	-	classical
ออ|กม	ทรอม	ออ	กม	-	ออ	กม	N	-	dict
ออ|กม	ทอม	ออ	กม	-	ออ	กม	N	-	dict
ออ|กม	ท่อม	ออ	กม	-	ออ	กม	N	-	classical
ออ|กม	น้อม	ออ	กม	-	ออ	กม	N	-	classical
ออ|กม	บอม	ออ	กม	-	ออ	กม	N	-	classical
ออ|กม	บอมบ์	ออ	กม	-	ออ	กา	Y	karun	dict
ออ|กม	ปอม	ออ	กม	-	ออ	กม	N	-	classical
ออ|กม	ป้อม	ออ	กม	-	ออ	กม	N	-	classical
ออ|กม	ผอม	ออ	กม	-	ออ	กม	N	-	classical
ออ|กม	พร้อม	ออ	กม	-	ออ	กม	N	-	classical
ออ|กม	พลอม	ออ	กม	-	ออ	กม	N	-	dict
ออ|กม	พ้อม	ออ	กม	-	ออ	กม	N	-	classical
ออ|กม	ฟรอม	ออ	กม	-	ออ	กม	N	-	dict
ออ|กม	ฟอร์ม	ออ	กม	-	ออ	กม	N	karun	dict
ออ|กม	มอม	ออ	กม	-	ออ	กม	N	-	classical
ออ|กม	มอห์ม	ออ	กม	-	ออ	กม	N	karun	dict
ออ|กม	ม่อม	ออ	กม	-	ออ	กม	N	-	classical
ออ|กม	ยอม	ออ	กม	-	ออ	กม	N	-	classical
ออ|กม	ย่อม	ออ	กม	-	ออ	กม	N	-	classical
ออ|กม	ย้อม	ออ	กม	-	ออ	กม	N	-	classical
ออ|กม	รอม	ออ	กม	-	ออ	กม	N	-	classical
ออ|กม	ลอม	ออ	กม	-	ออ	กม	N	-	classical
ออ|กม	ล่อม	ออ	กม	-	ออ	กม	N	-	dict
ออ|กม	ล้อม	ออ	กม	-	ออ	กม	N	-	classical
ออ|กม	วอม	ออ	กม	-	ออ	กม	N	-	dict
ออ|กม	ส้อม	ออ	กม	-	ออ	กม	N	-	classical
ออ|กม	หง่อม	ออ	กม	-	ออ	กม	N	-	classical
ออ|กม	หม่อม	ออ	กม	-	ออ	กม	N	-	classical
ออ|กม	หย่อม	ออ	กม	-	ออ	กม	N	-	classical
ออ|กม	หลอม	ออ	กม	-	ออ	กม	N	-	classical
ออ|กม	หอม	ออ	กม	-	ออ	กม	N	-	classical
ออ|กม	ห้อม	ออ	กม	-	ออ	กม	N	-	classical
ออ|กม	ออม	ออ	กม	-	ออ	กม	N	-	classical
ออ|กม	อ่อม	ออ	กม	-	ออ	กม	N	-	classical
ออ|กม	อ้อม	ออ	กม	-	ออ	กม	N	-	classical
ออ|กม	ฮ่อม	ออ	กม	-	ออ	กม	N	-	dict
ออ|กา	กรอ	ออ	กา	-	ออ	กา	N	-	classical
ออ|กา	กร้อ	ออ	กา	-	Can't find Sara in this word	กา	Y	-	dict
ออ|กา	กลอ	ออ	กา	-	ออ	กา	N	-	dict
ออ|กา	กอร์	ออ	กา	-	โอะ	กก	Y	karun	dict
ออ|กา	ก่อ	ออ	กา	-	ออ	กา	N	-	classical
ออ|กา	ข่อ	ออ	กา	-	ออ	กา	N	-	dict
ออ|กา	ครอ	ออ	กา	-	ออ	กา	N	-	classical
ออ|กา	คร้อ	ออ	กา	-	Can't find Sara in this word	กา	Y	-	classical
ออ|กา	คลอ	ออ	กา	-	ออ	กา	N	-	classical
ออ|กา	คล่อ	ออ	กา	-	Can't find Sara in this word	กา	Y	-	dict
ออ|กา	ควอ	ออ	กา	-	อัว	กา	Y	-	dict
ออ|กา	คอ	ออ	กา	-	โอะ	กา	Y	-	classical
ออ|กา	คอว์	ออ	กา	-	โอะ	กก	Y	karun	dict
ออ|กา	ค้อ	ออ	กา	-	ออ	กา	N	-	dict
ออ|กา	ง้อ	ออ	กา	-	ออ	กา	N	-	classical
ออ|กา	จอ	ออ	กา	-	โอะ	กา	Y	-	classical
ออ|กา	จอร์	ออ	กา	-	โอะ	กด	Y	karun	dict
ออ|กา	จ๋อ	ออ	กา	-	ออ	กา	N	-	classical
ออ|กา	ฉ้อ	ออ	กา	-	ออ	กา	N	-	classical
ออ|กา	ชอร์	ออ	กา	-	โอะ	กด	Y	karun	dict
ออ|กา	ช่อ	ออ	กา	-	ออ	กา	N	-	classical
ออ|กา	ซอ	ออ	กา	-	โอะ	กา	Y	-	classical
ออ|กา	ซ้อ	ออ	กา	-	ออ	กา	N	-	classical
ออ|กา	ดรอว์	ออ	กา	-	ออ	กน	Y	karun	dict
ออ|กา	ดอร์	ออ	กา	-	โอะ	กด	Y	karun	dict
ออ|กา	ตร้อ	ออ	กา	-	Can't find Sara in this word	กา	Y	-	dict
ออ|กา	ต่อ	ออ	กา	-	ออ	กา	N	-	classical
ออ|กา	ทรอ	ออ	กา	-	ออ	กา	N	-	dict
ออ|กา	ท่อ	ออ	กา	-	ออ	กา	N	-	classical
ออ|กา	ท้อ	ออ	กา	-	ออ	กา	N	-	classical
ออ|กา	นอ	ออ	กา	-	โอะ	กา	Y	-	classical
ออ|กา	นอร์	ออ	กา	-	โอะ	กน	Y	karun	dict
ออ|กา	บอ	ออ	กา	-	โอะ	กา	Y	-	classical
ออ|กา	บอร์	ออ	กา	-	โอะ	กบ	Y	karun	dict
ออ|กา	บ่อ	ออ	กา	-	ออ	กา	N	-	classical
ออ|กา	ปลอ	ออ	กา	-	ออ	กา	N	-	dict
ออ|กา	ป้อ	ออ	กา	-	ออ	กา	N	-	classical
ออ|กา	ป๋อ	ออ	กา	-	ออ	กา	N	-	classical
ออ|กา	ฝ่อ	ออ	กา	-	ออ	กา	N	-	classical
ออ|กา	พอด์	ออ	กา	-	โอะ	กบ	Y	karun	dict
ออ|กา	พอร์	ออ	กา	-	โอะ	กบ	Y	karun	dict
ออ|กา	ฟลอร์	ออ	กา	-	ออ	กน	Y	karun	dict
ออ|กา	ฟอร์	ออ	กา	-	โอะ	กบ	Y	karun	dict
ออ|กา	มอร์	ออ	กา	-	โอะ	กม	Y	karun	dict
ออ|กา	ม่อ	ออ	กา	-	ออ	กา	N	-	dict
ออ|กา	ยอร์	ออ	กา	-	โอะ	เกย	Y	karun	dict
ออ|กา	รอ	ออ	กา	-	โอะ	กา	Y	-	classical
ออ|กา	รอร์	ออ	กา	-	โอะ	กน	Y	karun	dict
ออ|กา	ลอ	ออ	กา	-	โอะ	กา	Y	-	classical
ออ|กา	ลอว์	ออ	กา	-	โอะ	กน	Y	karun	dict
ออ|กา	ล่อ	ออ	กา	-	ออ	กา	N	-	classical
ออ|กา	ศอ	ออ	กา	-	โอะ	กา	Y	-	classical
ออ|กา	สอ	ออ	กา	-	โอะ	กา	Y	-	classical
ออ|กา	ส่อ	ออ	กา	-	ออ	กา	N	-	classical
ออ|กา	หน่อ	ออ	กา	-	Can't find Sara in this word	กา	Y	-	classical
ออ|กา	หม้อ	ออ	กา	-	Can't find Sara in this word	กา	Y	-	classical
ออ|กา	หวอ	ออ	กา	-	อัว	กา	Y	-	classical
ออ|กา	หอ	ออ	กา	-	โอะ	กา	Y	-	classical
ออ|กา	ห้อ	ออ	กา	-	ออ	กา	N	-	classical
ออ|กา	อ่อ	ออ	กา	-	ออ	กา	N	-	classical
ออ|กา	อ้อ	ออ	กา	-	ออ	กา	N	-	classical
ออ|เกย	กอย	ออ	เกย	-	ออ	เกย	N	-	dict
ออ|เกย	ก๋อย	ออ	เกย	-	ออ	เกย	N	-	dict
ออ|เกย	ข่อย	ออ	เกย	-	ออ	เกย	N	-	classical
ออ|เกย	คลอย	ออ	เกย	-	ออ	เกย	N	-	dict
ออ|เกย	คล้อย	ออ	เกย	-	ออ	เกย	N	-	classical
ออ|เกย	ควอยซ์	ออ	เกย	-	ออ	กา	Y	karun	dict
ออ|เกย	คอยซ์	ออ	เกย	-	ออ	กา	Y	karun	dict
ออ|เกย	ค่อย	ออ	เกย	-	ออ	เกย	N	-	classical
ออ|เกย	งอย	ออ	เกย	-	ออ	เกย	N	-	classical
ออ|เกย	ง่อย	ออ	เกย	-	ออ	เกย	N	-	classical
ออ|เกย	จอย	ออ	เกย	-	ออ	เกย	N	-	dict
ออ|เกย	จอยซ์	ออ	เกย	-	ออ	กา	Y	karun	dict
ออ|เกย	จอยส์	ออ	เกย	-	ออ	กา	Y	karun	dict
ออ|เกย	จ้อย	ออ	เกย	-	ออ	เกย	N	-	classical
ออ|เกย	จ๊อย	ออ	เกย	-	ออ	เกย	N	-	dict
ออ|เกย	จ๋อย	ออ	เกย	-	ออ	เกย	N	-	classical
ออ|เกย	ฉ่อย	ออ	เกย	-	ออ	เกย	N	-	dict
ออ|เกย	ชม้อย	ออ	เกย	-	ออ	เกย	N	-	classical
ออ|เกย	ชอย	ออ	เกย	-	ออ	เกย	N	-	dict
ออ|เกย	ช้อยส์	ออ	เกย	-	ออ	กา	Y	karun	dict
ออ|เกย	ดอย	ออ	เกย	-	ออ	เกย	N	-	classical
ออ|เกย	ดอยช์	ออ	เกย	-	ออ	กา	Y	karun	dict
ออ|เกย	ดอยล์	ออ	เกย	-	ออ	กา	Y	karun	dict
ออ|เกย	ต่อย	ออ	เกย	-	ออ	เกย	N	-	classical
ออ|เกย	ต้อย	ออ	เกย	-	ออ	เกย	N	-	classical
ออ|เกย	ต๋อย	ออ	เกย	-	ออ	เกย	N	-	classical
ออ|เกย	ถอย	ออ	เกย	-	ออ	เกย	N	-	classical
ออ|เกย	ถ่อย	ออ	เกย	-	ออ	เกย	N	-	classical
ออ|เกย	ทรอย	ออ	เกย	-	ออ	เกย	N	-	dict
ออ|เกย	ทรอยต์	ออ	เกย	-	ออ	กา	Y	karun	dict
ออ|เกย	นอยส์	ออ	เกย	-	ออ	กา	Y	karun	dict
ออ|เกย	บ่อย	ออ	เกย	-	ออ	เกย	N	-	classical
ออ|เกย	ปรอย	ออ	เกย	-	ออ	เกย	N	-	classical
ออ|เกย	ปอย	ออ	เกย	-	ออ	เกย	N	-	dict
ออ|เกย	พลอย	ออ	เกย	-	ออ	เกย	N	-	classical
ออ|เกย	พล่อย	ออ	เกย	-	ออ	เกย	N	-	classical
ออ|เกย	พ้อยต์	ออ	เกย	-	ออ	กา	Y	karun	dict
ออ|เกย	พ้อยท์	ออ	เกย	-	ออ	กา	Y	karun	dict
ออ|เกย	ฟอยด์	ออ	เกย	-	ออ	กา	Y	karun	dict
ออ|เกย	มอย	ออ	เกย	-	ออ	เกย	N	-	dict
ออ|เกย	ย่อย	ออ	เกย	-	ออ	เกย	N	-	classical
ออ|เกย	ย้อย	ออ	เกย	-	ออ	เกย	N	-	classical
ออ|เกย	รอย	ออ	เกย	-	ออ	เกย	N	-	classical
ออ|เกย	รอยค์	ออ	เกย	-	ออ	กา	Y	karun	dict
ออ|เกย	รอยซ์	ออ	เกย	-	ออ	กา	Y	karun	dict
ออ|เกย	รอยด์	ออ	เกย	-	ออ	กา	Y	karun	dict
ออ|เกย	รอยท์	ออ	เกย	-	ออ	กา	Y	karun	dict
ออ|เกย	ร่อย	ออ	เกย	-	ออ	เกย	N	-	classical
ออ|เกย	ร้อย	ออ	เกย	-	ออ	เกย	N	-	classical
ออ|เกย	ลอย	ออ	เกย	-	ออ	เกย	N	-	classical
ออ|เกย	ล่อย	ออ	เกย	-	ออ	เกย	N	-	classical
ออ|เกย	สร้อย	ออ	เกย	-	ออ	เกย	N	-	classical
ออ|เกย	หงอย	ออ	เกย	-	ออ	เกย	N	-	classical
ออ|เกย	หอย	ออ	เกย	-	ออ	เกย	N	-	classical
ออ|เกย	ห้อย	ออ	เกย	-	ออ	เกย	N	-	classical
ออ|เกย	อร่อย	ออ	เกย	-	ออ	เกย	N	-	classical
ออ|เกย	ออย	ออ	เกย	-	ออ	เกย	N	-	classical
ออ|เกย	ออยล์	ออ	เกย	-	ออ	กา	Y	karun	dict
ออ|เกย	อ่อย	ออ	เกย	-	ออ	เกย	N	-	classical
ออ|เกย	อ้อย	ออ	เกย	-	ออ	เกย	N	-	classical
ออ|เกย	อ๋อย	ออ	เกย	-	ออ	เกย	N	-	dict
อะ|กก	กลัก	อะ	กก	-	อะ	กก	N	-	classical
อะ|กก	กวัก	อะ	กก	-	อะ	กก	N	-	classical
อะ|กก	ขยัก	อะ	กก	-	อะ	กก	N	-	classical
อะ|กก	ขลัก	อะ	กก	-	อะ	กก	N	-	dict
อะ|กก	ขวัก	อะ	กก	-	อะ	กก	N	-	classical
อะ|กก	ขัค	อะ	กก	-	อะ	กก	N	-	dict
อะ|กก	จัก	อะ	กก	-	อะ	กก	N	-	classical
อะ|กก	จักร์	อะ	กก	-	อะ	กก	N	karun	dict
อะ|กก	จั๊ก	อะ	กก	-	อะ	กก	N	-	dict
อะ|กก	ฉัก	อะ	กก	-	อะ	กก	N	-	dict
อะ|กก	ฉัคร	อะ	กก	-	อะ	กน	Y	-	dict
อะ|กก	ชัก	อะ	กก	-	อะ	กก	N	-	classical
อะ|กก	ชั่ก	อะ	กก	-	อะ	กก	N	-	dict
อะ|กก	ซัค	อะ	กก	-	อะ	กก	N	-	dict
อะ|กก	ดัค	อะ	กก	-	อะ	กก	N	-	dict
อะ|กก	ตัก	อะ	กก	-	อะ	กก	N	-	classical
อะ|กก	ตักส์	อะ	กก	-	อะ	กก	N	karun	dict
อะ|กก	ตั้ก	อะ	กก	-	อะ	กก	N	-	dict
อะ|กก	ถัก	อะ	กก	-	อะ	กก	N	-	classical
อะ|กก	ทัก	อะ	กก	-	อะ	กก	N	-	classical
อะ|กก	บัก	อะ	กก	-	อะ	กก	N	-	classical
อะ|กก	ปรัก	อะ	กก	-	อะ	กก	N	-	classical
อะ|กก	ปลั๊ก	อะ	กก	-	อะ	กก	N	-	dict
อะ|กก	ปัก	อะ	กก	-	อะ	กก	N	-	classical
อะ|กก	ผลัก	อะ	กก	-	อะ	กก	N	-	classical
อะ|กก	ผัก	อะ	กก	-	อะ	กก	N	-	classical
อะ|กก	พยัก	อะ	กก	-	อะ	กก	N	-	classical
อะ|กก	พลั่ก	อะ	กก	-	อะ	กก	N	-	dict
อะ|กก	พักตร์	อะ	กก	-	อะ	กก	N	karun	classical
อะ|กก	พักต์	อะ	กก	-	อะ	กก	N	karun	dict
อะ|กก	ฟัก	อะ	กก	-	อะ	กก	N	-	classical
อะ|กก	ภักษ์	อะ	กก	-	อะ	กก	N	karun	classical
อะ|กก	ภัค	อะ	กก	-	อะ	กก	N	-	dict
อะ|กก	ภัคน์	อะ	กก	-	อะ	กก	N	karun	dict
อะ|กก	มัค	อะ	กก	-	อะ	กก	N	-	dict
อะ|กก	มัฆ	อะ	กก	-	อะ	กก	N	-	classical
อะ|กก	รัก	อะ	กก	-	อะ	กก	N	-	classical
อะ|กก	รักข์	อะ	กก	-	อะ	กก	N	karun	dict
อะ|กก	รักษณ์	อะ	กก	-	อะ	กก	N	karun	dict
อะ|กก	รักษ์	อะ	กก	-	อะ	กก	N	karun	classical
อะ|กก	รัค	อะ	กก	-	อะ	กก	N	-	dict
อะ|กก	ลัก	อะ	กก	-	อะ	กก	N	-	classical
อะ|กก	ลักษ์	อะ	กก	-	อะ	กก	N	karun	dict
อะ|กก	วยัคฆ์	อะ	กก	-	อะ	กก	N	karun	dict
อะ|กก	วรรค	อะ	กก	-	อะ	กก	N	-	dict
อะ|กก	วัค	อะ	กก	-	อะ	กก	N	-	dict
อะ|กก	ศักดิ์	อะ	กก	-	อะ	กก	N	karun	classical
อะ|กก	สมัคร	อะ	กก	-	อะ	กน	Y	-	classical
อะ|กก	สลัก	อะ	กก	-	อะ	กก	N	-	classical
อะ|กก	สัก	อะ	กก	-	อะ	กก	N	-	classical
อะ|กก	สักข์	อะ	กก	-	อะ	กก	N	karun	dict
อะ|กก	สังฆ	อะ	กก	-	อะ	กก	N	-	classical
อะ|กก	หนัก	อะ	กก	-	อะ	กก	N	-	classical
อะ|กก	หภัก	อะ	กก	-	อะ	กก	N	-	dict
อะ|กก	หมัก	อะ	กก	-	อะ	กก	N	-	classical
อะ|กก	หยัก	อะ	กก	-	อะ	กก	N	-	classical
อะ|กก	หลัก	อะ	กก	-	อะ	กก	N	-	classical
อะ|กก	อรรค	อะ	กก	-	อะ	กก	N	-	classical
อะ|กก	อัก	อะ	กก	-	อะ	กก	N	-	classical
อะ|กก	อัค	อะ	กก	-	อะ	กก	N	-	classical
อะ|กก	อัคร	อะ	กก	-	อะ	กน	Y	-	classical
อะ|กง	กรัง	อะ	กง	-	อะ	กง	N	-	classical
อะ|กง	กรังด์	อะ	กง	-	อะ	กง	N	karun	dict
อะ|กง	ขมัง	อะ	กง	-	อะ	กง	N	-	dict
อะ|กง	ขลัง	อะ	กง	-	อะ	กง	N	-	classical
อะ|กง	ครัง	อะ	กง	-	อะ	กง	N	-	classical
อะ|กง	ครั่ง	อะ	กง	-	อะ	กง	N	-	classical
อะ|กง	ครั้ง	อะ	กง	-	อะ	กง	N	-	classical
อะ|กง	คลัง	อะ	กง	-	อะ	กง	N	-	classical
อะ|กง	คั่ง	อะ	กง	-	อะ	กง	N	-	classical
อะ|กง	ฆัง	อะ	กง	-	อะ	กง	N	-	classical
อะ|กง	งัง	อะ	กง	-	อะ	กง	N	-	classical
อะ|กง	งั่ง	อะ	กง	-	อะ	กง	N	-	classical
อะ|กง	จัง	อะ	กง	-	อะ	กง	N	-	classical
อะ|กง	จั้ง	อะ	กง	-	อะ	กง	N	-	dict
อะ|กง	ฉบัง	อะ	กง	-	อะ	กง	N	-	dict
อะ|กง	ฉมัง	อะ	กง	-	อะ	กง	N	-	classical
อะ|กง	ซัง	อะ	กง	-	อะ	กง	N	-	classical
อะ|กง	ซั้ง	อะ	กง	-	อะ	กง	N	-	dict
อะ|กง	ตรัง	อะ	กง	-	อะ	กง	N	-	classical
อะ|กง	ตรังค์	อะ	กง	-	อะ	กง	N	karun	dict
อะ|กง	ตังค์	อะ	กง	-	อะ	กง	N	karun	dict
อะ|กง	ตั่ง	อะ	กง	-	อะ	กง	N	-	classical
อะ|กง	ถัง	อะ	กง	-	อะ	กง	N	-	classical
อะ|กง	นัง	อะ	กง	-	อะ	กง	N	-	classical
อะ|กง	นั้ง	อะ	กง	-	อะ	กง	N	-	dict
อะ|กง	บัง	อะ	กง	-	อะ	กง	N	-	classical
อะ|กง	บั้ง	อะ	กง	-	อะ	กง	N	-	classical
อะ|กง	ปรัง	อะ	กง	-	อะ	กง	N	-	classical
อะ|กง	ปัง	อะ	กง	-	อะ	กง	N	-	classical
อะ|กง	ปั๋ง	อะ	กง	-	อะ	กง	N	-	classical
อะ|กง	ฝั่ง	อะ	กง	-	อะ	กง	N	-	classical
อะ|กง	พนัง	อะ	กง	-	อะ	กง	N	-	dict
อะ|กง	พลัง	อะ	กง	-	อะ	กง	N	-	dict
อะ|กง	พลั้ง	อะ	กง	-	อะ	กง	N	-	classical
อะ|กง	พั้ง	อะ	กง	-	อะ	กง	N	-	dict
อะ|กง	ฟรัง	อะ	กง	-	อะ	กง	N	-	dict
อะ|กง	ฟังก์	อะ	กง	-	อะ	กง	N	karun	dict
อะ|กง	ฟังค์	อะ	กง	-	อะ	กง	N	karun	dict
อะ|กง	มัง	อะ	กง	-	อะ	กง	N	-	classical
อะ|กง	ยัง	อะ	กง	-	อะ	กง	N	-	classical
อะ|กง	ยั้ง	อะ	กง	-	อะ	กง	N	-	classical
อะ|กง	รัง	อะ	กง	-	อะ	กง	N	-	classical
อะ|กง	รั้ง	อะ	กง	-	อะ	กง	N	-	classical
อะ|กง	ลัง	อะ	กง	-	อะ	กง	N	-	classical
อะ|กง	วัง	อะ	กง	-	อะ	กง	N	-	classical
อะ|กง	วังก์	อะ	กง	-	อะ	กง	N	karun	dict
อะ|กง	สัง	อะ	กง	-	อะ	กง	N	-	classical
อะ|กง	สั่ง	อะ	กง	-	อะ	กง	N	-	classical
อะ|กง	หนัง	อะ	กง	-	อะ	กง	N	-	classical
อะ|กง	หมั่ง	อะ	กง	-	อะ	กง	N	-	dict
อะ|กง	หยัง	อะ	กง	-	อะ	กง	N	-	classical
อะ|กง	หยั่ง	อะ	กง	-	อะ	กง	N	-	classical
อะ|กง	หลั่ง	อะ	กง	-	อะ	กง	N	-	classical
อะ|กง	หวั่ง	อะ	กง	-	อะ	กง	N	-	dict
อะ|กง	หัง	อะ	กง	-	อะ	กง	N	-	classical
อะ|กง	ฬังค์	อะ	กง	-	อะ	กง	N	karun	dict
อะ|กง	อลัง	อะ	กง	-	อะ	กง	N	-	classical
อะ|กง	อหัง	อะ	กง	-	อะ	กง	N	-	classical
อะ|กง	อัง	อะ	กง	-	อะ	กง	N	-	classical
อะ|กง	อังค์	อะ	กง	-	อะ	กง	N	karun	dict
อะ|กง	ฮั่ง	อะ	กง	-	อะ	กง	N	-	dict
อะ|กด	กษัต	อะ	กด	-	อะ	กด	N	-	classical
อะ|กด	ขจัด	อะ	กด	-	อะ	กด	N	-	classical
อะ|กด	ขนัด	อะ	กด	-	อะ	กด	N	-	classical
อะ|กด	ขัด	อะ	กด	-	อะ	กด	N	-	classical
อะ|กด	คลัตช์	อะ	กด	-	อะ	กด	N	karun	dict
อะ|กด	คัช	อะ	กด	-	อะ	กด	N	-	dict
อะ|กด	คัด	อะ	กด	-	อะ	กด	N	-	classical
อะ|กด	จันทน์	อะ	กด	-	อะ	กน	Y	karun	classical
อะ|กด	ฉวัด	อะ	กด	-	อะ	กด	N	-	classical
อะ|กด	ฉัต	อะ	กด	-	อะ	กด	N	-	dict
อะ|กด	ชนัตถ์	อะ	กด	-	อะ	กด	N	karun	dict
อะ|กด	ญัต	อะ	กด	-	อะ	กด	N	-	dict
อะ|กด	ญัติ	อะ	กด	-	ไอ	กา	Y	-	classical
อะ|กด	ดัตช์	อะ	กด	-	อะ	กด	N	karun	dict
อะ|กด	ตัด	อะ	กด	-	อะ	กด	N	-	classical
อะ|กด	ทรรศน์	อะ	กด	-	อะ	กน	Y	karun	dict
อะ|กด	ทัต	อะ	กด	-	อะ	กด	N	-	classical
อะ|กด	นัฐ	อะ	กด	-	อะ	กด	N	-	dict
อะ|กด	บัซซ์	อะ	กด	-	อะ	กด	N	karun	dict
อะ|กด	บัต	อะ	กด	-	อะ	กด	N	-	dict
อะ|กด	บัส	อะ	กด	-	อะ	กด	N	-	dict
อะ|กด	ปรัต	อะ	กด	-	อะ	กด	N	-	dict
อะ|กด	ปัตย์	อะ	กด	-	อะ	กด	N	karun	dict
อะ|กด	พรรดิ	อะ	กด	-	อะ	กา	Y	-	classical
อะ|กด	พัช	อะ	กด	-	อะ	กด	N	-	classical
อะ|กด	พัด	อะ	กด	-	อะ	กด	N	-	classical
อะ|กด	พัตต์	อะ	กด	-	อะ	กด	N	karun	dict
อะ|กด	พัทธ	อะ	กด	-	อะ	กด	N	-	classical
อะ|กด	พันธน์	อะ	กด	-	อะ	กน	Y	karun	dict
อะ|กด	พัศ	อะ	กด	-	อะ	กด	N	-	classical
อะ|กด	พัสตร์	อะ	กด	-	อะ	กด	N	karun	classical
อะ|กด	ฟัด	อะ	กด	-	อะ	กด	N	-	classical
อะ|กด	ฟัต	อะ	กด	-	อะ	กด	N	-	dict
อะ|กด	ภัตต์	อะ	กด	-	อะ	กด	N	karun	dict
อะ|กด	ภัทท์	อะ	กด	-	อะ	กด	N	karun	dict
อะ|กด	ภัศร์	อะ	กด	-	อะ	กด	N	karun	dict
อะ|กด	ภัส	อะ	กด	-	อะ	กด	N	-	classical
อะ|กด	ยัสย์	อะ	กด	-	อะ	กด	N	karun	dict
อะ|กด	รหัส	อะ	กด	-	อะ	กด	N	-	classical
อะ|กด	รัชฏ์	อะ	กด	-	อะ	กด	N	karun	dict
อะ|กด	รัธ	อะ	กด	-	อะ	กด	N	-	dict
อะ|กด	รัศ	อะ	กด	-	อะ	กด	N	-	dict
อะ|กด	รัศมิ์	อะ	กด	-	อะ	กด	N	karun	dict
อะ|กด	ลัช	อะ	กด	-	อะ	กด	N	-	classical
อะ|กด	วรรชย์	อะ	กด	-	อะ	กน	Y	karun	dict
อะ|กด	วัตน์	อะ	กด	-	อะ	กด	N	karun	dict
อะ|กด	ษัชย์	อะ	กด	-	อะ	กด	N	karun	dict
อะ|กด	ษัตร	อะ	กด	-	อะ	กด	N	-	dict
อะ|กด	สลัด	อะ	กด	-	อะ	กด	N	-	classical
อะ|กด	สวัด	อะ	กด	-	อะ	กด	N	-	dict
อะ|กด	สัด	อะ	กด	-	อะ	กด	N	-	classical
อะ|กด	สัตย์	อะ	กด	-	อะ	กด	N	karun	classical
อะ|กด	สัตว์	อะ	กด	-	อะ	กด	N	karun	classical
อะ|กด	สัท	อะ	กด	-	อะ	กด	N	-	dict
อะ|กด	หนัด	อะ	กด	-	อะ	กด	N	-	classical
อะ|กด	หยัด	อะ	กด	-	อะ	กด	N	-	classical
อะ|กด	หัตถ์	อะ	กด	-	อะ	กด	N	karun	classical
อะ|กด	หัส	อะ	กด	-	อะ	กด	N	-	classical
อะ|กด	หัสถ์	อะ	กด	-	อะ	กด	N	karun	classical
อะ|กด	อัจ	อะ	กด	-	อะ	กด	N	-	classical
อะ|กด	อันธ	อะ	กด	-	อะ	กด	N	-	classical
อะ|กน	กรรฐ์	อะ	กน	-	อะ	กน	N	karun	dict
อะ|กน	กลั่น	อะ	กน	-	อะ	กน	N	-	classical
อะ|กน	กลั้น	อะ	กน	-	อะ	กน	N	-	classical
อะ|กน	กัณ	อะ	กน	-	อะ	Cant find Marttra in this word	Y	-	classical
อะ|กน	กัณฐ์	อะ	กน	-	อะ	Cant find Marttra in this word	Y	karun	classical
อะ|กน	กันซ์	อะ	กน	-	อะ	กน	N	karun	dict
อะ|กน	กันตร์	อะ	กน	-	อะ	กน	N	karun	dict
อะ|กน	กันต์	อะ	กน	-	อะ	กน	N	karun	classical
อะ|กน	ขมัน	อะ	กน	-	อะ	กน	N	-	classical
อะ|กน	ขยัน	อะ	กน	-	อะ	กน	N	-	classical
อะ|กน	ขวัญ	อะ	กน	-	อะ	กน	N	-	classical
อะ|กน	ควัน	อะ	กน	-	อะ	กน	N	-	classical
อะ|กน	คัร	อะ	กน	-	อะ	กน	N	-	dict
อะ|กน	คั้น	อะ	กน	-	อะ	กน	N	-	classical
อะ|กน	งั้น	อะ	กน	-	อะ	กน	N	-	dict
อะ|กน	จรัล	อะ	กน	-	อะ	กน	N	-	classical
อะ|กน	จัณ	อะ	กน	-	อะ	Cant find Marttra in this word	Y	-	classical
อะ|กน	จันท์	อะ	กน	-	อะ	กน	N	karun	classical
อะ|กน	จั้น	อะ	กน	-	อะ	กน	N	-	dict
อะ|กน	ชั่น	อะ	กน	-	อะ	กน	N	-	dict
อะ|กน	ชั่นส์	อะ	กน	-	อะ	กน	N	karun	dict
อะ|กน	ซัลส์	อะ	กน	-	อะ	กน	N	karun	dict
อะ|กน	ณันย์	อะ	กน	-	อะ	กน	N	karun	dict
อะ|กน	ถรรพ์	อะ	กน	-	อะ	กน	N	karun	classical
อะ|กน	ถวัลย์	อะ	กน	-	อะ	กน	N	karun	classical
อะ|กน	ทันต์	อะ	กน	-	อะ	กน	N	karun	classical
อะ|กน	นรร	อะ	กน	-	อะ	กน	N	-	classical
อะ|กน	นัน	อะ	กน	-	อะ	กน	N	-	classical
อะ|กน	บรร	อะ	กน	-	อะ	กน	N	-	classical
อะ|กน	บรรณ	อะ	กน	-	อะ	Cant find Marttra in this word	Y	-	classical
อะ|กน	บรั่น	อะ	กน	-	อะ	กน	N	-	classical
อะ|กน	บัน	อะ	กน	-	อะ	กน	N	-	classical
อะ|กน	บัล	อะ	กน	-	อะ	กน	N	-	classical
อะ|กน	บั้น	อะ	กน	-	อะ	กน	N	-	classical
อะ|กน	ปั้น	อะ	กน	-	อะ	กน	N	-	classical
อะ|กน	พนัญ	อะ	กน	-	อะ	กน	N	-	dict
อะ|กน	พยัญ	อะ	กน	-	อะ	กน	N	-	dict
อะ|กน	พัญ	อะ	กน	-	อะ	กน	N	-	classical
อะ|กน	พัฒน	อะ	กน	-	อะ	กน	N	-	classical
อะ|กน	พัลล์	อะ	กน	-	อะ	กน	N	karun	dict
อะ|กน	ฟัน	อะ	กน	-	อะ	กน	N	-	classical
อะ|กน	ภัณ	อะ	กน	-	อะ	Cant find Marttra in this word	Y	-	dict
อะ|กน	ภัณฑ์	อะ	กน	-	อะ	Cant find Marttra in this word	Y	karun	classical
อะ|กน	ภัณพ์	อะ	กน	-	อะ	Cant find Marttra in this word	Y	karun	dict
อะ|กน	มัล	อะ	กน	-	อะ	กน	N	-	classical
อะ|กน	ยรร	อะ	กน	-	อะ	กน	N	-	classical
อะ|กน	ยัญ	อะ	กน	-	อะ	กน	N	-	classical
อะ|กน	ยั้น	อะ	กน	-	อะ	กน	N	-	classical
อะ|กน	รันต์	อะ	กน	-	อะ	กน	N	karun	dict
อะ|กน	วลัญช์	อะ	กน	-	อะ	กน	N	karun	dict
อะ|กน	วัญฌ์	อะ	กน	-	อะ	กน	N	karun	dict
อะ|กน	วัฒน	อะ	กน	-	อะ	กน	N	-	dict
อะ|กน	วัณย์	อะ	กน	-	อะ	Cant find Marttra in this word	Y	karun	classical
อะ|กน	วัน	อะ	กน	-	อะ	กน	N	-	classical
อะ|กน	วัลย์	อะ	กน	-	อะ	กน	N	karun	classical
อะ|กน	สมัน	อะ	กน	-	อะ	กน	N	-	classical
อะ|กน	สมันต์	อะ	กน	-	อะ	กน	N	karun	dict
อะ|กน	สวรรค์	อะ	กน	-	อะ	กน	N	karun	classical
อะ|กน	สัน	อะ	กน	-	อะ	กน	N	-	classical
อะ|กน	หนั่น	อะ	กน	-	อะ	กน	N	-	classical
อะ|กน	หยัน	อะ	กน	-	อะ	กน	N	-	classical
อะ|กน	หัน	อะ	กน	-	อะ	กน	N	-	classical
อะ|กน	หั่น	อะ	กน	-	อะ	กน	N	-	classical
อะ|กน	อัน	อะ	กน	-	อะ	กน	N	-	classical
อะ|กน	อันท์	อะ	กน	-	อะ	กน	N	karun	dict
อะ|กบ	กัปน์	อะ	กบ	-	อะ	กบ	N	karun	dict
อะ|กบ	ขมับ	อะ	กบ	-	อะ	กบ	N	-	classical
อะ|กบ	ขยับ	อะ	กบ	-	อะ	กบ	N	-	classical
อะ|กบ	ขับ	อะ	กบ	-	อะ	กบ	N	-	classical
อะ|กบ	ครับ	อะ	กบ	-	อะ	กบ	N	-	classical
อะ|กบ	ครัพพ์	อะ	กบ	-	อะ	กบ	N	karun	dict
อะ|กบ	คลัพ	อะ	กบ	-	อะ	กบ	N	-	dict
อะ|กบ	คลัภย์	อะ	กบ	-	อะ	กบ	N	karun	dict
อะ|กบ	คับ	อะ	กบ	-	อะ	กบ	N	-	classical
อะ|กบ	คัพย์	อะ	กบ	-	อะ	กบ	N	karun	dict
อะ|กบ	คัฟ	อะ	กบ	-	อะ	กบ	N	-	dict
อะ|กบ	งับ	อะ	กบ	-	อะ	กบ	N	-	classical
อะ|กบ	จั๊บ	อะ	กบ	-	อะ	กบ	N	-	dict
อะ|กบ	ฉบับ	อะ	กบ	-	อะ	กบ	N	-	classical
อะ|กบ	ฉับ	อะ	กบ	-	อะ	กบ	N	-	classical
อะ|กบ	ฉัพ	อะ	กบ	-	อะ	กบ	N	-	dict
อะ|กบ	ชับ	อะ	กบ	-	อะ	กบ	N	-	classical
อะ|กบ	ซัป	อะ	กบ	-	อะ	กบ	N	-	dict
อะ|กบ	ซัพ	อะ	กบ	-	อะ	กบ	N	-	dict
อะ|กบ	ญัป	อะ	กบ	-	อะ	กบ	N	-	dict
อะ|กบ	ตรับ	อะ	กบ	-	อะ	กบ	N	-	classical
อะ|กบ	ตลับ	อะ	กบ	-	อะ	กบ	N	-	classical
อะ|กบ	ตับ	อะ	กบ	-	อะ	กบ	N	-	classical
อะ|กบ	ตัป	อะ	กบ	-	อะ	กบ	N	-	dict
อะ|กบ	ทรับ	อะ	กบ	-	อะ	กบ	N	-	dict
อะ|กบ	ทรัพย์	อะ	กบ	-	อะ	กบ	N	karun	classical
อะ|กบ	ทัพ	อะ	กบ	-	อะ	กบ	N	-	classical
อะ|กบ	นัป	อะ	กบ	-	อะ	กบ	N	-	dict
อะ|กบ	ปรับ	อะ	กบ	-	อะ	กบ	N	-	classical
อะ|กบ	ปัป	อะ	กบ	-	อะ	กบ	N	-	dict
อะ|กบ	ปั๊บ	อะ	กบ	-	อะ	กบ	N	-	dict
อะ|กบ	ผับ	อะ	กบ	-	อะ	กบ	N	-	classical
อะ|กบ	พับ	อะ	กบ	-	อะ	กบ	N	-	classical
อะ|กบ	ภัพ	อะ	กบ	-	อะ	กบ	N	-	classical
อะ|กบ	มับ	อะ	กบ	-	อะ	กบ	N	-	dict
อะ|กบ	ยับ	อะ	กบ	-	อะ	กบ	N	-	classical
อะ|กบ	ยั้บ	อะ	กบ	-	อะ	กบ	N	-	dict
อะ|กบ	รับ	อะ	กบ	-	อะ	กบ	N	-	classical
อะ|กบ	รัป	อะ	กบ	-	อะ	กบ	N	-	dict
อะ|กบ	รัฟ	อะ	กบ	-	อะ	กบ	N	-	dict
อะ|กบ	รัฟฟ์	อะ	กบ	-	อะ	กบ	N	karun	dict
อะ|กบ	ลับ	อะ	กบ	-	อะ	กบ	N	-	classical
อะ|กบ	ลัพธ์	อะ	กบ	-	อะ	กบ	N	karun	dict
อะ|กบ	ลัภย์	อะ	กบ	-	อะ	กบ	N	karun	dict
อะ|กบ	วับ	อะ	กบ	-	อะ	กบ	N	-	classical
อะ|กบ	ศัพท์	อะ	กบ	-	อะ	กบ	N	karun	classical
อะ|กบ	สตัฟฟ์	อะ	กบ	-	อะ	กบ	N	karun	dict
อะ|กบ	สรรพ	อะ	กบ	-	อะ	กบ	N	-	classical
อะ|กบ	สลับ	อะ	กบ	-	อะ	กบ	N	-	classical
อะ|กบ	สับ	อะ	กบ	-	อะ	กบ	N	-	classical
อะ|กบ	สัป	อะ	กบ	-	อะ	กบ	N	-	classical
อะ|กบ	สัพ	อะ	กบ	-	อะ	กบ	N	-	classical
อะ|กบ	หงับ	อะ	กบ	-	อะ	กบ	N	-	classical
อะ|กบ	หนับ	อะ	กบ	-	อะ	กบ	N	-	classical
อะ|กบ	หมับ	อะ	กบ	-	อะ	กบ	N	-	classical
อะ|กบ	หยับ	อะ	กบ	-	อะ	กบ	N	-	classical
อะ|กบ	หรับ	อะ	กบ	-	อะ	กบ	N	-	classical
อะ|กบ	หลับ	อะ	กบ	-	อะ	กบ	N	-	classical
อะ|กบ	หับ	อะ	กบ	-	อะ	กบ	N	-	classical
อะ|กบ	อับ	อะ	กบ	-	อะ	กบ	N	-	classical
อะ|กบ	อัฟ	อะ	กบ	-	อะ	กบ	N	-	dict
อะ|กา	กะ	อะ	กา	-	อะ	กา	N	-	classical
อะ|กา	ก๊ะ	อะ	กา	-	อะ	กา	N	-	dict
อะ|กา	ขณะ	อะ	กา	-	อะ	กา	N	-	classical
อะ|กา	ขยะ	อะ	กา	-	อะ	กา	N	-	classical
อะ|กา	ขะ	อะ	กา	-	อะ	กา	N	-	classical
อะ|กา	คละ	อะ	กา	-	อะ	กา	N	-	classical
อะ|กา	คะ	อะ	กา	-	อะ	กา	N	-	classical
อะ|กา	ฆะ	อะ	กา	-	อะ	กา	N	-	classical
อะ|กา	งะ	อะ	กา	-	อะ	กา	N	-	classical
อะ|กา	จ้ะ	อะ	กา	-	อะ	กา	N	-	classical
อะ|กา	ฉวะ	อะ	กา	-	อะ	กา	N	-	dict
อะ|กา	ชะ	อะ	กา	-	อะ	กา	N	-	classical
อะ|กา	ฌะ	อะ	กา	-	อะ	กา	N	-	dict
อะ|กา	ฎะ	อะ	กา	-	อะ	กา	N	-	dict
อะ|กา	ฏะ	อะ	กา	-	อะ	กา	N	-	dict
อะ|กา	ฐะ	อะ	กา	-	อะ	กา	N	-	classical
อะ|กา	ฑะ	อะ	กา	-	อะ	กา	N	-	dict
อะ|กา	ฒะ	อะ	กา	-	อะ	กา	N	-	dict
อะ|กา	ณะ	อะ	กา	-	อะ	กา	N	-	classical
อะ|กา	ดะห์	อะ	กา	-	อะ	กด	Y	karun	dict
อะ|กา	ตบะ	อะ	กา	-	อะ	กา	N	-	classical
อะ|กา	ตะ	อะ	กา	-	อะ	กา	N	-	classical
อะ|กา	ถวะ	อะ	กา	-	อะ	กา	N	-	dict
อะ|กา	ถะ	อะ	กา	-	อะ	กา	N	-	classical
อะ|กา	ทนะ	อะ	กา	-	อะ	กา	N	-	dict
อะ|กา	ทระ	อะ	กา	-	อะ	กา	N	-	dict
อะ|กา	ทะ	อะ	กา	-	อะ	กา	N	-	classical
อะ|กา	ธนะ	อะ	กา	-	อะ	กา	N	-	dict
อะ|กา	ธะ	อะ	กา	-	อะ	กา	N	-	classical
อะ|กา	นะ	อะ	กา	-	อะ	กา	N	-	classical
อะ|กา	บะ	อะ	กา	-	อะ	กา	N	-	classical
อะ|กา	ประ	อะ	กา	-	อะ	กา	N	-	classical
อะ|กา	ปละ	อะ	กา	-	อะ	กา	N	-	classical
อะ|กา	ผงะ	อะ	กา	-	อะ	กา	N	-	classical
อะ|กา	ฝะ	อะ	กา	-	อะ	กา	N	-	classical
อะ|กา	พระ	อะ	กา	-	อะ	กา	N	-	classical
อะ|กา	พละ	อะ	กา	-	อะ	กา	N	-	dict
อะ|กา	พะ	อะ	กา	-	อะ	กา	N	-	classical
อะ|กา	พ่ะ	อะ	กา	-	อะ	กา	N	-	dict
อะ|กา	ฟะ	อะ	กา	-	อะ	กา	N	-	dict
อะ|กา	ฟ่ะ	อะ	กา	-	อะ	กา	N	-	dict
อะ|กา	ภะ	อะ	กา	-	อะ	กา	N	-	dict
อะ|กา	ยะ	อะ	กา	-	อะ	กา	N	-	classical
อะ|กา	ยะห์	อะ	กา	-	อะ	เกย	Y	karun	dict
อะ|กา	รวะ	อะ	กา	-	อะ	กา	N	-	dict
อะ|กา	ระ	อะ	กา	-	อะ	กา	N	-	classical
อะ|กา	ล่ะ	อะ	กา	-	อะ	กา	N	-	classical
อะ|กา	วะ	อะ	กา	-	อะ	กา	N	-	classical
อะ|กา	ษะ	อะ	กา	-	อะ	กา	N	-	classical
อะ|กา	สนะ	อะ	กา	-	อะ	กา	N	-	classical
อะ|กา	สระ	อะ	กา	-	อะ	กา	N	-	classical
อะ|กา	สละ	อะ	กา	-	อะ	กา	N	-	classical
อะ|กา	สวะ	อะ	กา	-	อะ	กา	N	-	classical
อะ|กา	สะ	อะ	กา	-	อะ	กา	N	-	classical
อะ|กา	หยะ	อะ	กา	-	อะ	กา	N	-	dict
อะ|กา	หระ	อะ	กา	-	อะ	กา	N	-	classical
อะ|กา	หวะ	อะ	กา	-	อะ	กา	N	-	classical
อะ|กา	อะ	อะ	กา	-	อะ	กา	N	-	classical
อะ|กา	อ่ะ	อะ	กา	-	อะ	กา	N	-	dict
อะ|กา	อ๊ะ	อะ	กา	-	อะ	กา	N	-	dict
อะ|กา	ฮ่ะ	อะ	กา	-	อะ	กา	N	-	dict
อัว|กก	จ๊วก	อัว	กก	-	อัว	กก	N	-	dict
อัว|กก	ฉมวก	อัว	กก	-	อัว	กก	N	-	dict
อัว|กก	ดวก	อัว	กก	-	อัว	กก	N	-	classical
อัว|กก	บวก	อัว	กก	-	อัว	กก	N	-	classical
อัว|กก	บวร์ก	อัว	กก	-	อัว	กก	N	karun	dict
อัว|กก	ปลวก	อัว	กก	-	อัว	กก	N	-	dict
อัว|กก	ปวก	อัว	กก	-	อัว	กก	N	-	dict
อัว|กก	ผนวก	อัว	กก	-	อัว	กก	N	-	dict
อัว|กก	พวก	อัว	กก	-	อัว	กก	N	-	classical
อัว|กก	มวก	อัว	กก	-	อัว	กก	N	-	classical
อัว|กก	ลวก	อัว	กก	-	อัว	กก	N	-	dict
อัว|กก	วก	อัว	กก	-	อัว	กก	N	-	classical
อัว|กก	สวก	อัว	กก	-	อัว	กก	N	-	dict
อัว|กก	หนวก	อัว	กก	-	อัว	กก	N	-	classical
อัว|กก	หมวก	อัว	กก	-	อัว	กก	N	-	classical
อัว|กก	หยวก	อัว	กก	-	อัว	กก	N	-	classical
อัว|กก	อ้วก	อัว	กก	-	ออ	กก	Y	-	dict
อัว|กง	กลวง	อัว	กง	-	อัว	กง	N	-	classical
อัว|กง	กวง	อัว	กง	-	อัว	กง	N	-	dict
อัว|กง	ขวง	อัว	กง	-	อัว	กง	N	-	classical
อัว|กง	ข่วง	อัว	กง	-	อัว	กง	N	-	dict
อัว|กง	ควง	อัว	กง	-	อัว	กง	N	-	classical
อัว|กง	งวง	อัว	กง	-	อัว	กง	N	-	classical
อัว|กง	ง่วง	อัว	กง	-	อัว	กง	N	-	classical
อัว|กง	จ้วง	อัว	กง	-	อัว	กง	N	-	classical
อัว|กง	จ๋วง	อัว	กง	-	อัว	กง	N	-	dict
อัว|กง	ช่วง	อัว	กง	-	อัว	กง	N	-	classical
อัว|กง	ซวง	อัว	กง	-	อัว	กง	N	-	classical
อัว|กง	ดวง	อัว	กง	-	อัว	กง	N	-	classical
อัว|กง	ด้วง	อัว	กง	-	อัว	กง	N	-	classical
อัว|กง	ตวง	อัว	กง	-	อัว	กง	N	-	classical
อัว|กง	ถ่วง	อัว	กง	-	อัว	กง	N	-	classical
อัว|กง	ทบวง	อัว	กง	-	อัว	กง	N	-	classical
อัว|กง	ทรวง	อัว	กง	-	อัว	กง	N	-	classical
อัว|กง	ทวง	อัว	กง	-	อัว	กง	N	-	classical
อัว|กง	ท่วง	อัว	กง	-	อัว	กง	N	-	classical
อัว|กง	ท้วง	อัว	กง	-	อัว	กง	N	-	classical
อัว|กง	บวง	อัว	กง	-	อัว	กง	N	-	classical
อัว|กง	บ่วง	อัว	กง	-	อัว	กง	N	-	classical
อัว|กง	ปวง	อัว	กง	-	อัว	กง	N	-	classical
อัว|กง	พลวง	อัว	กง	-	อัว	กง	N	-	classical
อัว|กง	พวง	อัว	กง	-	อัว	กง	N	-	classical
อัว|กง	พ่วง	อัว	กง	-	อัว	กง	N	-	classical
อัว|กง	ม่วง	อัว	กง	-	อัว	กง	N	-	classical
อัว|กง	ยวง	อัว	กง	-	อัว	กง	N	-	classical
อัว|กง	รวง	อัว	กง	-	อัว	กง	N	-	classical
อัว|กง	ร่วง	อัว	กง	-	อัว	กง	N	-	classical
อัว|กง	ลวง	อัว	กง	-	อัว	กง	N	-	classical
อัว|กง	ล่วง	อัว	กง	-	อัว	กง	N	-	classical
อัว|กง	ล้วง	อัว	กง	-	อัว	กง	N	-	classical
อัว|กง	วง	อัว	กง	-	อัว	กง	N	-	classical
อัว|กง	วงศ์	อัว	กง	-	อัว	เกอว	Y	karun	classical
อัว|กง	วงษ์	อัว	กง	-	อัว	เกอว	Y	karun	dict
อัว|กง	สรวง	อัว	กง	-	อัว	กง	N	-	classical
อัว|กง	สวง	อัว	กง	-	อัว	กง	N	-	classical
อัว|กง	หน่วง	อัว	กง	-	อัว	กง	N	-	classical
อัว|กง	หลวง	อัว	กง	-	อัว	กง	N	-	classical
อัว|กง	หวง	อัว	กง	-	อัว	กง	N	-	classical
อัว|กง	ห่วง	อัว	กง	-	อัว	กง	N	-	classical
อัว|กง	ห้วง	อัว	กง	-	อัว	กง	N	-	classical
อัว|กง	ฮวง	อัว	กง	-	อัว	กง	N	-	dict
อัว|กด	กรวด	อัว	กด	-	อัว	กด	N	-	classical
อัว|กด	กวด	อัว	กด	-	อัว	กด	N	-	classical
อัว|กด	ขมวด	อัว	กด	-	อัว	กด	N	-	dict
อัว|กด	ขวด	อัว	กด	-	อัว	กด	N	-	classical
อัว|กด	งวด	อัว	กด	-	อัว	กด	N	-	classical
อัว|กด	จรวด	อัว	กด	-	อัว	กด	N	-	dict
อัว|กด	จ๊วต	อัว	กด	-	อัว	กด	N	-	dict
อัว|กด	ชวด	อัว	กด	-	อัว	กด	N	-	classical
อัว|กด	ซวด	อัว	กด	-	อัว	กด	N	-	dict
อัว|กด	ตรวจ	อัว	กด	-	อัว	กด	N	-	classical
อัว|กด	ทรวด	อัว	กด	-	อัว	กด	N	-	classical
อัว|กด	ทวด	อัว	กด	-	อัว	กด	N	-	classical
อัว|กด	นวด	อัว	กด	-	อัว	กด	N	-	classical
อัว|กด	บวช	อัว	กด	-	อัว	กด	N	-	classical
อัว|กด	บวด	อัว	กด	-	อัว	กด	N	-	classical
อัว|กด	ปวด	อัว	กด	-	อัว	กด	N	-	classical
อัว|กด	ผนวช	อัว	กด	-	อัว	กด	N	-	classical
อัว|กด	พรวด	อัว	กด	-	อัว	กด	N	-	classical
อัว|กด	ยวด	อัว	กด	-	อัว	กด	N	-	classical
อัว|กด	รวจ	อัว	กด	-	อัว	กด	N	-	classical
อัว|กด	รวด	อัว	กด	-	อัว	กด	N	-	classical
อัว|กด	ลวด	อัว	กด	-	อัว	กด	N	-	classical
อัว|กด	วจ	อัว	กด	-	อัว	กด	N	-	dict
อัว|กด	สวด	อัว	กด	-	อัว	กด	N	-	classical
อัว|กด	หนวด	อัว	กด	-	อัว	กด	N	-	classical
อัว|กด	หมวด	อัว	กด	-	อัว	กด	N	-	classical
อัว|กด	หวด	อัว	กด	-	อัว	กด	N	-	classical
อัว|กด	อวด	อัว	กด	-	ออ	กด	Y	-	classical
อัว|กน	กวน	อัว	กน	-	อัว	กน	N	-	classical
อัว|กน	ก๊วน	อัว	กน	-	อัว	กน	N	-	dict
อัว|กน	ขบวน	อัว	กน	-	อัว	กน	N	-	classical
อัว|กน	ขวน	อัว	กน	-	อัว	กน	N	-	classical
อัว|กน	ข่วน	อัว	กน	-	อัว	กน	N	-	classical
อัว|กน	ครวญ	อัว	กน	-	อัว	กน	N	-	classical
อัว|กน	ควณ	อัว	กน	-	อัว	Cant find Marttra in this word	Y	-	dict
อัว|กน	ควน	อัว	กน	-	อัว	กน	N	-	classical
อัว|กน	ควร	อัว	กน	-	อัว	กน	N	-	classical
อัว|กน	ง่วน	อัว	กน	-	อัว	กน	N	-	classical
อัว|กน	ฉนวน	อัว	กน	-	อัว	กน	N	-	classical
อัว|กน	ฉวน	อัว	กน	-	อัว	กน	N	-	dict
อัว|กน	ชนวน	อัว	กน	-	อัว	กน	N	-	classical
อัว|กน	ชวน	อัว	กน	-	อัว	กน	N	-	classical
อัว|กน	ชวร	อัว	กน	-	อัว	กน	N	-	classical
อัว|กน	ซวน	อัว	กน	-	อัว	กน	N	-	classical
อัว|กน	ญวน	อัว	กน	-	อัว	กน	N	-	classical
อัว|กน	ดวน	อัว	กน	-	อัว	กน	N	-	classical
อัว|กน	ดวล	อัว	กน	-	อัว	กน	N	-	dict
อัว|กน	ด่วน	อัว	กน	-	อัว	กน	N	-	classical
อัว|กน	ด้วน	อัว	กน	-	อัว	กน	N	-	classical
อัว|กน	ตรวน	อัว	กน	-	อัว	กน	N	-	classical
อัว|กน	ตวล	อัว	กน	-	อัว	กน	N	-	dict
อัว|กน	ต่วน	อัว	กน	-	อัว	กน	N	-	classical
อัว|กน	ต้วน	อัว	กน	-	อัว	กน	N	-	dict
อัว|กน	ถ้วน	อัว	กน	-	อัว	กน	N	-	classical
อัว|กน	ทวน	อัว	กน	-	อัว	กน	N	-	classical
อัว|กน	ท้วน	อัว	กน	-	อัว	กน	N	-	classical
อัว|กน	นวณ	อัว	กน	-	อัว	Cant find Marttra in this word	Y	-	classical
อัว|กน	นวน	อัว	กน	-	อัว	กน	N	-	classical
อัว|กน	บวน	อัว	กน	-	อัว	กน	N	-	classical
อัว|กน	บ้วน	อัว	กน	-	อัว	กน	N	-	classical
อัว|กน	ปรวน	อัว	กน	-	อัว	กน	N	-	classical
อัว|กน	ป่วน	อัว	กน	-	อัว	กน	N	-	classical
อัว|กน	ป้วน	อัว	กน	-	อัว	กน	N	-	dict
อัว|กน	ผวน	อัว	กน	-	อัว	กน	N	-	classical
อัว|กน	พรวน	อัว	กน	-	อัว	กน	N	-	classical
อัว|กน	พวน	อัว	กน	-	อัว	กน	N	-	classical
อัว|กน	พ่วน	อัว	กน	-	อัว	กน	N	-	dict
อัว|กน	มวน	อัว	กน	-	อัว	กน	N	-	classical
อัว|กน	มวล	อัว	กน	-	อัว	กน	N	-	classical
อัว|กน	ม่วน	อัว	กน	-	อัว	กน	N	-	dict
อัว|กน	ม้วน	อัว	กน	-	อัว	กน	N	-	classical
อัว|กน	ยวน	อัว	กน	-	อัว	กน	N	-	classical
อัว|กน	รวน	อัว	กน	-	อัว	กน	N	-	classical
อัว|กน	รวล	อัว	กน	-	อัว	กน	N	-	classical
อัว|กน	ร่วน	อัว	กน	-	อัว	กน	N	-	classical
อัว|กน	ลวน	อัว	กน	-	อัว	กน	N	-	classical
อัว|กน	ล้วน	อัว	กน	-	อัว	กน	N	-	classical
อัว|กน	วน	อัว	กน	-	อัว	กน	N	-	classical
อัว|กน	วล	อัว	กน	-	อัว	กน	N	-	classical
อัว|กน	สงวน	อัว	กน	-	อัว	กน	N	-	classical
อัว|กน	สวน	อัว	กน	-	อัว	กน	N	-	classical
อัว|กน	ส่วน	อัว	กน	-	อัว	กน	N	-	classical
อัว|กน	หยวน	อัว	กน	-	อัว	กน	N	-	dict
อัว|กน	หวน	อัว	กน	-	อัว	กน	N	-	classical
อัว|กน	ห้วน	อัว	กน	-	อัว	กน	N	-	dict
อัว|กน	อวน	อัว	กน	-	ออ	กน	Y	-	dict
อัว|กน	อวล	อัว	กน	-	ออ	กน	Y	-	classical
อัว|กน	อ่วน	อัว	กน	-	ออ	กน	Y	-	classical
อัว|กน	อ้วน	อัว	กน	-	ออ	กน	Y	-	classical
อัว|กบ	กรวบ	อัว	กบ	-	อัว	กบ	N	-	classical
อัว|กบ	ขวบ	อัว	กบ	-	อัว	กบ	N	-	classical
อัว|กบ	ควบ	อัว	กบ	-	อัว	กบ	N	-	classical
อัว|กบ	จ๊วบ	อัว	กบ	-	อัว	กบ	N	-	dict
อัว|กบ	บวบ	อัว	กบ	-	อัว	กบ	N	-	dict
อัว|กบ	ยวบ	อัว	กบ	-	อัว	กบ	N	-	classical
อัว|กบ	รวบ	อัว	กบ	-	อัว	กบ	N	-	classical
อัว|กบ	อวบ	อัว	กบ	-	ออ	กบ	Y	-	classical
อัว|กบ	ฮวบ	อัว	กบ	-	อัว	กบ	N	-	classical
อัว|กม	กรวม	อัว	กม	-	อัว	กม	N	-	classical
อัว|กม	กร้วม	อัว	กม	-	อัว	กม	N	-	dict
อัว|กม	กวม	อัว	กม	-	อัว	กม	N	-	dict
อัว|กม	ต้วม	อัว	กม	-	อัว	กม	N	-	dict
อัว|กม	ท่วม	อัว	กม	-	อัว	กม	N	-	classical
อัว|กม	ท้วม	อัว	กม	-	อัว	กม	N	-	dict
อัว|กม	นวม	อัว	กม	-	อัว	กม	N	-	classical
อัว|กม	น่วม	อัว	กม	-	อัว	กม	N	-	classical
อัว|กม	บวม	อัว	กม	-	อัว	กม	N	-	classical
อัว|กม	ยวม	อัว	กม	-	อัว	กม	N	-	dict
อัว|กม	รวม	อัว	กม	-	อัว	กม	N	-	classical
อัว|กม	ร่วม	อัว	กม	-	อัว	กม	N	-	classical
อัว|กม	ล่วม	อัว	กม	-	อัว	กม	N	-	classical
อัว|กม	สวม	อัว	กม	-	อัว	กม	N	-	classical
อัว|กม	ส้วม	อัว	กม	-	อัว	กม	N	-	classical
อัว|กม	หลวม	อัว	กม	-	อัว	กม	N	-	classical
อัว|กม	อ่วม	อัว	กม	-	ออ	กม	Y	-	dict
อัว|กา	กลัว	อัว	กา	-	อะ	เกอว	Y	true_final	classical
อัว|กา	กลั้ว	อัว	กา	-	อะ	เกอว	Y	true_final	classical
อัว|กา	กัว	อัว	กา	-	อะ	เกอว	Y	true_final	dict
อัว|กา	กัวร์	อัว	กา	-	อะ	เกอว	Y	karun	dict
อัว|กา	กั่ว	อัว	กา	-	อะ	เกอว	Y	true_final	classical
อัว|กา	ขมัว	อัว	กา	-	อะ	เกอว	Y	true_final	classical
อัว|กา	ขรัว	อัว	กา	-	อะ	เกอว	Y	true_final	classical
อัว|กา	ขัว	อัว	กา	-	อะ	เกอว	Y	true_final	classical
อัว|กา	ขั่ว	อัว	กา	-	อะ	เกอว	Y	true_final	dict
อัว|กา	ขั้ว	อัว	กา	-	อะ	เกอว	Y	true_final	classical
อัว|กา	ครัว	อัว	กา	-	อะ	เกอว	Y	true_final	classical
อัว|กา	คลัว	อัว	กา	-	อะ	เกอว	Y	true_final	classical
อัว|กา	คัว	อัว	กา	-	อะ	เกอว	Y	true_final	dict
อัว|กา	คัวร์	อัว	กา	-	อะ	เกอว	Y	karun	dict
อัว|กา	คัวส์	อัว	กา	-	อะ	เกอว	Y	karun	dict
อัว|กา	คั่ว	อัว	กา	-	อะ	เกอว	Y	true_final	classical
อัว|กา	งัว	อัว	กา	-	อะ	เกอว	Y	true_final	classical
อัว|กา	งั่ว	อัว	กา	-	อะ	เกอว	Y	true_final	classical
อัว|กา	จั่ว	อัว	กา	-	อะ	เกอว	Y	true_final	classical
อัว|กา	จั้ว	อัว	กา	-	อะ	เกอว	Y	true_final	dict
อัว|กา	จั๊ว	อัว	กา	-	อะ	เกอว	Y	true_final	dict
อัว|กา	ฉั่ว	อัว	กา	-	อะ	เกอว	Y	true_final	dict
อัว|กา	ชัว	อัว	กา	-	อะ	เกอว	Y	true_final	dict
อัว|กา	ชัวร์	อัว	กา	-	อะ	เกอว	Y	karun	dict
อัว|กา	ชั่ว	อัว	กา	-	อะ	เกอว	Y	true_final	classical
อัว|กา	ซัว	อัว	กา	-	อะ	เกอว	Y	true_final	classical
อัว|กา	ซัวร์	อัว	กา	-	อะ	เกอว	Y	karun	dict
อัว|กา	ซัวส์	อัว	กา	-	อะ	เกอว	Y	karun	dict
อัว|กา	ซั้ว	อัว	กา	-	อะ	เกอว	Y	true_final	dict
อัว|กา	ดัวร์	อัว	กา	-	อะ	เกอว	Y	karun	dict
อัว|กา	ตัว	อัว	กา	-	อะ	เกอว	Y	true_final	classical
อัว|กา	ตั้ว	อัว	กา	-	อะ	เกอว	Y	true_final	classical
อัว|กา	ถัว	อัว	กา	-	อะ	เกอว	Y	true_final	dict
อัว|กา	ถั่ว	อัว	กา	-	อะ	เกอว	Y	true_final	classical
อัว|กา	ทัวร์	อัว	กา	-	อะ	เกอว	Y	karun	dict
อัว|กา	ทั่ว	อัว	กา	-	อะ	เกอว	Y	true_final	classical
อัว|กา	บัว	อัว	กา	-	อะ	เกอว	Y	true_final	classical
อัว|กา	บั้ว	อัว	กา	-	อะ	เกอว	Y	true_final	dict
อัว|กา	ปัว	อัว	กา	-	อะ	เกอว	Y	true_final	classical
อัว|กา	ผัว	อัว	กา	-	อะ	เกอว	Y	true_final	classical
อัว|กา	พลั่ว	อัว	กา	-	อะ	เกอว	Y	true_final	dict
อัว|กา	พัวร์	อัว	กา	-	อะ	เกอว	Y	karun	dict
อัว|กา	มัว	อัว	กา	-	อะ	เกอว	Y	true_final	classical
อัว|กา	มั่ว	อัว	กา	-	อะ	เกอว	Y	true_final	classical
อัว|กา	ยัวร์	อัว	กา	-	อะ	เกอว	Y	karun	dict
อัว|กา	ยัวส์	อัว	กา	-	อะ	เกอว	Y	karun	dict
อัว|กา	ยั่ว	อัว	กา	-	อะ	เกอว	Y	true_final	classical
อัว|กา	ยั้ว	อัว	กา	-	อะ	เกอว	Y	true_final	dict
อัว|กา	รัว	อัว	กา	-	อะ	เกอว	Y	true_final	classical
อัว|กา	รั่ว	อัว	กา	-	อะ	เกอว	Y	true_final	classical
อัว|กา	รั้ว	อัว	กา	-	อะ	เกอว	Y	true_final	classical
อัว|กา	ลัว	อัว	กา	-	อะ	เกอว	Y	true_final	dict
อัว|กา	วัว	อัว	กา	-	อะ	เกอว	Y	true_final	classical
อัว|กา	สลัว	อัว	กา	-	อะ	เกอว	Y	true_final	classical
อัว|กา	สัว	อัว	กา	-	อะ	เกอว	Y	true_final	classical
อัว|กา	หลัว	อัว	กา	-	อะ	เกอว	Y	true_final	classical
อัว|กา	หัว	อัว	กา	-	อะ	เกอว	Y	true_final	classical
อัว|กา	อั่ว	อัว	กา	-	อะ	เกอว	Y	true_final	classical
อัว|กา	อั้ว	อัว	กา	-	อะ	เกอว	Y	true_final	classical
อัว|กา	ฮั่ว	อัว	กา	-	อะ	เกอว	Y	true_final	dict
อัว|กา	ฮั้ว	อัว	กา	-	อะ	เกอว	Y	true_final	dict
อัว|เกย	กรวย	อัว	เกย	-	อัว	เกย	N	true_final	classical
อัว|เกย	กล้วย	อัว	เกย	-	อัว	เกย	N	true_final	classical
อัว|เกย	กวย	อัว	เกย	-	อัว	เกย	N	true_final	dict
อัว|เกย	ก่วย	อัว	เกย	-	อัว	เกย	N	true_final	dict
อัว|เกย	ก๊วย	อัว	เกย	-	อัว	เกย	N	true_final	classical
อัว|เกย	ก๋วย	อัว	เกย	-	อัว	เกย	N	true_final	dict
อัว|เกย	ขวย	อัว	เกย	-	อัว	เกย	N	true_final	classical
อัว|เกย	ควย	อัว	เกย	-	อัว	เกย	N	true_final	dict
อัว|เกย	งวย	อัว	เกย	-	อัว	เกย	N	true_final	classical
อัว|เกย	จรวย	อัว	เกย	-	อัว	เกย	N	true_final	dict
อัว|เกย	จลวย	อัว	เกย	-	อัว	เกย	N	true_final	dict
อัว|เกย	จ้วย	อัว	เกย	-	อัว	เกย	N	true_final	dict
อัว|เกย	ฉมวย	อัว	เกย	-	อัว	เกย	N	true_final	dict
อัว|เกย	ฉวย	อัว	เกย	-	อัว	เกย	N	true_final	classical
อัว|เกย	ฉ่วย	อัว	เกย	-	อัว	เกย	N	true_final	dict
อัว|เกย	ชวย	อัว	เกย	-	อัว	เกย	N	true_final	classical
อัว|เกย	ช่วย	อัว	เกย	-	อัว	เกย	N	true_final	classical
อัว|เกย	ซวย	อัว	เกย	-	อัว	เกย	N	true_final	classical
อัว|เกย	ด้วย	อัว	เกย	-	อัว	เกย	N	true_final	classical
อัว|เกย	ถ้วย	อัว	เกย	-	อัว	เกย	N	true_final	classical
อัว|เกย	ทวย	อัว	เกย	-	อัว	เกย	N	true_final	classical
อัว|เกย	นวย	อัว	เกย	-	อัว	เกย	N	true_final	classical
อัว|เกย	บวย	อัว	เกย	-	อัว	เกย	N	true_final	classical
อัว|เกย	บ๊วย	อัว	เกย	-	อัว	เกย	N	true_final	dict
อัว|เกย	ป่วย	อัว	เกย	-	อัว	เกย	N	true_final	classical
อัว|เกย	ป๋วย	อัว	เกย	-	อัว	เกย	N	true_final	dict
อัว|เกย	พวย	อัว	เกย	-	อัว	เกย	N	true_final	classical
อัว|เกย	มวย	อัว	เกย	-	อัว	เกย	N	true_final	classical
อัว|เกย	ม่วย	อัว	เกย	-	อัว	เกย	N	true_final	dict
อัว|เกย	ม้วย	อัว	เกย	-	อัว	เกย	N	true_final	classical
อัว|เกย	ย้วย	อัว	เกย	-	อัว	เกย	N	true_final	dict
อัว|เกย	รวย	อัว	เกย	-	อัว	เกย	N	true_final	classical
อัว|เกย	ร่วย	อัว	เกย	-	อัว	เกย	N	true_final	dict
อัว|เกย	ล่วย	อัว	เกย	-	อัว	เกย	N	true_final	dict
อัว|เกย	สรวย	อัว	เกย	-	อัว	เกย	N	true_final	classical
อัว|เกย	สลวย	อัว	เกย	-	อัว	เกย	N	true_final	classical
อัว|เกย	สวย	อัว	เกย	-	อัว	เกย	N	true_final	classical
อัว|เกย	ส่วย	อัว	เกย	-	อัว	เกย	N	true_final	classical
อัว|เกย	หน่วย	อัว	เกย	-	อัว	เกย	N	true_final	classical
อัว|เกย	หมวย	อัว	เกย	-	อัว	เกย	N	true_final	dict
อัว|เกย	หวย	อัว	เกย	-	อัว	เกย	N	true_final	classical
อัว|เกย	ห่วย	อัว	เกย	-	อัว	เกย	N	true_final	dict
อัว|เกย	ห้วย	อัว	เกย	-	อัว	เกย	N	true_final	classical
อัว|เกย	อล่วย	อัว	เกย	-	ออ	เกย	Y	true_final	dict
อัว|เกย	อวย	อัว	เกย	-	ออ	เกย	Y	true_final	classical
อัว|เกย	ฮวย	อัว	เกย	-	อัว	เกย	N	true_final	dict
อัว|เกอว	ชว	อัว	เกอว	-	อัว	เกอว	N	true_final	classical
อัว|เกอว	ถว	อัว	เกอว	-	อัว	เกอว	N	true_final	dict
อัว|เกอว	นว	อัว	เกอว	-	อัว	เกอว	N	true_final	classical
อัว|เกอว	ภว	อัว	เกอว	-	อัว	เกอว	N	true_final	dict
อัว|เกอว	สว	อัว	เกอว	-	อัว	เกอว	N	true_final	classical
อัว|เกอว	อว	อัว	เกอว	-	ออ	เกอว	Y	true_final	classical
อา|กก	กราก	อา	กก	-	อา	กก	N	-	classical
อา|กก	กลาก	อา	กก	-	อา	กก	N	-	classical
อา|กก	กาก	อา	กก	-	อา	กก	N	-	classical
อา|กก	ก๊าก	อา	กก	-	อา	กก	N	-	dict
อา|กก	ขวาก	อา	กก	-	อา	กก	N	-	classical
อา|กก	คลาค	อา	กก	-	อา	กก	N	-	dict
อา|กก	คลาร์ก	อา	กก	-	อา	กก	N	karun	dict
อา|กก	คล๊าก	อา	กก	-	อา	กก	N	-	dict
อา|กก	ควาร์ก	อา	กก	-	อา	กก	N	karun	dict
อา|กก	จาก	อา	กก	-	อา	กก	N	-	classical
อา|กก	จาค	อา	กก	-	อา	กก	N	-	classical
อา|กก	ฉลาก	อา	กก	-	อา	กก	N	-	classical
อา|กก	ฉาก	อา	กก	-	อา	กก	N	-	classical
อา|กก	ชาก	อา	กก	-	อา	กก	N	-	classical
อา|กก	ชาค	อา	กก	-	อา	กก	N	-	dict
อา|กก	ซากส์	อา	กก	-	อา	กก	N	karun	dict
อา|กก	ซาค	อา	กก	-	อา	กก	N	-	dict
อา|กก	ฌากส์	อา	กก	-	อา	กก	N	karun	dict
อา|กก	ดาก	อา	กก	-	อา	กก	N	-	classical
อา|กก	ตราก	อา	กก	-	อา	กก	N	-	classical
อา|กก	ตาก	อา	กก	-	อา	กก	N	-	classical
อา|กก	ต๊าก	อา	กก	-	อา	กก	N	-	classical
อา|กก	ทาก	อา	กก	-	อา	กก	N	-	classical
อา|กก	นาก	อา	กก	-	อา	กก	N	-	classical
อา|กก	นาค	อา	กก	-	อา	กก	N	-	classical
อา|กก	นาร์ก	อา	กก	-	อา	กก	N	karun	dict
อา|กก	บาก	อา	กก	-	อา	กก	N	-	classical
อา|กก	บาร์ก	อา	กก	-	อา	กก	N	karun	dict
อา|กก	ปาก	อา	กก	-	อา	กก	N	-	classical
อา|กก	ปาร์ก	อา	กก	-	อา	กก	N	karun	dict
อา|กก	ปาร์ค	อา	กก	-	อา	กก	N	karun	dict
อา|กก	ผาก	อา	กก	-	อา	กก	N	-	classical
อา|กก	ฝาก	อา	กก	-	อา	กก	N	-	classical
อา|กก	พราก	อา	กก	-	อา	กก	N	-	classical
อา|กก	พากษ์	อา	กก	-	อา	กก	N	karun	dict
อา|กก	ฟาก	อา	กก	-	อา	กก	N	-	classical
อา|กก	ภาค	อา	กก	-	อา	กก	N	-	classical
อา|กก	ภาคย์	อา	กก	-	อา	กก	N	karun	classical
อา|กก	มาก	อา	กก	-	อา	กก	N	-	classical
อา|กก	มาค	อา	กก	-	อา	กก	N	-	dict
อา|กก	มาฆ	อา	กก	-	อา	กก	N	-	dict
อา|กก	มารค	อา	กก	-	อา	กก	N	-	dict
อา|กก	มาร์ก	อา	กก	-	อา	กก	N	karun	dict
อา|กก	มาร์ค	อา	กก	-	อา	กก	N	karun	dict
อา|กก	ยาก	อา	กก	-	อา	กก	N	-	classical
อา|กก	ยาฆร์	อา	กก	-	อา	กก	N	karun	dict
อา|กก	ราก	อา	กก	-	อา	กก	N	-	classical
อา|กก	ลาก	อา	กก	-	อา	กก	N	-	classical
อา|กก	ลาร์ค	อา	กก	-	อา	กก	N	karun	dict
อา|กก	วราก	อา	กก	-	อา	กก	N	-	dict
อา|กก	สลาก	อา	กก	-	อา	กก	N	-	dict
อา|กก	สาข	อา	กก	-	อา	กก	N	-	dict
อา|กก	หนาก	อา	กก	-	อา	กก	N	-	classical
อา|กก	หมาก	อา	กก	-	อา	กก	N	-	classical
อา|กก	หยาก	อา	กก	-	อา	กก	N	-	classical
อา|กก	หลาก	อา	กก	-	อา	กก	N	-	classical
อา|กก	หาก	อา	กก	-	อา	กก	N	-	classical
อา|กก	อาค	อา	กก	-	อา	กก	N	-	dict
อา|กก	อาร์ก	อา	กก	-	อา	กก	N	karun	dict
อา|กก	อาร์ค	อา	กก	-	อา	กก	N	karun	dict
อา|กก	ฮาก	อา	กก	-	อา	กก	N	-	classical
อา|กง	กร่าง	อา	กง	-	อา	กง	N	-	classical
อา|กง	กวาง	อา	กง	-	อา	กง	N	-	classical
อา|กง	ก้าง	อา	กง	-	อา	กง	N	-	classical
อา|กง	ขว้าง	อา	กง	-	อา	กง	N	-	classical
อา|กง	ข้าง	อา	กง	-	อา	กง	N	-	classical
อา|กง	คราง	อา	กง	-	อา	กง	N	-	classical
อา|กง	คว้าง	อา	กง	-	อา	กง	N	-	classical
อา|กง	ค่าง	อา	กง	-	อา	กง	N	-	classical
อา|กง	ง้าง	อา	กง	-	อา	กง	N	-	classical
อา|กง	จางค์	อา	กง	-	อา	กง	N	karun	dict
อา|กง	จ่าง	อา	กง	-	อา	กง	N	-	classical
อา|กง	จ้าง	อา	กง	-	อา	กง	N	-	classical
อา|กง	จ๊าง	อา	กง	-	อา	กง	N	-	dict
อา|กง	ฉวาง	อา	กง	-	อา	กง	N	-	dict
อา|กง	ชาง	อา	กง	-	อา	กง	N	-	classical
อา|กง	ช้าง	อา	กง	-	อา	กง	N	-	classical
อา|กง	ญาง	อา	กง	-	อา	กง	N	-	dict
อา|กง	ฏางค์	อา	กง	-	อา	กง	N	karun	dict
อา|กง	ด่าง	อา	กง	-	อา	กง	N	-	classical
อา|กง	ด้าง	อา	กง	-	อา	กง	N	-	classical
อา|กง	ต่าง	อา	กง	-	อา	กง	N	-	classical
อา|กง	ถาง	อา	กง	-	อา	กง	N	-	classical
อา|กง	ถ่าง	อา	กง	-	อา	กง	N	-	classical
อา|กง	ทางค์	อา	กง	-	อา	กง	N	karun	dict
อา|กง	นาง	อา	กง	-	อา	กง	N	-	classical
อา|กง	ปร้าง	อา	กง	-	อา	กง	N	-	classical
อา|กง	ปาง	อา	กง	-	อา	กง	N	-	classical
อา|กง	ป่าง	อา	กง	-	อา	กง	N	-	classical
อา|กง	ป้าง	อา	กง	-	อา	กง	N	-	classical
อา|กง	ผาง	อา	กง	-	อา	กง	N	-	classical
อา|กง	พราง	อา	กง	-	อา	กง	N	-	classical
อา|กง	พร่าง	อา	กง	-	อา	กง	N	-	classical
อา|กง	พลาง	อา	กง	-	อา	กง	N	-	classical
อา|กง	พาง	อา	กง	-	อา	กง	N	-	classical
อา|กง	ฟ่าง	อา	กง	-	อา	กง	N	-	classical
อา|กง	ภางค์	อา	กง	-	อา	กง	N	karun	classical
อา|กง	มาง	อา	กง	-	อา	กง	N	-	classical
อา|กง	ยาง	อา	กง	-	อา	กง	N	-	classical
อา|กง	ยางค์	อา	กง	-	อา	กง	N	karun	classical
อา|กง	ยางศ์	อา	กง	-	อา	กง	N	karun	dict
อา|กง	รางค์	อา	กง	-	อา	กง	N	karun	classical
อา|กง	ร่าง	อา	กง	-	อา	กง	N	-	classical
อา|กง	ร้าง	อา	กง	-	อา	กง	N	-	classical
อา|กง	ลาง	อา	กง	-	อา	กง	N	-	classical
อา|กง	ล้าง	อา	กง	-	อา	กง	N	-	classical
อา|กง	วาง	อา	กง	-	อา	กง	N	-	classical
อา|กง	ว่าง	อา	กง	-	อา	กง	N	-	classical
อา|กง	สตางค์	อา	กง	-	อา	กง	N	karun	dict
อา|กง	สร่าง	อา	กง	-	อา	กง	N	-	classical
อา|กง	สวาง	อา	กง	-	อา	กง	N	-	dict
อา|กง	สว่าง	อา	กง	-	อา	กง	N	-	classical
อา|กง	สาง	อา	กง	-	อา	กง	N	-	classical
อา|กง	หมาง	อา	กง	-	อา	กง	N	-	classical
อา|กง	หลาง	อา	กง	-	อา	กง	N	-	classical
อา|กง	หว่าง	อา	กง	-	อา	กง	N	-	classical
อา|กง	หาง	อา	กง	-	อา	กง	N	-	classical
อา|กง	ห่าง	อา	กง	-	อา	กง	N	-	classical
อา|กง	อย่าง	อา	กง	-	อา	กง	N	-	classical
อา|กง	อาง	อา	กง	-	อา	กง	N	-	classical
อา|กง	อางค์	อา	กง	-	อา	กง	N	karun	classical
อา|กง	อ่าง	อา	กง	-	อา	กง	N	-	classical
อา|กด	กราด	อา	กด	-	อา	กด	N	-	classical
อา|กด	กลาด	อา	กด	-	อา	กด	N	-	classical
อา|กด	กวาด	อา	กด	-	อา	กด	N	-	classical
อา|กด	กาซ	อา	กด	-	อา	กด	N	-	dict
อา|กด	กาด	อา	กด	-	อา	กด	N	-	classical
อา|กด	กาส	อา	กด	-	อา	กด	N	-	classical
อา|กด	ก๊าซ	อา	กด	-	อา	กด	N	-	dict
อา|กด	ขนาด	อา	กด	-	อา	กด	N	-	classical
อา|กด	ขลาด	อา	กด	-	อา	กด	N	-	classical
อา|กด	ฆาส	อา	กด	-	อา	กด	N	-	dict
อา|กด	จาด	อา	กด	-	อา	กด	N	-	classical
อา|กด	จ๊าด	อา	กด	-	อา	กด	N	-	dict
อา|กด	ชาร์ด	อา	กด	-	อา	กด	N	karun	dict
อา|กด	ญาต	อา	กด	-	อา	กด	N	-	classical
อา|กด	ญาติ	อา	กด	-	อา	กา	Y	-	classical
อา|กด	ดาษ	อา	กด	-	อา	กด	N	-	classical
อา|กด	ตราด	อา	กด	-	อา	กด	N	-	dict
อา|กด	ตาด	อา	กด	-	อา	กด	N	-	classical
อา|กด	ต้าส	อา	กด	-	อา	กด	N	-	dict
อา|กด	ทราจ	อา	กด	-	อา	กด	N	-	dict
อา|กด	นาด	อา	กด	-	อา	กด	N	-	classical
อา|กด	บาด	อา	กด	-	อา	กด	N	-	classical
อา|กด	บาร์ด	อา	กด	-	อา	กด	N	karun	dict
อา|กด	ปราศ	อา	กด	-	อา	กด	N	-	classical
อา|กด	ปร๊าด	อา	กด	-	อา	กด	N	-	dict
อา|กด	ปาด	อา	กด	-	อา	กด	N	-	classical
อา|กด	ผาด	อา	กด	-	อา	กด	N	-	classical
อา|กด	ฝาด	อา	กด	-	อา	กด	N	-	classical
อา|กด	พาธ	อา	กด	-	อา	กด	N	-	classical
อา|กด	พาร์ด	อา	กด	-	อา	กด	N	karun	dict
อา|กด	พาร์ท	อา	กด	-	อา	กด	N	karun	dict
อา|กด	พาสน์	อา	กด	-	อา	กด	N	karun	dict
อา|กด	ภาต	อา	กด	-	อา	กด	N	-	dict
อา|กด	ภาษ	อา	กด	-	อา	กด	N	-	classical
อา|กด	ภาษณ์	อา	กด	-	อา	กด	N	karun	dict
อา|กด	มาตร	อา	กด	-	อา	กด	N	-	classical
อา|กด	มาร์ช	อา	กด	-	อา	กด	N	karun	dict
อา|กด	มาสตร์	อา	กด	-	อา	กด	N	karun	classical
อา|กด	ยาจ	อา	กด	-	อา	กด	N	-	classical
อา|กด	ยาด	อา	กด	-	อา	กด	N	-	classical
อา|กด	ยาตร	อา	กด	-	อา	กด	N	-	classical
อา|กด	ยาท	อา	กด	-	อา	กด	N	-	dict
อา|กด	ราช	อา	กด	-	อา	กด	N	-	classical
อา|กด	ราษฎร์	อา	กด	-	อา	กด	N	karun	classical
อา|กด	ราษฏ์	อา	กด	-	อา	กด	N	karun	dict
อา|กด	ลาศ	อา	กด	-	อา	กด	N	-	classical
อา|กด	ลาส	อา	กด	-	อา	กด	N	-	classical
อา|กด	ลาสน์	อา	กด	-	อา	กด	N	karun	dict
อา|กด	วาด	อา	กด	-	อา	กด	N	-	classical
อา|กด	วาต	อา	กด	-	อา	กด	N	-	classical
อา|กด	วาร์ด	อา	กด	-	อา	กด	N	karun	dict
อา|กด	ว้าด	อา	กด	-	อา	กด	N	-	dict
อา|กด	สตาร์ช	อา	กด	-	อา	กด	N	karun	dict
อา|กด	สาด	อา	กด	-	อา	กด	N	-	classical
อา|กด	สาท	อา	กด	-	อา	กด	N	-	classical
อา|กด	สาร์ท	อา	กด	-	อา	กด	N	karun	dict
อา|กด	หยาด	อา	กด	-	อา	กด	N	-	classical
อา|กด	หลาด	อา	กด	-	อา	กด	N	-	classical
อา|กด	หวาด	อา	กด	-	อา	กด	N	-	classical
อา|กด	หาด	อา	กด	-	อา	กด	N	-	classical
อา|กด	อนาถ	อา	กด	-	อา	กด	N	-	classical
อา|กน	กราน	อา	กน	-	อา	กน	N	-	classical
อา|กน	กรานต์	อา	กน	-	อา	กน	N	karun	classical
อา|กน	กว๊าน	อา	กน	-	อา	กน	N	-	dict
อา|กน	กานท์	อา	กน	-	อา	กน	N	karun	dict
อา|กน	กานน์	อา	กน	-	อา	กน	N	karun	dict
อา|กน	กาล	อา	กน	-	อา	กน	N	-	classical
อา|กน	ก่าน	อา	กน	-	อา	กน	N	-	dict
อา|กน	ก๊าน	อา	กน	-	อา	กน	N	-	dict
อา|กน	ขนาน	อา	กน	-	อา	กน	N	-	classical
อา|กน	ขว้าน	อา	กน	-	อา	กน	N	-	dict
อา|กน	ขาร	อา	กน	-	อา	กน	N	-	classical
อา|กน	คราน	อา	กน	-	อา	กน	N	-	classical
อา|กน	คร้าน	อา	กน	-	อา	กน	N	-	classical
อา|กน	คลาน	อา	กน	-	อา	กน	N	-	classical
อา|กน	คาน	อา	กน	-	อา	กน	N	-	classical
อา|กน	คานต์	อา	กน	-	อา	กน	N	karun	dict
อา|กน	คานห์	อา	กน	-	อา	กน	N	karun	dict
อา|กน	คาร์ล	อา	กน	-	อา	กน	N	karun	dict
อา|กน	ฆาน	อา	กน	-	อา	กน	N	-	dict
อา|กน	จาล	อา	กน	-	อา	กน	N	-	dict
อา|กน	ฉาน	อา	กน	-	อา	กน	N	-	classical
อา|กน	ชาญ	อา	กน	-	อา	กน	N	-	classical
อา|กน	ชานท์	อา	กน	-	อา	กน	N	karun	dict
อา|กน	ซาลซ์	อา	กน	-	อา	กน	N	karun	dict
อา|กน	ดาร	อา	กน	-	อา	กน	N	-	classical
อา|กน	ทรานซ์	อา	กน	-	อา	กน	N	karun	dict
อา|กน	ทาลน์	อา	กน	-	อา	กน	N	karun	dict
อา|กน	ท่าน	อา	กน	-	อา	กน	N	-	classical
อา|กน	นานต์	อา	กน	-	อา	กน	N	karun	classical
อา|กน	บาญ	อา	กน	-	อา	กน	N	-	classical
อา|กน	บาน	อา	กน	-	อา	กน	N	-	classical
อา|กน	บาล	อา	กน	-	อา	กน	N	-	classical
อา|กน	บ้าน	อา	กน	-	อา	กน	N	-	classical
อา|กน	ปทาน	อา	กน	-	อา	กน	N	-	dict
อา|กน	ผสาน	อา	กน	-	อา	กน	N	-	dict
อา|กน	พยาน	อา	กน	-	อา	กน	N	-	classical
อา|กน	พาน	อา	กน	-	อา	กน	N	-	classical
อา|กน	พาร	อา	กน	-	อา	กน	N	-	classical
อา|กน	พาล	อา	กน	-	อา	กน	N	-	classical
อา|กน	ฟราน	อา	กน	-	อา	กน	N	-	dict
อา|กน	ภาญ	อา	กน	-	อา	กน	N	-	dict
อา|กน	ภาณ	อา	กน	-	อา	Cant find Marttra in this word	Y	-	classical
อา|กน	มาญ	อา	กน	-	อา	กน	N	-	dict
อา|กน	มาณ	อา	กน	-	อา	Cant find Marttra in this word	Y	-	classical
อา|กน	มาน	อา	กน	-	อา	กน	N	-	classical
อา|กน	ยาล	อา	กน	-	อา	กน	N	-	dict
อา|กน	ล้าน	อา	กน	-	อา	กน	N	-	classical
อา|กน	วาร	อา	กน	-	อา	กน	N	-	classical
อา|กน	ว่าน	อา	กน	-	อา	กน	N	-	classical
อา|กน	สถาน	อา	กน	-	อา	กน	N	-	classical
อา|กน	สมาน	อา	กน	-	อา	กน	N	-	classical
อา|กน	สาน	อา	กน	-	อา	กน	N	-	classical
อา|กน	สาร	อา	กน	-	อา	กน	N	-	classical
อา|กน	สาส์น	อา	กน	-	อา	กน	N	karun	dict
อา|กน	หงาน	อา	กน	-	อา	กน	N	-	dict
อา|กน	หง่าน	อา	กน	-	อา	กน	N	-	classical
อา|กน	หม่าน	อา	กน	-	อา	กน	N	-	classical
อา|กน	หลาน	อา	กน	-	อา	กน	N	-	classical
อา|กน	หวาน	อา	กน	-	อา	กน	N	-	classical
อา|กน	หาญ	อา	กน	-	อา	กน	N	-	classical
อา|กน	หาร	อา	กน	-	อา	กน	N	-	classical
อา|กน	หารย์	อา	กน	-	อา	กน	N	karun	dict
อา|กน	อาน	อา	กน	-	อา	กน	N	-	classical
อา|กบ	กราบ	อา	กบ	-	อา	กบ	N	-	classical
อา|กบ	กราฟ	อา	กบ	-	อา	กบ	N	-	dict
อา|กบ	กราฟท์	อา	กบ	-	อา	กบ	N	karun	dict
อา|กบ	กราฟฟ์	อา	กบ	-	อา	กบ	N	karun	dict
อา|กบ	กาบ	อา	กบ	-	อา	กบ	N	-	classical
อา|กบ	กาพย์	อา	กบ	-	อา	กบ	N	karun	classical
อา|กบ	ขนาบ	อา	กบ	-	อา	กบ	N	-	classical
อา|กบ	ขาบ	อา	กบ	-	อา	กบ	N	-	classical
อา|กบ	คราบ	อา	กบ	-	อา	กบ	N	-	classical
อา|กบ	คราฟ	อา	กบ	-	อา	กบ	N	-	dict
อา|กบ	คราฟต์	อา	กบ	-	อา	กบ	N	karun	dict
อา|กบ	คาพ	อา	กบ	-	อา	กบ	N	-	dict
อา|กบ	งาบ	อา	กบ	-	อา	กบ	N	-	classical
อา|กบ	จาบ	อา	กบ	-	อา	กบ	N	-	classical
อา|กบ	จาป	อา	กบ	-	อา	กบ	N	-	dict
อา|กบ	จาฟ	อา	กบ	-	อา	กบ	N	-	dict
อา|กบ	จ๊าบ	อา	กบ	-	อา	กบ	N	-	dict
อา|กบ	ฉาบ	อา	กบ	-	อา	กบ	N	-	classical
อา|กบ	ฉาป	อา	กบ	-	อา	กบ	N	-	dict
อา|กบ	ชาฟท์	อา	กบ	-	อา	กบ	N	karun	dict
อา|กบ	ชาร์ฟ	อา	กบ	-	อา	กบ	N	karun	dict
อา|กบ	ซาบ	อา	กบ	-	อา	กบ	N	-	classical
อา|กบ	ซาพ	อา	กบ	-	อา	กบ	N	-	dict
อา|กบ	ซาฟ	อา	กบ	-	อา	กบ	N	-	dict
อา|กบ	ดาบ	อา	กบ	-	อา	กบ	N	-	classical
อา|กบ	ตราบ	อา	กบ	-	อา	กบ	N	-	classical
อา|กบ	ตาบ	อา	กบ	-	อา	กบ	N	-	classical
อา|กบ	ตาฟ	อา	กบ	-	อา	กบ	N	-	dict
อา|กบ	ทราบ	อา	กบ	-	อา	กบ	N	-	classical
อา|กบ	ทาบ	อา	กบ	-	อา	กบ	N	-	classical
อา|กบ	นาบ	อา	กบ	-	อา	กบ	N	-	classical
อา|กบ	นาพ	อา	กบ	-	อา	กบ	N	-	dict
อา|กบ	บาป	อา	กบ	-	อา	กบ	N	-	classical
อา|กบ	ปราบ	อา	กบ	-	อา	กบ	N	-	classical
อา|กบ	ปลาบ	อา	กบ	-	อา	กบ	N	-	classical
อา|กบ	ป๊าบ	อา	กบ	-	อา	กบ	N	-	classical
อา|กบ	ผยาบ	อา	กบ	-	อา	กบ	N	-	dict
อา|กบ	พาบ	อา	กบ	-	อา	กบ	N	-	classical
อา|กบ	ภาพ	อา	กบ	-	อา	กบ	N	-	classical
อา|กบ	มาบ	อา	กบ	-	อา	กบ	N	-	classical
อา|กบ	มาป	อา	กบ	-	อา	กบ	N	-	classical
อา|กบ	ยาบ	อา	กบ	-	อา	กบ	N	-	classical
อา|กบ	ยาฟ	อา	กบ	-	อา	กบ	N	-	dict
อา|กบ	ราบ	อา	กบ	-	อา	กบ	N	-	classical
อา|กบ	ราฟ	อา	กบ	-	อา	กบ	N	-	dict
อา|กบ	ราล์ฟ	อา	กบ	-	อา	กบ	N	karun	dict
อา|กบ	ลาบ	อา	กบ	-	อา	กบ	N	-	classical
อา|กบ	ลาฟ	อา	กบ	-	อา	กบ	N	-	dict
อา|กบ	ลาภ	อา	กบ	-	อา	กบ	N	-	classical
อา|กบ	วาบ	อา	กบ	-	อา	กบ	N	-	classical
อา|กบ	สตาฟ	อา	กบ	-	อา	กบ	N	-	dict
อา|กบ	สตาฟฟ์	อา	กบ	-	อา	กบ	N	karun	dict
อา|กบ	สาบ	อา	กบ	-	อา	กบ	N	-	classical
อา|กบ	สาป	อา	กบ	-	อา	กบ	N	-	classical
อา|กบ	สาปน์	อา	กบ	-	อา	กบ	N	karun	dict
อา|กบ	หนาบ	อา	กบ	-	อา	กบ	N	-	classical
อา|กบ	หยาบ	อา	กบ	-	อา	กบ	N	-	classical
อา|กบ	หลาบ	อา	กบ	-	อา	กบ	N	-	classical
อา|กบ	หาบ	อา	กบ	-	อา	กบ	N	-	classical
อา|กบ	อาบ	อา	กบ	-	อา	กบ	N	-	classical
อา|กบ	อาฟ	อา	กบ	-	อา	กบ	N	-	dict
อา|กม	กราม	อา	กม	-	อา	กม	N	-	classical
อา|กม	กล้าม	อา	กม	-	อา	กม	N	-	dict
อา|กม	กวาม	อา	กม	-	อา	กม	N	-	classical
อา|กม	กาม	อา	กม	-	อา	กม	N	-	classical
อา|กม	ก้าม	อา	กม	-	อา	กม	N	-	classical
อา|กม	ขาม	อา	กม	-	อา	กม	N	-	classical
อา|กม	ข้าม	อา	กม	-	อา	กม	N	-	classical
อา|กม	คราม	อา	กม	-	อา	กม	N	-	classical
อา|กม	คร้าม	อา	กม	-	อา	กม	N	-	classical
อา|กม	ความ	อา	กม	-	อา	กม	N	-	classical
อา|กม	คาม	อา	กม	-	อา	กม	N	-	classical
อา|กม	งาม	อา	กม	-	อา	กม	N	-	classical
อา|กม	ง่าม	อา	กม	-	อา	กม	N	-	classical
อา|กม	จาม	อา	กม	-	อา	กม	N	-	classical
อา|กม	ฉลาม	อา	กม	-	อา	กม	N	-	classical
อา|กม	ชาม	อา	กม	-	อา	กม	N	-	classical
อา|กม	ซ่าม	อา	กม	-	อา	กม	N	-	dict
อา|กม	ณาม	อา	กม	-	อา	กม	N	-	dict
อา|กม	ดาม	อา	กม	-	อา	กม	N	-	classical
อา|กม	ด้าม	อา	กม	-	อา	กม	N	-	classical
อา|กม	ตาม	อา	กม	-	อา	กม	N	-	classical
อา|กม	ถาม	อา	กม	-	อา	กม	N	-	classical
อา|กม	ทราม	อา	กม	-	อา	กม	N	-	classical
อา|กม	ทาม	อา	กม	-	อา	กม	N	-	dict
อา|กม	ท่าม	อา	กม	-	อา	กม	N	-	classical
อา|กม	นาม	อา	กม	-	อา	กม	N	-	classical
อา|กม	บ่าม	อา	กม	-	อา	กม	N	-	dict
อา|กม	ปราม	อา	กม	-	อา	กม	N	-	classical
อา|กม	ปาม	อา	กม	-	อา	กม	N	-	classical
อา|กม	ปาร์ม	อา	กม	-	อา	กม	N	karun	dict
อา|กม	ปาล์ม	อา	กม	-	อา	กม	N	karun	dict
อา|กม	ผลาม	อา	กม	-	อา	กม	N	-	classical
อา|กม	พล่าม	อา	กม	-	อา	กม	N	-	classical
อา|กม	พาม	อา	กม	-	อา	กม	N	-	classical
อา|กม	ฟาม	อา	กม	-	อา	กม	N	-	dict
อา|กม	ฟาร์ม	อา	กม	-	อา	กม	N	karun	dict
อา|กม	ฟ่าม	อา	กม	-	อา	กม	N	-	dict
อา|กม	มาม	อา	กม	-	อา	กม	N	-	dict
อา|กม	ม้าม	อา	กม	-	อา	กม	N	-	dict
อา|กม	ยาม	อา	กม	-	อา	กม	N	-	classical
อา|กม	ย่าม	อา	กม	-	อา	กม	N	-	classical
อา|กม	รวาม	อา	กม	-	อา	กม	N	-	dict
อา|กม	ราม	อา	กม	-	อา	กม	N	-	classical
อา|กม	ร่าม	อา	กม	-	อา	กม	N	-	classical
อา|กม	ลาม	อา	กม	-	อา	กม	N	-	classical
อา|กม	ล่าม	อา	กม	-	อา	กม	N	-	classical
อา|กม	วาม	อา	กม	-	อา	กม	N	-	classical
อา|กม	สนาม	อา	กม	-	อา	กม	N	-	classical
อา|กม	สยาม	อา	กม	-	อา	กม	N	-	classical
อา|กม	สาม	อา	กม	-	อา	กม	N	-	classical
อา|กม	หนาม	อา	กม	-	อา	กม	N	-	classical
อา|กม	หม่าม	อา	กม	-	อา	กม	N	-	dict
อา|กม	หยาม	อา	กม	-	อา	กม	N	-	classical
อา|กม	หลาม	อา	กม	-	อา	กม	N	-	classical
อา|กม	หวาม	อา	กม	-	อา	กม	N	-	classical
อา|กม	หาม	อา	กม	-	อา	กม	N	-	classical
อา|กม	ห่าม	อา	กม	-	อา	กม	N	-	classical
อา|กม	ห้าม	อา	กม	-	อา	กม	N	-	classical
อา|กม	อร่าม	อา	กม	-	อา	กม	N	-	classical
อา|กม	อาม	อา	กม	-	อา	กม	N	-	dict
อา|กม	อาร์ม	อา	กม	-	อา	กม	N	karun	dict
อา|กา	กรา	อา	กา	-	อา	กา	N	-	dict
อา|กา	กราส์	อา	กา	-	อา	กน	Y	karun	dict
อา|กา	กร้า	อา	กา	-	อา	กา	N	-	classical
อา|กา	การ์	อา	กา	-	อา	กก	Y	karun	classical
อา|กา	ก้าร์	อา	กา	-	อา	กา	N	karun	dict
อา|กา	ขยา	อา	กา	-	อา	กา	N	-	dict
อา|กา	คลา	อา	กา	-	อา	กา	N	-	classical
อา|กา	คาห์	อา	กา	-	อา	กก	Y	karun	dict
อา|กา	งา	อา	กา	-	อา	กา	N	-	classical
อา|กา	จาห์	อา	กา	-	อา	กด	Y	karun	dict
อา|กา	จ๋า	อา	กา	-	อา	กา	N	-	classical
อา|กา	ชฎา	อา	กา	-	อา	กา	N	-	classical
อา|กา	ชฏา	อา	กา	-	อา	กา	N	-	dict
อา|กา	ชวาร์	อา	กา	-	อา	เกอว	Y	karun	dict
อา|กา	ชา	อา	กา	-	อา	กา	N	-	classical
อา|กา	ช่า	อา	กา	-	อา	กา	N	-	dict
อา|กา	ช้า	อา	กา	-	อา	กา	N	-	classical
อา|กา	ฌาย์	อา	กา	-	อา	Cant find Marttra in this word	Y	karun	classical
อา|กา	ฎา	อา	กา	-	อา	กา	N	-	classical
อา|กา	ฑา	อา	กา	-	อา	กา	N	-	classical
อา|กา	ฒา	อา	กา	-	อา	กา	N	-	classical
อา|กา	ถา	อา	กา	-	อา	กา	N	-	classical
อา|กา	ทนา	อา	กา	-	อา	กา	N	-	classical
อา|กา	ทยา	อา	กา	-	อา	กา	N	-	dict
อา|กา	ทว่า	อา	กา	-	อา	กา	N	-	classical
อา|กา	ทา	อา	กา	-	อา	กา	N	-	classical
อา|กา	ท่า	อา	กา	-	อา	กา	N	-	classical
อา|กา	ธา	อา	กา	-	อา	กา	N	-	classical
อา|กา	นภา	อา	กา	-	อา	กา	N	-	classical
อา|กา	น้า	อา	กา	-	อา	กา	N	-	classical
อา|กา	บ้า	อา	กา	-	อา	กา	N	-	classical
อา|กา	ผวา	อา	กา	-	อา	กา	N	-	classical
อา|กา	ผ่า	อา	กา	-	อา	กา	N	-	classical
อา|กา	ผ้า	อา	กา	-	อา	กา	N	-	classical
อา|กา	พร้า	อา	กา	-	อา	กา	N	-	classical
อา|กา	พลา	อา	กา	-	อา	กา	N	-	classical
อา|กา	พา	อา	กา	-	อา	กา	N	-	classical
อา|กา	พาร์	อา	กา	-	อา	กบ	Y	karun	dict
อา|กา	มหา	อา	กา	-	อา	กา	N	-	classical
อา|กา	มาร์	อา	กา	-	อา	กม	Y	karun	dict
อา|กา	มาห์	อา	กา	-	อา	กม	Y	karun	dict
อา|กา	ยดา	อา	กา	-	อา	กา	N	-	dict
อา|กา	ยถา	อา	กา	-	อา	กา	N	-	classical
อา|กา	ยาร์	อา	กา	-	อา	เกย	Y	karun	dict
อา|กา	ลา	อา	กา	-	อา	กา	N	-	classical
อา|กา	วนา	อา	กา	-	อา	กา	N	-	classical
อา|กา	วรา	อา	กา	-	อา	กา	N	-	classical
อา|กา	วาร์	อา	กา	-	อา	เกอว	Y	karun	dict
อา|กา	สตาร์	อา	กา	-	อา	กด	Y	karun	dict
อา|กา	สนา	อา	กา	-	อา	กา	N	-	dict
อา|กา	สมา	อา	กา	-	อา	กา	N	-	classical
อา|กา	สา	อา	กา	-	อา	กา	N	-	classical
อา|กา	หนา	อา	กา	-	อา	กา	N	-	classical
อา|กา	หม่า	อา	กา	-	อา	กา	N	-	classical
อา|กา	หยา	อา	กา	-	อา	กา	N	-	classical
อา|กา	หลา	อา	กา	-	อา	กา	N	-	classical
อา|กา	หา	อา	กา	-	อา	กา	N	-	classical
อา|กา	ห่า	อา	กา	-	อา	กา	N	-	classical
อา|กา	ห้า	อา	กา	-	อา	กา	N	-	classical
อา|กา	ฬา	อา	กา	-	อา	กา	N	-	classical
อา|กา	เอ๊าะ	อา	กา	-	อา	กา	N	-	dict
อา|เกย	กลาย	อา	เกย	-	อา	เกย	N	-	classical
อา|เกย	กาย	อา	เกย	-	อา	เกย	N	-	classical
อา|เกย	กายส์	อา	เกย	-	อา	เกย	N	karun	dict
อา|เกย	ก่าย	อา	เกย	-	อา	เกย	N	-	classical
อา|เกย	ขนาย	อา	เกย	-	อา	เกย	N	-	classical
อา|เกย	ขยาย	อา	เกย	-	อา	เกย	N	-	classical
อา|เกย	ขวาย	อา	เกย	-	อา	เกย	N	-	classical
อา|เกย	ข่าย	อา	เกย	-	อา	เกย	N	-	classical
อา|เกย	คราย	อา	เกย	-	อา	เกย	N	-	dict
อา|เกย	คลาย	อา	เกย	-	อา	เกย	N	-	classical
อา|เกย	คล้าย	อา	เกย	-	อา	เกย	N	-	classical
อา|เกย	ควาย	อา	เกย	-	อา	เกย	N	-	classical
อา|เกย	คาย	อา	เกย	-	อา	เกย	N	-	classical
อา|เกย	ง่าย	อา	เกย	-	อา	เกย	N	-	classical
อา|เกย	จ่าย	อา	เกย	-	อา	เกย	N	-	classical
อา|เกย	จ๋าย	อา	เกย	-	อา	เกย	N	-	dict
อา|เกย	ฉงาย	อา	เกย	-	อา	เกย	N	-	dict
อา|เกย	ฉลาย	อา	เกย	-	อา	เกย	N	-	dict
อา|เกย	ฉาย	อา	เกย	-	อา	เกย	N	-	classical
อา|เกย	ฉ่าย	อา	เกย	-	อา	เกย	N	-	dict
อา|เกย	ชาย	อา	เกย	-	อา	เกย	N	-	classical
อา|เกย	ซาย	อา	เกย	-	อา	เกย	N	-	classical
อา|เกย	ซายน์	อา	เกย	-	อา	เกย	N	karun	dict
อา|เกย	ซายส์	อา	เกย	-	อา	เกย	N	karun	dict
อา|เกย	ซ้าย	อา	เกย	-	อา	เกย	N	-	classical
อา|เกย	ด้าย	อา	เกย	-	อา	เกย	N	-	classical
อา|เกย	ต่าย	อา	เกย	-	อา	เกย	N	-	classical
อา|เกย	ทนาย	อา	เกย	-	อา	เกย	N	-	classical
อา|เกย	ทลาย	อา	เกย	-	อา	เกย	N	-	classical
อา|เกย	นาย	อา	เกย	-	อา	เกย	N	-	classical
อา|เกย	บาย	อา	เกย	-	อา	เกย	N	-	classical
อา|เกย	บ้าย	อา	เกย	-	อา	เกย	N	-	classical
อา|เกย	ผ่าย	อา	เกย	-	อา	เกย	N	-	classical
อา|เกย	ฝาย	อา	เกย	-	อา	เกย	N	-	classical
อา|เกย	ฝ้าย	อา	เกย	-	อา	เกย	N	-	classical
อา|เกย	พลายส์	อา	เกย	-	อา	เกย	N	karun	dict
อา|เกย	พ่าย	อา	เกย	-	อา	เกย	N	-	classical
อา|เกย	ฟ่าย	อา	เกย	-	อา	เกย	N	-	dict
อา|เกย	ภาย	อา	เกย	-	อา	เกย	N	-	classical
อา|เกย	มาย	อา	เกย	-	อา	เกย	N	-	classical
อา|เกย	มายด์	อา	เกย	-	อา	เกย	N	karun	dict
อา|เกย	ม่าย	อา	เกย	-	อา	เกย	N	-	classical
อา|เกย	ม้าย	อา	เกย	-	อา	เกย	N	-	classical
อา|เกย	ยาย	อา	เกย	-	อา	เกย	N	-	classical
อา|เกย	ย้าย	อา	เกย	-	อา	เกย	N	-	classical
อา|เกย	รายณ์	อา	เกย	-	อา	เกย	N	karun	classical
อา|เกย	ร่าย	อา	เกย	-	อา	เกย	N	-	classical
อา|เกย	ลาย	อา	เกย	-	อา	เกย	N	-	classical
อา|เกย	ว่าย	อา	เกย	-	อา	เกย	N	-	classical
อา|เกย	สกาย	อา	เกย	-	อา	เกย	N	-	dict
อา|เกย	สบาย	อา	เกย	-	อา	เกย	N	-	classical
อา|เกย	สยาย	อา	เกย	-	อา	เกย	N	-	classical
อา|เกย	สวาย	อา	เกย	-	อา	เกย	N	-	classical
อา|เกย	ส่าย	อา	เกย	-	อา	เกย	N	-	classical
อา|เกย	หงาย	อา	เกย	-	อา	เกย	N	-	classical
อา|เกย	หมาย	อา	เกย	-	อา	เกย	N	-	classical
อา|เกย	หม้าย	อา	เกย	-	อา	เกย	N	-	classical
อา|เกย	หลาย	อา	เกย	-	อา	เกย	N	-	classical
อา|เกย	หวาย	อา	เกย	-	อา	เกย	N	-	classical
อา|เกย	อบาย	อา	เกย	-	อา	เกย	N	-	classical
อา|เกย	อาย	อา	เกย	-	อา	เกย	N	-	classical
อา|เกอว	กราว	อา	เกอว	-	อา	เกอว	N	-	classical
อา|เกอว	กราวด์	อา	เกอว	-	อา	เกอว	N	karun	dict
อา|เกอว	กราวน์	อา	เกอว	-	อา	เกอว	N	karun	dict
อา|เกอว	กร้าว	อา	เกอว	-	อา	เกอว	N	-	dict
อา|เกอว	กล่าว	อา	เกอว	-	อา	เกอว	N	-	classical
อา|เกอว	กาว	อา	เกอว	-	อา	เกอว	N	-	classical
อา|เกอว	กาวน์	อา	เกอว	-	อา	เกอว	N	karun	dict
อา|เกอว	ก้าว	อา	เกอว	-	อา	เกอว	N	-	classical
อา|เกอว	ก๊าว	อา	เกอว	-	อา	เกอว	N	-	dict
อา|เกอว	ข่าว	อา	เกอว	-	อา	เกอว	N	-	classical
อา|เกอว	ข้าว	อา	เกอว	-	อา	เกอว	N	-	classical
อา|เกอว	คราว	อา	เกอว	-	อา	เกอว	N	-	classical
อา|เกอว	คราวน์	อา	เกอว	-	อา	เกอว	N	karun	dict
อา|เกอว	คร่าว	อา	เกอว	-	อา	เกอว	N	-	dict
อา|เกอว	คาว	อา	เกอว	-	อา	เกอว	N	-	classical
อา|เกอว	งาว	อา	เกอว	-	อา	เกอว	N	-	dict
อา|เกอว	ง้าว	อา	เกอว	-	อา	เกอว	N	-	classical
อา|เกอว	จาว	อา	เกอว	-	อา	เกอว	N	-	classical
อา|เกอว	จ้าว	อา	เกอว	-	อา	เกอว	N	-	classical
อา|เกอว	จ๊าว	อา	เกอว	-	อา	เกอว	N	-	dict
อา|เกอว	ฉาว	อา	เกอว	-	อา	เกอว	N	-	classical
อา|เกอว	ชาว	อา	เกอว	-	อา	เกอว	N	-	classical
อา|เกอว	ซาว	อา	เกอว	-	อา	เกอว	N	-	classical
อา|เกอว	ซาวน์	อา	เกอว	-	อา	เกอว	N	karun	dict
อา|เกอว	ซาวร์	อา	เกอว	-	อา	เกอว	N	karun	dict
อา|เกอว	ซ่าว	อา	เกอว	-	อา	เกอว	N	-	classical
อา|เกอว	ดาว	อา	เกอว	-	อา	เกอว	N	-	classical
อา|เกอว	ดาวน์	อา	เกอว	-	อา	เกอว	N	karun	dict
อา|เกอว	ด้าว	อา	เกอว	-	อา	เกอว	N	-	classical
อา|เกอว	ด๋าว	อา	เกอว	-	อา	เกอว	N	-	dict
อา|เกอว	ท้าว	อา	เกอว	-	อา	เกอว	N	-	classical
อา|เกอว	นาว	อา	เกอว	-	อา	เกอว	N	-	classical
อา|เกอว	น้าว	อา	เกอว	-	อา	เกอว	N	-	classical
อา|เกอว	บราวน์	อา	เกอว	-	อา	เกอว	N	karun	dict
อา|เกอว	บาว	อา	เกอว	-	อา	เกอว	N	-	dict
อา|เกอว	บ่าว	อา	เกอว	-	อา	เกอว	N	-	classical
อา|เกอว	ป่าว	อา	เกอว	-	อา	เกอว	N	-	classical
อา|เกอว	ผ่าว	อา	เกอว	-	อา	เกอว	N	-	classical
อา|เกอว	พราว	อา	เกอว	-	อา	เกอว	N	-	classical
อา|เกอว	พาว	อา	เกอว	-	อา	เกอว	N	-	classical
อา|เกอว	ฟาว	อา	เกอว	-	อา	เกอว	N	-	dict
อา|เกอว	ฟาวน์	อา	เกอว	-	อา	เกอว	N	karun	dict
อา|เกอว	ฟาวล์	อา	เกอว	-	อา	เกอว	N	karun	dict
อา|เกอว	ภาว	อา	เกอว	-	อา	เกอว	N	-	dict
อา|เกอว	ยาว	อา	เกอว	-	อา	เกอว	N	-	classical
อา|เกอว	ราว	อา	เกอว	-	อา	เกอว	N	-	classical
อา|เกอว	ราวด์	อา	เกอว	-	อา	เกอว	N	karun	dict
อา|เกอว	ร้าว	อา	เกอว	-	อา	เกอว	N	-	classical
อา|เกอว	ลาว	อา	เกอว	-	อา	เกอว	N	-	classical
อา|เกอว	วาว	อา	เกอว	-	อา	เกอว	N	-	classical
อา|เกอว	ว่าว	อา	เกอว	-	อา	เกอว	N	-	classical
อา|เกอว	ว้าว	อา	เกอว	-	อา	เกอว	N	-	dict
อา|เกอว	ศาว	อา	เกอว	-	อา	เกอว	N	-	dict
อา|เกอว	สภาว	อา	เกอว	-	อา	เกอว	N	-	dict
อา|เกอว	สาว	อา	เกอว	-	อา	เกอว	N	-	classical
อา|เกอว	หนาว	อา	เกอว	-	อา	เกอว	N	-	classical
อา|เกอว	หลาว	อา	เกอว	-	อา	เกอว	N	-	classical
อา|เกอว	ห้าว	อา	เกอว	-	อา	เกอว	N	-	classical
อา|เกอว	อ่าว	อา	เกอว	-	อา	เกอว	N	-	classical
อา|เกอว	อ้าว	อา	เกอว	-	อา	เกอว	N	-	classical
อา|เกอว	อ๊าว	อา	เกอว	-	อา	เกอว	N	-	dict
อำ|กา	กรรม	อำ	กม	N2	อำ	กม	N	sara_norm	classical
อำ|กา	กรัม	อะ	กม	N2	อะ	กม	N	sara_norm	dict
อำ|กา	กรำ	อำ	กา	-	อำ	กา	N	-	classical
อำ|กา	กล่ำ	อำ	กา	-	อำ	กา	N	-	classical
อำ|กา	กัม	อะ	กม	N2	อะ	กม	N	sara_norm	classical
อำ|กา	กัมป์	อะ	กม	N2	อะ	กม	N	karun|sara_norm	dict
อำ|กา	กั่ม	อะ	กม	N2	อะ	กม	N	sara_norm	dict
อำ|กา	กั้ม	อะ	กม	N2	อะ	กม	N	sara_norm	dict
อำ|กา	กั๊ม	อะ	กม	N2	อะ	กม	N	sara_norm	dict
อำ|กา	กำ	อำ	กา	-	อำ	กา	N	-	classical
อำ|กา	ก่ำ	อำ	กา	-	อำ	กา	N	-	classical
อำ|กา	ขนำ	อำ	กา	-	อำ	กา	N	-	dict
อำ|กา	ขม้ำ	อำ	กา	-	อำ	กา	N	-	dict
อำ|กา	ขย้ำ	อำ	กา	-	อำ	กา	N	-	classical
อำ|กา	ขัมภ์	อะ	กม	N2	อะ	กม	N	karun|sara_norm	dict
อำ|กา	ขำ	อำ	กา	-	อำ	กา	N	-	classical
อำ|กา	ครำ	อำ	กา	-	อำ	กา	N	-	classical
อำ|กา	คลัม	อะ	กม	N2	อะ	กม	N	sara_norm	dict
อำ|กา	คลำ	อำ	กา	-	อำ	กา	N	-	classical
อำ|กา	คล่ำ	อำ	กา	-	อำ	กา	N	-	classical
อำ|กา	คล้ำ	อำ	กา	-	อำ	กา	N	-	classical
อำ|กา	คว่ำ	อำ	กา	-	อำ	กา	N	-	classical
อำ|กา	คัม	อะ	กม	N2	อะ	กม	N	sara_norm	classical
อำ|กา	คัมน์	อะ	กม	N2	อะ	กม	N	karun|sara_norm	dict
อำ|กา	คัมป์	อะ	กม	N2	อะ	กม	N	karun|sara_norm	dict
อำ|กา	คั่ม	อะ	กม	N2	อะ	กม	N	sara_norm	dict
อำ|กา	คำ	อำ	กา	-	อำ	กา	N	-	classical
อำ|กา	ค้ำ	อำ	กา	-	อำ	กา	N	-	classical
อำ|กา	ฆัม	อะ	กม	N2	อะ	กม	N	sara_norm	dict
อำ|กา	งำ	อำ	กา	-	อำ	กา	N	-	classical
อำ|กา	ง่ำ	อำ	กา	-	อำ	กา	N	-	dict
อำ|กา	จัม	อะ	กม	N2	อะ	กม	N	sara_norm	dict
อำ|กา	จัมป์	อะ	กม	N2	อะ	กม	N	karun|sara_norm	dict
อำ|กา	จั้ม	อะ	กม	N2	อะ	กม	N	sara_norm	dict
อำ|กา	จำ	อำ	กา	-	อำ	กา	N	-	classical
อำ|กา	จ้ำ	อำ	กา	-	อำ	กา	N	-	classical
อำ|กา	จ๋ำ	อำ	กา	-	อำ	กา	N	-	dict
อำ|กา	ฉนำ	อำ	กา	-	อำ	กา	N	-	dict
อำ|กา	ฉมำ	อำ	กา	-	อำ	กา	N	-	dict
อำ|กา	ฉำ	อำ	กา	-	อำ	กา	N	-	dict
อำ|กา	ฉ่ำ	อำ	กา	-	อำ	กา	N	-	classical
อำ|กา	ชอ่ำ	อำ	กา	-	อำ	กา	N	-	classical
อำ|กา	ชำ	อำ	กา	-	อำ	กา	N	-	classical
อำ|กา	ช่ำ	อำ	กา	-	อำ	กา	N	-	classical
อำ|กา	ช้ำ	อำ	กา	-	อำ	กา	N	-	classical
อำ|กา	ซัม	อะ	กม	N2	อะ	กม	N	sara_norm	dict
อำ|กา	ซั่ม	อะ	กม	N2	อะ	กม	N	sara_norm	dict
อำ|กา	ณัม	อะ	กม	N2	อะ	กม	N	sara_norm	dict
อำ|กา	ดรัม	อะ	กม	N2	อะ	กม	N	sara_norm	dict
อำ|กา	ดำ	อำ	กา	-	อำ	กา	N	-	classical
อำ|กา	ด่ำ	อำ	กา	-	อำ	กา	N	-	classical
อำ|กา	ตรัม	อะ	กม	N2	อะ	กม	N	sara_norm	dict
อำ|กา	ตรำ	อำ	กา	-	อำ	กา	N	-	classical
อำ|กา	ตัม	อะ	กม	N2	อะ	กม	N	sara_norm	dict
อำ|กา	ตัมภ์	อะ	กม	N2	อะ	กม	N	karun|sara_norm	dict
อำ|กา	ต่ำ	อำ	กา	-	อำ	กา	N	-	classical
อำ|กา	ถลำ	อำ	กา	-	อำ	กา	N	-	classical
อำ|กา	ถัมถ์	อะ	กม	N2	อะ	กม	N	karun|sara_norm	classical
อำ|กา	ทรัม	อะ	กม	N2	อะ	กม	N	sara_norm	dict
อำ|กา	ทำ	อำ	กา	-	อำ	กา	N	-	classical
อำ|กา	ธรรม	อำ	กม	N2	อำ	กม	N	sara_norm	classical
อำ|กา	นัม	อะ	กม	N2	อะ	กม	N	sara_norm	dict
อำ|กา	นั่ม	อะ	กม	N2	อะ	กม	N	sara_norm	dict
อำ|กา	นำ	อำ	กา	-	อำ	กา	N	-	classical
อำ|กา	น้ำ	อำ	กา	-	อำ	กา	N	-	classical
อำ|กา	บัม	อะ	กม	N2	อะ	กม	N	sara_norm	dict
อำ|กา	บั้ม	อะ	กม	N2	อะ	กม	N	sara_norm	dict
อำ|กา	บำ	อำ	กา	-	อำ	กา	N	-	classical
อำ|กา	ปรัม	อะ	กม	N2	อะ	กม	N	sara_norm	dict
อำ|กา	ปั้ม	อะ	กม	N2	อะ	กม	N	sara_norm	dict
อำ|กา	ปั๊ม	อะ	กม	N2	อะ	กม	N	sara_norm	dict
อำ|กา	ปำ	อำ	กา	-	อำ	กา	N	-	classical
อำ|กา	ผลัม	อะ	กม	N2	อะ	กม	N	sara_norm	dict
อำ|กา	พล้ำ	อำ	กา	-	อำ	กา	N	-	classical
อำ|กา	พำ	อำ	กา	-	อำ	กา	N	-	classical
อำ|กา	ภัม	อะ	กม	N2	อะ	กม	N	sara_norm	dict
อำ|กา	ภัมภ์	อะ	กม	N2	อะ	กม	N	karun|sara_norm	dict
อำ|กา	มัม	อะ	กม	N2	อะ	กม	N	sara_norm	dict
อำ|กา	มำ	อำ	กา	-	อำ	กา	N	-	classical
อำ|กา	ม่ำ	อำ	กา	-	อำ	กา	N	-	classical
อำ|กา	ยำ	อำ	กา	-	อำ	กา	N	-	classical
อำ|กา	ย่ำ	อำ	กา	-	อำ	กา	N	-	classical
อำ|กา	ย้ำ	อำ	กา	-	อำ	กา	N	-	classical
อำ|กา	รัม	อะ	กม	N2	อะ	กม	N	sara_norm	dict
อำ|กา	รัมภ์	อะ	กม	N2	อะ	กม	N	karun|sara_norm	dict
อำ|กา	รัมย์	อะ	กม	N2	อะ	กม	N	karun|sara_norm	dict
อำ|กา	รั่ม	อะ	กม	N2	อะ	กม	N	sara_norm	dict
อำ|กา	ร่ำ	อำ	กา	-	อำ	กา	N	-	classical
อำ|กา	ลัม	อะ	กม	N2	อะ	กม	N	sara_norm	dict
อำ|กา	ลัมน์	อะ	กม	N2	อะ	กม	N	karun|sara_norm	dict
อำ|กา	ลัมพ์	อะ	กม	N2	อะ	กม	N	karun|sara_norm	dict
อำ|กา	ลั่ม	อะ	กม	N2	อะ	กม	N	sara_norm	dict
อำ|กา	ลำ	อำ	กา	-	อำ	กา	N	-	classical
อำ|กา	ล่ำ	อำ	กา	-	อำ	กา	N	-	classical
อำ|กา	ล้ำ	อำ	กา	-	อำ	กา	N	-	classical
อำ|กา	สกรรม	อำ	กม	N2	อำ	กม	N	sara_norm	dict
อำ|กา	สม่ำ	อำ	กา	-	อำ	กา	N	-	classical
อำ|กา	สลัม	อะ	กม	N2	อะ	กม	N	sara_norm	dict
อำ|กา	สัม	อะ	กม	N2	อะ	กม	N	sara_norm	classical
อำ|กา	สำ	อำ	กา	-	อำ	กา	N	-	classical
อำ|กา	ส่ำ	อำ	กา	-	อำ	กา	N	-	classical
อำ|กา	หกรรม	อำ	กม	N2	อำ	กม	N	sara_norm	dict
อำ|กา	หงำ	อำ	กา	-	อำ	กา	N	-	classical
อำ|กา	หนำ	อำ	กา	-	อำ	กา	N	-	classical
อำ|กา	หม่ำ	อำ	กา	-	อำ	กา	N	-	dict
อำ|กา	หยำ	อำ	กา	-	อำ	กา	N	-	classical
อำ|กา	หลำ	อำ	กา	-	อำ	กา	N	-	classical
อำ|กา	หล่ำ	อำ	กา	-	อำ	กา	N	-	classical
อำ|กา	ห่ำ	อำ	กา	-	อำ	กา	N	-	classical
อำ|กา	อธรรม	อำ	กม	N2	อำ	กม	N	sara_norm	dict
อำ|กา	อัม	อะ	กม	N2	อะ	กม	N	sara_norm	classical
อำ|กา	อำ	อำ	กา	-	อำ	กา	N	-	classical
อำ|กา	อ้ำ	อำ	กา	-	อำ	กา	N	-	classical
อำ|กา	ฮัม	อะ	กม	N2	อะ	กม	N	sara_norm	dict
อิ|กก	กริ๊ก	อิ	กก	-	อิ	กก	N	-	dict
อิ|กก	กิก	อิ	กก	-	อิ	กก	N	-	dict
อิ|กก	กิคห์	อิ	กก	-	อิ	กก	N	karun	dict
อิ|กก	กิ๊กส์	อิ	กก	-	อิ	กก	N	karun	dict
อิ|กก	ขยิก	อิ	กก	-	อิ	กก	N	-	classical
อิ|กก	คริก	อิ	กก	-	อิ	กก	N	-	dict
อิ|กก	คริค	อิ	กก	-	อิ	กก	N	-	dict
อิ|กก	คลิก	อิ	กก	-	อิ	กก	N	-	dict
อิ|กก	คลิค	อิ	กก	-	อิ	กก	N	-	dict
อิ|กก	คลิ๊ก	อิ	กก	-	อิ	กก	N	-	dict
อิ|กก	คิก	อิ	กก	-	อิ	กก	N	-	classical
อิ|กก	จิก	อิ	กก	-	อิ	กก	N	-	classical
อิ|กก	จิกซ์	อิ	กก	-	อิ	กก	N	karun	dict
อิ|กก	จิค	อิ	กก	-	อิ	กก	N	-	dict
อิ|กก	จิ๊ก	อิ	กก	-	อิ	กก	N	-	dict
อิ|กก	ชิก	อิ	กก	-	อิ	กก	N	-	dict
อิ|กก	ชิค	อิ	กก	-	อิ	กก	N	-	dict
อิ|กก	ซิก	อิ	กก	-	อิ	กก	N	-	classical
อิ|กก	ซิกซ์	อิ	กก	-	อิ	กก	N	karun	dict
อิ|กก	ซิค	อิ	กก	-	อิ	กก	N	-	dict
อิ|กก	ดิก	อิ	กก	-	อิ	กก	N	-	classical
อิ|กก	ตริก	อิ	กก	-	อิ	กก	N	-	dict
อิ|กก	ติค	อิ	กก	-	อิ	กก	N	-	dict
อิ|กก	ติคส์	อิ	กก	-	อิ	กก	N	karun	dict
อิ|กก	ติ๊ก	อิ	กก	-	อิ	กก	N	-	dict
อิ|กก	ถิก	อิ	กก	-	อิ	กก	N	-	dict
อิ|กก	ทริก	อิ	กก	-	อิ	กก	N	-	dict
อิ|กก	ทริค	อิ	กก	-	อิ	กก	N	-	dict
อิ|กก	ธิค	อิ	กก	-	อิ	กก	N	-	dict
อิ|กก	นิก	อิ	กก	-	อิ	กก	N	-	dict
อิ|กก	นิค	อิ	กก	-	อิ	กก	N	-	dict
อิ|กก	บิค	อิ	กก	-	อิ	กก	N	-	dict
อิ|กก	บิ๊ก	อิ	กก	-	อิ	กก	N	-	dict
อิ|กก	ปิก	อิ	กก	-	อิ	กก	N	-	dict
อิ|กก	ปิค	อิ	กก	-	อิ	กก	N	-	dict
อิ|กก	พลิกซ์	อิ	กก	-	อิ	กก	N	karun	dict
อิ|กก	พิค	อิ	กก	-	อิ	กก	N	-	dict
อิ|กก	พิฆน์	อิ	กก	-	อิ	กก	N	karun	dict
อิ|กก	พิ๊ก	อิ	กก	-	อิ	กก	N	-	dict
อิ|กก	ฟิกส์	อิ	กก	-	อิ	กก	N	karun	dict
อิ|กก	ฟิค	อิ	กก	-	อิ	กก	N	-	dict
อิ|กก	มิก	อิ	กก	-	อิ	กก	N	-	dict
อิ|กก	มิกซ์	อิ	กก	-	อิ	กก	N	karun	dict
อิ|กก	มิกส์	อิ	กก	-	อิ	กก	N	karun	dict
อิ|กก	มิค	อิ	กก	-	อิ	กก	N	-	classical
อิ|กก	มิคส์	อิ	กก	-	อิ	กก	N	karun	dict
อิ|กก	ริก	อิ	กก	-	อิ	กก	N	-	classical
อิ|กก	ริกซ์	อิ	กก	-	อิ	กก	N	karun	dict
อิ|กก	ริกล์	อิ	กก	-	อิ	กก	N	karun	dict
อิ|กก	ริกส์	อิ	กก	-	อิ	กก	N	karun	dict
อิ|กก	ริค	อิ	กก	-	อิ	กก	N	-	dict
อิ|กก	ลิค	อิ	กก	-	อิ	กก	N	-	dict
อิ|กก	วณิก	อิ	กก	-	อิ	กก	N	-	dict
อิ|กก	วิก	อิ	กก	-	อิ	กก	N	-	classical
อิ|กก	สติก	อิ	กก	-	อิ	กก	N	-	dict
อิ|กก	สติ๊ก	อิ	กก	-	อิ	กก	N	-	dict
อิ|กก	สิค	อิ	กก	-	อิ	กก	N	-	dict
อิ|กก	หยิก	อิ	กก	-	อิ	กก	N	-	classical
อิ|กก	หลิก	อิ	กก	-	อิ	กก	N	-	classical
อิ|กก	อธิก	อิ	กก	-	อิ	กก	N	-	dict
อิ|กก	ฮิก	อิ	กก	-	อิ	กก	N	-	dict
อิ|กง	กริ๊ง	อิ	กง	-	อิ	กง	N	-	dict
อิ|กง	กิง	อิ	กง	-	อิ	กง	N	-	classical
อิ|กง	กิงค์	อิ	กง	-	อิ	กง	N	karun	dict
อิ|กง	กิ่ง	อิ	กง	-	อิ	กง	N	-	classical
อิ|กง	กิ้ง	อิ	กง	-	อิ	กง	N	-	classical
อิ|กง	ขิง	อิ	กง	-	อิ	กง	N	-	classical
อิ|กง	คิง	อิ	กง	-	อิ	กง	N	-	dict
อิ|กง	คิงส์	อิ	กง	-	อิ	กง	N	karun	dict
อิ|กง	จริง	อิ	กง	-	อิ	กง	N	-	classical
อิ|กง	จิ้ง	อิ	กง	-	อิ	กง	N	-	classical
อิ|กง	จิ๋ง	อิ	กง	-	อิ	กง	N	-	dict
อิ|กง	ชิง	อิ	กง	-	อิ	กง	N	-	classical
อิ|กง	ชิ่ง	อิ	กง	-	อิ	กง	N	-	dict
อิ|กง	ชิ่งส์	อิ	กง	-	อิ	กง	N	karun	dict
อิ|กง	ซิงค์	อิ	กง	-	อิ	กง	N	karun	dict
อิ|กง	ซิงต์	อิ	กง	-	อิ	กง	N	karun	dict
อิ|กง	ดิง	อิ	กง	-	อิ	กง	N	-	dict
อิ|กง	ดิงส์	อิ	กง	-	อิ	กง	N	karun	dict
อิ|กง	ดิ้ง	อิ	กง	-	อิ	กง	N	-	classical
อิ|กง	ติงค์	อิ	กง	-	อิ	กง	N	karun	dict
อิ|กง	ติงส์	อิ	กง	-	อิ	กง	N	karun	dict
อิ|กง	ติ่ง	อิ	กง	-	อิ	กง	N	-	classical
อิ|กง	ติ๋ง	อิ	กง	-	อิ	กง	N	-	classical
อิ|กง	ทติงส์	อิ	กง	-	อิ	กง	N	karun	dict
อิ|กง	ทิ้ง	อิ	กง	-	อิ	กง	N	-	classical
อิ|กง	นิ่ง	อิ	กง	-	อิ	กง	N	-	classical
อิ|กง	ปลิง	อิ	กง	-	อิ	กง	N	-	classical
อิ|กง	ปิ้ง	อิ	กง	-	อิ	กง	N	-	classical
อิ|กง	ปิ๊ง	อิ	กง	-	อิ	กง	N	-	dict
อิ|กง	พิง	อิ	กง	-	อิ	กง	N	-	classical
อิ|กง	พิงค์	อิ	กง	-	อิ	กง	N	karun	dict
อิ|กง	ฟิง	อิ	กง	-	อิ	กง	N	-	dict
อิ|กง	ฟิงค์	อิ	กง	-	อิ	กง	N	karun	dict
อิ|กง	ฟิงซ์	อิ	กง	-	อิ	กง	N	karun	dict
อิ|กง	ภิง	อิ	กง	-	อิ	กง	N	-	dict
อิ|กง	มิง	อิ	กง	-	อิ	กง	N	-	classical
อิ|กง	มิ่ง	อิ	กง	-	อิ	กง	N	-	classical
อิ|กง	ยิง	อิ	กง	-	อิ	กง	N	-	classical
อิ|กง	ยิ่ง	อิ	กง	-	อิ	กง	N	-	classical
อิ|กง	ริง	อิ	กง	-	อิ	กง	N	-	classical
อิ|กง	ริงก์	อิ	กง	-	อิ	กง	N	karun	dict
อิ|กง	ริงค์	อิ	กง	-	อิ	กง	N	karun	dict
อิ|กง	ริ่ง	อิ	กง	-	อิ	กง	N	-	classical
อิ|กง	ลิงก์	อิ	กง	-	อิ	กง	N	karun	dict
อิ|กง	ลิงค์	อิ	กง	-	อิ	กง	N	karun	dict
อิ|กง	ลิ้งค์	อิ	กง	-	อิ	กง	N	karun	dict
อิ|กง	วิง	อิ	กง	-	อิ	กง	N	-	classical
อิ|กง	วิ่ง	อิ	กง	-	อิ	กง	N	-	classical
อิ|กง	สปริง	อิ	กง	-	อิ	กง	N	-	dict
อิ|กง	สมิง	อิ	กง	-	อิ	กง	N	-	classical
อิ|กง	สิง	อิ	กง	-	อิ	กง	N	-	classical
อิ|กง	สิ่ง	อิ	กง	-	อิ	กง	N	-	classical
อิ|กง	หญิง	อิ	กง	-	อิ	กง	N	-	classical
อิ|กง	หนิง	อิ	กง	-	อิ	กง	N	-	classical
อิ|กง	หมิง	อิ	กง	-	อิ	กง	N	-	dict
อิ|กง	หยิ่ง	อิ	กง	-	อิ	กง	N	-	classical
อิ|กง	หิงค์	อิ	กง	-	อิ	กง	N	karun	dict
อิ|กง	อหิง	อิ	กง	-	อิ	กง	N	-	dict
อิ|กง	อิง	อิ	กง	-	อิ	กง	N	-	classical
อิ|กง	อิงค์	อิ	กง	-	อิ	กง	N	karun	dict
อิ|กง	อิ้ง	อิ	กง	-	อิ	กง	N	-	classical
อิ|กด	กริช	อิ	กด	-	อิ	กด	N	-	classical
อิ|กด	กริซ	อิ	กด	-	อิ	กด	N	-	dict
อิ|กด	กฤษ	อิ	กด	-	อึ	กด	Y	rue	classical
อิ|กด	กิซ	อิ	กด	-	อิ	กด	N	-	dict
อิ|กด	กิด	อิ	กด	-	อิ	กด	N	-	classical
อิ|กด	ขวิด	อิ	กด	-	อิ	กด	N	-	classical
อิ|กด	คณิต	อิ	กด	-	อิ	กด	N	-	dict
อิ|กด	คริสต์	อิ	กด	-	อิ	กด	N	karun	dict
อิ|กด	คริสป์	อิ	กด	-	อิ	กด	N	karun	dict
อิ|กด	คิช	อิ	กด	-	อิ	กด	N	-	dict
อิ|กด	คิดส์	อิ	กด	-	อิ	กด	N	karun	dict
อิ|กด	จริต	อิ	กด	-	อิ	กด	N	-	classical
อิ|กด	ชนิด	อิ	กด	-	อิ	กด	N	-	classical
อิ|กด	ชลิต	อิ	กด	-	อิ	กด	N	-	dict
อิ|กด	ชิชย์	อิ	กด	-	อิ	กด	N	karun	dict
อิ|กด	ชิด	อิ	กด	-	อิ	กด	N	-	classical
อิ|กด	ซิลค์ท	อิ	กด	-	อิ	กด	N	karun	dict
อิ|กด	ฑิตย์	อิ	กด	-	อิ	กด	N	karun	dict
อิ|กด	ดิษฐ	อิ	กด	-	อิ	กด	N	-	classical
อิ|กด	ดิษฐ์	อิ	กด	-	อิ	กด	N	karun	classical
อิ|กด	ดิสก์	อิ	กด	-	อิ	กด	N	karun	dict
อิ|กด	ดิสต์	อิ	กด	-	อิ	กด	N	karun	dict
อิ|กด	ตงิด	อิ	กด	-	อิ	กด	N	-	dict
อิ|กด	ติด	อิ	กด	-	อิ	กด	N	-	classical
อิ|กด	ทิต	อิ	กด	-	อิ	กด	N	-	dict
อิ|กด	ธิษ	อิ	กด	-	อิ	กด	N	-	dict
อิ|กด	นิด	อิ	กด	-	อิ	กด	N	-	classical
อิ|กด	นิต	อิ	กด	-	อิ	กด	N	-	dict
อิ|กด	นิษฏ์	อิ	กด	-	อิ	กด	N	karun	dict
อิ|กด	นิษฐ์	อิ	กด	-	อิ	กด	N	karun	classical
อิ|กด	ปริด	อิ	กด	-	อิ	กด	N	-	classical
อิ|กด	ปริตร	อิ	กด	-	อิ	กด	N	-	dict
อิ|กด	ปริศ	อิ	กด	-	อิ	กด	N	-	dict
อิ|กด	ปิส	อิ	กด	-	อิ	กด	N	-	dict
อิ|กด	พนิช	อิ	กด	-	อิ	กด	N	-	dict
อิ|กด	พริต	อิ	กด	-	อิ	กด	N	-	dict
อิ|กด	พิถ	อิ	กด	-	อิ	กด	N	-	dict
อิ|กด	พิทย์	อิ	กด	-	อิ	กด	N	karun	dict
อิ|กด	ฟิธ	อิ	กด	-	อิ	กด	N	-	dict
อิ|กด	ภิต	อิ	กด	-	อิ	กด	N	-	dict
อิ|กด	ภิษฐ์	อิ	กด	-	อิ	กด	N	karun	dict
อิ|กด	มิช	อิ	กด	-	อิ	กด	N	-	dict
อิ|กด	มิต	อิ	กด	-	อิ	กด	N	-	classical
อิ|กด	มิตต์	อิ	กด	-	อิ	กด	N	karun	dict
อิ|กด	มิท	อิ	กด	-	อิ	กด	N	-	classical
อิ|กด	มิทธ์	อิ	กด	-	อิ	กด	N	karun	dict
อิ|กด	ยิสต์	อิ	กด	-	อิ	กด	N	karun	dict
อิ|กด	ริดจ์	อิ	กด	-	อิ	กด	N	karun	dict
อิ|กด	ฤทธิ์	อิ	กด	-	อึ	กด	Y	karun|rue	classical
อิ|กด	ลิต	อิ	กด	-	อิ	กด	N	-	dict
อิ|กด	ลิตซ์	อิ	กด	-	อิ	กด	N	karun	dict
อิ|กด	ลิตร	อิ	กด	-	อิ	กด	N	-	dict
อิ|กด	ลิสต์	อิ	กด	-	อิ	กด	N	karun	dict
อิ|กด	วิชช์	อิ	กด	-	อิ	กด	N	karun	dict
อิ|กด	วิษ	อิ	กด	-	อิ	กด	N	-	classical
อิ|กด	ศิษฎ์	อิ	กด	-	อิ	กด	N	karun	dict
อิ|กด	ศิษย์	อิ	กด	-	อิ	กด	N	karun	classical
อิ|กด	สถิต	อิ	กด	-	อิ	กด	N	-	classical
อิ|กด	สนิท	อิ	กด	-	อิ	กด	N	-	classical
อิ|กด	สนิธ	อิ	กด	-	อิ	กด	N	-	dict
อิ|กด	สวิต	อิ	กด	-	อิ	กด	N	-	classical
อิ|กด	อินท	อิ	กด	-	อิ	กด	N	-	classical
อิ|กด	ฮิต	อิ	กด	-	อิ	กด	N	-	dict
อิ|กน	กิน	อิ	กน	-	อิ	กน	N	-	classical
อิ|กน	กินส์	อิ	กน	-	อิ	กน	N	karun	dict
อิ|กน	กิลส์	อิ	กน	-	อิ	กน	N	karun	dict
อิ|กน	กิ้นส์	อิ	กน	-	อิ	กน	N	karun	dict
อิ|กน	กิ๋น	อิ	กน	-	อิ	กน	N	-	dict
อิ|กน	ขิญ	อิ	กน	-	อิ	กน	N	-	dict
อิ|กน	ขิน	อิ	กน	-	อิ	กน	N	-	dict
อิ|กน	ขิ่น	อิ	กน	-	อิ	กน	N	-	classical
อิ|กน	ควิน	อิ	กน	-	อิ	กน	N	-	dict
อิ|กน	คิน	อิ	กน	-	อิ	กน	N	-	classical
อิ|กน	จริญ	อิ	กน	-	อิ	กน	N	-	dict
อิ|กน	จิ้น	อิ	กน	-	อิ	กน	N	-	dict
อิ|กน	จิ๋น	อิ	กน	-	อิ	กน	N	-	dict
อิ|กน	ฉิน	อิ	กน	-	อิ	กน	N	-	classical
อิ|กน	ฉินท์	อิ	กน	-	อิ	กน	N	karun	dict
อิ|กน	ชิ่น	อิ	กน	-	อิ	กน	N	-	dict
อิ|กน	ซิล	อิ	กน	-	อิ	กน	N	-	dict
อิ|กน	ซิลก์	อิ	กน	-	อิ	กน	N	karun	dict
อิ|กน	ซิลค์	อิ	กน	-	อิ	กน	N	karun	dict
อิ|กน	ตฤณ	อิ	กน	-	อึ	Cant find Marttra in this word	Y	rue	classical
อิ|กน	ติน	อิ	กน	-	อิ	กน	N	-	classical
อิ|กน	ติร	อิ	กน	-	อิ	กน	N	-	dict
อิ|กน	ติล	อิ	กน	-	อิ	กน	N	-	dict
อิ|กน	ถิน	อิ	กน	-	อิ	กน	N	-	classical
อิ|กน	ทิน	อิ	กน	-	อิ	กน	N	-	classical
อิ|กน	ธิน	อิ	กน	-	อิ	กน	N	-	dict
อิ|กน	บริน	อิ	กน	-	อิ	กน	N	-	classical
อิ|กน	บิน	อิ	กน	-	อิ	กน	N	-	classical
อิ|กน	ปิน	อิ	กน	-	อิ	กน	N	-	dict
อิ|กน	ปินด์	อิ	กน	-	อิ	กน	N	karun	dict
อิ|กน	ผิน	อิ	กน	-	อิ	กน	N	-	classical
อิ|กน	ฝิ่น	อิ	กน	-	อิ	กน	N	-	classical
อิ|กน	พิณ	อิ	กน	-	อิ	Cant find Marttra in this word	Y	-	classical
อิ|กน	พินท์	อิ	กน	-	อิ	กน	N	karun	dict
อิ|กน	พินธุ์	อิ	กน	-	อิ	กน	N	karun	dict
อิ|กน	พิล	อิ	กน	-	อิ	กน	N	-	dict
อิ|กน	ภิญ	อิ	กน	-	อิ	กน	N	-	classical
อิ|กน	ภิล	อิ	กน	-	อิ	กน	N	-	dict
อิ|กน	มินท์	อิ	กน	-	อิ	กน	N	karun	classical
อิ|กน	มิล	อิ	กน	-	อิ	กน	N	-	dict
อิ|กน	มิลล์	อิ	กน	-	อิ	กน	N	karun	dict
อิ|กน	มิ้นต์	อิ	กน	-	อิ	กน	N	karun	dict
อิ|กน	ยิน	อิ	กน	-	อิ	กน	N	-	classical
อิ|กน	ยิล	อิ	กน	-	อิ	กน	N	-	dict
อิ|กน	ยิลด์	อิ	กน	-	อิ	กน	N	karun	dict
อิ|กน	ริน	อิ	กน	-	อิ	กน	N	-	classical
อิ|กน	รินด์	อิ	กน	-	อิ	กน	N	karun	dict
อิ|กน	รินท์	อิ	กน	-	อิ	กน	N	karun	dict
อิ|กน	ริลล์	อิ	กน	-	อิ	กน	N	karun	dict
อิ|กน	ลลิล	อิ	กน	-	อิ	กน	N	-	dict
อิ|กน	ลิล	อิ	กน	-	อิ	กน	N	-	dict
อิ|กน	วินทร์	อิ	กน	-	อิ	กน	N	karun	classical
อิ|กน	วิล	อิ	กน	-	อิ	กน	N	-	classical
อิ|กน	วิลล์	อิ	กน	-	อิ	กน	N	karun	dict
อิ|กน	วิ่น	อิ	กน	-	อิ	กน	N	-	classical
อิ|กน	ศิล	อิ	กน	-	อิ	กน	N	-	classical
อิ|กน	ษิณ	อิ	กน	-	อิ	Cant find Marttra in this word	Y	-	classical
อิ|กน	สติล	อิ	กน	-	อิ	กน	N	-	dict
อิ|กน	สิญจน์	อิ	กน	-	อิ	กน	N	karun	classical
อิ|กน	หมิ่น	อิ	กน	-	อิ	กน	N	-	classical
อิ|กน	หยิ่น	อิ	กน	-	อิ	กน	N	-	dict
อิ|กน	อิล	อิ	กน	-	อิ	กน	N	-	dict
อิ|กน	ฮิลล์	อิ	กน	-	อิ	กน	N	karun	dict
อิ|กบ	กริบ	อิ	กบ	-	อิ	กบ	N	-	classical
อิ|กบ	กริฟ	อิ	กบ	-	อิ	กบ	N	-	dict
อิ|กบ	กิบ	อิ	กบ	-	อิ	กบ	N	-	dict
อิ|กบ	กิป	อิ	กบ	-	อิ	กบ	N	-	dict
อิ|กบ	กิฟต์	อิ	กบ	-	อิ	กบ	N	karun	dict
อิ|กบ	กิ๊บ	อิ	กบ	-	อิ	กบ	N	-	dict
อิ|กบ	กิ๊ป	อิ	กบ	-	อิ	กบ	N	-	dict
อิ|กบ	กิ๊ฟท์	อิ	กบ	-	อิ	กบ	N	karun	dict
อิ|กบ	ขยิบ	อิ	กบ	-	อิ	กบ	N	-	classical
อิ|กบ	ขลิบ	อิ	กบ	-	อิ	กบ	N	-	classical
อิ|กบ	ขิป	อิ	กบ	-	อิ	กบ	N	-	dict
อิ|กบ	คริพท์	อิ	กบ	-	อิ	กบ	N	karun	dict
อิ|กบ	คลิป	อิ	กบ	-	อิ	กบ	N	-	dict
อิ|กบ	คลิฟ	อิ	กบ	-	อิ	กบ	N	-	dict
อิ|กบ	ควิบบ์	อิ	กบ	-	อิ	กบ	N	karun	dict
อิ|กบ	คิป	อิ	กบ	-	อิ	กบ	N	-	dict
อิ|กบ	งิบ	อิ	กบ	-	อิ	กบ	N	-	classical
อิ|กบ	จิบ	อิ	กบ	-	อิ	กบ	N	-	classical
อิ|กบ	จิ๊บ	อิ	กบ	-	อิ	กบ	N	-	dict
อิ|กบ	จิ๊ป	อิ	กบ	-	อิ	กบ	N	-	dict
อิ|กบ	ฉิบ	อิ	กบ	-	อิ	กบ	N	-	classical
อิ|กบ	ชิป	อิ	กบ	-	อิ	กบ	N	-	dict
อิ|กบ	ชิพ	อิ	กบ	-	อิ	กบ	N	-	dict
อิ|กบ	ชิพส์	อิ	กบ	-	อิ	กบ	N	karun	dict
อิ|กบ	ชิฟ	อิ	กบ	-	อิ	กบ	N	-	dict
อิ|กบ	ซิบ	อิ	กบ	-	อิ	กบ	N	-	classical
อิ|กบ	ซิป	อิ	กบ	-	อิ	กบ	N	-	dict
อิ|กบ	ซิฟ	อิ	กบ	-	อิ	กบ	N	-	dict
อิ|กบ	ดิบ	อิ	กบ	-	อิ	กบ	N	-	classical
อิ|กบ	ติบ	อิ	กบ	-	อิ	กบ	N	-	dict
อิ|กบ	ถิบ	อิ	กบ	-	อิ	กบ	N	-	dict
อิ|กบ	ทริพ	อิ	กบ	-	อิ	กบ	N	-	dict
อิ|กบ	ทริฟ	อิ	กบ	-	อิ	กบ	N	-	dict
อิ|กบ	ทิป	อิ	กบ	-	อิ	กบ	N	-	dict
อิ|กบ	ทิพ	อิ	กบ	-	อิ	กบ	N	-	classical
อิ|กบ	ทิพย์	อิ	กบ	-	อิ	กบ	N	karun	classical
อิ|กบ	นิพ	อิ	กบ	-	อิ	กบ	N	-	classical
อิ|กบ	ปริบ	อิ	กบ	-	อิ	กบ	N	-	classical
อิ|กบ	ปิป	อิ	กบ	-	อิ	กบ	N	-	dict
อิ|กบ	พริบ	อิ	กบ	-	อิ	กบ	N	-	classical
อิ|กบ	พิพม์	อิ	กบ	-	อิ	กบ	N	karun	dict
อิ|กบ	มิบ	อิ	กบ	-	อิ	กบ	N	-	dict
อิ|กบ	ยิบ	อิ	กบ	-	อิ	กบ	N	-	classical
อิ|กบ	ริฟ	อิ	กบ	-	อิ	กบ	N	-	dict
อิ|กบ	ลิบ	อิ	กบ	-	อิ	กบ	N	-	classical
อิ|กบ	ลิป	อิ	กบ	-	อิ	กบ	N	-	dict
อิ|กบ	ลิปต์	อิ	กบ	-	อิ	กบ	N	karun	dict
อิ|กบ	ลิปส์	อิ	กบ	-	อิ	กบ	N	karun	dict
อิ|กบ	ลิฟ	อิ	กบ	-	อิ	กบ	N	-	dict
อิ|กบ	ลิฟต์	อิ	กบ	-	อิ	กบ	N	karun	dict
อิ|กบ	ลิฟฟ์	อิ	กบ	-	อิ	กบ	N	karun	dict
อิ|กบ	วิป	อิ	กบ	-	อิ	กบ	N	-	dict
อิ|กบ	ศิลป	อิ	กบ	-	อิ	กบ	N	-	dict
อิ|กบ	สลิปส์	อิ	กบ	-	อิ	กบ	N	karun	dict
อิ|กบ	สิบ	อิ	กบ	-	อิ	กบ	N	-	classical
อิ|กบ	สิป	อิ	กบ	-	อิ	กบ	N	-	dict
อิ|กบ	หญิบ	อิ	กบ	-	อิ	กบ	N	-	dict
อิ|กบ	หยิบ	อิ	กบ	-	อิ	กบ	N	-	classical
อิ|กบ	หริบ	อิ	กบ	-	อิ	กบ	N	-	dict
อิ|กบ	ฮิป	อิ	กบ	-	อิ	กบ	N	-	dict
อิ|กบ	ฮิพ	อิ	กบ	-	อิ	กบ	N	-	dict
อิ|กม	กริม	อิ	กม	-	อิ	กม	N	-	classical
อิ|กม	กริมส์	อิ	กม	-	อิ	กม	N	karun	dict
อิ|กม	กริ่ม	อิ	กม	-	อิ	กม	N	-	classical
อิ|กม	กิม	อิ	กม	-	อิ	กม	N	-	dict
อิ|กม	กิ่ม	อิ	กม	-	อิ	กม	N	-	dict
อิ|กม	กิ้ม	อิ	กม	-	อิ	กม	N	-	dict
อิ|กม	ขิม	อิ	กม	-	อิ	กม	N	-	dict
อิ|กม	คิม	อิ	กม	-	อิ	กม	N	-	classical
อิ|กม	จิม	อิ	กม	-	อิ	กม	N	-	classical
อิ|กม	จิ้ม	อิ	กม	-	อิ	กม	N	-	classical
อิ|กม	จิ๋ม	อิ	กม	-	อิ	กม	N	-	classical
อิ|กม	ฉิม	อิ	กม	-	อิ	กม	N	-	classical
อิ|กม	ชิม	อิ	กม	-	อิ	กม	N	-	classical
อิ|กม	ซิม	อิ	กม	-	อิ	กม	N	-	dict
อิ|กม	ดิม	อิ	กม	-	อิ	กม	N	-	dict
อิ|กม	ติม	อิ	กม	-	อิ	กม	N	-	dict
อิ|กม	ติ่ม	อิ	กม	-	อิ	กม	N	-	dict
อิ|กม	ทิม	อิ	กม	-	อิ	กม	N	-	classical
อิ|กม	ทิ่ม	อิ	กม	-	อิ	กม	N	-	classical
อิ|กม	นิม	อิ	กม	-	อิ	กม	N	-	dict
อิ|กม	นิ่ม	อิ	กม	-	อิ	กม	N	-	classical
อิ|กม	ปริ่ม	อิ	กม	-	อิ	กม	N	-	classical
อิ|กม	ปิ่ม	อิ	กม	-	อิ	กม	N	-	classical
อิ|กม	พริม	อิ	กม	-	อิ	กม	N	-	dict
อิ|กม	พริ้ม	อิ	กม	-	อิ	กม	N	-	classical
อิ|กม	พิม	อิ	กม	-	อิ	กม	N	-	classical
อิ|กม	พิมพ์	อิ	กม	-	อิ	กม	N	karun	classical
อิ|กม	ฟิล์ม	อิ	กม	-	อิ	กม	N	karun	dict
อิ|กม	ภิม	อิ	กม	-	อิ	กม	N	-	dict
อิ|กม	มิม	อิ	กม	-	อิ	กม	N	-	dict
อิ|กม	ยิม	อิ	กม	-	อิ	กม	N	-	dict
อิ|กม	ยิ้ม	อิ	กม	-	อิ	กม	N	-	classical
อิ|กม	ริม	อิ	กม	-	อิ	กม	N	-	classical
อิ|กม	ริมส์	อิ	กม	-	อิ	กม	N	karun	dict
อิ|กม	ลิม	อิ	กม	-	อิ	กม	N	-	dict
อิ|กม	ลิมป์	อิ	กม	-	อิ	กม	N	karun	dict
อิ|กม	ลิ่ม	อิ	กม	-	อิ	กม	N	-	classical
อิ|กม	ลิ้ม	อิ	กม	-	อิ	กม	N	-	classical
อิ|กม	สนิม	อิ	กม	-	อิ	กม	N	-	classical
อิ|กม	สลิม	อิ	กม	-	อิ	กม	N	-	dict
อิ|กม	หงิม	อิ	กม	-	อิ	กม	N	-	classical
อิ|กม	หยิม	อิ	กม	-	อิ	กม	N	-	classical
อิ|กม	หยิ่ม	อิ	กม	-	อิ	กม	N	-	classical
อิ|กม	หริ่ม	อิ	กม	-	อิ	กม	N	-	dict
อิ|กม	หิม	อิ	กม	-	อิ	กม	N	-	classical
อิ|กม	อิม	อิ	กม	-	อิ	กม	N	-	dict
อิ|กม	อิ่ม	อิ	กม	-	อิ	กม	N	-	classical
อิ|กา	กฏิ	อิ	กา	-	อิ	กา	N	-	dict
อิ|กา	กติ	อิ	กา	-	อิ	กา	N	-	classical
อิ|กา	กิ	อิ	กา	-	อิ	กา	N	-	classical
อิ|กา	กิติ์	อิ	กา	-	อิ	กด	Y	karun	dict
อิ|กา	ขิ	อิ	กา	-	อิ	กา	N	-	classical
อิ|กา	คติ	อิ	กา	-	อิ	กา	N	-	classical
อิ|กา	คริ	อิ	กา	-	อิ	กา	N	-	dict
อิ|กา	คลิ	อิ	กา	-	อิ	กา	N	-	dict
อิ|กา	ควิ	อิ	กา	-	อิ	กา	N	-	dict
อิ|กา	จริ	อิ	กา	-	อิ	กา	N	-	dict
อิ|กา	จิ	อิ	กา	-	อิ	กา	N	-	classical
อิ|กา	จิตร์	อิ	กา	-	อิ	กด	Y	karun	dict
อิ|กา	ฉริ	อิ	กา	-	อิ	กา	N	-	dict
อิ|กา	ฉิ	อิ	กา	-	อิ	กา	N	-	classical
อิ|กา	ชนิ	อิ	กา	-	อิ	กา	N	-	dict
อิ|กา	ชิ	อิ	กา	-	อิ	กา	N	-	classical
อิ|กา	ฎิ	อิ	กา	-	อิ	กา	N	-	classical
อิ|กา	ฐิ	อิ	กา	-	อิ	กา	N	-	classical
อิ|กา	ฒิ	อิ	กา	-	อิ	กา	N	-	classical
อิ|กา	ณิ	อิ	กา	-	อิ	กา	N	-	classical
อิ|กา	ตติ	อิ	กา	-	อิ	กา	N	-	classical
อิ|กา	ตริ	อิ	กา	-	อิ	กา	N	-	classical
อิ|กา	ติ	อิ	กา	-	อิ	กา	N	-	classical
อิ|กา	ทวิ	อิ	กา	-	อิ	กา	N	-	dict
อิ|กา	ทิ	อิ	กา	-	อิ	กา	N	-	classical
อิ|กา	ธนิ	อิ	กา	-	อิ	กา	N	-	dict
อิ|กา	ธิ	อิ	กา	-	อิ	กา	N	-	classical
อิ|กา	นริ	อิ	กา	-	อิ	กา	N	-	dict
อิ|กา	ปณิ	อิ	กา	-	อิ	กา	N	-	dict
อิ|กา	ปริ	อิ	กา	-	อิ	กา	N	-	classical
อิ|กา	ผลิ	อิ	กา	-	อิ	กา	N	-	classical
อิ|กา	พริ	อิ	กา	-	อิ	กา	N	-	dict
อิ|กา	ฟิ	อิ	กา	-	อิ	กา	N	-	dict
อิ|กา	ฟิห์	อิ	กา	-	อิ	กบ	Y	karun	dict
อิ|กา	ภิ	อิ	กา	-	อิ	กา	N	-	classical
อิ|กา	มติ	อิ	กา	-	อิ	กา	N	-	classical
อิ|กา	มิ	อิ	กา	-	อิ	กา	N	-	classical
อิ|กา	มิร์	อิ	กา	-	อิ	กม	Y	karun	dict
อิ|กา	ยติ	อิ	กา	-	อิ	กา	N	-	dict
อิ|กา	ยิ	อิ	กา	-	อิ	กา	N	-	classical
อิ|กา	ริ	อิ	กา	-	อิ	กา	N	-	classical
อิ|กา	ริย์	อิ	กา	-	อิ	กน	Y	karun	classical
อิ|กา	ลิ	อิ	กา	-	อิ	กา	N	-	classical
อิ|กา	วชิ	อิ	กา	-	อิ	กา	N	-	dict
อิ|กา	วิ	อิ	กา	-	อิ	กา	N	-	classical
อิ|กา	ศิ	อิ	กา	-	อิ	กา	N	-	classical
อิ|กา	สติ	อิ	กา	-	อิ	กา	N	-	classical
อิ|กา	สถิ	อิ	กา	-	อิ	กา	N	-	dict
อิ|กา	สิ	อิ	กา	-	อิ	กา	N	-	classical
อิ|กา	หนิ	อิ	กา	-	อิ	กา	N	-	classical
อิ|กา	หริ	อิ	กา	-	อิ	กา	N	-	classical
อิ|กา	หิ	อิ	กา	-	อิ	กา	N	-	classical
อิ|กา	ฬิ	อิ	กา	-	อิ	กา	N	-	classical
อิ|กา	อดิ	อิ	กา	-	อิ	กา	N	-	classical
อิ|กา	อติ	อิ	กา	-	อิ	กา	N	-	classical
อิ|กา	อนิ	อิ	กา	-	อิ	กา	N	-	dict
อิ|กา	อภิ	อิ	กา	-	อิ	กา	N	-	classical
อิ|กา	อริ	อิ	กา	-	อิ	กา	N	-	classical
อิ|กา	อวิ	อิ	กา	-	อิ	กา	N	-	dict
อิ|กา	อหิ	อิ	กา	-	อิ	กา	N	-	dict
อิ|กา	ฮิ	อิ	กา	-	อิ	กา	N	-	dict
อิ|เกย	จริย	อิ	เกย	-	อิ	เกย	N	-	dict
อิ|เกย	ฉริย	อิ	เกย	-	อิ	เกย	N	-	dict
อิ|เกย	ฑิตย	อิ	เกย	-	อิ	เกย	N	-	dict
อิ|เกย	นิตย	อิ	เกย	-	อิ	เกย	N	-	dict
อิ|เกย	ปิย	อิ	เกย	-	อิ	เกย	N	-	dict
อิ|เกย	ภิย	อิ	เกย	-	อิ	เกย	N	-	dict
อิ|เกย	ริย	อิ	เกย	-	อิ	เกย	N	-	classical
อิ|เกย	วิทย	อิ	เกย	-	อิ	เกย	N	-	dict
อิ|เกย	สถิตย	อิ	เกย	-	อิ	เกย	N	-	dict
อิ|เกย	อริย	อิ	เกย	-	อิ	เกย	N	-	dict
อิ|เกอว	กริ้ว	อิ	เกอว	-	อิ	เกอว	N	-	classical
อิ|เกอว	กิว	อิ	เกอว	-	อิ	เกอว	N	-	dict
อิ|เกอว	กิ่ว	อิ	เกอว	-	อิ	เกอว	N	-	dict
อิ|เกอว	กิ๊ว	อิ	เกอว	-	อิ	เกอว	N	-	dict
อิ|เกอว	กิ๋ว	อิ	เกอว	-	อิ	เกอว	N	-	dict
อิ|เกอว	คริว	อิ	เกอว	-	อิ	เกอว	N	-	classical
อิ|เกอว	คิว	อิ	เกอว	-	อิ	เกอว	N	-	dict
อิ|เกอว	คิวท์	อิ	เกอว	-	อิ	เกอว	N	karun	dict
อิ|เกอว	คิวส์	อิ	เกอว	-	อิ	เกอว	N	karun	dict
อิ|เกอว	คิ้ว	อิ	เกอว	-	อิ	เกอว	N	-	classical
อิ|เกอว	งิ้ว	อิ	เกอว	-	อิ	เกอว	N	-	classical
อิ|เกอว	จริว	อิ	เกอว	-	อิ	เกอว	N	-	dict
อิ|เกอว	จิ๊ว	อิ	เกอว	-	อิ	เกอว	N	-	dict
อิ|เกอว	จิ๋ว	อิ	เกอว	-	อิ	เกอว	N	-	classical
อิ|เกอว	ฉลิว	อิ	เกอว	-	อิ	เกอว	N	-	dict
อิ|เกอว	ฉิว	อิ	เกอว	-	อิ	เกอว	N	-	classical
อิ|เกอว	ชิว	อิ	เกอว	-	อิ	เกอว	N	-	classical
อิ|เกอว	ซิว	อิ	เกอว	-	อิ	เกอว	N	-	classical
อิ|เกอว	ซิ่ว	อิ	เกอว	-	อิ	เกอว	N	-	dict
อิ|เกอว	ดิว	อิ	เกอว	-	อิ	เกอว	N	-	dict
อิ|เกอว	ดิวซ์	อิ	เกอว	-	อิ	เกอว	N	karun	dict
อิ|เกอว	ดิ่ว	อิ	เกอว	-	อิ	เกอว	N	-	dict
อิ|เกอว	ดิ้ว	อิ	เกอว	-	อิ	เกอว	N	-	dict
อิ|เกอว	ติว	อิ	เกอว	-	อิ	เกอว	N	-	dict
อิ|เกอว	ติ้ว	อิ	เกอว	-	อิ	เกอว	N	-	dict
อิ|เกอว	ติ๋ว	อิ	เกอว	-	อิ	เกอว	N	-	classical
อิ|เกอว	ทิว	อิ	เกอว	-	อิ	เกอว	N	-	classical
อิ|เกอว	นิวส์	อิ	เกอว	-	อิ	เกอว	N	karun	dict
อิ|เกอว	นิ่ว	อิ	เกอว	-	อิ	เกอว	N	-	classical
อิ|เกอว	นิ้ว	อิ	เกอว	-	อิ	เกอว	N	-	classical
อิ|เกอว	บริว	อิ	เกอว	-	อิ	เกอว	N	-	dict
อิ|เกอว	บลิว	อิ	เกอว	-	อิ	เกอว	N	-	dict
อิ|เกอว	บิว	อิ	เกอว	-	อิ	เกอว	N	-	dict
อิ|เกอว	ปิ๋ว	อิ	เกอว	-	อิ	เกอว	N	-	dict
อิ|เกอว	ผิว	อิ	เกอว	-	อิ	เกอว	N	-	classical
อิ|เกอว	พิว	อิ	เกอว	-	อิ	เกอว	N	-	dict
อิ|เกอว	ฟิว	อิ	เกอว	-	อิ	เกอว	N	-	dict
อิ|เกอว	ฟิวด์	อิ	เกอว	-	อิ	เกอว	N	karun	dict
อิ|เกอว	ฟิวส์	อิ	เกอว	-	อิ	เกอว	N	karun	dict
อิ|เกอว	มิว	อิ	เกอว	-	อิ	เกอว	N	-	dict
อิ|เกอว	มิวส์	อิ	เกอว	-	อิ	เกอว	N	karun	dict
อิ|เกอว	ยิว	อิ	เกอว	-	อิ	เกอว	N	-	dict
อิ|เกอว	ริ้ว	อิ	เกอว	-	อิ	เกอว	N	-	classical
อิ|เกอว	ลิว	อิ	เกอว	-	อิ	เกอว	N	-	dict
อิ|เกอว	ลิ่ว	อิ	เกอว	-	อิ	เกอว	N	-	classical
อิ|เกอว	วิว	อิ	เกอว	-	อิ	เกอว	N	-	dict
อิ|เกอว	วิ่ว	อิ	เกอว	-	อิ	เกอว	N	-	dict
อิ|เกอว	ศิว	อิ	เกอว	-	อิ	เกอว	N	-	dict
อิ|เกอว	สติว	อิ	เกอว	-	อิ	เกอว	N	-	dict
อิ|เกอว	สยิว	อิ	เกอว	-	อิ	เกอว	N	-	dict
อิ|เกอว	สิว	อิ	เกอว	-	อิ	เกอว	N	-	classical
อิ|เกอว	สิ่ว	อิ	เกอว	-	อิ	เกอว	N	-	classical
อิ|เกอว	หมิว	อิ	เกอว	-	อิ	เกอว	N	-	dict
อิ|เกอว	หลิว	อิ	เกอว	-	อิ	เกอว	N	-	dict
อิ|เกอว	หลิ่ว	อิ	เกอว	-	อิ	เกอว	N	-	classical
อิ|เกอว	หวิว	อิ	เกอว	-	อิ	เกอว	N	-	classical
อิ|เกอว	หิว	อิ	เกอว	-	อิ	เกอว	N	-	classical
อิ|เกอว	หิ้ว	อิ	เกอว	-	อิ	เกอว	N	-	classical
อิ|เกอว	อิ้ว	อิ	เกอว	-	อิ	เกอว	N	-	classical
อิ|เกอว	อิ๊ว	อิ	เกอว	-	อิ	เกอว	N	-	dict
อิ|เกอว	ฮิว	อิ	เกอว	-	อิ	เกอว	N	-	dict
อี|กก	กรีก	อี	กก	-	อี	กก	N	-	dict
อี|กก	ครีก	อี	กก	-	อี	กก	N	-	dict
อี|กก	ฉลีก	อี	กก	-	อี	กก	N	-	classical
อี|กก	ฉีก	อี	กก	-	อี	กก	N	-	classical
อี|กก	ซีก	อี	กก	-	อี	กก	N	-	classical
อี|กก	ปลีก	อี	กก	-	อี	กก	N	-	classical
อี|กก	ปีก	อี	กก	-	อี	กก	N	-	classical
อี|กก	ผีก	อี	กก	-	อี	กก	N	-	classical
อี|กก	ลีก	อี	กก	-	อี	กก	N	-	classical
อี|กก	หลีก	อี	กก	-	อี	กก	N	-	classical
อี|กก	อีก	อี	กก	-	อี	กก	N	-	classical
อี|กด	กรีซ	อี	กด	-	อี	กด	N	-	dict
อี|กด	กรีด	อี	กด	-	อี	กด	N	-	classical
อี|กด	กรีต	อี	กด	-	อี	กด	N	-	dict
อี|กด	กรี๊ด	อี	กด	-	อี	กด	N	-	dict
อี|กด	กีฏ	อี	กด	-	อี	กด	N	-	dict
อี|กด	กีด	อี	กด	-	อี	กด	N	-	classical
อี|กด	กีส	อี	กด	-	อี	กด	N	-	dict
อี|กด	ขีด	อี	กด	-	อี	กด	N	-	classical
อี|กด	คีต	อี	กด	-	อี	กด	N	-	classical
อี|กด	จี๊ด	อี	กด	-	อี	กด	N	-	dict
อี|กด	ฉีด	อี	กด	-	อี	กด	N	-	classical
อี|กด	ชีด	อี	กด	-	อี	กด	N	-	dict
อี|กด	ชีต	อี	กด	-	อี	กด	N	-	dict
อี|กด	ชีส	อี	กด	-	อี	กด	N	-	dict
อี|กด	ซีจ	อี	กด	-	อี	กด	N	-	dict
อี|กด	ซีช	อี	กด	-	อี	กด	N	-	dict
อี|กด	ซีด	อี	กด	-	อี	กด	N	-	classical
อี|กด	ซีท	อี	กด	-	อี	กด	N	-	dict
อี|กด	ซีส	อี	กด	-	อี	กด	N	-	dict
อี|กด	ซีสต์	อี	กด	-	อี	กด	N	karun	dict
อี|กด	ซี๊ด	อี	กด	-	อี	กด	N	-	dict
อี|กด	ณีต	อี	กด	-	อี	กด	N	-	classical
อี|กด	ดีด	อี	กด	-	อี	กด	N	-	classical
อี|กด	ทรีท	อี	กด	-	อี	กด	N	-	dict
อี|กด	ทวีด	อี	กด	-	อี	กด	N	-	dict
อี|กด	บรีส	อี	กด	-	อี	กด	N	-	dict
อี|กด	บีช	อี	กด	-	อี	กด	N	-	dict
อี|กด	ปรี๊ด	อี	กด	-	อี	กด	N	-	dict
อี|กด	พีช	อี	กด	-	อี	กด	N	-	dict
อี|กด	พีดส์	อี	กด	-	อี	กด	N	karun	dict
อี|กด	พีท	อี	กด	-	อี	กด	N	-	dict
อี|กด	ฟรีซ	อี	กด	-	อี	กด	N	-	dict
อี|กด	ฟีซ	อี	กด	-	อี	กด	N	-	dict
อี|กด	ฟีด	อี	กด	-	อี	กด	N	-	dict
อี|กด	มีด	อี	กด	-	อี	กด	N	-	classical
อี|กด	มี้ด	อี	กด	-	อี	กด	N	-	dict
อี|กด	มี๊ด	อี	กด	-	อี	กด	N	-	dict
อี|กด	ยีสต์	อี	กด	-	อี	กด	N	karun	dict
อี|กด	รีช	อี	กด	-	อี	กด	N	-	dict
อี|กด	รีด	อี	กด	-	อี	กด	N	-	classical
อี|กด	รีต	อี	กด	-	อี	กด	N	-	classical
อี|กด	ลีด	อี	กด	-	อี	กด	N	-	dict
อี|กด	ลีดส์	อี	กด	-	อี	กด	N	karun	dict
อี|กด	ลีย์ส	อี	กด	-	อี	กด	N	karun	dict
อี|กด	ลีส	อี	กด	-	อี	กด	N	-	dict
อี|กด	วีท	อี	กด	-	อี	กด	N	-	dict
อี|กด	วี้ด	อี	กด	-	อี	กด	N	-	dict
อี|กด	วี๊ด	อี	กด	-	อี	กด	N	-	dict
อี|กด	สวีท	อี	กด	-	อี	กด	N	-	dict
อี|กด	หรีด	อี	กด	-	อี	กด	N	-	classical
อี|กด	หวีด	อี	กด	-	อี	กด	N	-	classical
อี|กด	อดีต	อี	กด	-	อี	กด	N	-	classical
อี|กด	อีส	อี	กด	-	อี	กด	N	-	dict
อี|กด	อีสต์	อี	กด	-	อี	กด	N	karun	dict
อี|กน	กรีน	อี	กน	-	อี	กน	N	-	dict
อี|กน	กรีนส์	อี	กน	-	อี	กน	N	karun	dict
อี|กน	กีร	อี	กน	-	อี	กน	N	-	dict
อี|กน	คลีน	อี	กน	-	อี	กน	N	-	dict
อี|กน	ควีน	อี	กน	-	อี	กน	N	-	dict
อี|กน	ควีนส์	อี	กน	-	อี	กน	N	karun	dict
อี|กน	คีน	อี	กน	-	อี	กน	N	-	dict
อี|กน	คีล	อี	กน	-	อี	กน	N	-	dict
อี|กน	คีลล์	อี	กน	-	อี	กน	N	karun	dict
อี|กน	คีลส์	อี	กน	-	อี	กน	N	karun	dict
อี|กน	จีน	อี	กน	-	อี	กน	N	-	classical
อี|กน	จีร	อี	กน	-	อี	กน	N	-	dict
อี|กน	ชีน	อี	กน	-	อี	กน	N	-	dict
อี|กน	ชีนส์	อี	กน	-	อี	กน	N	karun	dict
อี|กน	ชีล	อี	กน	-	อี	กน	N	-	dict
อี|กน	ชีลด์	อี	กน	-	อี	กน	N	karun	dict
อี|กน	ซีน	อี	กน	-	อี	กน	N	-	dict
อี|กน	ซีล	อี	กน	-	อี	กน	N	-	dict
อี|กน	ดีน	อี	กน	-	อี	กน	N	-	dict
อี|กน	ดีล	อี	กน	-	อี	กน	N	-	dict
อี|กน	ตีน	อี	กน	-	อี	กน	N	-	classical
อี|กน	ตีล	อี	กน	-	อี	กน	N	-	dict
อี|กน	ทีน	อี	กน	-	อี	กน	N	-	dict
อี|กน	ธีร	อี	กน	-	อี	กน	N	-	dict
อี|กน	นีน	อี	กน	-	อี	กน	N	-	classical
อี|กน	ปีน	อี	กน	-	อี	กน	N	-	classical
อี|กน	พีน	อี	กน	-	อี	กน	N	-	dict
อี|กน	พีร	อี	กน	-	อี	กน	N	-	dict
อี|กน	ฟีน	อี	กน	-	อี	กน	N	-	dict
อี|กน	ฟีลด์	อี	กน	-	อี	กน	N	karun	dict
อี|กน	ฟีลล์	อี	กน	-	อี	กน	N	karun	dict
อี|กน	ภีร	อี	กน	-	อี	กน	N	-	dict
อี|กน	มีน	อี	กน	-	อี	กน	N	-	dict
อี|กน	ยีน	อี	กน	-	อี	กน	N	-	dict
อี|กน	ยีนส์	อี	กน	-	อี	กน	N	karun	dict
อี|กน	รีน	อี	กน	-	อี	กน	N	-	dict
อี|กน	รีล	อี	กน	-	อี	กน	N	-	dict
อี|กน	ลีน	อี	กน	-	อี	กน	N	-	dict
อี|กน	วีน	อี	กน	-	อี	กน	N	-	dict
อี|กน	วีร	อี	กน	-	อี	กน	N	-	dict
อี|กน	วีล	อี	กน	-	อี	กน	N	-	dict
อี|กน	ศีร	อี	กน	-	อี	กน	N	-	classical
อี|กน	ศีล	อี	กน	-	อี	กน	N	-	classical
อี|กน	สกรีน	อี	กน	-	อี	กน	N	-	dict
อี|กน	สกีน	อี	กน	-	อี	กน	N	-	dict
อี|กน	สตีล	อี	กน	-	อี	กน	N	-	dict
อี|กน	สรีร	อี	กน	-	อี	กน	N	-	dict
อี|กน	อีน	อี	กน	-	อี	กน	N	-	dict
อี|กบ	กลีบ	อี	กบ	-	อี	กบ	N	-	classical
อี|กบ	กีบ	อี	กบ	-	อี	กบ	N	-	classical
อี|กบ	กีฟ	อี	กบ	-	อี	กบ	N	-	dict
อี|กบ	ครีบ	อี	กบ	-	อี	กบ	N	-	classical
อี|กบ	คลีฟ	อี	กบ	-	อี	กบ	N	-	dict
อี|กบ	คีบ	อี	กบ	-	อี	กบ	N	-	classical
อี|กบ	งีบ	อี	กบ	-	อี	กบ	N	-	classical
อี|กบ	จีบ	อี	กบ	-	อี	กบ	N	-	classical
อี|กบ	จีฟ	อี	กบ	-	อี	กบ	N	-	dict
อี|กบ	จี๊ป	อี	กบ	-	อี	กบ	N	-	dict
อี|กบ	ชีพ	อี	กบ	-	อี	กบ	N	-	classical
อี|กบ	ชีฟ	อี	กบ	-	อี	กบ	N	-	dict
อี|กบ	ซีพ	อี	กบ	-	อี	กบ	N	-	dict
อี|กบ	ซีฟ	อี	กบ	-	อี	กบ	N	-	dict
อี|กบ	ตีบ	อี	กบ	-	อี	กบ	N	-	dict
อี|กบ	ตีฟ	อี	กบ	-	อี	กบ	N	-	dict
อี|กบ	ถีบ	อี	กบ	-	อี	กบ	N	-	classical
อี|กบ	ทวีป	อี	กบ	-	อี	กบ	N	-	classical
อี|กบ	ทีป	อี	กบ	-	อี	กบ	N	-	classical
อี|กบ	ทีฟ	อี	กบ	-	อี	กบ	N	-	dict
อี|กบ	บีบ	อี	กบ	-	อี	กบ	N	-	classical
อี|กบ	บีฟ	อี	กบ	-	อี	กบ	N	-	dict
อี|กบ	ปี๊บ	อี	กบ	-	อี	กบ	N	-	dict
อี|กบ	มีบ	อี	กบ	-	อี	กบ	N	-	dict
อี|กบ	ยีบ	อี	กบ	-	อี	กบ	N	-	dict
อี|กบ	รีบ	อี	กบ	-	อี	กบ	N	-	classical
อี|กบ	รีฟ	อี	กบ	-	อี	กบ	N	-	dict
อี|กบ	ลีบ	อี	กบ	-	อี	กบ	N	-	dict
อี|กบ	หนีบ	อี	กบ	-	อี	กบ	N	-	classical
อี|กบ	หีบ	อี	กบ	-	อี	กบ	N	-	classical
อี|กม	กรีม	อี	กม	-	อี	กม	N	-	dict
อี|กม	ครีม	อี	กม	-	อี	กม	N	-	dict
อี|กม	คีม	อี	กม	-	อี	กม	N	-	dict
อี|กม	ดรีม	อี	กม	-	อี	กม	N	-	dict
อี|กม	ทีม	อี	กม	-	อี	กม	N	-	dict
อี|กม	ภีม	อี	กม	-	อี	กม	N	-	dict
อี|กม	รีม	อี	กม	-	อี	กม	N	-	dict
อี|กม	ฮีม	อี	กม	-	อี	กม	N	-	dict
อี|กา	กลี	อี	กา	-	อี	กา	N	-	classical
อี|กา	กีย์	อี	กา	-	อี	กก	Y	karun	classical
อี|กา	กีส์	อี	กา	-	อี	กก	Y	karun	dict
อี|กา	ขมี	อี	กา	-	อี	กา	N	-	classical
อี|กา	ขยี้	อี	กา	-	อี	กา	N	-	classical
อี|กา	ขี	อี	กา	-	อี	กา	N	-	classical
อี|กา	ขี่	อี	กา	-	อี	กา	N	-	classical
อี|กา	ครี	อี	กา	-	อี	กา	N	-	classical
อี|กา	คลี	อี	กา	-	อี	กา	N	-	classical
อี|กา	คลีย์	อี	กา	-	อี	กน	Y	karun	dict
อี|กา	คีย์	อี	กา	-	อี	กก	Y	karun	dict
อี|กา	งี่	อี	กา	-	อี	กา	N	-	dict
อี|กา	จี่	อี	กา	-	อี	กา	N	-	classical
อี|กา	จี้	อี	กา	-	อี	กา	N	-	classical
อี|กา	ฉี	อี	กา	-	อี	กา	N	-	classical
อี|กา	ฉี่	อี	กา	-	อี	กา	N	-	classical
อี|กา	ชลี	อี	กา	-	อี	กา	N	-	classical
อี|กา	ชี้	อี	กา	-	อี	กา	N	-	classical
อี|กา	ซีย์	อี	กา	-	อี	กด	Y	karun	dict
อี|กา	ซีร์	อี	กา	-	อี	กด	Y	karun	dict
อี|กา	ซีส์	อี	กา	-	อี	กด	Y	karun	dict
อี|กา	ซี่	อี	กา	-	อี	กา	N	-	classical
อี|กา	ซี้ส์	อี	กา	-	อี	กา	N	karun	dict
อี|กา	ญี	อี	กา	-	อี	กา	N	-	classical
อี|กา	ญี่	อี	กา	-	อี	กา	N	-	classical
อี|กา	ฑรีย์	อี	กา	-	อี	กน	Y	karun	dict
อี|กา	ฑี	อี	กา	-	อี	กา	N	-	dict
อี|กา	ณีย์	อี	กา	-	อี	Cant find Marttra in this word	Y	karun	classical
อี|กา	ดีย	อี	กา	-	อี	กา	N	-	dict
อี|กา	ดีย์	อี	กา	-	อี	กด	Y	karun	classical
อี|กา	ตี้	อี	กา	-	อี	กา	N	-	classical
อี|กา	ตี๋	อี	กา	-	อี	กา	N	-	classical
อี|กา	ที	อี	กา	-	อี	กา	N	-	classical
อี|กา	ธีร์	อี	กา	-	อี	กด	Y	karun	dict
อี|กา	นี่	อี	กา	-	อี	กา	N	-	classical
อี|กา	บดี	อี	กา	-	อี	กา	N	-	classical
อี|กา	ปรีซ์	อี	กา	-	อี	กน	Y	karun	dict
อี|กา	ปรีย์	อี	กา	-	อี	กน	Y	karun	dict
อี|กา	ปี	อี	กา	-	อี	กา	N	-	classical
อี|กา	ปี้	อี	กา	-	อี	กา	N	-	classical
อี|กา	พรี	อี	กา	-	อี	กา	N	-	classical
อี|กา	ฟีร์	อี	กา	-	อี	กบ	Y	karun	dict
อี|กา	ภี	อี	กา	-	อี	กา	N	-	classical
อี|กา	ภีร์	อี	กา	-	อี	กบ	Y	karun	classical
อี|กา	มี	อี	กา	-	อี	กา	N	-	classical
อี|กา	มีย์	อี	กา	-	อี	กม	Y	karun	dict
อี|กา	ยี	อี	กา	-	อี	กา	N	-	classical
อี|กา	รวี	อี	กา	-	อี	กา	N	-	classical
อี|กา	รี่	อี	กา	-	อี	กา	N	-	classical
อี|กา	วจี	อี	กา	-	อี	กา	N	-	dict
อี|กา	วดี	อี	กา	-	อี	กา	N	-	classical
อี|กา	วลี	อี	กา	-	อี	กา	N	-	classical
อี|กา	สกี้	อี	กา	-	อี	กา	N	-	dict
อี|กา	สี	อี	กา	-	อี	กา	N	-	classical
อี|กา	สี่	อี	กา	-	อี	กา	N	-	classical
อี|กา	หนี	อี	กา	-	อี	กา	N	-	classical
อี|กา	หมี	อี	กา	-	อี	กา	N	-	classical
อี|กา	หยี่	อี	กา	-	อี	กา	N	-	classical
อี|กา	หี่	อี	กา	-	อี	กา	N	-	dict
อี|กา	อี	อี	กา	-	อี	กา	N	-	classical
อี|กา	เปี๊ยะ	อี	กา	-	อี	กา	N	-	dict
อึ|กก	กึก	อึ	กก	-	อึ	กก	N	-	classical
อึ|กก	ครึก	อึ	กก	-	อึ	กก	N	-	classical
อึ|กก	คึก	อึ	กก	-	อึ	กก	N	-	classical
อึ|กก	คึ่ก	อึ	กก	-	อึ	กก	N	-	dict
อึ|กก	งึก	อึ	กก	-	อึ	กก	N	-	dict
อึ|กก	ชึก	อึ	กก	-	อึ	กก	N	-	dict
อึ|กก	ชึ่ก	อึ	กก	-	อึ	กก	N	-	dict
อึ|กก	ซึก	อึ	กก	-	อึ	กก	N	-	classical
อึ|กก	ญึก	อึ	กก	-	อึ	กก	N	-	dict
อึ|กก	ดึก	อึ	กก	-	อึ	กก	N	-	classical
อึ|กก	ตรึก	อึ	กก	-	อึ	กก	N	-	classical
อึ|กก	ตึก	อึ	กก	-	อึ	กก	N	-	classical
อึ|กก	ตึ้ก	อึ	กก	-	อึ	กก	N	-	dict
อึ|กก	ถึก	อึ	กก	-	อึ	กก	N	-	classical
อึ|กก	ทึก	อึ	กก	-	อึ	กก	N	-	classical
อึ|กก	นึก	อึ	กก	-	อึ	กก	N	-	classical
อึ|กก	บึก	อึ	กก	-	อึ	กก	N	-	classical
อึ|กก	ปรึก	อึ	กก	-	อึ	กก	N	-	classical
อึ|กก	ปึก	อึ	กก	-	อึ	กก	N	-	classical
อึ|กก	ผนึก	อึ	กก	-	อึ	กก	N	-	classical
อึ|กก	ผลึก	อึ	กก	-	อึ	กก	N	-	classical
อึ|กก	ฝึก	อึ	กก	-	อึ	กก	N	-	classical
อึ|กก	ยึก	อึ	กก	-	อึ	กก	N	-	dict
อึ|กก	รึก	อึ	กก	-	อึ	กก	N	-	classical
อึ|กก	ลึก	อึ	กก	-	อึ	กก	N	-	classical
อึ|กก	ศึก	อึ	กก	-	อึ	กก	N	-	classical
อึ|กก	สตึก	อึ	กก	-	อึ	กก	N	-	dict
อึ|กก	สึก	อึ	กก	-	อึ	กก	N	-	classical
อึ|กก	หงึก	อึ	กก	-	อึ	กก	N	-	classical
อึ|กก	หมึก	อึ	กก	-	อึ	กก	N	-	classical
อึ|กก	อึก	อึ	กก	-	อึ	กก	N	-	classical
อึ|กก	ฮึก	อึ	กก	-	อึ	กก	N	-	classical
อึ|กง	กลึง	อึ	กง	-	อึ	กง	N	-	classical
อึ|กง	กลึ้ง	อึ	กง	-	อึ	กง	N	-	dict
อึ|กง	กึง	อึ	กง	-	อึ	กง	N	-	classical
อึ|กง	กึ่ง	อึ	กง	-	อึ	กง	N	-	classical
อึ|กง	ขมึง	อึ	กง	-	อึ	กง	N	-	dict
อึ|กง	ขึง	อึ	กง	-	อึ	กง	N	-	classical
อึ|กง	ขึ้ง	อึ	กง	-	อึ	กง	N	-	classical
อึ|กง	คนึง	อึ	กง	-	อึ	กง	N	-	classical
อึ|กง	ครึ่ง	อึ	กง	-	อึ	กง	N	-	classical
อึ|กง	คลึง	อึ	กง	-	อึ	กง	N	-	classical
อึ|กง	จึง	อึ	กง	-	อึ	กง	N	-	classical
อึ|กง	ฉทึง	อึ	กง	-	อึ	กง	N	-	dict
อึ|กง	ฉึ่ง	อึ	กง	-	อึ	กง	N	-	dict
อึ|กง	ซึง	อึ	กง	-	อึ	กง	N	-	dict
อึ|กง	ซึ่ง	อึ	กง	-	อึ	กง	N	-	classical
อึ|กง	ซึ้ง	อึ	กง	-	อึ	กง	N	-	classical
อึ|กง	ดึง	อึ	กง	-	อึ	กง	N	-	classical
อึ|กง	ดึงษ์	อึ	กง	-	อึ	กง	N	karun	dict
อึ|กง	ดึงส์	อึ	กง	-	อึ	กง	N	karun	classical
อึ|กง	ดึ่ง	อึ	กง	-	อึ	กง	N	-	classical
อึ|กง	ตรึง	อึ	กง	-	อึ	กง	N	-	classical
อึ|กง	ตรึงศ์	อึ	กง	-	อึ	กง	N	karun	classical
อึ|กง	ตรึงษ์	อึ	กง	-	อึ	กง	N	karun	dict
อึ|กง	ตึง	อึ	กง	-	อึ	กง	N	-	classical
อึ|กง	ตึ่ง	อึ	กง	-	อึ	กง	N	-	dict
อึ|กง	ตึ๋ง	อึ	กง	-	อึ	กง	N	-	dict
อึ|กง	ถมึง	อึ	กง	-	อึ	กง	N	-	dict
อึ|กง	ถึง	อึ	กง	-	อึ	กง	N	-	classical
อึ|กง	ทึง	อึ	กง	-	อึ	กง	N	-	classical
อึ|กง	ทึ่ง	อึ	กง	-	อึ	กง	N	-	dict
อึ|กง	ทึ้ง	อึ	กง	-	อึ	กง	N	-	classical
อึ|กง	นึง	อึ	กง	-	อึ	กง	N	-	classical
อึ|กง	นึ่ง	อึ	กง	-	อึ	กง	N	-	dict
อึ|กง	บึง	อึ	กง	-	อึ	กง	N	-	classical
อึ|กง	บึ่ง	อึ	กง	-	อึ	กง	N	-	dict
อึ|กง	บึ้ง	อึ	กง	-	อึ	กง	N	-	classical
อึ|กง	ปึง	อึ	กง	-	อึ	กง	N	-	classical
อึ|กง	ปึ่ง	อึ	กง	-	อึ	กง	N	-	classical
อึ|กง	ปึ๋ง	อึ	กง	-	อึ	กง	N	-	dict
อึ|กง	ผลึ่ง	อึ	กง	-	อึ	กง	N	-	dict
อึ|กง	ผึง	อึ	กง	-	อึ	กง	N	-	classical
อึ|กง	ผึ่ง	อึ	กง	-	อึ	กง	N	-	classical
อึ|กง	ผึ้ง	อึ	กง	-	อึ	กง	N	-	classical
อึ|กง	พรึง	อึ	กง	-	อึ	กง	N	-	classical
อึ|กง	พลึง	อึ	กง	-	อึ	กง	N	-	dict
อึ|กง	พึง	อึ	กง	-	อึ	กง	N	-	classical
อึ|กง	พึ่ง	อึ	กง	-	อึ	กง	N	-	classical
อึ|กง	มึง	อึ	กง	-	อึ	กง	N	-	classical
อึ|กง	รึง	อึ	กง	-	อึ	กง	N	-	classical
อึ|กง	ลึง	อึ	กง	-	อึ	กง	N	-	classical
อึ|กง	ลึงค์	อึ	กง	-	อึ	กง	N	karun	dict
อึ|กง	ลึ่ง	อึ	กง	-	อึ	กง	N	-	classical
อึ|กง	สลึง	อึ	กง	-	อึ	กง	N	-	classical
อึ|กง	หนึ่ง	อึ	กง	-	อึ	กง	N	-	classical
อึ|กง	หึง	อึ	กง	-	อึ	กง	N	-	classical
อึ|กง	หึ่ง	อึ	กง	-	อึ	กง	N	-	classical
อึ|กง	อนึ่ง	อึ	กง	-	อึ	กง	N	-	classical
อึ|กง	อลึ่ง	อึ	กง	-	อึ	กง	N	-	dict
อึ|กง	อึง	อึ	กง	-	อึ	กง	N	-	classical
อึ|กง	อึ่ง	อึ	กง	-	อึ	กง	N	-	classical
อึ|กง	อึ้ง	อึ	กง	-	อึ	กง	N	-	classical
อึ|กด	กึด	อึ	กด	-	อึ	กด	N	-	dict
อึ|กด	ซึส	อึ	กด	-	อึ	กด	N	-	dict
อึ|กด	ตึด	อึ	กด	-	อึ	กด	N	-	dict
อึ|กด	ตึ๊ด	อึ	กด	-	อึ	กด	N	-	dict
อึ|กด	พรึษ	อึ	กด	-	อึ	กด	N	-	dict
อึ|กด	พึด	อึ	กด	-	อึ	กด	N	-	dict
อึ|กด	ยึด	อึ	กด	-	อึ	กด	N	-	classical
อึ|กด	อึด	อึ	กด	-	อึ	กด	N	-	classical
อึ|กด	ฮึด	อึ	กด	-	อึ	กด	N	-	classical
อึ|กน	กึ๊น	อึ	กน	-	อึ	กน	N	-	dict
อึ|กน	กึ๋น	อึ	กน	-	อึ	กน	N	-	dict
อึ|กน	ขึ้น	อึ	กน	-	อึ	กน	N	-	classical
อึ|กน	ซึล	อึ	กน	-	อึ	กน	N	-	dict
อึ|กน	ดึ่น	อึ	กน	-	อึ	กน	N	-	dict
อึ|กน	ทึน	อึ	กน	-	อึ	กน	N	-	classical
อึ|กน	บึน	อึ	กน	-	อึ	กน	N	-	classical
อึ|กน	มึน	อึ	กน	-	อึ	กน	N	-	classical
อึ|กบ	ทึบ	อึ	กบ	-	อึ	กบ	N	-	dict
อึ|กบ	พรึบ	อึ	กบ	-	อึ	กบ	N	-	classical
อึ|กบ	พรึ่บ	อึ	กบ	-	อึ	กบ	N	-	dict
อึ|กบ	หนึบ	อึ	กบ	-	อึ	กบ	N	-	dict
อึ|กบ	อึ๊บ	อึ	กบ	-	อึ	กบ	N	-	dict
อึ|กม	ขรึม	อึ	กม	-	อึ	กม	N	-	dict
อึ|กม	ครึม	อึ	กม	-	อึ	กม	N	-	classical
อึ|กม	ครึ่ม	อึ	กม	-	อึ	กม	N	-	classical
อึ|กม	ครึ้ม	อึ	กม	-	อึ	กม	N	-	classical
อึ|กม	งึม	อึ	กม	-	อึ	กม	N	-	classical
อึ|กม	ซึม	อึ	กม	-	อึ	กม	N	-	classical
อึ|กม	ซึ่ม	อึ	กม	-	อึ	กม	N	-	dict
อึ|กม	ดึ่ม	อึ	กม	-	อึ	กม	N	-	dict
อึ|กม	ทึม	อึ	กม	-	อึ	กม	N	-	classical
อึ|กม	ทึ่ม	อึ	กม	-	อึ	กม	N	-	dict
อึ|กม	บึ้ม	อึ	กม	-	อึ	กม	N	-	dict
อึ|กม	พึม	อึ	กม	-	อึ	กม	N	-	classical
อึ|กม	ลึม	อึ	กม	-	อึ	กม	N	-	dict
อึ|กม	หึม	อึ	กม	-	อึ	กม	N	-	classical
อึ|กม	หึ่ม	อึ	กม	-	อึ	กม	N	-	classical
อึ|กม	อึม	อึ	กม	-	อึ	กม	N	-	dict
อึ|กม	ฮึ่ม	อึ	กม	-	อึ	กม	N	-	dict
อึ|กา	ครึ	อึ	กา	-	อึ	Cant find Marttra in this word	Y	-	dict
อึ|กา	ซึ	อึ	กา	-	อึ	Cant find Marttra in this word	Y	-	dict
อึ|กา	มหึ	อึ	กา	-	อึ	Cant find Marttra in this word	Y	-	classical
อึ|กา	รึ	อึ	กา	-	อึ	Cant find Marttra in this word	Y	-	classical
อึ|กา	สึ	อึ	กา	-	อึ	Cant find Marttra in this word	Y	-	dict
อึ|กา	หึ	อึ	กา	-	อึ	Cant find Marttra in this word	Y	-	classical
อึ|กา	อึ	อึ	กา	-	อึ	Cant find Marttra in this word	Y	-	classical
อือ|กด	ครืด	อือ	กด	-	อือ	กด	N	-	dict
อือ|กด	จืด	อือ	กด	-	อือ	กด	N	-	classical
อือ|กด	ชืด	อือ	กด	-	อือ	กด	N	-	dict
อือ|กด	ซืด	อือ	กด	-	อือ	กด	N	-	dict
อือ|กด	ตืด	อือ	กด	-	อือ	กด	N	-	classical
อือ|กด	ถืด	อือ	กด	-	อือ	กด	N	-	dict
อือ|กด	ผืด	อือ	กด	-	อือ	กด	N	-	classical
อือ|กด	ฝืด	อือ	กด	-	อือ	กด	N	-	classical
อือ|กด	พรืด	อือ	กด	-	อือ	กด	N	-	dict
อือ|กด	พืช	อือ	กด	-	อือ	กด	N	-	classical
อือ|กด	พืชน์	อือ	กด	-	อือ	กด	N	karun	dict
อือ|กด	พืด	อือ	กด	-	อือ	กด	N	-	classical
อือ|กด	มืด	อือ	กด	-	อือ	กด	N	-	classical
อือ|กด	ยืด	อือ	กด	-	อือ	กด	N	-	classical
อือ|กด	หนืด	อือ	กด	-	อือ	กด	N	-	dict
อือ|กด	หืด	อือ	กด	-	อือ	กด	N	-	classical
อือ|กด	อืด	อือ	กด	-	อือ	กด	N	-	classical
อือ|กน	กลืน	อือ	กน	-	อือ	กน	N	-	classical
อือ|กน	ขืน	อือ	กน	-	อือ	กน	N	-	classical
อือ|กน	ขื่น	อือ	กน	-	อือ	กน	N	-	classical
อือ|กน	ครืน	อือ	กน	-	อือ	กน	N	-	classical
อือ|กน	ครื้น	อือ	กน	-	อือ	กน	N	-	classical
อือ|กน	คลื่น	อือ	กน	-	อือ	กน	N	-	classical
อือ|กน	คืน	อือ	กน	-	อือ	กน	N	-	classical
อือ|กน	ชื่น	อือ	กน	-	อือ	กน	N	-	classical
อือ|กน	ชื้น	อือ	กน	-	อือ	กน	N	-	classical
อือ|กน	ซืน	อือ	กน	-	อือ	กน	N	-	classical
อือ|กน	ซื่น	อือ	กน	-	อือ	กน	N	-	dict
อือ|กน	ดื่น	อือ	กน	-	อือ	กน	N	-	classical
อือ|กน	ตื่น	อือ	กน	-	อือ	กน	N	-	classical
อือ|กน	ตื้น	อือ	กน	-	อือ	กน	N	-	classical
อือ|กน	ตื๋น	อือ	กน	-	อือ	กน	N	-	dict
อือ|กน	ปืน	อือ	กน	-	อือ	กน	N	-	classical
อือ|กน	ปื้น	อือ	กน	-	อือ	กน	N	-	dict
อือ|กน	ผืน	อือ	กน	-	อือ	กน	N	-	classical
อือ|กน	ผื่น	อือ	กน	-	อือ	กน	N	-	dict
อือ|กน	ฝืน	อือ	กน	-	อือ	กน	N	-	classical
อือ|กน	พื้น	อือ	กน	-	อือ	กน	N	-	classical
อือ|กน	ฟืน	อือ	กน	-	อือ	กน	N	-	classical
อือ|กน	ฟื้น	อือ	กน	-	อือ	กน	N	-	classical
อือ|กน	มื่น	อือ	กน	-	อือ	กน	N	-	classical
อือ|กน	ยืน	อือ	กน	-	อือ	กน	N	-	classical
อือ|กน	ยื่น	อือ	กน	-	อือ	กน	N	-	classical
อือ|กน	รืน	อือ	กน	-	อือ	กน	N	-	classical
อือ|กน	รื่น	อือ	กน	-	อือ	กน	N	-	classical
อือ|กน	รื้น	อือ	กน	-	อือ	กน	N	-	dict
อือ|กน	ลื่น	อือ	กน	-	อือ	กน	N	-	classical
อือ|กน	ลื้น	อือ	กน	-	อือ	กน	N	-	classical
อือ|กน	หมื่น	อือ	กน	-	อือ	กน	N	-	classical
อือ|กน	หืน	อือ	กน	-	อือ	กน	N	-	classical
อือ|กน	หื่น	อือ	กน	-	อือ	กน	N	-	dict
อือ|กน	อื่น	อือ	กน	-	อือ	กน	N	-	classical
อือ|กน	อื้น	อือ	กน	-	อือ	กน	N	-	classical
อือ|กบ	คืบ	อือ	กบ	-	อือ	กบ	N	-	classical
อือ|กบ	ดืบ	อือ	กบ	-	อือ	กบ	N	-	dict
อือ|กบ	ทืบ	อือ	กบ	-	อือ	กบ	N	-	classical
อือ|กบ	สืบ	อือ	กบ	-	อือ	กบ	N	-	classical
อือ|กบ	หลืบ	อือ	กบ	-	อือ	กบ	N	-	dict
อือ|กม	ดื่ม	อือ	กม	-	อือ	กม	N	-	classical
อือ|กม	ปลื้ม	อือ	กม	-	อือ	กม	N	-	classical
อือ|กม	ฟืม	อือ	กม	-	อือ	กม	N	-	dict
อือ|กม	ยืม	อือ	กม	-	อือ	กม	N	-	classical
อือ|กม	ลืม	อือ	กม	-	อือ	กม	N	-	classical
อือ|กม	อืม	อือ	กม	-	อือ	กม	N	-	dict
อือ|กา	กือ	อือ	กา	-	อือ	กา	N	-	classical
อือ|กา	ขื่อ	อือ	กา	-	อือ	กา	N	-	classical
อือ|กา	คื	อือ	กา	-	อือ	Cant find Marttra in this word	Y	-	dict
อือ|กา	คือ	อือ	กา	-	อือ	กา	N	-	classical
อือ|กา	จือ	อือ	กา	-	อือ	กา	N	-	dict
อือ|กา	จื่อ	อือ	กา	-	อือ	กา	N	-	dict
อือ|กา	จื้อ	อือ	กา	-	อือ	กา	N	-	dict
อือ|กา	จื๊อ	อือ	กา	-	อือ	กา	N	-	dict
อือ|กา	ฉือ	อือ	กา	-	อือ	กา	N	-	dict
อือ|กา	ฉื่อ	อือ	กา	-	อือ	กา	N	-	dict
อือ|กา	ชื่อ	อือ	กา	-	อือ	กา	N	-	classical
อือ|กา	ซือ	อือ	กา	-	อือ	กา	N	-	dict
อือ|กา	ซื่อ	อือ	กา	-	อือ	กา	N	-	classical
อือ|กา	ซื้อ	อือ	กา	-	อือ	กา	N	-	classical
อือ|กา	ดือ	อือ	กา	-	อือ	กา	N	-	classical
อือ|กา	ดื้อ	อือ	กา	-	อือ	กา	N	-	classical
อือ|กา	ตือ	อือ	กา	-	อือ	กา	N	-	classical
อือ|กา	ตื้อ	อือ	กา	-	อือ	กา	N	-	dict
อือ|กา	ตื๊อ	อือ	กา	-	อือ	กา	N	-	dict
อือ|กา	ตื๋อ	อือ	กา	-	อือ	กา	N	-	classical
อือ|กา	ถือ	อือ	กา	-	อือ	กา	N	-	classical
อือ|กา	ทือ	อือ	กา	-	อือ	กา	N	-	classical
อือ|กา	ทื่อ	อือ	กา	-	อือ	กา	N	-	classical
อือ|กา	นื้	อือ	กา	-	อือ	Cant find Marttra in this word	Y	-	classical
อือ|กา	บือ	อือ	กา	-	อือ	กา	N	-	classical
อือ|กา	ปรือ	อือ	กา	-	อือ	กา	N	-	classical
อือ|กา	ผือ	อือ	กา	-	อือ	กา	N	-	dict
อือ|กา	พือ	อือ	กา	-	อือ	กา	N	-	classical
อือ|กา	มื	อือ	กา	-	อือ	Cant find Marttra in this word	Y	-	dict
อือ|กา	มือ	อือ	กา	-	อือ	กา	N	-	classical
อือ|กา	มื้อ	อือ	กา	-	อือ	กา	N	-	classical
อือ|กา	ยือ	อือ	กา	-	อือ	กา	N	-	dict
อือ|กา	ยื้อ	อือ	กา	-	อือ	กา	N	-	classical
อือ|กา	รือ	อือ	กา	-	อือ	กา	N	-	classical
อือ|กา	รื้อ	อือ	กา	-	อือ	กา	N	-	classical
อือ|กา	ฤา	อือ	กา	-	อือ	กา	N	rue	classical
อือ|กา	ฤๅ	อือ	กา	-	อึ	Cant find Marttra in this word	Y	rue	classical
อือ|กา	ลือ	อือ	กา	-	อือ	กา	N	-	classical
อือ|กา	ลื่อ	อือ	กา	-	อือ	กา	N	-	dict
อือ|กา	ลื้อ	อือ	กา	-	อือ	กา	N	-	classical
อือ|กา	สือ	อือ	กา	-	อือ	กา	N	-	classical
อือ|กา	สื่อ	อือ	กา	-	อือ	กา	N	-	classical
อือ|กา	หรือ	อือ	กา	-	อือ	กา	N	-	classical
อือ|กา	หวือ	อือ	กา	-	อือ	กา	N	-	classical
อือ|กา	หือ	อือ	กา	-	อือ	กา	N	-	classical
อือ|กา	อือ	อือ	กา	-	อือ	กา	N	-	classical
อือ|กา	อื้อ	อือ	กา	-	อือ	กา	N	-	classical
อือ|กา	ฮือ	อือ	กา	-	อือ	กา	N	-	classical
อือ|กา	ฮื้อ	อือ	กา	-	อือ	กา	N	-	classical
อุ|กก	กรุก	อุ	กก	-	อุ	กก	N	-	classical
อุ|กก	กุก	อุ	กก	-	อุ	กก	N	-	classical
อุ|กก	กุ๊ก	อุ	กก	-	อุ	กก	N	-	classical
อุ|กก	ขมุก	อุ	กก	-	อุ	กก	N	-	classical
อุ|กก	ขยุก	อุ	กก	-	อุ	กก	N	-	classical
อุ|กก	ขลุก	อุ	กก	-	อุ	กก	N	-	classical
อุ|กก	ครุก	อุ	กก	-	อุ	กก	N	-	dict
อุ|กก	คลุก	อุ	กก	-	อุ	กก	N	-	classical
อุ|กก	คุก	อุ	กก	-	อุ	กก	N	-	classical
อุ|กก	คุ้ก	อุ	กก	-	อุ	กก	N	-	dict
อุ|กก	คุ๊ก	อุ	กก	-	อุ	กก	N	-	dict
อุ|กก	จุก	อุ	กก	-	อุ	กก	N	-	classical
อุ|กก	จุ๊ก	อุ	กก	-	อุ	กก	N	-	dict
อุ|กก	ฉุก	อุ	กก	-	อุ	กก	N	-	classical
อุ|กก	ชุก	อุ	กก	-	อุ	กก	N	-	classical
อุ|กก	ซุก	อุ	กก	-	อุ	กก	N	-	classical
อุ|กก	ซุค	อุ	กก	-	อุ	กก	N	-	dict
อุ|กก	ซุคห์	อุ	กก	-	อุ	กก	N	karun	dict
อุ|กก	ดุก	อุ	กก	-	อุ	กก	N	-	classical
อุ|กก	ตุก	อุ	กก	-	อุ	กก	N	-	classical
อุ|กก	ตุ๊ก	อุ	กก	-	อุ	กก	N	-	classical
อุ|กก	ทุก	อุ	กก	-	อุ	กก	N	-	classical
อุ|กก	ทุกข	อุ	กก	-	อุ	กก	N	-	classical
อุ|กก	ทุกข์	อุ	กก	-	อุ	กก	N	karun	classical
อุ|กก	นุกซ์	อุ	กก	-	อุ	กก	N	karun	dict
อุ|กก	นุข	อุ	กก	-	อุ	กก	N	-	dict
อุ|กก	บุก	อุ	กก	-	อุ	กก	N	-	classical
อุ|กก	บุค	อุ	กก	-	อุ	กก	N	-	classical
อุ|กก	ปลุก	อุ	กก	-	อุ	กก	N	-	classical
อุ|กก	ปุก	อุ	กก	-	อุ	กก	N	-	classical
อุ|กก	พลุก	อุ	กก	-	อุ	กก	N	-	classical
อุ|กก	พุก	อุ	กก	-	อุ	กก	N	-	classical
อุ|กก	ฟลุ้ค	อุ	กก	-	อุ	กก	N	-	dict
อุ|กก	ฟลุ๊ค	อุ	กก	-	อุ	กก	N	-	dict
อุ|กก	ฟุก	อุ	กก	-	อุ	กก	N	-	dict
อุ|กก	ภุกต์	อุ	กก	-	อุ	กก	N	karun	dict
อุ|กก	มุก	อุ	กก	-	อุ	กก	N	-	classical
อุ|กก	มุกข์	อุ	กก	-	อุ	กก	N	karun	dict
อุ|กก	มุกด์	อุ	กก	-	อุ	กก	N	karun	dict
อุ|กก	มุข	อุ	กก	-	อุ	กก	N	-	classical
อุ|กก	ยุก	อุ	กก	-	อุ	กก	N	-	classical
อุ|กก	ยุกต์	อุ	กก	-	อุ	กก	N	karun	dict
อุ|กก	ยุค	อุ	กก	-	อุ	กก	N	-	classical
อุ|กก	รุก	อุ	กก	-	อุ	กก	N	-	classical
อุ|กก	รุกข	อุ	กก	-	อุ	กก	N	-	classical
อุ|กก	ลุก	อุ	กก	-	อุ	กก	N	-	classical
อุ|กก	ลุค	อุ	กก	-	อุ	กก	N	-	dict
อุ|กก	ศุก	อุ	กก	-	อุ	กก	N	-	classical
อุ|กก	ศุกร์	อุ	กก	-	อุ	กก	N	karun	classical
อุ|กก	สนุก	อุ	กก	-	อุ	กก	N	-	classical
อุ|กก	สนุ๊ก	อุ	กก	-	อุ	กก	N	-	dict
อุ|กก	สุก	อุ	กก	-	อุ	กก	N	-	classical
อุ|กก	สุข	อุ	กก	-	อุ	กก	N	-	classical
อุ|กก	หยุก	อุ	กก	-	อุ	กก	N	-	classical
อุ|กก	หลุก	อุ	กก	-	อุ	กก	N	-	classical
อุ|กก	หุก	อุ	กก	-	อุ	กก	N	-	classical
อุ|กก	อุก	อุ	กก	-	อุ	กก	N	-	classical
อุ|กง	กรุง	อุ	กง	-	อุ	กง	N	-	classical
อุ|กง	กุง	อุ	กง	-	อุ	กง	N	-	dict
อุ|กง	กุ้ง	อุ	กง	-	อุ	กง	N	-	classical
อุ|กง	ขลุง	อุ	กง	-	อุ	กง	N	-	dict
อุ|กง	คลุ้ง	อุ	กง	-	อุ	กง	N	-	dict
อุ|กง	คุง	อุ	กง	-	อุ	กง	N	-	dict
อุ|กง	คุ้ง	อุ	กง	-	อุ	กง	N	-	classical
อุ|กง	จุง	อุ	กง	-	อุ	กง	N	-	classical
อุ|กง	จุ๋ง	อุ	กง	-	อุ	กง	N	-	dict
อุ|กง	ชุง	อุ	กง	-	อุ	กง	N	-	dict
อุ|กง	ซุง	อุ	กง	-	อุ	กง	N	-	classical
อุ|กง	ซุ้ง	อุ	กง	-	อุ	กง	N	-	dict
อุ|กง	ดุง	อุ	กง	-	อุ	กง	N	-	classical
อุ|กง	ดุ้ง	อุ	กง	-	อุ	กง	N	-	classical
อุ|กง	ตุง	อุ	กง	-	อุ	กง	N	-	classical
อุ|กง	ตุ้ง	อุ	กง	-	อุ	กง	N	-	classical
อุ|กง	ถลุง	อุ	กง	-	อุ	กง	N	-	classical
อุ|กง	ถุง	อุ	กง	-	อุ	กง	N	-	classical
อุ|กง	ทุง	อุ	กง	-	อุ	กง	N	-	classical
อุ|กง	ทุ่ง	อุ	กง	-	อุ	กง	N	-	classical
อุ|กง	ทุ้ง	อุ	กง	-	อุ	กง	N	-	classical
อุ|กง	นุง	อุ	กง	-	อุ	กง	N	-	classical
อุ|กง	นุ่ง	อุ	กง	-	อุ	กง	N	-	classical
อุ|กง	บุง	อุ	กง	-	อุ	กง	N	-	classical
อุ|กง	บุ้ง	อุ	กง	-	อุ	กง	N	-	classical
อุ|กง	ปรุง	อุ	กง	-	อุ	กง	N	-	classical
อุ|กง	ปุ้ง	อุ	กง	-	อุ	กง	N	-	dict
อุ|กง	ผดุง	อุ	กง	-	อุ	กง	N	-	classical
อุ|กง	ผลุง	อุ	กง	-	อุ	กง	N	-	classical
อุ|กง	พยุง	อุ	กง	-	อุ	กง	N	-	classical
อุ|กง	พรุ่ง	อุ	กง	-	อุ	กง	N	-	classical
อุ|กง	พลุ่ง	อุ	กง	-	อุ	กง	N	-	classical
อุ|กง	พุง	อุ	กง	-	อุ	กง	N	-	classical
อุ|กง	พุ่ง	อุ	กง	-	อุ	กง	N	-	classical
อุ|กง	พุ้ง	อุ	กง	-	อุ	กง	N	-	dict
อุ|กง	ฟุง	อุ	กง	-	อุ	กง	N	-	dict
อุ|กง	ฟุ้ง	อุ	กง	-	อุ	กง	N	-	classical
อุ|กง	มุง	อุ	กง	-	อุ	กง	N	-	classical
อุ|กง	มุ่ง	อุ	กง	-	อุ	กง	N	-	classical
อุ|กง	มุ้ง	อุ	กง	-	อุ	กง	N	-	classical
อุ|กง	ยุง	อุ	กง	-	อุ	กง	N	-	classical
อุ|กง	ยุ่ง	อุ	กง	-	อุ	กง	N	-	classical
อุ|กง	ยุ้ง	อุ	กง	-	อุ	กง	N	-	classical
อุ|กง	รุง	อุ	กง	-	อุ	กง	N	-	classical
อุ|กง	รุ่ง	อุ	กง	-	อุ	กง	N	-	classical
อุ|กง	รุ้ง	อุ	กง	-	อุ	กง	N	-	classical
อุ|กง	ลุง	อุ	กง	-	อุ	กง	N	-	classical
อุ|กง	ลุ้ง	อุ	กง	-	อุ	กง	N	-	classical
อุ|กง	สุง	อุ	กง	-	อุ	กง	N	-	classical
อุ|กง	หงุง	อุ	กง	-	อุ	กง	N	-	dict
อุ|กง	หนุง	อุ	กง	-	อุ	กง	N	-	classical
อุ|กง	หลุง	อุ	กง	-	อุ	กง	N	-	dict
อุ|กง	หุง	อุ	กง	-	อุ	กง	N	-	classical
อุ|กง	อุ้ง	อุ	กง	-	อุ	กง	N	-	classical
อุ|กด	กรุด	อุ	กด	-	อุ	กด	N	-	classical
อุ|กด	กุซ	อุ	กด	-	อุ	กด	N	-	dict
อุ|กด	กุด	อุ	กด	-	อุ	กด	N	-	classical
อุ|กด	กุศ	อุ	กด	-	อุ	กด	N	-	dict
อุ|กด	กุส	อุ	กด	-	อุ	กด	N	-	classical
อุ|กด	กุ๊ด	อุ	กด	-	อุ	กด	N	-	dict
อุ|กด	ขุท	อุ	กด	-	อุ	กด	N	-	dict
อุ|กด	คุฐ	อุ	กด	-	อุ	กด	N	-	dict
อุ|กด	คุด	อุ	กด	-	อุ	กด	N	-	classical
อุ|กด	คุต	อุ	กด	-	อุ	กด	N	-	dict
อุ|กด	คุตส์	อุ	กด	-	อุ	กด	N	karun	dict
อุ|กด	จุด	อุ	กด	-	อุ	กด	N	-	classical
อุ|กด	จุท	อุ	กด	-	อุ	กด	N	-	dict
อุ|กด	จุส	อุ	กด	-	อุ	กด	N	-	dict
อุ|กด	ฉุด	อุ	กด	-	อุ	กด	N	-	classical
อุ|กด	ชุต	อุ	กด	-	อุ	กด	N	-	dict
อุ|กด	ดุษ	อุ	กด	-	อุ	กด	N	-	classical
อุ|กด	ตุจ	อุ	กด	-	อุ	กด	N	-	dict
อุ|กด	ตุ๊ด	อุ	กด	-	อุ	กด	N	-	dict
อุ|กด	ทรุด	อุ	กด	-	อุ	กด	N	-	classical
อุ|กด	ทุษ	อุ	กด	-	อุ	กด	N	-	classical
อุ|กด	ทุษฏ์	อุ	กด	-	อุ	กด	N	karun	dict
อุ|กด	ธุช	อุ	กด	-	อุ	กด	N	-	dict
อุ|กด	นุท	อุ	กด	-	อุ	กด	N	-	classical
อุ|กด	บุช	อุ	กด	-	อุ	กด	N	-	dict
อุ|กด	บุษ	อุ	กด	-	อุ	กด	N	-	classical
อุ|กด	ปุด	อุ	กด	-	อุ	กด	N	-	dict
อุ|กด	ผรุส	อุ	กด	-	อุ	กด	N	-	dict
อุ|กด	พุท	อุ	กด	-	อุ	กด	N	-	classical
อุ|กด	พุทธ	อุ	กด	-	อุ	กด	N	-	classical
อุ|กด	พุธ	อุ	กด	-	อุ	กด	N	-	classical
อุ|กด	ฟุด	อุ	กด	-	อุ	กด	N	-	dict
อุ|กด	ฟุธ	อุ	กด	-	อุ	กด	N	-	dict
อุ|กด	มกุฎ	อุ	กด	-	อุ	กด	N	-	dict
อุ|กด	มุจ	อุ	กด	-	อุ	กด	N	-	classical
อุ|กด	มุส	อุ	กด	-	อุ	กด	N	-	dict
อุ|กด	ยุด	อุ	กด	-	อุ	กด	N	-	classical
อุ|กด	ยุทธ์	อุ	กด	-	อุ	กด	N	karun	classical
อุ|กด	รุด	อุ	กด	-	อุ	กด	N	-	classical
อุ|กด	รุต	อุ	กด	-	อุ	กด	N	-	classical
อุ|กด	รุธ	อุ	กด	-	อุ	กด	N	-	classical
อุ|กด	รุษ	อุ	กด	-	อุ	กด	N	-	classical
อุ|กด	ลุด	อุ	กด	-	อุ	กด	N	-	classical
อุ|กด	ลุทธ์	อุ	กด	-	อุ	กด	N	karun	dict
อุ|กด	วุฑ	อุ	กด	-	อุ	กด	N	-	dict
อุ|กด	วุฒ	อุ	กด	-	อุ	กด	N	-	dict
อุ|กด	วุฒิ	อุ	กด	-	อุ	กา	Y	-	classical
อุ|กด	วุด	อุ	กด	-	อุ	กด	N	-	classical
อุ|กด	สมุฏ	อุ	กด	-	อุ	กด	N	-	dict
อุ|กด	สมุทร	อุ	กด	-	อุ	กด	N	-	classical
อุ|กด	สุด	อุ	กด	-	อุ	กด	N	-	classical
อุ|กด	สุต	อุ	กด	-	อุ	กด	N	-	dict
อุ|กด	สุทธิ์	อุ	กด	-	อุ	กด	N	karun	classical
อุ|กด	สุทธ์	อุ	กด	-	อุ	กด	N	karun	classical
อุ|กด	หยุด	อุ	กด	-	อุ	กด	N	-	classical
อุ|กด	หลุด	อุ	กด	-	อุ	กด	N	-	classical
อุ|กด	หุต	อุ	กด	-	อุ	กด	N	-	classical
อุ|กด	อยุธ	อุ	กด	-	อุ	กด	N	-	classical
อุ|กด	อุจ	อุ	กด	-	อุ	กด	N	-	dict
อุ|กด	อุต	อุ	กด	-	อุ	กด	N	-	classical
อุ|กด	อุส	อุ	กด	-	อุ	กด	N	-	dict
อุ|กน	กุญ	อุ	กน	-	อุ	กน	N	-	classical
อุ|กน	กุณฑ์	อุ	กน	-	อุ	Cant find Marttra in this word	Y	karun	dict
อุ|กน	กุนต์	อุ	กน	-	อุ	กน	N	karun	dict
อุ|กน	กุร	อุ	กน	-	อุ	กน	N	-	dict
อุ|กน	กุ๋น	อุ	กน	-	อุ	กน	N	-	dict
อุ|กน	ครุ่น	อุ	กน	-	อุ	กน	N	-	classical
อุ|กน	คุณ	อุ	กน	-	อุ	Cant find Marttra in this word	Y	-	classical
อุ|กน	คุ้น	อุ	กน	-	อุ	กน	N	-	classical
อุ|กน	งุน	อุ	กน	-	อุ	กน	N	-	classical
อุ|กน	จตุร	อุ	กน	-	อุ	กน	N	-	dict
อุ|กน	จุณ	อุ	กน	-	อุ	Cant find Marttra in this word	Y	-	classical
อุ|กน	จุล	อุ	กน	-	อุ	กน	N	-	classical
อุ|กน	จุ่น	อุ	กน	-	อุ	กน	N	-	classical
อุ|กน	จุ๊น	อุ	กน	-	อุ	กน	N	-	dict
อุ|กน	ฉุน	อุ	กน	-	อุ	กน	N	-	classical
อุ|กน	ชุณห์	อุ	กน	-	อุ	Cant find Marttra in this word	Y	karun	dict
อุ|กน	ซุ่น	อุ	กน	-	อุ	กน	N	-	dict
อุ|กน	ซุ้น	อุ	กน	-	อุ	กน	N	-	dict
อุ|กน	ดุร	อุ	กน	-	อุ	กน	N	-	dict
อุ|กน	ดุล	อุ	กน	-	อุ	กน	N	-	dict
อุ|กน	ดุลย์	อุ	กน	-	อุ	กน	N	karun	classical
อุ|กน	ดุ้น	อุ	กน	-	อุ	กน	N	-	classical
อุ|กน	ตุน	อุ	กน	-	อุ	กน	N	-	dict
อุ|กน	ตุ่น	อุ	กน	-	อุ	กน	N	-	classical
อุ|กน	ตุ้น	อุ	กน	-	อุ	กน	N	-	classical
อุ|กน	ตุ๋น	อุ	กน	-	อุ	กน	N	-	dict
อุ|กน	ทุน	อุ	กน	-	อุ	กน	N	-	classical
อุ|กน	ทุ่น	อุ	กน	-	อุ	กน	N	-	classical
อุ|กน	ธุร	อุ	กน	-	อุ	กน	N	-	classical
อุ|กน	บุญญ	อุ	กน	-	อุ	กน	N	-	dict
อุ|กน	บุณ	อุ	กน	-	อุ	Cant find Marttra in this word	Y	-	dict
อุ|กน	บุน	อุ	กน	-	อุ	กน	N	-	classical
อุ|กน	บุร	อุ	กน	-	อุ	กน	N	-	dict
อุ|กน	บุ่น	อุ	กน	-	อุ	กน	N	-	classical
อุ|กน	ปุน	อุ	กน	-	อุ	กน	N	-	dict
อุ|กน	ปุ่น	อุ	กน	-	อุ	กน	N	-	classical
อุ|กน	ปุ้น	อุ	กน	-	อุ	กน	N	-	dict
อุ|กน	ผลุน	อุ	กน	-	อุ	กน	N	-	classical
อุ|กน	ฝุ่น	อุ	กน	-	อุ	กน	N	-	classical
อุ|กน	พรุน	อุ	กน	-	อุ	กน	N	-	classical
อุ|กน	ฟุน	อุ	กน	-	อุ	กน	N	-	classical
อุ|กน	ฟุล	อุ	กน	-	อุ	กน	N	-	dict
อุ|กน	ฟุ้น	อุ	กน	-	อุ	กน	N	-	dict
อุ|กน	มุน	อุ	กน	-	อุ	กน	N	-	classical
อุ|กน	มุนด์	อุ	กน	-	อุ	กน	N	karun	dict
อุ|กน	มุนต์	อุ	กน	-	อุ	กน	N	karun	dict
อุ|กน	มุล	อุ	กน	-	อุ	กน	N	-	classical
อุ|กน	รุน	อุ	กน	-	อุ	กน	N	-	classical
อุ|กน	รุฬ	อุ	กน	-	อุ	กน	N	-	classical
อุ|กน	ลุ้น	อุ	กน	-	อุ	กน	N	-	dict
อุ|กน	วุ่น	อุ	กน	-	อุ	กน	N	-	classical
อุ|กน	สกุล	อุ	กน	-	อุ	กน	N	-	classical
อุ|กน	สถุล	อุ	กน	-	อุ	กน	N	-	classical
อุ|กน	สยุ่น	อุ	กน	-	อุ	กน	N	-	dict
อุ|กน	สุญ	อุ	กน	-	อุ	กน	N	-	dict
อุ|กน	สุล	อุ	กน	-	อุ	กน	N	-	dict
อุ|กน	สุ่น	อุ	กน	-	อุ	กน	N	-	classical
อุ|กน	หนุน	อุ	กน	-	อุ	กน	N	-	classical
อุ|กน	หุน	อุ	กน	-	อุ	กน	N	-	classical
อุ|กน	หุ่น	อุ	กน	-	อุ	กน	N	-	classical
อุ|กน	หุ้น	อุ	กน	-	อุ	กน	N	-	dict
อุ|กบ	กรุบ	อุ	กบ	-	อุ	กบ	N	-	classical
อุ|กบ	กรุ๊ป	อุ	กบ	-	อุ	กบ	N	-	dict
อุ|กบ	กรุ๊ฟ	อุ	กบ	-	อุ	กบ	N	-	dict
อุ|กบ	กุบ	อุ	กบ	-	อุ	กบ	N	-	classical
อุ|กบ	ขมุบ	อุ	กบ	-	อุ	กบ	N	-	dict
อุ|กบ	ครุบ	อุ	กบ	-	อุ	กบ	N	-	classical
อุ|กบ	คุป	อุ	กบ	-	อุ	กบ	N	-	classical
อุ|กบ	คุปต์	อุ	กบ	-	อุ	กบ	N	karun	dict
อุ|กบ	งุบ	อุ	กบ	-	อุ	กบ	N	-	classical
อุ|กบ	จุบ	อุ	กบ	-	อุ	กบ	N	-	classical
อุ|กบ	ฉุป	อุ	กบ	-	อุ	กบ	N	-	dict
อุ|กบ	ชุบ	อุ	กบ	-	อุ	กบ	N	-	classical
อุ|กบ	ซุบ	อุ	กบ	-	อุ	กบ	N	-	classical
อุ|กบ	ซุป	อุ	กบ	-	อุ	กบ	N	-	dict
อุ|กบ	ซุฟ	อุ	กบ	-	อุ	กบ	N	-	dict
อุ|กบ	ดุบ	อุ	กบ	-	อุ	กบ	N	-	dict
อุ|กบ	ตุบ	อุ	กบ	-	อุ	กบ	N	-	classical
อุ|กบ	ตุ้บ	อุ	กบ	-	อุ	กบ	N	-	dict
อุ|กบ	ตุ๊บ	อุ	กบ	-	อุ	กบ	N	-	dict
อุ|กบ	ทุบ	อุ	กบ	-	อุ	กบ	N	-	classical
อุ|กบ	ทุพ	อุ	กบ	-	อุ	กบ	N	-	classical
อุ|กบ	บุบ	อุ	กบ	-	อุ	กบ	N	-	classical
อุ|กบ	บุป	อุ	กบ	-	อุ	กบ	N	-	classical
อุ|กบ	บุพ	อุ	กบ	-	อุ	กบ	N	-	classical
อุ|กบ	บุฟ	อุ	กบ	-	อุ	กบ	N	-	dict
อุ|กบ	ปุบ	อุ	กบ	-	อุ	กบ	N	-	classical
อุ|กบ	ปุ๊บ	อุ	กบ	-	อุ	กบ	N	-	dict
อุ|กบ	ผลุบ	อุ	กบ	-	อุ	กบ	N	-	classical
อุ|กบ	ฟุบ	อุ	กบ	-	อุ	กบ	N	-	classical
อุ|กบ	ฟุ่บ	อุ	กบ	-	อุ	กบ	N	-	dict
อุ|กบ	มุบ	อุ	กบ	-	อุ	กบ	N	-	dict
อุ|กบ	ยุบ	อุ	กบ	-	อุ	กบ	N	-	classical
อุ|กบ	ยุพ	อุ	กบ	-	อุ	กบ	N	-	classical
อุ|กบ	รุบ	อุ	กบ	-	อุ	กบ	N	-	classical
อุ|กบ	ลุปต์	อุ	กบ	-	อุ	กบ	N	karun	dict
อุ|กบ	ลุพธ์	อุ	กบ	-	อุ	กบ	N	karun	dict
อุ|กบ	วุบ	อุ	กบ	-	อุ	กบ	N	-	classical
อุ|กบ	ศุภ	อุ	กบ	-	อุ	กบ	N	-	classical
อุ|กบ	สรุป	อุ	กบ	-	อุ	กบ	N	-	dict
อุ|กบ	หงุบ	อุ	กบ	-	อุ	กบ	N	-	classical
อุ|กบ	หมุบ	อุ	กบ	-	อุ	กบ	N	-	dict
อุ|กบ	หรุบ	อุ	กบ	-	อุ	กบ	N	-	classical
อุ|กบ	หุบ	อุ	กบ	-	อุ	กบ	N	-	classical
อุ|กบ	อุบ	อุ	กบ	-	อุ	กบ	N	-	classical
อุ|กบ	อุป	อุ	กบ	-	อุ	กบ	N	-	classical
อุ|กบ	ฮุบ	อุ	กบ	-	อุ	กบ	N	-	classical
อุ|กม	กรุม	อุ	กม	-	อุ	กม	N	-	classical
อุ|กม	กลุ่ม	อุ	กม	-	อุ	กม	N	-	classical
อุ|กม	กลุ้ม	อุ	กม	-	อุ	กม	N	-	classical
อุ|กม	กุมภ์	อุ	กม	-	อุ	กม	N	karun	dict
อุ|กม	กุ่ม	อุ	กม	-	อุ	กม	N	-	classical
อุ|กม	กุ้ม	อุ	กม	-	อุ	กม	N	-	dict
อุ|กม	ขยุ้ม	อุ	กม	-	อุ	กม	N	-	classical
อุ|กม	ขลุม	อุ	กม	-	อุ	กม	N	-	dict
อุ|กม	ขุม	อุ	กม	-	อุ	กม	N	-	classical
อุ|กม	ขุ้ม	อุ	กม	-	อุ	กม	N	-	dict
อุ|กม	ครุม	อุ	กม	-	อุ	กม	N	-	classical
อุ|กม	คลุม	อุ	กม	-	อุ	กม	N	-	classical
อุ|กม	คลุ้ม	อุ	กม	-	อุ	กม	N	-	classical
อุ|กม	คุม	อุ	กม	-	อุ	กม	N	-	classical
อุ|กม	คุมพ์	อุ	กม	-	อุ	กม	N	karun	dict
อุ|กม	คุ่ม	อุ	กม	-	อุ	กม	N	-	classical
อุ|กม	คุ้ม	อุ	กม	-	อุ	กม	N	-	classical
อุ|กม	งุม	อุ	กม	-	อุ	กม	N	-	dict
อุ|กม	งุ่ม	อุ	กม	-	อุ	กม	N	-	classical
อุ|กม	งุ้ม	อุ	กม	-	อุ	กม	N	-	classical
อุ|กม	จุม	อุ	กม	-	อุ	กม	N	-	classical
อุ|กม	จุ่ม	อุ	กม	-	อุ	กม	N	-	dict
อุ|กม	ชุม	อุ	กม	-	อุ	กม	N	-	classical
อุ|กม	ชุ่ม	อุ	กม	-	อุ	กม	N	-	classical
อุ|กม	ซุม	อุ	กม	-	อุ	กม	N	-	dict
อุ|กม	ซุ่ม	อุ	กม	-	อุ	กม	N	-	classical
อุ|กม	ซุ้ม	อุ	กม	-	อุ	กม	N	-	classical
อุ|กม	ฎุม	อุ	กม	-	อุ	กม	N	-	classical
อุ|กม	ดุม	อุ	กม	-	อุ	กม	N	-	classical
อุ|กม	ดุ่ม	อุ	กม	-	อุ	กม	N	-	classical
อุ|กม	ตรุม	อุ	กม	-	อุ	กม	N	-	dict
อุ|กม	ตุ่ม	อุ	กม	-	อุ	กม	N	-	classical
อุ|กม	ตุ้ม	อุ	กม	-	อุ	กม	N	-	classical
อุ|กม	ทุม	อุ	กม	-	อุ	กม	N	-	classical
อุ|กม	ทุ่ม	อุ	กม	-	อุ	กม	N	-	classical
อุ|กม	ทุ้ม	อุ	กม	-	อุ	กม	N	-	classical
อุ|กม	นุม	อุ	กม	-	อุ	กม	N	-	classical
อุ|กม	นุ่ม	อุ	กม	-	อุ	กม	N	-	classical
อุ|กม	บุ่ม	อุ	กม	-	อุ	กม	N	-	dict
อุ|กม	บุ๋ม	อุ	กม	-	อุ	กม	N	-	dict
อุ|กม	ปทุม	อุ	กม	-	อุ	กม	N	-	classical
อุ|กม	ปุ่ม	อุ	กม	-	อุ	กม	N	-	classical
อุ|กม	ปุ้ม	อุ	กม	-	อุ	กม	N	-	dict
อุ|กม	พุม	อุ	กม	-	อุ	กม	N	-	classical
อุ|กม	พุ่ม	อุ	กม	-	อุ	กม	N	-	classical
อุ|กม	ฟุ่ม	อุ	กม	-	อุ	กม	N	-	dict
อุ|กม	ภุม	อุ	กม	-	อุ	กม	N	-	classical
อุ|กม	มุม	อุ	กม	-	อุ	กม	N	-	classical
อุ|กม	ยุ่ม	อุ	กม	-	อุ	กม	N	-	classical
อุ|กม	รุม	อุ	กม	-	อุ	กม	N	-	classical
อุ|กม	รุ่ม	อุ	กม	-	อุ	กม	N	-	classical
อุ|กม	ลุม	อุ	กม	-	อุ	กม	N	-	classical
อุ|กม	ลุมป์	อุ	กม	-	อุ	กม	N	karun	dict
อุ|กม	ลุ่ม	อุ	กม	-	อุ	กม	N	-	classical
อุ|กม	ลุ้ม	อุ	กม	-	อุ	กม	N	-	classical
อุ|กม	สยุม	อุ	กม	-	อุ	กม	N	-	classical
อุ|กม	สุม	อุ	กม	-	อุ	กม	N	-	classical
อุ|กม	สุ่ม	อุ	กม	-	อุ	กม	N	-	classical
อุ|กม	หนุ่ม	อุ	กม	-	อุ	กม	N	-	classical
อุ|กม	หลุม	อุ	กม	-	อุ	กม	N	-	classical
อุ|กม	อุ้ม	อุ	กม	-	อุ	กม	N	-	classical
อุ|กา	กรุ	อุ	กา	-	อุ	กา	N	-	classical
อุ|กา	กรุณ์	อุ	กา	-	อุ	กน	Y	karun	dict
อุ|กา	กุ	อุ	กา	-	อุ	กา	N	-	classical
อุ|กา	กุ่	อุ	กา	-	อุ	กา	N	-	dict
อุ|กา	กุ้	อุ	กา	-	อุ	กา	N	-	dict
อุ|กา	ขรุ	อุ	กา	-	อุ	กา	N	-	classical
อุ|กา	ขุ	อุ	กา	-	อุ	กา	N	-	classical
อุ|กา	ครุ	อุ	กา	-	อุ	กา	N	-	classical
อุ|กา	คุ	อุ	กา	-	อุ	กา	N	-	classical
อุ|กา	จตุ	อุ	กา	-	อุ	กา	N	-	classical
อุ|กา	จุ	อุ	กา	-	อุ	กา	N	-	classical
อุ|กา	จุ๊	อุ	กา	-	อุ	กา	N	-	classical
อุ|กา	ฉลุ	อุ	กา	-	อุ	กา	N	-	classical
อุ|กา	ฉุ	อุ	กา	-	อุ	กา	N	-	classical
อุ|กา	ฉุ่	อุ	กา	-	อุ	กา	N	-	dict
อุ|กา	ชุ	อุ	กา	-	อุ	กา	N	-	classical
อุ|กา	ซุ	อุ	กา	-	อุ	กา	N	-	dict
อุ|กา	ฌุ	อุ	กา	-	อุ	กา	N	-	dict
อุ|กา	ฑลุ	อุ	กา	-	อุ	กา	N	-	dict
อุ|กา	ฑุ	อุ	กา	-	อุ	กา	N	-	classical
อุ|กา	ณุ	อุ	กา	-	อุ	กา	N	-	classical
อุ|กา	ดุ	อุ	กา	-	อุ	กา	N	-	classical
อุ|กา	ตรุ	อุ	กา	-	อุ	กา	N	-	classical
อุ|กา	ตุ	อุ	กา	-	อุ	กา	N	-	classical
อุ|กา	ตุ๊	อุ	กา	-	อุ	กา	N	-	dict
อุ|กา	ถุ	อุ	กา	-	อุ	กา	N	-	classical
อุ|กา	ทบุ	อุ	กา	-	อุ	กา	N	-	dict
อุ|กา	ทรุ	อุ	กา	-	อุ	กา	N	-	dict
อุ|กา	ทุ	อุ	กา	-	อุ	กา	N	-	classical
อุ|กา	ธุ	อุ	กา	-	อุ	กา	N	-	classical
อุ|กา	นุ	อุ	กา	-	อุ	กา	N	-	classical
อุ|กา	บุ	อุ	กา	-	อุ	กา	N	-	classical
อุ|กา	บุ๊	อุ	กา	-	อุ	กา	N	-	dict
อุ|กา	ปรุ	อุ	กา	-	อุ	กา	N	-	classical
อุ|กา	ปุ	อุ	กา	-	อุ	กา	N	-	classical
อุ|กา	ปุ้	อุ	กา	-	อุ	กา	N	-	dict
อุ|กา	ปุ๊	อุ	กา	-	อุ	กา	N	-	dict
อุ|กา	ผุ	อุ	กา	-	อุ	กา	N	-	classical
อุ|กา	พรุ	อุ	กา	-	อุ	กา	N	-	dict
อุ|กา	พลุ	อุ	กา	-	อุ	กา	N	-	classical
อุ|กา	พุ	อุ	กา	-	อุ	กา	N	-	classical
อุ|กา	พุ่	อุ	กา	-	อุ	กา	N	-	dict
อุ|กา	ฟุ	อุ	กา	-	อุ	กา	N	-	classical
อุ|กา	มุ	อุ	กา	-	อุ	กา	N	-	classical
อุ|กา	มุติ	อุ	กา	-	อุ	กา	N	-	classical
อุ|กา	ยุ	อุ	กา	-	อุ	กา	N	-	classical
อุ|กา	รุ	อุ	กา	-	อุ	กา	N	-	classical
อุ|กา	ลุ	อุ	กา	-	อุ	กา	N	-	classical
อุ|กา	วุ	อุ	กา	-	อุ	กา	N	-	dict
อุ|กา	ษุ	อุ	กา	-	อุ	กา	N	-	classical
อุ|กา	สมุ	อุ	กา	-	อุ	กา	N	-	classical
อุ|กา	สมุห	อุ	กา	-	อุ	Cant find Marttra in this word	Y	-	classical
อุ|กา	สุ	อุ	กา	-	อุ	กา	N	-	classical
อุ|กา	หนุ	อุ	กา	-	อุ	กา	N	-	classical
อุ|กา	หุ	อุ	กา	-	อุ	กา	N	-	classical
อุ|กา	อนุ	อุ	กา	-	อุ	กา	N	-	classical
อุ|กา	อยุ	อุ	กา	-	อุ	กา	N	-	classical
อุ|กา	อรุ	อุ	กา	-	อุ	กา	N	-	dict
อุ|กา	อุ	อุ	กา	-	อุ	กา	N	-	classical
อุ|กา	อุณห	อุ	กา	-	อุ	Cant find Marttra in this word	Y	-	dict
อุ|เกย	กรุย	อุ	เกย	-	อุ	เกย	N	-	classical
อุ|เกย	กุย	อุ	เกย	-	อุ	เกย	N	-	classical
อุ|เกย	กุ่ย	อุ	เกย	-	อุ	เกย	N	-	dict
อุ|เกย	กุ๊ย	อุ	เกย	-	อุ	เกย	N	-	dict
อุ|เกย	กุ๋ย	อุ	เกย	-	อุ	เกย	N	-	classical
อุ|เกย	ขยุย	อุ	เกย	-	อุ	เกย	N	-	dict
อุ|เกย	ขลุ่ย	อุ	เกย	-	อุ	เกย	N	-	classical
อุ|เกย	ขุย	อุ	เกย	-	อุ	เกย	N	-	classical
อุ|เกย	ครุย	อุ	เกย	-	อุ	เกย	N	-	classical
อุ|เกย	คุย	อุ	เกย	-	อุ	เกย	N	-	dict
อุ|เกย	คุ้ย	อุ	เกย	-	อุ	เกย	N	-	classical
อุ|เกย	จุย	อุ	เกย	-	อุ	เกย	N	-	classical
อุ|เกย	จุ้ย	อุ	เกย	-	อุ	เกย	N	-	dict
อุ|เกย	จุ๊ย	อุ	เกย	-	อุ	เกย	N	-	dict
อุ|เกย	ฉลุย	อุ	เกย	-	อุ	เกย	N	-	dict
อุ|เกย	ฉุย	อุ	เกย	-	อุ	เกย	N	-	classical
อุ|เกย	ชุย	อุ	เกย	-	อุ	เกย	N	-	dict
อุ|เกย	ชุ่ย	อุ	เกย	-	อุ	เกย	N	-	classical
อุ|เกย	ซุย	อุ	เกย	-	อุ	เกย	N	-	dict
อุ|เกย	ซุ่ย	อุ	เกย	-	อุ	เกย	N	-	dict
อุ|เกย	ซุ้ย	อุ	เกย	-	อุ	เกย	N	-	dict
อุ|เกย	ดุลย	อุ	เกย	-	อุ	เกย	N	-	dict
อุ|เกย	ดุ่ย	อุ	เกย	-	อุ	เกย	N	-	dict
อุ|เกย	ดุ๊ย	อุ	เกย	-	อุ	เกย	N	-	dict
อุ|เกย	ดุ๋ย	อุ	เกย	-	อุ	เกย	N	-	dict
อุ|เกย	ตุ่ย	อุ	เกย	-	อุ	เกย	N	-	dict
อุ|เกย	ตุ้ย	อุ	เกย	-	อุ	เกย	N	-	dict
อุ|เกย	ตุ๊ย	อุ	เกย	-	อุ	เกย	N	-	dict
อุ|เกย	ถุย	อุ	เกย	-	อุ	เกย	N	-	classical
อุ|เกย	ทุย	อุ	เกย	-	อุ	เกย	N	-	classical
อุ|เกย	ทุ้ย	อุ	เกย	-	อุ	เกย	N	-	dict
อุ|เกย	นุษย	อุ	เกย	-	อุ	เกย	N	-	dict
อุ|เกย	บุณย	อุ	เกย	-	อุ	เกย	N	-	dict
อุ|เกย	บุ้ย	อุ	เกย	-	อุ	เกย	N	-	classical
อุ|เกย	ปุย	อุ	เกย	-	อุ	เกย	N	-	classical
อุ|เกย	ปุ้ย	อุ	เกย	-	อุ	เกย	N	-	dict
อุ|เกย	ปุ๋ย	อุ	เกย	-	อุ	เกย	N	-	dict
อุ|เกย	ผุย	อุ	เกย	-	อุ	เกย	N	-	classical
อุ|เกย	พลุ้ย	อุ	เกย	-	อุ	เกย	N	-	classical
อุ|เกย	พุ้ย	อุ	เกย	-	อุ	เกย	N	-	classical
อุ|เกย	มนุษย	อุ	เกย	-	อุ	เกย	N	-	classical
อุ|เกย	มุ่ย	อุ	เกย	-	อุ	เกย	N	-	dict
อุ|เกย	มุ้ย	อุ	เกย	-	อุ	เกย	N	-	classical
อุ|เกย	ยุ่ย	อุ	เกย	-	อุ	เกย	N	-	classical
อุ|เกย	ยุ้ย	อุ	เกย	-	อุ	เกย	N	-	dict
อุ|เกย	รุ่ย	อุ	เกย	-	อุ	เกย	N	-	dict
อุ|เกย	ลุย	อุ	เกย	-	อุ	เกย	N	-	classical
อุ|เกย	ลุ่ย	อุ	เกย	-	อุ	เกย	N	-	classical
อุ|เกย	ลุ้ย	อุ	เกย	-	อุ	เกย	N	-	dict
อุ|เกย	วุ้ย	อุ	เกย	-	อุ	เกย	N	-	dict
อุ|เกย	สมุย	อุ	เกย	-	อุ	เกย	N	-	dict
อุ|เกย	สุ่ย	อุ	เกย	-	อุ	เกย	N	-	dict
อุ|เกย	หลุยส์	อุ	เกย	-	อุ	เกย	N	karun	dict
อุ|เกย	หุ่ย	อุ	เกย	-	อุ	เกย	N	-	dict
อุ|เกย	อุย	อุ	เกย	-	อุ	เกย	N	-	classical
อุ|เกย	อุ้ย	อุ	เกย	-	อุ	เกย	N	-	dict
อุ|เกย	อุ๊ย	อุ	เกย	-	อุ	เกย	N	-	classical
อุ|เกย	อุ๋ย	อุ	เกย	-	อุ	เกย	N	-	dict
อุ|เกย	ฮุย	อุ	เกย	-	อุ	เกย	N	-	dict
อุ|เกย	ฮุ่ย	อุ	เกย	-	อุ	เกย	N	-	dict
อู|กก	กู๊ก	อู	กก	-	อู	กก	N	-	dict
อู|กก	จมูก	อู	กก	-	อู	กก	N	-	classical
อู|กก	ดูก	อู	กก	-	อู	กก	N	-	classical
อู|กก	ถูก	อู	กก	-	อู	กก	N	-	classical
อู|กก	บรูคส์	อู	กก	-	อู	กก	N	karun	dict
อู|กก	บูร์ก	อู	กก	-	อู	กก	N	karun	dict
อู|กก	ปลูก	อู	กก	-	อู	กก	N	-	classical
อู|กก	ผูก	อู	กก	-	อู	กก	N	-	classical
อู|กก	ฟูก	อู	กก	-	อู	กก	N	-	classical
อู|กก	มูก	อู	กก	-	อู	กก	N	-	classical
อู|กก	ลูก	อู	กก	-	อู	กก	N	-	classical
อู|กก	หยูก	อู	กก	-	อู	กก	N	-	classical
อู|กก	ฮูก	อู	กก	-	อู	กก	N	-	dict
อู|กง	จูง	อู	กง	-	อู	กง	N	-	classical
อู|กง	ฝูง	อู	กง	-	อู	กง	N	-	classical
อู|กง	ยูง	อู	กง	-	อู	กง	N	-	classical
อู|กง	สูง	อู	กง	-	อู	กง	N	-	classical
อู|กด	กรูด	อู	กด	-	อู	กด	N	-	classical
อู|กด	กูด	อู	กด	-	อู	กด	N	-	classical
อู|กด	กู้ด	อู	กด	-	อู	กด	N	-	dict
อู|กด	กู๊ด	อู	กด	-	อู	กด	N	-	dict
อู|กด	ขูด	อู	กด	-	อู	กด	N	-	classical
อู|กด	ครูด	อู	กด	-	อู	กด	N	-	classical
อู|กด	จูด	อู	กด	-	อู	กด	N	-	dict
อู|กด	จู๊ด	อู	กด	-	อู	กด	N	-	dict
อู|กด	ฉูด	อู	กด	-	อู	กด	N	-	classical
อู|กด	ชูส	อู	กด	-	อู	กด	N	-	dict
อู|กด	ชู้ด	อู	กด	-	อู	กด	N	-	dict
อู|กด	ซูซส์	อู	กด	-	อู	กด	N	karun	dict
อู|กด	ซูด	อู	กด	-	อู	กด	N	-	classical
อู|กด	ซูต	อู	กด	-	อู	กด	N	-	dict
อู|กด	ซู้ด	อู	กด	-	อู	กด	N	-	dict
อู|กด	ฑูต	อู	กด	-	อู	กด	N	-	dict
อู|กด	ดูด	อู	กด	-	อู	กด	N	-	classical
อู|กด	ตูด	อู	กด	-	อู	กด	N	-	dict
อู|กด	ทรูด	อู	กด	-	อู	กด	N	-	dict
อู|กด	ทูด	อู	กด	-	อู	กด	N	-	classical
อู|กด	ทูต	อู	กด	-	อู	กด	N	-	classical
อู|กด	บูด	อู	กด	-	อู	กด	N	-	classical
อู|กด	บู๊ต	อู	กด	-	อู	กด	N	-	dict
อู|กด	ปูด	อู	กด	-	อู	กด	N	-	classical
อู|กด	พูด	อู	กด	-	อู	กด	N	-	classical
อู|กด	พูธ	อู	กด	-	อู	กด	N	-	dict
อู|กด	ฟูด	อู	กด	-	อู	กด	N	-	dict
อู|กด	ฟูดส์	อู	กด	-	อู	กด	N	karun	dict
อู|กด	ฟูท	อู	กด	-	อู	กด	N	-	dict
อู|กด	ฟู้ด	อู	กด	-	อู	กด	N	-	dict
อู|กด	ฟู้ดส์	อู	กด	-	อู	กด	N	karun	dict
อู|กด	ฟู๊ด	อู	กด	-	อู	กด	N	-	dict
อู|กด	ภูต	อู	กด	-	อู	กด	N	-	classical
อู|กด	ภูท	อู	กด	-	อู	กด	N	-	dict
อู|กด	มูด	อู	กด	-	อู	กด	N	-	dict
อู|กด	ยูส	อู	กด	-	อู	กด	N	-	dict
อู|กด	รูด	อู	กด	-	อู	กด	N	-	classical
อู|กด	ลูด	อู	กด	-	อู	กด	N	-	classical
อู|กด	วูด	อู	กด	-	อู	กด	N	-	dict
อู|กด	วู้ด	อู	กด	-	อู	กด	N	-	dict
อู|กด	สกูต	อู	กด	-	อู	กด	N	-	dict
อู|กด	สูจน์	อู	กด	-	อู	กด	N	karun	classical
อู|กด	สูด	อู	กด	-	อู	กด	N	-	classical
อู|กด	สูต	อู	กด	-	อู	กด	N	-	dict
อู|กด	สูตร	อู	กด	-	อู	กด	N	-	classical
อู|กด	สูท	อู	กด	-	อู	กด	N	-	dict
อู|กด	สูทธิ์	อู	กด	-	อู	กด	N	karun	dict
อู|กด	หวูด	อู	กด	-	อู	กด	N	-	dict
อู|กด	หูด	อู	กด	-	อู	กด	N	-	dict
อู|กด	อูฐ	อู	กด	-	อู	กด	N	-	classical
อู|กด	อูด	อู	กด	-	อู	กด	N	-	dict
อู|กน	กูณฐ์	อู	กน	-	อู	Cant find Marttra in this word	Y	karun	classical
อู|กน	กูน	อู	กน	-	อู	กน	N	-	classical
อู|กน	กูร	อู	กน	-	อู	กน	N	-	classical
อู|กน	กูรต์	อู	กน	-	อู	กน	N	karun	dict
อู|กน	กูล	อู	กน	-	อู	กน	N	-	classical
อู|กน	คูณ	อู	กน	-	อู	Cant find Marttra in this word	Y	-	classical
อู|กน	คูน	อู	กน	-	อู	กน	N	-	dict
อู|กน	คูล	อู	กน	-	อู	กน	N	-	dict
อู|กน	คู้น	อู	กน	-	อู	กน	N	-	dict
อู|กน	จรูญ	อู	กน	-	อู	กน	N	-	classical
อู|กน	จูน	อู	กน	-	อู	กน	N	-	dict
อู|กน	ชูน	อู	กน	-	อู	กน	N	-	dict
อู|กน	ซูน	อู	กน	-	อู	กน	N	-	dict
อู|กน	ซูล	อู	กน	-	อู	กน	N	-	dict
อู|กน	ฑูร	อู	กน	-	อู	กน	N	-	classical
อู|กน	ฑูรย์	อู	กน	-	อู	กน	N	karun	classical
อู|กน	ดูร	อู	กน	-	อู	กน	N	-	classical
อู|กน	ดูลย์	อู	กน	-	อู	กน	N	karun	dict
อู|กน	ตูน	อู	กน	-	อู	กน	N	-	dict
อู|กน	ทูน	อู	กน	-	อู	กน	N	-	classical
อู|กน	ทูล	อู	กน	-	อู	กน	N	-	classical
อู|กน	นูญ	อู	กน	-	อู	กน	N	-	dict
อู|กน	นูน	อู	กน	-	อู	กน	N	-	classical
อู|กน	นู่น	อู	กน	-	อู	กน	N	-	dict
อู|กน	นู้น	อู	กน	-	อู	กน	N	-	dict
อู|กน	บูน	อู	กน	-	อู	กน	N	-	classical
อู|กน	บูร	อู	กน	-	อู	กน	N	-	classical
อู|กน	บูรณ์	อู	กน	-	อู	กน	N	karun	classical
อู|กน	บูล	อู	กน	-	อู	กน	N	-	dict
อู|กน	บูลย์	อู	กน	-	อู	กน	N	karun	classical
อู|กน	ปูน	อู	กน	-	อู	กน	N	-	classical
อู|กน	พูน	อู	กน	-	อู	กน	N	-	classical
อู|กน	พูล	อู	กน	-	อู	กน	N	-	dict
อู|กน	พู้น	อู	กน	-	อู	กน	N	-	dict
อู|กน	ฟูล	อู	กน	-	อู	กน	N	-	dict
อู|กน	มูน	อู	กน	-	อู	กน	N	-	classical
อู|กน	มูร	อู	กน	-	อู	กน	N	-	classical
อู|กน	มูล	อู	กน	-	อู	กน	N	-	classical
อู|กน	ยูน	อู	กน	-	อู	กน	N	-	classical
อู|กน	ยูร	อู	กน	-	อู	กน	N	-	classical
อู|กน	รูน	อู	กน	-	อู	กน	N	-	classical
อู|กน	ลูน	อู	กน	-	อู	กน	N	-	dict
อู|กน	ศูนย์	อู	กน	-	อู	กน	N	karun	classical
อู|กน	ศูล	อู	กน	-	อู	กน	N	-	classical
อู|กน	สตูล	อู	กน	-	อู	กน	N	-	dict
อู|กน	สูญ	อู	กน	-	อู	กน	N	-	classical
อู|กน	สูร	อู	กน	-	อู	กน	N	-	classical
อู|กน	สูรย์	อู	กน	-	อู	กน	N	karun	classical
อู|กน	อสูร	อู	กน	-	อู	กน	N	-	classical
อู|กบ	กูบ	อู	กบ	-	อู	กบ	N	-	classical
อู|กบ	จูบ	อู	กบ	-	อู	กบ	N	-	classical
อู|กบ	ชรูบ	อู	กบ	-	อู	กบ	N	-	dict
อู|กบ	ชรูป	อู	กบ	-	อู	กบ	N	-	dict
อู|กบ	ซูบ	อู	กบ	-	อู	กบ	N	-	classical
อู|กบ	ตูบ	อู	กบ	-	อู	กบ	N	-	dict
อู|กบ	ธูป	อู	กบ	-	อู	กบ	N	-	classical
อู|กบ	มูฟ	อู	กบ	-	อู	กบ	N	-	dict
อู|กบ	รูป	อู	กบ	-	อู	กบ	N	-	classical
อู|กบ	ลูบ	อู	กบ	-	อู	กบ	N	-	classical
อู|กบ	ลู๊บ	อู	กบ	-	อู	กบ	N	-	dict
อู|กบ	วูบ	อู	กบ	-	อู	กบ	N	-	classical
อู|กบ	สกู๊ป	อู	กบ	-	อู	กบ	N	-	dict
อู|กบ	สถูป	อู	กบ	-	อู	กบ	N	-	dict
อู|กบ	สูบ	อู	กบ	-	อู	กบ	N	-	classical
อู|กม	คูม	อู	กม	-	อู	กม	N	-	dict
อู|กม	ตูม	อู	กม	-	อู	กม	N	-	classical
อู|กม	ทูม	อู	กม	-	อู	กม	N	-	dict
อู|กม	บูม	อู	กม	-	อู	กม	N	-	dict
อู|กม	ปูม	อู	กม	-	อู	กม	N	-	classical
อู|กม	พูม	อู	กม	-	อู	กม	N	-	dict
อู|กม	ฟูม	อู	กม	-	อู	กม	N	-	classical
อู|กม	ภูม	อู	กม	-	อู	กม	N	-	dict
อู|กม	ภูมิ	อู	กม	-	อู	กา	Y	-	classical
อู|กม	มูม	อู	กม	-	อู	กม	N	-	classical
อู|กม	อูม	อู	กม	-	อู	กม	N	-	dict
อู|กา	กรู๊	อู	กา	-	อู	กา	N	-	dict
อู|กา	กู	อู	กา	-	อู	กา	N	-	classical
อู|กา	คลู	อู	กา	-	อู	กา	N	-	dict
อู|กา	คู	อู	กา	-	อู	กา	N	-	classical
อู|กา	คูฟ์	อู	กา	-	อู	กก	Y	karun	dict
อู|กา	คู้	อู	กา	-	อู	กา	N	-	classical
อู|กา	จู	อู	กา	-	อู	กา	N	-	classical
อู|กา	จู้	อู	กา	-	อู	กา	N	-	classical
อู|กา	ฉลู	อู	กา	-	อู	กา	N	-	dict
อู|กา	ฉู	อู	กา	-	อู	กา	N	-	classical
อู|กา	ชู	อู	กา	-	อู	กา	N	-	classical
อู|กา	ชู่	อู	กา	-	อู	กา	N	-	dict
อู|กา	ญู	อู	กา	-	อู	กา	N	-	classical
อู|กา	ดรูส์	อู	กา	-	อู	กน	Y	karun	dict
อู|กา	ดู	อู	กา	-	อู	กา	N	-	classical
อู|กา	ดู๋	อู	กา	-	อู	กา	N	-	classical
อู|กา	ตรู่	อู	กา	-	อู	กา	N	-	classical
อู|กา	ตู	อู	กา	-	อู	กา	N	-	classical
อู|กา	ตู่	อู	กา	-	อู	กา	N	-	classical
อู|กา	ถู	อู	กา	-	อู	กา	N	-	classical
อู|กา	ทู	อู	กา	-	อู	กา	N	-	classical
อู|กา	ทู่	อู	กา	-	อู	กา	N	-	classical
อู|กา	นู	อู	กา	-	อู	กา	N	-	classical
อู|กา	บรู	อู	กา	-	อู	กา	N	-	dict
อู|กา	บลู	อู	กา	-	อู	กา	N	-	dict
อู|กา	บู่	อู	กา	-	อู	กา	N	-	classical
อู|กา	บู๊	อู	กา	-	อู	กา	N	-	dict
อู|กา	ปู	อู	กา	-	อู	กา	N	-	classical
อู|กา	ปู่	อู	กา	-	อู	กา	N	-	classical
อู|กา	ปู้	อู	กา	-	อู	กา	N	-	classical
อู|กา	ผลู	อู	กา	-	อู	กา	N	-	dict
อู|กา	ผู้	อู	กา	-	อู	กา	N	-	classical
อู|กา	พรู	อู	กา	-	อู	กา	N	-	classical
อู|กา	พู	อู	กา	-	อู	กา	N	-	classical
อู|กา	พู่	อู	กา	-	อู	กา	N	-	classical
อู|กา	ฟลู	อู	กา	-	อู	กา	N	-	dict
อู|กา	ฟู	อู	กา	-	อู	กา	N	-	classical
อู|กา	ฟู่	อู	กา	-	อู	กา	N	-	classical
อู|กา	มู	อู	กา	-	อู	กา	N	-	classical
อู|กา	มู่	อู	กา	-	อู	กา	N	-	classical
อู|กา	ยู	อู	กา	-	อู	กา	N	-	classical
อู|กา	รู	อู	กา	-	อู	กา	N	-	classical
อู|กา	รู้	อู	กา	-	อู	กา	N	-	classical
อู|กา	ลู	อู	กา	-	อู	กา	N	-	classical
อู|กา	ลู่	อู	กา	-	อู	กา	N	-	classical
อู|กา	ลู่น์	อู	กา	-	อู	กา	N	karun	dict
อู|กา	สนู	อู	กา	-	อู	กา	N	-	dict
อู|กา	สู่	อู	กา	-	อู	กา	N	-	classical
อู|กา	สู้	อู	กา	-	อู	กา	N	-	classical
อู|กา	หมู	อู	กา	-	อู	กา	N	-	classical
อู|กา	หยู่	อู	กา	-	อู	กา	N	-	classical
อู|กา	หรู	อู	กา	-	อู	กา	N	-	classical
อู|กา	หรู่	อู	กา	-	อู	กา	N	-	classical
อู|กา	หู	อู	กา	-	อู	กา	N	-	classical
อู|กา	หู่	อู	กา	-	อู	กา	N	-	dict
อู|กา	หู้	อู	กา	-	อู	กา	N	-	dict
อู|กา	อณู	อู	กา	-	อู	กา	N	-	dict
อู|กา	อลู	อู	กา	-	อู	กา	N	-	classical
อู|กา	อู่	อู	กา	-	อู	กา	N	-	classical
อู|กา	อู้	อู	กา	-	อู	กา	N	-	classical
อู|กา	อู๋	อู	กา	-	อู	กา	N	-	classical
เอ|กก	สเปก	เอ	กก	-	เอ	กก	N	-	dict
เอ|กก	สเปค	เอ	กก	-	เอ	กก	N	-	dict
เอ|กก	เกก	เอ	กก	-	เอ	กก	N	-	classical
เอ|กก	เก๊ก	เอ	กก	-	เอ	กก	N	-	dict
เอ|กก	เขก	เอ	กก	-	เอ	กก	N	-	classical
เอ|กก	เขนก	เอ	กก	-	เอ	กก	N	-	classical
เอ|กก	เขยก	เอ	กก	-	เอ	กก	N	-	dict
เอ|กก	เค้ก	เอ	กก	-	เอ	กก	N	-	dict
เอ|กก	เงก	เอ	กก	-	เอ	กก	N	-	classical
เอ|กก	เจก	เอ	กก	-	เอ	กก	N	-	classical
เอ|กก	เจค	เอ	กก	-	เอ	กก	N	-	dict
เอ|กก	เจอร์ค	เอ	กก	-	เอ	กก	N	karun	dict
เอ|กก	เจ๊ก	เอ	กก	-	เอ	กก	N	-	classical
เอ|กก	เฉก	เอ	กก	-	เอ	กก	N	-	dict
เอ|กก	เชก	เอ	กก	-	เอ	กก	N	-	dict
เอ|กก	เชค	เอ	กก	-	เอ	กก	N	-	dict
เอ|กก	เดก	เอ	กก	-	เอ	กก	N	-	dict
เอ|กก	เดค	เอ	กก	-	เอ	กก	N	-	dict
เอ|กก	เทก	เอ	กก	-	เอ	กก	N	-	dict
เอ|กก	เทค	เอ	กก	-	เอ	กก	N	-	classical
เอ|กก	เธค	เอ	กก	-	เอ	กก	N	-	dict
เอ|กก	เบก	เอ	กก	-	เอ	กก	N	-	classical
เอ|กก	เบค	เอ	กก	-	เอ	กก	N	-	dict
เอ|กก	เบรก	เอ	กก	-	เอ	กก	N	-	dict
เอ|กก	เบรค	เอ	กก	-	เอ	กก	N	-	dict
เอ|กก	เบอร์ก	เอ	กก	-	เอ	กก	N	karun	dict
เอ|กก	เปก	เอ	กก	-	เอ	กก	N	-	classical
เอ|กก	เปค	เอ	กก	-	เอ	กก	N	-	dict
เอ|กก	เป๊ก	เอ	กก	-	เอ	กก	N	-	dict
เอ|กก	เผลก	เอ	กก	-	เอ	กก	N	-	dict
เอ|กก	เพลค	เอ	กก	-	เอ	กก	N	-	dict
เอ|กก	เฟค	เอ	กก	-	เอ	กก	N	-	dict
เอ|กก	เมก	เอ	กก	-	เอ	กก	N	-	classical
เอ|กก	เมฆ	เอ	กก	-	เอ	กก	N	-	classical
เอ|กก	เรก	เอ	กก	-	เอ	กก	N	-	classical
เอ|กก	เรกซ์	เอ	กก	-	เอ	กน	Y	karun	dict
เอ|กก	เรค	เอ	กก	-	เอ	กก	N	-	dict
เอ|กก	เลก	เอ	กก	-	เอ	กก	N	-	classical
เอ|กก	เลข	เอ	กก	-	เอ	กก	N	-	classical
เอ|กก	เลค	เอ	กก	-	เอ	กก	N	-	dict
เอ|กก	เวก	เอ	กก	-	เอ	กก	N	-	classical
เอ|กก	เวอร์ค	เอ	กก	-	เอ	กก	N	karun	dict
เอ|กก	เษก	เอ	กก	-	เอ	กก	N	-	classical
เอ|กก	เสก	เอ	กก	-	เอ	กก	N	-	classical
เอ|กก	เหยก	เอ	กก	-	เอ	กก	N	-	classical
เอ|กก	เหรก	เอ	กก	-	เอ	กก	N	-	classical
เอ|กก	เหวก	เอ	กก	-	เอ	กก	N	-	classical
เอ|กก	เอก	เอ	กก	-	เอ	กก	N	-	classical
เอ|กก	เอค	เอ	กก	-	เอ	กก	N	-	dict
เอ|กก	เออร์ค	เอ	กก	-	เอ	กก	N	karun	dict
เอ|กก	เอ๊กซ์	เอ	กก	-	เอ	กก	N	karun	dict
เอ|กก	เฮก	เอ	กก	-	เอ	กก	N	-	dict
เอ|กง	เกง	เอ	กง	-	เอ	กง	N	-	classical
เอ|กง	เกรง	เอ	กง	-	เอ	กง	N	-	classical
เอ|กง	เก่ง	เอ	กง	-	เอ	กง	N	-	classical
เอ|กง	เก้ง	เอ	กง	-	เอ	กง	N	-	classical
เอ|กง	เก๋ง	เอ	กง	-	เอ	กง	N	-	classical
เอ|กง	เขย่ง	เอ	กง	-	เอ	กง	N	-	classical
เอ|กง	เข่ง	เอ	กง	-	เอ	กง	N	-	classical
เอ|กง	เครง	เอ	กง	-	เอ	กง	N	-	classical
เอ|กง	เคร่ง	เอ	กง	-	เอ	กง	N	-	classical
เอ|กง	เคลง	เอ	กง	-	เอ	กง	N	-	classical
เอ|กง	เคว้ง	เอ	กง	-	เอ	กง	N	-	classical
เอ|กง	เค้ง	เอ	กง	-	เอ	กง	N	-	dict
เอ|กง	เง่ง	เอ	กง	-	เอ	กง	N	-	dict
เอ|กง	เจง	เอ	กง	-	เอ	กง	N	-	dict
เอ|กง	เจ้ง	เอ	กง	-	เอ	กง	N	-	classical
เอ|กง	เจ๊ง	เอ	กง	-	เอ	กง	N	-	dict
เอ|กง	เจ๋ง	เอ	กง	-	เอ	กง	N	-	dict
เอ|กง	เฉง	เอ	กง	-	เอ	กง	N	-	classical
เอ|กง	เฉวง	เอ	กง	-	เอ	กง	N	-	dict
เอ|กง	เฉ่ง	เอ	กง	-	เอ	กง	N	-	dict
เอ|กง	เชง	เอ	กง	-	เอ	กง	N	-	dict
เอ|กง	เช้ง	เอ	กง	-	เอ	กง	N	-	dict
เอ|กง	เซ้ง	เอ	กง	-	เอ	กง	N	-	dict
เอ|กง	เด้ง	เอ	กง	-	เอ	กง	N	-	dict
เอ|กง	เตง	เอ	กง	-	เอ	กง	N	-	classical
เอ|กง	เต่ง	เอ	กง	-	เอ	กง	N	-	classical
เอ|กง	เต้ง	เอ	กง	-	เอ	กง	N	-	classical
เอ|กง	เถง	เอ	กง	-	เอ	กง	N	-	dict
เอ|กง	เทง	เอ	กง	-	เอ	กง	N	-	classical
เอ|กง	เท้ง	เอ	กง	-	เอ	กง	N	-	classical
เอ|กง	เบ่ง	เอ	กง	-	เอ	กง	N	-	dict
เอ|กง	เบ๊ง	เอ	กง	-	เอ	กง	N	-	dict
เอ|กง	เปล่ง	เอ	กง	-	เอ	กง	N	-	classical
เอ|กง	เป่ง	เอ	กง	-	เอ	กง	N	-	dict
เอ|กง	เป้ง	เอ	กง	-	เอ	กง	N	-	classical
เอ|กง	เผง	เอ	กง	-	เอ	กง	N	-	classical
เอ|กง	เพลง	เอ	กง	-	เอ	กง	N	-	classical
เอ|กง	เพ่ง	เอ	กง	-	เอ	กง	N	-	classical
เอ|กง	เม่ง	เอ	กง	-	เอ	กง	N	-	dict
เอ|กง	เร่ง	เอ	กง	-	เอ	กง	N	-	classical
เอ|กง	เลง	เอ	กง	-	เอ	กง	N	-	classical
เอ|กง	เล้ง	เอ	กง	-	เอ	กง	N	-	dict
เอ|กง	เวง	เอ	กง	-	เอ	กง	N	-	classical
เอ|กง	เสน่ง	เอ	กง	-	เอ	กง	N	-	dict
เอ|กง	เสื่ยง	เอ	กง	-	อัว	กง	Y	-	dict
เอ|กง	เหง	เอ	กง	-	เอ	กง	N	-	classical
เอ|กง	เหน่ง	เอ	กง	-	เอ	กง	N	-	classical
เอ|กง	เหม่ง	เอ	กง	-	เอ	กง	N	-	classical
เอ|กง	เหวง	เอ	กง	-	เอ	กง	N	-	dict
เอ|กง	เอง	เอ	กง	-	เอ	กง	N	-	classical
เอ|กง	เอ๋ง	เอ	กง	-	เอ	กง	N	-	dict
เอ|กง	เฮง	เอ	กง	-	เอ	กง	N	-	dict
เอ|กด	ผเส	เอ	กด	-	เอ	กด	N	-	dict
เอ|กด	สเตย์	เอ	กด	-	เอ	กด	N	karun	dict
เอ|กด	สเปซ	เอ	กด	-	เอ	กด	N	-	dict
เอ|กด	สเปรด	เอ	กด	-	เอ	กด	N	-	dict
เอ|กด	เกรด	เอ	กด	-	เอ	กด	N	-	dict
เอ|กด	เกส	เอ	กด	-	เอ	กด	N	-	dict
เอ|กด	เจต	เอ	กด	-	เอ	กด	N	-	classical
เอ|กด	เจส	เอ	กด	-	เอ	กด	N	-	dict
เอ|กด	เฉด	เอ	กด	-	เอ	กด	N	-	classical
เอ|กด	เชช	เอ	กด	-	เอ	กด	N	-	dict
เอ|กด	เชฏ	เอ	กด	-	เอ	กด	N	-	dict
เอ|กด	เชฐ	เอ	กด	-	เอ	กด	N	-	classical
เอ|กด	เชษฏ์	เอ	กด	-	เอ	กด	N	karun	dict
เอ|กด	เชษฐ์	เอ	กด	-	เอ	กด	N	karun	classical
เอ|กด	เดรต	เอ	กด	-	เอ	กด	N	-	dict
เอ|กด	เดรท	เอ	กด	-	เอ	กด	N	-	dict
เอ|กด	เดรส	เอ	กด	-	เอ	กด	N	-	dict
เอ|กด	เดส	เอ	กด	-	เอ	กด	N	-	dict
เอ|กด	เตด	เอ	กด	-	เอ	กด	N	-	dict
เอ|กด	เตท	เอ	กด	-	เอ	กด	N	-	dict
เอ|กด	เตส	เอ	กด	-	เอ	กด	N	-	dict
เอ|กด	เตอร์ด	เอ	กด	-	เอ	กด	N	karun	dict
เอ|กด	เทศ	เอ	กด	-	เอ	กด	N	-	classical
เอ|กด	เทศก์	เอ	กด	-	เอ	กด	N	karun	dict
เอ|กด	เทส	เอ	กด	-	เอ	กด	N	-	dict
เอ|กด	เทสก์	เอ	กด	-	เอ	กด	N	karun	dict
เอ|กด	เทอด	เอ	กด	-	เอ	กด	N	-	dict
เอ|กด	เนท	เอ	กด	-	เอ	กด	N	-	dict
เอ|กด	เบทส์	เอ	กด	-	เอ	กบ	Y	karun	dict
เอ|กด	เปรต	เอ	กด	-	เอ	กด	N	-	classical
เอ|กด	เปรส	เอ	กด	-	เอ	กด	N	-	dict
เอ|กด	เพช	เอ	กด	-	เอ	กด	N	-	classical
เอ|กด	เพชร	เอ	กด	-	เอ	กน	Y	-	classical
เอ|กด	เพลท	เอ	กด	-	เอ	กด	N	-	dict
เอ|กด	เพลส	เอ	กด	-	เอ	กด	N	-	dict
เอ|กด	เพศ	เอ	กด	-	เอ	กด	N	-	classical
เอ|กด	เฟท	เอ	กด	-	เอ	กด	N	-	dict
เอ|กด	เภตก์	เอ	กด	-	เอ	กบ	Y	karun	dict
เอ|กด	เภทก์	เอ	กด	-	เอ	กบ	Y	karun	dict
เอ|กด	เมต	เอ	กด	-	เอ	กด	N	-	classical
เอ|กด	เมตต์	เอ	กด	-	เอ	กม	Y	karun	dict
เอ|กด	เรท	เอ	กด	-	เอ	กด	N	-	dict
เอ|กด	เรศ	เอ	กด	-	เอ	กด	N	-	classical
เอ|กด	เรส	เอ	กด	-	เอ	กด	N	-	dict
เอ|กด	เลซ	เอ	กด	-	เอ	กด	N	-	dict
เอ|กด	เลท	เอ	กด	-	เอ	กด	N	-	dict
เอ|กด	เลศ	เอ	กด	-	เอ	กด	N	-	classical
เอ|กด	เลส	เอ	กด	-	เอ	กด	N	-	classical
เอ|กด	เวศ	เอ	กด	-	เอ	กด	N	-	classical
เอ|กด	เวศน์	เอ	กด	-	เอ	เกอว	Y	karun	classical
เอ|กด	เวศร์	เอ	กด	-	เอ	เกอว	Y	karun	classical
เอ|กด	เวสน์	เอ	กด	-	เอ	เกอว	Y	karun	dict
เอ|กด	เศรษ	เอ	กด	-	เอ	กด	N	-	classical
เอ|กด	เศรษฐ	เอ	กด	-	เอ	กด	N	-	dict
เอ|กด	เศษณ์	เอ	กด	-	เอ	กด	N	karun	dict
เอ|กด	เสด	เอ	กด	-	เอ	กด	N	-	classical
เอ|กด	เสธ	เอ	กด	-	เอ	กด	N	-	classical
เอ|กด	เสลด	เอ	กด	-	เอ	กด	N	-	classical
เอ|กด	เอท	เอ	กด	-	เอ	กด	N	-	dict
เอ|กด	เอส	เอ	กด	-	เอ	กด	N	-	dict
เอ|กด	เอ๊ด	เอ	กด	-	เอ	กด	N	-	dict
เอ|กน	สเกล	เอ	กน	-	เอ	กน	N	-	dict
เอ|กน	สเปลน	เอ	กน	-	เอ	กน	N	-	dict
เอ|กน	เกณฑ์	เอ	กน	-	เอ	กก	Y	karun	classical
เอ|กน	เกรน	เอ	กน	-	เอ	กน	N	-	dict
เอ|กน	เก้น	เอ	กน	-	เอ	กน	N	-	dict
เอ|กน	เขม้น	เอ	กน	-	เอ	กน	N	-	classical
เอ|กน	เข่น	เอ	กน	-	เอ	กน	N	-	classical
เอ|กน	เคน	เอ	กน	-	เอ	กน	N	-	classical
เอ|กน	เครน	เอ	กน	-	เอ	กน	N	-	dict
เอ|กน	เค้น	เอ	กน	-	เอ	กน	N	-	dict
เอ|กน	เจน	เอ	กน	-	เอ	กน	N	-	classical
เอ|กน	เจนต์	เอ	กน	-	เอ	กด	Y	karun	dict
เอ|กน	เชนจ์	เอ	กน	-	เอ	กด	Y	karun	dict
เอ|กน	เชลล์	เอ	กน	-	เอ	กด	Y	karun	dict
เอ|กน	เช่น	เอ	กน	-	เอ	กน	N	-	classical
เอ|กน	เซนท์	เอ	กน	-	เอ	กด	Y	karun	dict
เอ|กน	เซนส์	เอ	กน	-	เอ	กด	Y	karun	dict
เอ|กน	เซล	เอ	กน	-	เอ	กน	N	-	dict
เอ|กน	เซลล์	เอ	กน	-	เอ	กด	Y	karun	dict
เอ|กน	เซลส์	เอ	กน	-	เอ	กด	Y	karun	dict
เอ|กน	เดนต์	เอ	กน	-	เอ	กด	Y	karun	dict
เอ|กน	เดล	เอ	กน	-	เอ	กน	N	-	dict
เอ|กน	เด่น	เอ	กน	-	เอ	กน	N	-	classical
เอ|กน	เทล	เอ	กน	-	เอ	กน	N	-	dict
เอ|กน	เนร	เอ	กน	-	เอ	กน	N	-	classical
เอ|กน	เนล	เอ	กน	-	เอ	กน	N	-	dict
เอ|กน	เน้น	เอ	กน	-	เอ	กน	N	-	classical
เอ|กน	เบญ	เอ	กน	-	เอ	กน	N	-	classical
เอ|กน	เบน	เอ	กน	-	เอ	กน	N	-	classical
เอ|กน	เบล	เอ	กน	-	เอ	กน	N	-	dict
เอ|กน	เปญ	เอ	กน	-	เอ	กน	N	-	dict
เอ|กน	เปน	เอ	กน	-	เอ	กน	N	-	classical
เอ|กน	เพน	เอ	กน	-	เอ	กน	N	-	classical
เอ|กน	เพลน	เอ	กน	-	เอ	กน	N	-	dict
เอ|กน	เพลย์	เอ	กน	-	เอ	กบ	Y	karun	dict
เอ|กน	เพล้	เอ	กน	-	เอ	กน	N	-	classical
เอ|กน	เฟรนด์	เอ	กน	-	เอ	กน	N	karun	dict
เอ|กน	เฟลด์	เอ	กน	-	เอ	กบ	Y	karun	dict
เอ|กน	เฟ้น	เอ	กน	-	เอ	กน	N	-	classical
เอ|กน	เมน	เอ	กน	-	เอ	กน	N	-	classical
เอ|กน	เมนจ์	เอ	กน	-	เอ	กม	Y	karun	dict
เอ|กน	เมนท์	เอ	กน	-	เอ	กม	Y	karun	dict
เอ|กน	เม้นท์	เอ	กน	-	เอ	กน	N	karun	dict
เอ|กน	เยน	เอ	กน	-	เอ	กน	N	-	classical
เอ|กน	เย่นต์	เอ	กน	-	เอ	กน	N	karun	dict
เอ|กน	เรน	เอ	กน	-	เอ	กน	N	-	classical
เอ|กน	เรล	เอ	กน	-	เอ	กน	N	-	dict
เอ|กน	เร้น	เอ	กน	-	เอ	กน	N	-	classical
เอ|กน	เลน	เอ	กน	-	เอ	กน	N	-	classical
เอ|กน	เลนส์	เอ	กน	-	เอ	กน	N	karun	dict
เอ|กน	เล่น	เอ	กน	-	เอ	กน	N	-	classical
เอ|กน	เล้น	เอ	กน	-	เอ	กน	N	-	classical
เอ|กน	เวณ	เอ	กน	-	เอ	Cant find Marttra in this word	Y	-	classical
เอ|กน	เวร	เอ	กน	-	เอ	กน	N	-	classical
เอ|กน	เวลส์	เอ	กน	-	เอ	เกอว	Y	karun	dict
เอ|กน	เหม่น	เอ	กน	-	เอ	กน	N	-	classical
เอ|กน	เหลน	เอ	กน	-	เอ	กน	N	-	classical
เอ|กน	เอนท์	เอ	กน	-	เอ	กา	Y	karun	dict
เอ|กน	เอล	เอ	กน	-	เอ	กน	N	-	dict
เอ|กน	เฮน	เอ	กน	-	เอ	กน	N	-	dict
เอ|กน	เฮล	เอ	กน	-	เอ	กน	N	-	dict
เอ|กบ	สเคป	เอ	กบ	-	เอ	กบ	N	-	dict
เอ|กบ	สเป	เอ	กบ	-	เอ	กบ	N	-	dict
เอ|กบ	สเปรย์	เอ	กบ	-	เอ	กบ	N	karun	dict
เอ|กบ	เขป	เอ	กบ	-	เอ	กบ	N	-	classical
เอ|กบ	เจฟ	เอ	กบ	-	เอ	กบ	N	-	dict
เอ|กบ	เชป	เอ	กบ	-	เอ	กบ	N	-	dict
เอ|กบ	เชฟ	เอ	กบ	-	เอ	กบ	N	-	dict
เอ|กบ	เซป	เอ	กบ	-	เอ	กบ	N	-	dict
เอ|กบ	เซปท์	เอ	กบ	-	เอ	กด	Y	karun	dict
เอ|กบ	เซพ	เอ	กบ	-	เอ	กบ	N	-	dict
เอ|กบ	เซฟ	เอ	กบ	-	เอ	กบ	N	-	dict
เอ|กบ	เดฟ	เอ	กบ	-	เอ	กบ	N	-	dict
เอ|กบ	เทป	เอ	กบ	-	เอ	กบ	N	-	classical
เอ|กบ	เทพ	เอ	กบ	-	เอ	กบ	N	-	classical
เอ|กบ	เนป	เอ	กบ	-	เอ	กบ	N	-	dict
เอ|กบ	เป๊ป	เอ	กบ	-	เอ	กบ	N	-	dict
เอ|กบ	เพพ	เอ	กบ	-	เอ	กบ	N	-	dict
เอ|กบ	เยฟ	เอ	กบ	-	เอ	กบ	N	-	dict
เอ|กบ	เลป	เอ	กบ	-	เอ	กบ	N	-	dict
เอ|กบ	เลฟ	เอ	กบ	-	เอ	กบ	N	-	dict
เอ|กบ	เวบ	เอ	กบ	-	เอ	กบ	N	-	dict
เอ|กบ	เวบบ์	เอ	กบ	-	เอ	เกอว	Y	karun	dict
เอ|กบ	เวฟ	เอ	กบ	-	เอ	กบ	N	-	dict
เอ|กบ	เสบ	เอ	กบ	-	เอ	กบ	N	-	dict
เอ|กบ	เสพ	เอ	กบ	-	เอ	กบ	N	-	classical
เอ|กบ	เสพย์	เอ	กบ	-	เอ	กด	Y	karun	classical
เอ|กบ	เอบ	เอ	กบ	-	เอ	กบ	N	-	dict
เอ|กบ	เอพส์	เอ	กบ	-	เอ	กา	Y	karun	dict
เอ|กบ	เอฟ	เอ	กบ	-	เอ	กบ	N	-	dict
เอ|กบ	เฮฟ	เอ	กบ	-	เอ	กบ	N	-	dict
เอ|กม	เกม	เอ	กม	-	เอ	กม	N	-	dict
เอ|กม	เกมส์	เอ	กม	-	เอ	กก	Y	karun	dict
เอ|กม	เกษม	เอ	กม	-	เอ	กม	N	-	classical
เอ|กม	เขม	เอ	กม	-	เอ	กม	N	-	classical
เอ|กม	เข้ม	เอ	กม	-	เอ	กม	N	-	classical
เอ|กม	เคม	เอ	กม	-	เอ	กม	N	-	dict
เอ|กม	เจมส์	เอ	กม	-	เอ	กด	Y	karun	dict
เอ|กม	เซม	เอ	กม	-	เอ	กม	N	-	dict
เอ|กม	เดม	เอ	กม	-	เอ	กม	N	-	dict
เอ|กม	เดมส์	เอ	กม	-	เอ	กด	Y	karun	dict
เอ|กม	เดอร์ม	เอ	กม	-	เอ	กม	N	karun	dict
เอ|กม	เทม	เอ	กม	-	เอ	กม	N	-	dict
เอ|กม	เทอม	เอ	กม	-	เอ	กม	N	-	dict
เอ|กม	เนม	เอ	กม	-	เอ	กม	N	-	classical
เอ|กม	เปรม	เอ	กม	-	เอ	กม	N	-	classical
เอ|กม	เล่ม	เอ	กม	-	เอ	กม	N	-	classical
เอ|กม	เษม	เอ	กม	-	เอ	กม	N	-	dict
เอ|กม	เสม	เอ	กม	-	เอ	กม	N	-	classical
เอ|กม	เหม่	เอ	กม	-	เอ	กม	N	-	classical
เอ|กม	เอม	เอ	กม	-	เอ	กม	N	-	classical
เอ|กา	เก	เอ	กา	-	เอ	กก	Y	-	classical
เอ|กา	เกต์	เอ	กา	-	เอ	กก	Y	karun	dict
เอ|กา	เก้	เอ	กา	-	เอ	กก	Y	-	classical
เอ|กา	เก๋	เอ	กา	-	เอ	กก	Y	-	classical
เอ|กา	เขว	เอ	กา	-	เอ	เกอว	Y	-	classical
เอ|กา	เข้	เอ	กา	-	เอ	กก	Y	-	classical
เอ|กา	เค	เอ	กา	-	เอ	กก	Y	-	classical
เอ|กา	เคร	เอ	กา	-	เอ	กน	Y	-	classical
เอ|กา	เคล	เอ	กา	-	เอ	กน	Y	-	dict
เอ|กา	เคห	เอ	กา	-	เอ	Cant find Marttra in this word	Y	-	classical
เอ|กา	เค้	เอ	กา	-	เอ	กก	Y	-	dict
เอ|กา	เจ๊	เอ	กา	-	เอ	กด	Y	-	classical
เอ|กา	เช่	เอ	กา	-	เอ	กด	Y	-	dict
เอ|กา	เซ่	เอ	กา	-	เอ	กด	Y	-	dict
เอ|กา	เดย์	เอ	กา	-	เอ	กด	Y	karun	dict
เอ|กา	เด่	เอ	กา	-	เอ	กด	Y	-	dict
เอ|กา	เตร	เอ	กา	-	เอ	กด	Y	-	dict
เอ|กา	เต้	เอ	กา	-	เอ	กด	Y	-	dict
เอ|กา	เถ	เอ	กา	-	เอ	กด	Y	-	classical
เอ|กา	เถล	เอ	กา	-	เอ	กน	Y	-	dict
เอ|กา	เท	เอ	กา	-	เอ	กด	Y	-	classical
เอ|กา	เทด์	เอ	กา	-	เอ	กด	Y	karun	dict
เอ|กา	เทห์	เอ	กา	-	เอ	กด	Y	karun	classical
เอ|กา	เท่ห์	เอ	กา	-	เอ	กด	Y	karun	classical
เอ|กา	เธร์	เอ	กา	-	เอ	กด	Y	karun	dict
เอ|กา	เธ่ย์	เอ	กา	-	เอ	กด	Y	karun	dict
เอ|กา	เน	เอ	กา	-	เอ	กน	Y	-	classical
เอ|กา	เน่	เอ	กา	-	เอ	กน	Y	-	dict
เอ|กา	เบ	เอ	กา	-	เอ	กบ	Y	-	classical
เอ|กา	เบร	เอ	กา	-	เอ	กน	Y	-	dict
เอ|กา	เปล	เอ	กา	-	เอ	กน	Y	-	classical
เอ|กา	เป้	เอ	กา	-	เอ	กบ	Y	-	dict
เอ|กา	เพย์	เอ	กา	-	เอ	กบ	Y	karun	dict
เอ|กา	เฟ	เอ	กา	-	เอ	กบ	Y	-	classical
เอ|กา	เฟต์	เอ	กา	-	เอ	กบ	Y	karun	dict
เอ|กา	เฟร	เอ	กา	-	เอ	กน	Y	-	dict
เอ|กา	เฟ่	เอ	กา	-	เอ	กบ	Y	-	dict
เอ|กา	เภ	เอ	กา	-	เอ	กบ	Y	-	classical
เอ|กา	เมย์	เอ	กา	-	เอ	กม	Y	karun	dict
เอ|กา	เย	เอ	กา	-	เอ	เกย	Y	-	classical
เอ|กา	เรย์	เอ	กา	-	เอ	กน	Y	karun	dict
เอ|กา	เร่	เอ	กา	-	เอ	กน	Y	-	classical
เอ|กา	เล	เอ	กา	-	เอ	กน	Y	-	classical
เอ|กา	เลฌ	เอ	กา	-	เอ	Cant find Marttra in this word	Y	-	dict
เอ|กา	เลย์	เอ	กา	-	เอ	กน	Y	karun	dict
เอ|กา	เล่	เอ	กา	-	เอ	กน	Y	-	classical
เอ|กา	เล่ย์	เอ	กา	-	เอ	กน	Y	karun	dict
เอ|กา	เล่ห์	เอ	กา	-	เอ	กน	Y	karun	classical
เอ|กา	เว	เอ	กา	-	เอ	เกอว	Y	-	classical
เอ|กา	เส	เอ	กา	-	เอ	กด	Y	-	classical
เอ|กา	เสร่	เอ	กา	-	เอ	กน	Y	-	dict
เอ|กา	เส่	เอ	กา	-	เอ	กด	Y	-	dict
เอ|กา	เห	เอ	กา	-	เอ	Cant find Marttra in this word	Y	-	classical
เอ|กา	เหล่	เอ	กา	-	เอ	กน	Y	-	dict
เอ|กา	เห่	เอ	กา	-	เอ	Cant find Marttra in this word	Y	-	classical
เอ|กา	เอ	เอ	กา	-	เอ	กา	N	-	classical
เอ|กา	เอร์	เอ	กา	-	เอ	กา	N	karun	dict
เอ|กา	เอ้	เอ	กา	-	เอ	กา	N	-	classical
เอ|กา	เอ๋	เอ	กา	-	เอ	กา	N	-	dict
เอ|กา	เฮ	เอ	กา	-	เอ	Cant find Marttra in this word	Y	-	classical
เอ|กา	เฮ้	เอ	กา	-	เอ	Cant find Marttra in this word	Y	-	dict
เอ|เกอว	เขว้	เอ	เกอว	-	เอ	เกอว	N	-	dict
เอ|เกอว	เซวล์	เอ	เกอว	-	เอ	กด	Y	karun	dict
เอ|เกอว	เทว	เอ	เกอว	-	เอ	เกอว	N	-	classical
เอ|เกอว	เปลว	เอ	เกอว	-	เอ	เกอว	N	-	classical
เอ|เกอว	เลว	เอ	เกอว	-	เอ	เกอว	N	-	classical
เอ|เกอว	เสว	เอ	เกอว	-	เอ	เกอว	N	-	classical
เอ|เกอว	เหลว	เอ	เกอว	-	เอ	เกอว	N	-	classical
เอ|เกอว	เหว	เอ	เกอว	-	เอ	เกอว	N	-	classical
เอ|เกอว	เอว	เอ	เกอว	-	เอ	เกอว	N	-	classical
เอ|เกอว	เอ๊ว	เอ	เกอว	-	เอ	เกอว	N	-	dict
เออ|กก	ฤกษ์	เออ	กก	-	อึ	กก	Y	karun|rue	classical
เออ|กก	เกริก	เออ	กก	-	เออ	กก	N	-	classical
เออ|กก	เคิร์ก	เออ	กก	-	เออ	กก	N	karun	dict
เออ|กก	เติร์ก	เออ	กก	-	เออ	กก	N	karun	dict
เออ|กก	เถิก	เออ	กก	-	เออ	กก	N	-	classical
เออ|กก	เบิก	เออ	กก	-	เออ	กก	N	-	classical
เออ|กก	เบิร์ก	เออ	กก	-	เออ	กก	N	karun	dict
เออ|กก	เปิก	เออ	กก	-	เออ	กก	N	-	dict
เออ|กก	เพิก	เออ	กก	-	เออ	กก	N	-	classical
เออ|กก	เพิร์ค	เออ	กก	-	เออ	กก	N	karun	dict
เออ|กก	เมิร์ค	เออ	กก	-	เออ	กก	N	karun	dict
เออ|กก	เลิก	เออ	กก	-	เออ	กก	N	-	classical
เออ|กก	เวิก	เออ	กก	-	เออ	กก	N	-	classical
เออ|กก	เวิร์ก	เออ	กก	-	เออ	กก	N	karun	dict
เออ|กก	เวิร์ค	เออ	กก	-	เออ	กก	N	karun	dict
เออ|กก	เอิก	เออ	กก	-	เออ	กก	N	-	classical
เออ|กก	เอิ๊ก	เออ	กก	-	เออ	กก	N	-	dict
เออ|กง	เกิ้ง	เออ	กง	-	เออ	กง	N	-	dict
เออ|กง	เจิง	เออ	กง	-	เออ	กง	N	-	classical
เออ|กง	เจิ่ง	เออ	กง	-	เออ	กง	N	-	classical
เออ|กง	เฉิง	เออ	กง	-	เออ	กง	N	-	dict
เออ|กง	เชิง	เออ	กง	-	เออ	กง	N	-	classical
เออ|กง	เซิง	เออ	กง	-	เออ	กง	N	-	classical
เออ|กง	เซิ้ง	เออ	กง	-	เออ	กง	N	-	dict
เออ|กง	เติ่ง	เออ	กง	-	เออ	กง	N	-	classical
เออ|กง	เติ้ง	เออ	กง	-	เออ	กง	N	-	dict
เออ|กง	เถลิง	เออ	กง	-	เออ	กง	N	-	classical
เออ|กง	เทิง	เออ	กง	-	เออ	กง	N	-	classical
เออ|กง	เทิ่ง	เออ	กง	-	เออ	กง	N	-	classical
เออ|กง	เบิ่ง	เออ	กง	-	เออ	กง	N	-	classical
เออ|กง	เปิง	เออ	กง	-	เออ	กง	N	-	classical
เออ|กง	เพลิง	เออ	กง	-	เออ	กง	N	-	classical
เออ|กง	เพิง	เออ	กง	-	เออ	กง	N	-	classical
เออ|กง	เพิ่ง	เออ	กง	-	เออ	กง	N	-	classical
เออ|กง	เมิง	เออ	กง	-	เออ	กง	N	-	dict
เออ|กง	เริง	เออ	กง	-	เออ	กง	N	-	classical
เออ|กง	เลิง	เออ	กง	-	เออ	กง	N	-	classical
เออ|กง	เวิ้ง	เออ	กง	-	เออ	กง	N	-	classical
เออ|กง	เสิง	เออ	กง	-	เออ	กง	N	-	dict
เออ|กง	เหยิง	เออ	กง	-	เออ	กง	N	-	classical
เออ|กง	เหลิง	เออ	กง	-	เออ	กง	N	-	classical
เออ|กด	เกิด	เออ	กด	-	เออ	กด	N	-	classical
เออ|กด	เกิร์ต	เออ	กด	-	เออ	กด	N	karun	dict
เออ|กด	เจิด	เออ	กด	-	เออ	กด	N	-	dict
เออ|กด	เฉิด	เออ	กด	-	เออ	กด	N	-	classical
เออ|กด	เชิด	เออ	กด	-	เออ	กด	N	-	classical
เออ|กด	เชิร์ช	เออ	กด	-	เออ	กด	N	karun	dict
เออ|กด	เชิ้ต	เออ	กด	-	เออ	กด	N	-	dict
เออ|กด	เดิด	เออ	กด	-	เออ	กด	N	-	classical
เออ|กด	เตลิด	เออ	กด	-	เออ	กด	N	-	classical
เออ|กด	เถิด	เออ	กด	-	เออ	กด	N	-	classical
เออ|กด	เทริด	เออ	กด	-	เออ	กด	N	-	dict
เออ|กด	เทิด	เออ	กด	-	เออ	กด	N	-	dict
เออ|กด	เนิด	เออ	กด	-	เออ	กด	N	-	classical
เออ|กด	เบิด	เออ	กด	-	เออ	กด	N	-	classical
เออ|กด	เบิร์ด	เออ	กด	-	เออ	กด	N	karun	dict
เออ|กด	เบิร์ต	เออ	กด	-	เออ	กด	N	karun	dict
เออ|กด	เบิร์ท	เออ	กด	-	เออ	กด	N	karun	dict
เออ|กด	เปิด	เออ	กด	-	เออ	กด	N	-	classical
เออ|กด	เปิร์ด	เออ	กด	-	เออ	กด	N	karun	dict
เออ|กด	เพริด	เออ	กด	-	เออ	กด	N	-	classical
เออ|กด	เพริศ	เออ	กด	-	เออ	กด	N	-	classical
เออ|กด	เพลิด	เออ	กด	-	เออ	กด	N	-	classical
เออ|กด	เพลิศ	เออ	กด	-	เออ	กด	N	-	dict
เออ|กด	เพิด	เออ	กด	-	เออ	กด	N	-	classical
เออ|กด	เพิร์ท	เออ	กด	-	เออ	กด	N	karun	dict
เออ|กด	เพิร์ธ	เออ	กด	-	เออ	กด	N	karun	dict
เออ|กด	เฟิร์ต	เออ	กด	-	เออ	กด	N	karun	dict
เออ|กด	เฟิร์ท	เออ	กด	-	เออ	กด	N	karun	dict
เออ|กด	เฟิร์ส	เออ	กด	-	เออ	กด	N	karun	dict
เออ|กด	เมิด	เออ	กด	-	เออ	กด	N	-	classical
เออ|กด	เมิร์ช	เออ	กด	-	เออ	กด	N	karun	dict
เออ|กด	เมิร์ซ	เออ	กด	-	เออ	กด	N	karun	dict
เออ|กด	เลิด	เออ	กด	-	เออ	กด	N	-	classical
เออ|กด	เลิศ	เออ	กด	-	เออ	กด	N	-	classical
เออ|กด	เวิร์ด	เออ	กด	-	เออ	กด	N	karun	dict
เออ|กด	เวิร์ต	เออ	กด	-	เออ	กด	N	karun	dict
เออ|กด	เวิร์ท	เออ	กด	-	เออ	กด	N	karun	dict
เออ|กด	เวิร์ธ	เออ	กด	-	เออ	กด	N	karun	dict
เออ|กด	เวิร์ส	เออ	กด	-	เออ	กด	N	karun	dict
เออ|กด	เวิล์ด	เออ	กด	-	เออ	กด	N	karun	dict
เออ|กด	เสริฐ	เออ	กด	-	เออ	กด	N	-	classical
เออ|กด	เสริด	เออ	กด	-	เออ	กด	N	-	dict
เออ|กด	เสิร์ช	เออ	กด	-	เออ	กด	N	karun	dict
เออ|กด	เสิร์ต	เออ	กด	-	เออ	กด	N	karun	dict
เออ|กด	เสิร์ท	เออ	กด	-	เออ	กด	N	karun	dict
เออ|กด	เหิด	เออ	กด	-	เออ	กด	N	-	classical
เออ|กด	เอิร์ท	เออ	กด	-	เออ	กด	N	karun	dict
เออ|กด	เอิร์ธ	เออ	กด	-	เออ	กด	N	karun	dict
เออ|กด	เฮิร์ต	เออ	กด	-	เออ	กด	N	karun	dict
เออ|กน	เกริ่น	เออ	กน	-	เออ	กน	N	-	classical
เออ|กน	เกิน	เออ	กน	-	เออ	กน	N	-	classical
เออ|กน	เกิร์ล	เออ	กน	-	เออ	กน	N	karun	dict
เออ|กน	เขิน	เออ	กน	-	เออ	กน	N	-	classical
เออ|กน	เงิน	เออ	กน	-	เออ	กน	N	-	classical
เออ|กน	เงิ่น	เออ	กน	-	เออ	กน	N	-	classical
เออ|กน	เจริญ	เออ	กน	-	เออ	กน	N	-	classical
เออ|กน	เจิน	เออ	กน	-	เออ	กน	N	-	dict
เออ|กน	เจิ่น	เออ	กน	-	เออ	กน	N	-	classical
เออ|กน	เจิ้ล	เออ	กน	-	เออ	กน	N	-	dict
เออ|กน	เฉิน	เออ	กน	-	เออ	กน	N	-	classical
เออ|กน	เชิญ	เออ	กน	-	เออ	กน	N	-	classical
เออ|กน	เซิล	เออ	กน	-	เออ	กน	N	-	dict
เออ|กน	เดิน	เออ	กน	-	เออ	กน	N	-	classical
เออ|กน	เดิร์น	เออ	กน	-	เออ	กน	N	karun	dict
เออ|กน	เดิล	เออ	กน	-	เออ	กน	N	-	dict
เออ|กน	เติน	เออ	กน	-	เออ	กน	N	-	dict
เออ|กน	เถิน	เออ	กน	-	เออ	กน	N	-	classical
เออ|กน	เทิน	เออ	กน	-	เออ	กน	N	-	classical
เออ|กน	เทิร์น	เออ	กน	-	เออ	กน	N	karun	dict
เออ|กน	เทิ้น	เออ	กน	-	เออ	กน	N	-	classical
เออ|กน	เธิร์น	เออ	กน	-	เออ	กน	N	karun	dict
เออ|กน	เนิน	เออ	กน	-	เออ	กน	N	-	classical
เออ|กน	เนิ่น	เออ	กน	-	เออ	กน	N	-	classical
เออ|กน	เบิร์น	เออ	กน	-	เออ	กน	N	karun	dict
เออ|กน	เบิล	เออ	กน	-	เออ	กน	N	-	dict
เออ|กน	เปิ่น	เออ	กน	-	เออ	กน	N	-	dict
เออ|กน	เผชิญ	เออ	กน	-	เออ	กน	N	-	classical
เออ|กน	เผอิญ	เออ	กน	-	เออ	กน	N	-	classical
เออ|กน	เผิน	เออ	กน	-	เออ	กน	N	-	classical
เออ|กน	เพลิน	เออ	กน	-	เออ	กน	N	-	classical
เออ|กน	เฟิน	เออ	กน	-	เออ	กน	N	-	dict
เออ|กน	เฟิร์น	เออ	กน	-	เออ	กน	N	karun	dict
เออ|กน	เมิน	เออ	กน	-	เออ	กน	N	-	classical
เออ|กน	เยิน	เออ	กน	-	เออ	กน	N	-	classical
เออ|กน	เยิร์น	เออ	กน	-	เออ	กน	N	karun	dict
เออ|กน	เยิ่น	เออ	กน	-	เออ	กน	N	-	classical
เออ|กน	เริญ	เออ	กน	-	เออ	กน	N	-	classical
เออ|กน	เลิน	เออ	กน	-	เออ	กน	N	-	classical
เออ|กน	เวิน	เออ	กน	-	เออ	กน	N	-	dict
เออ|กน	เวิร์น	เออ	กน	-	เออ	กน	N	karun	dict
เออ|กน	เวิร์ล	เออ	กน	-	เออ	กน	N	karun	dict
เออ|กน	เวิลด์	เออ	กน	-	เออ	กน	N	karun	dict
เออ|กน	เสริญ	เออ	กน	-	เออ	กน	N	-	classical
เออ|กน	เสิ่น	เออ	กน	-	เออ	กน	N	-	dict
เออ|กน	เหิน	เออ	กน	-	เออ	กน	N	-	classical
เออ|กน	เอิญ	เออ	กน	-	เออ	กน	N	-	classical
เออ|กน	เอิน	เออ	กน	-	เออ	กน	N	-	classical
เออ|กบ	เขยิบ	เออ	กบ	-	เออ	กบ	N	-	dict
เออ|กบ	เคลิบ	เออ	กบ	-	เออ	กบ	N	-	dict
เออ|กบ	เฉิบ	เออ	กบ	-	เออ	กบ	N	-	dict
เออ|กบ	เซิร์ฟ	เออ	กบ	-	เออ	กบ	N	karun	dict
เออ|กบ	เดิร์ฟ	เออ	กบ	-	เออ	กบ	N	karun	dict
เออ|กบ	เติบ	เออ	กบ	-	เออ	กบ	N	-	classical
เออ|กบ	เถิบ	เออ	กบ	-	เออ	กบ	N	-	dict
เออ|กบ	เนิบ	เออ	กบ	-	เออ	กบ	N	-	dict
เออ|กบ	เปิบ	เออ	กบ	-	เออ	กบ	N	-	classical
เออ|กบ	เปิ๊บ	เออ	กบ	-	เออ	กบ	N	-	dict
เออ|กบ	เผยิบ	เออ	กบ	-	เออ	กบ	N	-	dict
เออ|กบ	เยิบ	เออ	กบ	-	เออ	กบ	N	-	classical
เออ|กบ	เริบ	เออ	กบ	-	เออ	กบ	N	-	classical
เออ|กบ	เลิฟ	เออ	กบ	-	เออ	กบ	N	-	dict
เออ|กบ	เสิบ	เออ	กบ	-	เออ	กบ	N	-	dict
เออ|กบ	เสิร์ฟ	เออ	กบ	-	เออ	กบ	N	karun	dict
เออ|กบ	เอิบ	เออ	กบ	-	เออ	กบ	N	-	classical
เออ|กม	เคลิ้ม	เออ	กม	-	เออ	กม	N	-	classical
เออ|กม	เจิม	เออ	กม	-	เออ	กม	N	-	classical
เออ|กม	เฉลิม	เออ	กม	-	เออ	กม	N	-	classical
เออ|กม	เฉิ่ม	เออ	กม	-	เออ	กม	N	-	dict
เออ|กม	เดิม	เออ	กม	-	เออ	กม	N	-	classical
เออ|กม	เติม	เออ	กม	-	เออ	กม	N	-	classical
เออ|กม	เทิ่ม	เออ	กม	-	เออ	กม	N	-	dict
เออ|กม	เทิ้ม	เออ	กม	-	เออ	กม	N	-	classical
เออ|กม	เบิ้ม	เออ	กม	-	เออ	กม	N	-	dict
เออ|กม	เปิร์ม	เออ	กม	-	เออ	กม	N	karun	dict
เออ|กม	เผดิม	เออ	กม	-	เออ	กม	N	-	dict
เออ|กม	เพิ่ม	เออ	กม	-	เออ	กม	N	-	classical
เออ|กม	เฟิร์ม	เออ	กม	-	เออ	กม	N	karun	dict
เออ|กม	เยิ้ม	เออ	กม	-	เออ	กม	N	-	dict
เออ|กม	เริม	เออ	กม	-	เออ	กม	N	-	dict
เออ|กม	เริ่ม	เออ	กม	-	เออ	กม	N	-	classical
เออ|กม	เสริม	เออ	กม	-	เออ	กม	N	-	classical
เออ|กม	เหลิม	เออ	กม	-	เออ	กม	N	-	classical
เออ|กม	เหิม	เออ	กม	-	เออ	กม	N	-	classical
เออ|กา	เกอร์	เออ	กา	-	เออ	กก	Y	karun	dict
เออ|กา	เกิลส์	เออ	กา	-	เออ	กน	Y	karun	dict
เออ|กา	เกิ้ล	เออ	กา	-	เออ	กน	Y	-	dict
เออ|กา	เก้อ	เออ	กา	-	เออ	กา	N	-	classical
เออ|กา	เคอ	เออ	กา	-	เออ	กา	N	-	dict
เออ|กา	เคอร์	เออ	กา	-	เออ	กก	Y	karun	dict
เออ|กา	เคิล	เออ	กา	-	เออ	กน	Y	-	dict
เออ|กา	เง้อ	เออ	กา	-	เออ	กา	N	-	classical
เออ|กา	เจอร์	เออ	กา	-	เออ	กด	Y	karun	dict
เออ|กา	เจ่อ	เออ	กา	-	เออ	กา	N	-	dict
เออ|กา	เจ้อ	เออ	กา	-	เออ	กา	N	-	classical
เออ|กา	เชอ	เออ	กา	-	เออ	กา	N	-	classical
เออ|กา	เชอร์	เออ	กา	-	เออ	กด	Y	karun	dict
เออ|กา	เซอ	เออ	กา	-	เออ	กา	N	-	classical
เออ|กา	เซอร์	เออ	กา	-	เออ	กด	Y	karun	dict
เออ|กา	เดอ	เออ	กา	-	เออ	กา	N	-	dict
เออ|กา	เด้อ	เออ	กา	-	เออ	กา	N	-	dict
เออ|กา	เตอ	เออ	กา	-	เออ	กา	N	-	dict
เออ|กา	เติล	เออ	กา	-	เออ	กน	Y	-	dict
เออ|กา	เต่อ	เออ	กา	-	เออ	กา	N	-	dict
เออ|กา	เทอ	เออ	กา	-	เออ	กา	N	-	classical
เออ|กา	เทอร์	เออ	กา	-	เออ	กด	Y	karun	dict
เออ|กา	เท่อ	เออ	กา	-	เออ	กา	N	-	dict
เออ|กา	เธอ	เออ	กา	-	เออ	กา	N	-	classical
เออ|กา	เธอร์	เออ	กา	-	เออ	กด	Y	karun	dict
เออ|กา	เนอ	เออ	กา	-	เออ	กา	N	-	dict
เออ|กา	เนอร์	เออ	กา	-	เออ	กน	Y	karun	dict
เออ|กา	เน้อ	เออ	กา	-	เออ	กา	N	-	dict
เออ|กา	เบลอ	เออ	กา	-	เออ	กา	N	-	dict
เออ|กา	เบอ	เออ	กา	-	เออ	กา	N	-	dict
เออ|กา	เบ้อ	เออ	กา	-	เออ	กา	N	-	classical
เออ|กา	เปรอ	เออ	กา	-	เออ	กา	N	-	classical
เออ|กา	เปอ	เออ	กา	-	เออ	กา	N	-	dict
เออ|กา	เปอร์	เออ	กา	-	เออ	กบ	Y	karun	dict
เออ|กา	เปิ้ล	เออ	กา	-	เออ	กน	Y	-	dict
เออ|กา	เผอ	เออ	กา	-	เออ	กา	N	-	classical
เออ|กา	เพอ	เออ	กา	-	เออ	กา	N	-	dict
เออ|กา	เพ้อ	เออ	กา	-	เออ	กา	N	-	classical
เออ|กา	เภอ	เออ	กา	-	เออ	กา	N	-	classical
เออ|กา	เมอ	เออ	กา	-	เออ	กา	N	-	classical
เออ|กา	เยอร์	เออ	กา	-	เออ	เกย	Y	karun	dict
เออ|กา	เย้อ	เออ	กา	-	เออ	กา	N	-	classical
เออ|กา	เรอ	เออ	กา	-	เออ	กา	N	-	classical
เออ|กา	เรอร์	เออ	กา	-	เออ	กน	Y	karun	dict
เออ|กา	เลอ	เออ	กา	-	เออ	กา	N	-	dict
เออ|กา	เลอร์	เออ	กา	-	เออ	กน	Y	karun	dict
เออ|กา	เล่อ	เออ	กา	-	เออ	กา	N	-	classical
เออ|กา	เวอ	เออ	กา	-	เออ	กา	N	-	dict
เออ|กา	เวอร์	เออ	กา	-	เออ	เกอว	Y	karun	dict
เออ|กา	เสนอ	เออ	กา	-	เออ	กา	N	-	classical
เออ|กา	เหน่อ	เออ	กา	-	เออ	กา	N	-	dict
เออ|กา	เหม่อ	เออ	กา	-	เออ	กา	N	-	classical
เออ|กา	เหร่อ	เออ	กา	-	เออ	กา	N	-	dict
เออ|กา	เหลอ	เออ	กา	-	เออ	กา	N	-	classical
เออ|กา	เหว๋อ	เออ	กา	-	เออ	กา	N	-	dict
เออ|กา	เหิร	เออ	กา	-	เออ	กน	Y	-	dict
เออ|กา	เออร์	เออ	กา	-	เออ	กา	N	karun	dict
เออ|กา	เอ้อ	เออ	กา	-	เออ	กา	N	-	dict
เออ|กา	เอ๊อ	เออ	กา	-	เออ	กา	N	-	dict
เออ|กา	เฮอร์	เออ	กา	-	เออ	Cant find Marttra in this word	Y	karun	dict
เออ|กา	เฮ้อ	เออ	กา	-	เออ	กา	N	-	classical
เออ|เกย	เกย	เออ	เกย	-	เอ	เกย	Y	-	classical
เออ|เกย	เขนย	เออ	เกย	-	เอ	เกย	Y	-	classical
เออ|เกย	เขย	เออ	เกย	-	เอ	เกย	Y	-	classical
เออ|เกย	เคย	เออ	เกย	-	เอ	เกย	Y	-	classical
เออ|เกย	เงย	เออ	เกย	-	เอ	เกย	Y	-	classical
เออ|เกย	เจย	เออ	เกย	-	เอ	เกย	Y	-	dict
เออ|เกย	เฉย	เออ	เกย	-	เอ	เกย	Y	-	classical
เออ|เกย	เฉลย	เออ	เกย	-	เอ	เกย	Y	-	classical
เออ|เกย	เชย	เออ	เกย	-	เอ	เกย	Y	-	classical
เออ|เกย	เชลย	เออ	เกย	-	เอ	เกย	Y	-	classical
เออ|เกย	เซย	เออ	เกย	-	เอ	เกย	Y	-	dict
เออ|เกย	เตย	เออ	เกย	-	เอ	เกย	Y	-	classical
เออ|เกย	เทย	เออ	เกย	-	เอ	เกย	Y	-	classical
เออ|เกย	เธ่ย	เออ	เกย	-	เอ	เกย	Y	-	dict
เออ|เกย	เนย	เออ	เกย	-	เอ	เกย	Y	-	classical
เออ|เกย	เบ๊ย	เออ	เกย	-	เอ	เกย	Y	-	dict
เออ|เกย	เปรย	เออ	เกย	-	เอ	เกย	Y	-	classical
เออ|เกย	เป่ย	เออ	เกย	-	เอ	เกย	Y	-	dict
เออ|เกย	เผย	เออ	เกย	-	เอ	เกย	Y	-	classical
เออ|เกย	เย้ย	เออ	เกย	-	เอ	เกย	Y	-	classical
เออ|เกย	เลย	เออ	เกย	-	เอ	เกย	Y	-	classical
เออ|เกย	เวย	เออ	เกย	-	เอ	เกย	Y	-	classical
เออ|เกย	เว้ย	เออ	เกย	-	เอ	เกย	Y	-	dict
เออ|เกย	เสบย	เออ	เกย	-	เอ	เกย	Y	-	classical
เออ|เกย	เสย	เออ	เกย	-	เอ	เกย	Y	-	classical
เออ|เกย	เสวย	เออ	เกย	-	เอ	เกย	Y	-	classical
เออ|เกย	เหมย	เออ	เกย	-	เอ	เกย	Y	-	dict
เออ|เกย	เหย	เออ	เกย	-	เอ	เกย	Y	-	classical
เออ|เกย	เอย	เออ	เกย	-	เอ	เกย	Y	-	classical
เออ|เกย	เอ่ย	เออ	เกย	-	เอ	เกย	Y	-	classical
เออ|เกย	เอ๊ย	เออ	เกย	-	เอ	เกย	Y	-	classical
เออ|เกย	เอ๋ย	เออ	เกย	-	เอ	เกย	Y	-	classical
เออ|เกย	เฮ่ย	เออ	เกย	-	เอ	เกย	Y	-	dict
เออ|เกย	เฮ้ย	เออ	เกย	-	เอ	เกย	Y	-	classical
เออะ|กก	เอ็ก	เออะ	กก	-	เอ	กก	Y	-	dict
เออะ|กก	เอ็กซ์	เออะ	กก	-	เอ	กก	Y	karun	dict
เออะ|กก	เอ็ค	เออะ	กก	-	เอ	กก	Y	-	dict
เออะ|กด	เอร็ด	เออะ	กด	-	เอ	กด	Y	-	dict
เออะ|กด	เอ็ด	เออะ	กด	-	เอ	กด	Y	-	classical
เออะ|กา	เขรอะ	เออะ	กา	-	เออะ	กา	N	-	dict
เออะ|กา	เงอะ	เออะ	กา	-	เออะ	กา	N	-	classical
เออะ|กา	เฉอะ	เออะ	กา	-	เออะ	กา	N	-	classical
เออะ|กา	เด๊อะ	เออะ	กา	-	เออะ	กา	N	-	dict
เออะ|กา	เถอะ	เออะ	กา	-	เออะ	กา	N	-	classical
เออะ|กา	เทอะ	เออะ	กา	-	เออะ	กา	N	-	classical
เออะ|กา	เปรอะ	เออะ	กา	-	เออะ	กา	N	-	classical
เออะ|กา	เยอะ	เออะ	กา	-	เออะ	กา	N	-	classical
เออะ|กา	เลอะ	เออะ	กา	-	เออะ	กา	N	-	classical
เออะ|กา	เอ๊ะ	เออะ	กา	-	เออะ	กา	N	-	classical
เอะ|กก	สเต็ก	เอะ	กก	-	เอ	กก	Y	-	dict
เอะ|กก	สเป็ค	เอะ	กก	-	เอ	กก	Y	-	dict
เอะ|กก	เข็ก	เอะ	กก	-	เอ	กก	Y	-	dict
เอะ|กก	เจ็กต์	เอะ	กก	-	เอ	กก	Y	karun	dict
เอะ|กก	เจ็ค	เอะ	กก	-	เอ	กก	Y	-	dict
เอะ|กก	เช็ค	เอะ	กก	-	เอ	กก	Y	-	dict
เอะ|กก	เซ็ก	เอะ	กก	-	เอ	กก	Y	-	dict
เอะ|กก	เด็ก	เอะ	กก	-	เอ	กก	Y	-	classical
เอะ|กก	เด็กซ์	เอะ	กก	-	เอ	กก	Y	karun	dict
เอะ|กก	เต็ก	เอะ	กก	-	เอ	กก	Y	-	dict
เอะ|กก	เท็ก	เอะ	กก	-	เอ	กก	Y	-	dict
เอะ|กก	เท็กซ์	เอะ	กก	-	เอ	กก	Y	karun	dict
เอะ|กก	เน็กซ์	เอะ	กก	-	เอ	กก	Y	karun	dict
เอะ|กก	เน็ค	เอะ	กก	-	เอ	กก	Y	-	dict
เอะ|กก	เบ็ค	เอะ	กก	-	เอ	กก	Y	-	dict
เอะ|กก	เป็ก	เอะ	กก	-	เอ	กก	Y	-	dict
เอะ|กก	เพ็ก	เอะ	กก	-	เอ	กก	Y	-	dict
เอะ|กก	เฟ็ค	เอะ	กก	-	เอ	กก	Y	-	dict
เอะ|กก	เม็ก	เอะ	กก	-	เอ	กก	Y	-	dict
เอะ|กก	เม็กซ์	เอะ	กก	-	เอ	กก	Y	karun	dict
เอะ|กก	เร็ก	เอะ	กก	-	เอ	กก	Y	-	dict
เอะ|กก	เร็กซ์	เอะ	กก	-	เอ	กก	Y	karun	dict
เอะ|กก	เร็กท์	เอะ	กก	-	เอ	กก	Y	karun	dict
เอะ|กก	เล็ก	เอะ	กก	-	เอ	กก	Y	-	classical
เอะ|กก	เล็ค	เอะ	กก	-	เอ	กก	Y	-	dict
เอะ|กก	เหล็ก	เอะ	กก	-	เอ	กก	Y	-	classical
เอะ|กง	เกร็ง	เอะ	กง	-	เอ	กง	Y	-	classical
เอะ|กง	เก็ง	เอะ	กง	-	เอ	กง	Y	-	dict
เอะ|กง	เขม็ง	เอะ	กง	-	เอ	กง	Y	-	classical
เอะ|กง	เซ็ง	เอะ	กง	-	เอ	กง	Y	-	classical
เอะ|กง	เต็ง	เอะ	กง	-	เอ	กง	Y	-	classical
เอะ|กง	เบ็ง	เอะ	กง	-	เอ	กง	Y	-	classical
เอะ|กง	เป็ง	เอะ	กง	-	เอ	กง	Y	-	dict
เอะ|กง	เร็ง	เอะ	กง	-	เอ	กง	Y	-	classical
เอะ|กง	เล็ง	เอะ	กง	-	เอ	กง	Y	-	classical
เอะ|กง	เส็ง	เอะ	กง	-	เอ	กง	Y	-	classical
เอะ|กง	เหม็ง	เอะ	กง	-	เอ	กง	Y	-	classical
เอะ|กด	เกร็ด	เอะ	กด	-	เอ	กด	Y	-	classical
เอะ|กด	เกล็ด	เอะ	กด	-	เอ	กด	Y	-	classical
เอะ|กด	เก็ด	เอะ	กด	-	เอ	กด	Y	-	classical
เอะ|กด	เก็ต	เอะ	กด	-	เอ	กด	Y	-	dict
เอะ|กด	เขม็ด	เอะ	กด	-	เอ	กด	Y	-	dict
เอะ|กด	เข็ด	เอะ	กด	-	เอ	กด	Y	-	classical
เอะ|กด	เคล็ด	เอะ	กด	-	เอ	กด	Y	-	classical
เอะ|กด	เค็ด	เอะ	กด	-	เอ	กด	Y	-	classical
เอะ|กด	เง็ด	เอะ	กด	-	เอ	กด	Y	-	dict
เอะ|กด	เจ็ด	เอะ	กด	-	เอ	กด	Y	-	classical
เอะ|กด	เจ็ท	เอะ	กด	-	เอ	กด	Y	-	dict
เอะ|กด	เช็ด	เอะ	กด	-	เอ	กด	Y	-	classical
เอะ|กด	เซ็ต	เอะ	กด	-	เอ	กด	Y	-	dict
เอะ|กด	เซ็ท	เอะ	กด	-	เอ	กด	Y	-	dict
เอะ|กด	เซ็ทท์	เอะ	กด	-	เอ	กด	Y	karun	dict
เอะ|กด	เด็จ	เอะ	กด	-	เอ	กด	Y	-	classical
เอะ|กด	เด็ด	เอะ	กด	-	เอ	กด	Y	-	classical
เอะ|กด	เตร็ด	เอะ	กด	-	เอ	กด	Y	-	classical
เอะ|กด	เตล็ด	เอะ	กด	-	เอ	กด	Y	-	classical
เอะ|กด	เต็ด	เอะ	กด	-	เอ	กด	Y	-	dict
เอะ|กด	เท็จ	เอะ	กด	-	เอ	กด	Y	-	classical
เอะ|กด	เน็ด	เอะ	กด	-	เอ	กด	Y	-	dict
เอะ|กด	เน็ต	เอะ	กด	-	เอ	กด	Y	-	dict
เอะ|กด	เบ็ด	เอะ	กด	-	เอ	กด	Y	-	classical
เอะ|กด	เบ็ท	เอะ	กด	-	เอ	กด	Y	-	dict
เอะ|กด	เป็ด	เอะ	กด	-	เอ	กด	Y	-	classical
เอะ|กด	เป็ต	เอะ	กด	-	เอ	กด	Y	-	dict
เอะ|กด	เผด็จ	เอะ	กด	-	เอ	กด	Y	-	dict
เอะ|กด	เผ็ด	เอะ	กด	-	เอ	กด	Y	-	classical
เอะ|กด	เพ็ชร	เอะ	กด	-	เอ	กน	Y	-	dict
เอะ|กด	เพ็ด	เอะ	กด	-	เอ	กด	Y	-	classical
เอะ|กด	เมล็ด	เอะ	กด	-	เอ	กด	Y	-	classical
เอะ|กด	เม็ด	เอะ	กด	-	เอ	กด	Y	-	classical
เอะ|กด	เม็ต	เอะ	กด	-	เอ	กด	Y	-	dict
เอะ|กด	เม็ท	เอะ	กด	-	เอ	กด	Y	-	dict
เอะ|กด	เร็จ	เอะ	กด	-	เอ	กด	Y	-	classical
เอะ|กด	เล็ด	เอะ	กด	-	เอ	กด	Y	-	classical
เอะ|กด	เล็ต	เอะ	กด	-	เอ	กด	Y	-	dict
เอะ|กด	เสด็จ	เอะ	กด	-	เอ	กด	Y	-	classical
เอะ|กด	เสร็จ	เอะ	กด	-	เอ	กด	Y	-	classical
เอะ|กด	เหน็จ	เอะ	กด	-	เอ	กด	Y	-	classical
เอะ|กด	เหน็ด	เอะ	กด	-	เอ	กด	Y	-	classical
เอะ|กด	เหม็ด	เอะ	กด	-	เอ	กด	Y	-	dict
เอะ|กด	เห็จ	เอะ	กด	-	เอ	กด	Y	-	classical
เอะ|กด	เห็ด	เอะ	กด	-	เอ	กด	Y	-	classical
เอะ|กด	เฮ็ด	เอะ	กด	-	เอ	กด	Y	-	dict
เอะ|กน	เก็น	เอะ	กน	-	เอ	กน	Y	-	dict
เอะ|กน	เข็ญ	เอะ	กน	-	เอ	กน	Y	-	classical
เอะ|กน	เข็น	เอะ	กน	-	เอ	กน	Y	-	classical
เอะ|กน	เค็ญ	เอะ	กน	-	เอ	กน	Y	-	dict
เอะ|กน	เค็น	เอะ	กน	-	เอ	กน	Y	-	dict
เอะ|กน	เซ็น	เอะ	กน	-	เอ	กน	Y	-	classical
เอะ|กน	เซ็นต์	เอะ	กน	-	เอ	กน	Y	karun	dict
เอะ|กน	เซ็ล	เอะ	กน	-	เอ	กน	Y	-	dict
เอะ|กน	เด็น	เอะ	กน	-	เอ	กน	Y	-	classical
เอะ|กน	เต็น	เอะ	กน	-	เอ	กน	Y	-	classical
เอะ|กน	เต็นท์	เอะ	กน	-	เอ	กน	Y	karun	dict
เอะ|กน	เบ็น	เอะ	กน	-	เอ	กน	Y	-	classical
เอะ|กน	เป็น	เอะ	กน	-	เอ	กน	Y	-	classical
เอะ|กน	เพ็ญ	เอะ	กน	-	เอ	กน	Y	-	classical
เอะ|กน	เพ็น	เอะ	กน	-	เอ	กน	Y	-	dict
เอะ|กน	เย็น	เอะ	กน	-	เอ	กน	Y	-	classical
เอะ|กน	เร็นจ์	เอะ	กน	-	เอ	กน	Y	karun	dict
เอะ|กน	เล็น	เอะ	กน	-	เอ	กน	Y	-	classical
เอะ|กน	เส็น	เอะ	กน	-	เอ	กน	Y	-	dict
เอะ|กน	เหม็น	เอะ	กน	-	เอ	กน	Y	-	classical
เอะ|กน	เห็น	เอะ	กน	-	เอ	กน	Y	-	classical
เอะ|กบ	เก็บ	เอะ	กบ	-	เอ	กบ	Y	-	classical
เอะ|กบ	เข็บ	เอะ	กบ	-	เอ	กบ	Y	-	classical
เอะ|กบ	เจ็บ	เอะ	กบ	-	เอ	กบ	Y	-	classical
เอะ|กบ	เซ็ปท์	เอะ	กบ	-	เอ	กบ	Y	karun	dict
เอะ|กบ	เบ็บ	เอะ	กบ	-	เอ	กบ	Y	-	dict
เอะ|กบ	เย็บ	เอะ	กบ	-	เอ	กบ	Y	-	classical
เอะ|กบ	เล็บ	เอะ	กบ	-	เอ	กบ	Y	-	classical
เอะ|กบ	เว็บ	เอะ	กบ	-	เอ	กบ	Y	-	dict
เอะ|กบ	เหน็บ	เอะ	กบ	-	เอ	กบ	Y	-	classical
เอะ|กบ	เห็บ	เอะ	กบ	-	เอ	กบ	Y	-	classical
เอะ|กม	เข็ม	เอะ	กม	-	เอ	กม	Y	-	classical
เอะ|กม	เค็ม	เอะ	กม	-	เอ	กม	Y	-	classical
เอะ|กม	เต็ม	เอะ	กม	-	เอ	กม	Y	-	classical
เอะ|กม	เร็ม	เอะ	กม	-	เอ	กม	Y	-	dict
เอะ|กม	เล็ม	เอะ	กม	-	เอ	กม	Y	-	classical
เอะ|กา	เกะ	เอะ	กา	-	เอะ	กา	N	-	classical
เอะ|กา	เขละ	เอะ	กา	-	เอะ	กา	N	-	dict
เอะ|กา	เขะ	เอะ	กา	-	เอะ	กา	N	-	dict
เอะ|กา	เตะ	เอะ	กา	-	เอะ	กา	N	-	classical
เอะ|กา	เต็ล	เอะ	กา	-	เอ	กน	Y	-	dict
เอะ|กา	เต๊ะ	เอะ	กา	-	เอะ	กา	N	-	dict
เอะ|กา	เทะ	เอะ	กา	-	เอะ	กา	N	-	dict
เอะ|กา	เบะ	เอะ	กา	-	เอะ	กา	N	-	dict
เอะ|กา	เบ๊ะ	เอะ	กา	-	เอะ	กา	N	-	dict
เอะ|กา	เปะ	เอะ	กา	-	เอะ	กา	N	-	dict
เอะ|กา	เป๊ะ	เอะ	กา	-	เอะ	กา	N	-	dict
เอะ|กา	เผละ	เอะ	กา	-	เอะ	กา	N	-	dict
เอะ|กา	เพ็ล	เอะ	กา	-	เอ	กน	Y	-	dict
เอะ|กา	เฟะ	เอะ	กา	-	เอะ	กา	N	-	dict
เอะ|กา	เละ	เอะ	กา	-	เอะ	กา	N	-	dict
เอะ|กา	เหละ	เอะ	กา	-	เอะ	กา	N	-	dict
เอะ|กา	เอะ	เอะ	กา	-	เอะ	กา	N	-	classical
เอา|กา	เกลา	เอา	กา	-	เอา	กา	N	-	classical
เอา|กา	เกล้า	เอา	กา	-	เอา	กา	N	-	classical
เอา|กา	เกา	เอา	กา	-	เอา	กา	N	-	classical
เอา|กา	เกาต์	เอา	กา	-	เอา	กก	Y	karun	dict
เอา|กา	เก๋า	เอา	กา	-	เอา	กา	N	-	dict
เอา|กา	เข่า	เอา	กา	-	เอา	กา	N	-	classical
เอา|กา	เครา	เอา	กา	-	เอา	กา	N	-	classical
เอา|กา	เคา	เอา	กา	-	เอา	กา	N	-	classical
เอา|กา	เค้า	เอา	กา	-	เอา	กา	N	-	classical
เอา|กา	เงา	เอา	กา	-	เอา	กา	N	-	classical
เอา|กา	เง่า	เอา	กา	-	เอา	กา	N	-	classical
เอา|กา	เจา	เอา	กา	-	เอา	กา	N	-	classical
เอา|กา	เจ่า	เอา	กา	-	เอา	กา	N	-	classical
เอา|กา	เฉา	เอา	กา	-	เอา	กา	N	-	classical
เอา|กา	เชา	เอา	กา	-	เอา	กา	N	-	classical
เอา|กา	เชาว์	เอา	กา	-	เอา	กด	Y	karun	dict
เอา|กา	เช่า	เอา	กา	-	เอา	กา	N	-	classical
เอา|กา	เช้า	เอา	กา	-	เอา	กา	N	-	classical
เอา|กา	เซ้า	เอา	กา	-	เอา	กา	N	-	classical
เอา|กา	เดา	เอา	กา	-	เอา	กา	N	-	classical
เอา|กา	เด้า	เอา	กา	-	เอา	กา	N	-	dict
เอา|กา	เตา	เอา	กา	-	เอา	กา	N	-	classical
เอา|กา	เต่า	เอา	กา	-	เอา	กา	N	-	classical
เอา|กา	เต๋า	เอา	กา	-	เอา	กา	N	-	dict
เอา|กา	เถ้า	เอา	กา	-	เอา	กา	N	-	classical
เอา|กา	เทรา	เอา	กา	-	เอา	กา	N	-	dict
เอา|กา	เทา	เอา	กา	-	เอา	กา	N	-	classical
เอา|กา	เท้า	เอา	กา	-	เอา	กา	N	-	classical
เอา|กา	เธาว์	เอา	กา	-	เอา	กด	Y	karun	dict
เอา|กา	เนา	เอา	กา	-	เอา	กา	N	-	classical
เอา|กา	เน่า	เอา	กา	-	เอา	กา	N	-	classical
เอา|กา	เน้า	เอา	กา	-	เอา	กา	N	-	dict
เอา|กา	เบา	เอา	กา	-	เอา	กา	N	-	classical
เอา|กา	เปล่า	เอา	กา	-	เอา	กา	N	-	classical
เอา|กา	เป่า	เอา	กา	-	เอา	กา	N	-	classical
เอา|กา	เผ่า	เอา	กา	-	เอา	กา	N	-	classical
เอา|กา	เฝ้า	เอา	กา	-	เอา	กา	N	-	classical
เอา|กา	เพรา	เอา	กา	-	เอา	กา	N	-	classical
เอา|กา	เพลา	เอา	กา	-	เอา	กา	N	-	classical
เอา|กา	เพา	เอา	กา	-	เอา	กา	N	-	classical
เอา|กา	เภา	เอา	กา	-	เอา	กา	N	-	classical
เอา|กา	เม้าส์	เอา	กา	-	เอา	กา	N	karun	dict
เอา|กา	เยา	เอา	กา	-	เอา	กา	N	-	classical
เอา|กา	เร่า	เอา	กา	-	เอา	กา	N	-	classical
เอา|กา	เลา	เอา	กา	-	เอา	กา	N	-	classical
เอา|กา	เล้า	เอา	กา	-	เอา	กา	N	-	classical
เอา|กา	เว้า	เอา	กา	-	เอา	กา	N	-	classical
เอา|กา	เศร้า	เอา	กา	-	เอา	กา	N	-	classical
เอา|กา	เสา	เอา	กา	-	เอา	กา	N	-	classical
เอา|กา	เส่า	เอา	กา	-	เอา	กา	N	-	classical
เอา|กา	เส้า	เอา	กา	-	เอา	กา	N	-	classical
เอา|กา	เหงา	เอา	กา	-	เอา	กา	N	-	classical
เอา|กา	เหนา	เอา	กา	-	เอา	กา	N	-	classical
เอา|กา	เหน้า	เอา	กา	-	เอา	กา	N	-	dict
เอา|กา	เหย้า	เอา	กา	-	เอา	กา	N	-	classical
เอา|กา	เหล่า	เอา	กา	-	เอา	กา	N	-	classical
เอา|กา	เหล้า	เอา	กา	-	เอา	กา	N	-	classical
เอา|กา	เห่า	เอา	กา	-	เอา	กา	N	-	classical
เอา|กา	เฮา	เอา	กา	-	เอา	กา	N	-	dict
เอา|กา	เฮาส์	เอา	กา	-	เอา	Cant find Marttra in this word	Y	karun	dict
เอา|กา	เฮ้าส์	เอา	กา	-	เอา	กา	N	karun	dict
เอา|เกอว	เชาว	เอา	เกอว	-	เอา	เกอว	N	true_final	dict
เอา|เกอว	เชาวน์	เอา	เกอว	-	เอา	เกอว	N	karun	dict
เอา|เกอว	เยาว	เอา	เกอว	-	เอา	เกอว	N	true_final	classical
เอา|เกอว	เสาว	เอา	เกอว	-	เอา	เกอว	N	true_final	classical
เอาะ|กก	ค็อก	เอาะ	กก	-	ออ	กก	Y	-	dict
เอาะ|กก	ค็อกซ์	เอาะ	กก	-	ออ	กา	Y	karun	dict
เอาะ|กก	ค็อค	เอาะ	กก	-	ออ	กก	Y	-	dict
เอาะ|กก	จ็อก	เอาะ	กก	-	ออ	กก	Y	-	dict
เอาะ|กก	ช็อก	เอาะ	กก	-	ออ	กก	Y	-	dict
เอาะ|กก	ช็อค	เอาะ	กก	-	ออ	กก	Y	-	dict
เอาะ|กก	ซ็อค	เอาะ	กก	-	ออ	กก	Y	-	dict
เอาะ|กก	ด็อก	เอาะ	กก	-	ออ	กก	Y	-	dict
เอาะ|กก	ด็อกซ์	เอาะ	กก	-	ออ	กา	Y	karun	dict
เอาะ|กก	ด็อค	เอาะ	กก	-	ออ	กก	Y	-	dict
เอาะ|กก	ท็อก	เอาะ	กก	-	ออ	กก	Y	-	dict
เอาะ|กก	น็อก	เอาะ	กก	-	ออ	กก	Y	-	dict
เอาะ|กก	น็อค	เอาะ	กก	-	ออ	กก	Y	-	dict
เอาะ|กก	บล็อก	เอาะ	กก	-	ออ	กก	Y	-	dict
เอาะ|กก	บล็อค	เอาะ	กก	-	ออ	กก	Y	-	dict
เอาะ|กก	บ็อค	เอาะ	กก	-	ออ	กก	Y	-	dict
เอาะ|กก	พ็อก	เอาะ	กก	-	ออ	กก	Y	-	dict
เอาะ|กก	พ็อค	เอาะ	กก	-	ออ	กก	Y	-	dict
เอาะ|กก	ม็อค	เอาะ	กก	-	ออ	กก	Y	-	dict
เอาะ|กก	ร็อก	เอาะ	กก	-	ออ	กก	Y	-	dict
เอาะ|กก	ร็อกซ์	เอาะ	กก	-	ออ	กา	Y	karun	dict
เอาะ|กก	ร็อค	เอาะ	กก	-	ออ	กก	Y	-	dict
เอาะ|กก	ล็อก	เอาะ	กก	-	ออ	กก	Y	-	dict
เอาะ|กก	ล็อค	เอาะ	กก	-	ออ	กก	Y	-	dict
เอาะ|กก	สต็อก	เอาะ	กก	-	ออ	กก	Y	-	dict
เอาะ|กก	อ็อก	เอาะ	กก	-	ออ	กก	Y	-	dict
เอาะ|กง	ช็อง	เอาะ	กง	-	ออ	กง	Y	-	dict
เอาะ|กง	ซ็อง	เอาะ	กง	-	ออ	กง	Y	-	dict
เอาะ|กง	หย็อง	เอาะ	กง	-	ออ	กง	Y	-	dict
เอาะ|กง	อ็อง	เอาะ	กง	-	ออ	กง	Y	-	dict
เอาะ|กด	ค็อด	เอาะ	กด	-	ออ	กด	Y	-	dict
เอาะ|กด	ช็อต	เอาะ	กด	-	ออ	กด	Y	-	dict
เอาะ|กด	ช็อท	เอาะ	กด	-	ออ	กด	Y	-	dict
เอาะ|กด	ซ็อส	เอาะ	กด	-	ออ	กด	Y	-	dict
เอาะ|กด	บ็อทท์	เอาะ	กด	-	ออ	กา	Y	karun	dict
เอาะ|กด	พล็อท	เอาะ	กด	-	ออ	กด	Y	-	dict
เอาะ|กด	พ็อด	เอาะ	กด	-	ออ	กด	Y	-	dict
เอาะ|กด	พ็อต	เอาะ	กด	-	ออ	กด	Y	-	dict
เอาะ|กด	พ็อตต์	เอาะ	กด	-	ออ	กา	Y	karun	dict
เอาะ|กด	ร็อตต์	เอาะ	กด	-	ออ	กา	Y	karun	dict
เอาะ|กด	ล็อต	เอาะ	กด	-	ออ	กด	Y	-	dict
เอาะ|กบ	คล็อป	เอาะ	กบ	-	ออ	กบ	Y	-	dict
เอาะ|กบ	ค็อพ	เอาะ	กบ	-	ออ	กบ	Y	-	dict
เอาะ|กบ	ค็อฟ	เอาะ	กบ	-	ออ	กบ	Y	-	dict
เอาะ|กบ	จ็อบ	เอาะ	กบ	-	ออ	กบ	Y	-	dict
เอาะ|กบ	ช็อป	เอาะ	กบ	-	ออ	กบ	Y	-	dict
เอาะ|กบ	ช็อพ	เอาะ	กบ	-	ออ	กบ	Y	-	dict
เอาะ|กบ	ดร็อป	เอาะ	กบ	-	ออ	กบ	Y	-	dict
เอาะ|กบ	ท็อป	เอาะ	กบ	-	ออ	กบ	Y	-	dict
เอาะ|กบ	ท็อฟ	เอาะ	กบ	-	ออ	กบ	Y	-	dict
เอาะ|กบ	ป็อป	เอาะ	กบ	-	ออ	กบ	Y	-	dict
เอาะ|กบ	พร็อบ	เอาะ	กบ	-	ออ	กบ	Y	-	dict
เอาะ|กบ	พร็อพ	เอาะ	กบ	-	ออ	กบ	Y	-	dict
เอาะ|กบ	พ็อพ	เอาะ	กบ	-	ออ	กบ	Y	-	dict
เอาะ|กบ	ล็อบ	เอาะ	กบ	-	ออ	กบ	Y	-	dict
เอาะ|กบ	ล็อป	เอาะ	กบ	-	ออ	กบ	Y	-	dict
เอาะ|กบ	สต็อป	เอาะ	กบ	-	ออ	กบ	Y	-	dict
เอาะ|กา	ก็	เอาะ	กา	-	ออ	กา	Y	-	classical
เอาะ|กา	สก็อต์	เอาะ	กา	-	ออ	กา	Y	karun	dict
เอาะ|กา	เกราะ	เอาะ	กา	-	เอาะ	กา	N	-	classical
เอาะ|กา	เกาะ	เอาะ	กา	-	เอาะ	กา	N	-	classical
เอาะ|กา	เคาะ	เอาะ	กา	-	เอาะ	กา	N	-	classical
เอาะ|กา	เงาะ	เอาะ	กา	-	เอาะ	กา	N	-	classical
เอาะ|กา	เจาะ	เอาะ	กา	-	เอาะ	กา	N	-	classical
เอาะ|กา	เฉพาะ	เอาะ	กา	-	เอาะ	กา	N	-	classical
เอาะ|กา	เฉาะ	เอาะ	กา	-	เอาะ	กา	N	-	classical
เอาะ|กา	เชราะ	เอาะ	กา	-	เอาะ	กา	N	-	dict
เอาะ|กา	เซาะ	เอาะ	กา	-	เอาะ	กา	N	-	classical
เอาะ|กา	เฑาะก์	เอาะ	กา	-	เอาะ	กา	N	karun	dict
เอาะ|กา	เฑาะว์	เอาะ	กา	-	เอาะ	กา	N	karun	classical
เอาะ|กา	เดาะ	เอาะ	กา	-	เอาะ	กา	N	-	classical
เอาะ|กา	เตาะ	เอาะ	กา	-	เอาะ	กา	N	-	classical
เอาะ|กา	เต๊าะ	เอาะ	กา	-	เอาะ	กา	N	-	dict
เอาะ|กา	เถาะ	เอาะ	กา	-	เอาะ	กา	N	-	classical
เอาะ|กา	เทาะ	เอาะ	กา	-	เอาะ	กา	N	-	classical
เอาะ|กา	เนาะ	เอาะ	กา	-	เอาะ	กา	N	-	classical
เอาะ|กา	เบาะ	เอาะ	กา	-	เอาะ	กา	N	-	classical
เอาะ|กา	เปราะ	เอาะ	กา	-	เอาะ	กา	N	-	classical
เอาะ|กา	เปาะ	เอาะ	กา	-	เอาะ	กา	N	-	classical
เอาะ|กา	เป๊าะ	เอาะ	กา	-	เอาะ	กา	N	-	dict
เอาะ|กา	เผาะ	เอาะ	กา	-	เอาะ	กา	N	-	classical
เอาะ|กา	เพราะ	เอาะ	กา	-	เอาะ	กา	N	-	classical
เอาะ|กา	เพลาะ	เอาะ	กา	-	เอาะ	กา	N	-	classical
เอาะ|กา	เพาะ	เอาะ	กา	-	เอาะ	กา	N	-	classical
เอาะ|กา	เมาะ	เอาะ	กา	-	เอาะ	กา	N	-	classical
เอาะ|กา	เยาะ	เอาะ	กา	-	เอาะ	กา	N	-	classical
เอาะ|กา	เราะ	เอาะ	กา	-	เอาะ	กา	N	-	classical
เอาะ|กา	เลาะ	เอาะ	กา	-	เอาะ	กา	N	-	classical
เอาะ|กา	เสนาะ	เอาะ	กา	-	เอาะ	กา	N	-	classical
เอาะ|กา	เสาะ	เอาะ	กา	-	เอาะ	กา	N	-	classical
เอาะ|กา	เหนาะ	เอาะ	กา	-	เอาะ	กา	N	-	classical
เอาะ|กา	เหมาะ	เอาะ	กา	-	เอาะ	กา	N	-	classical
เอาะ|กา	เหยาะ	เอาะ	กา	-	เอาะ	กา	N	-	classical
เอาะ|กา	เหลาะ	เอาะ	กา	-	เอาะ	กา	N	-	classical
เอาะ|กา	เหาะ	เอาะ	กา	-	เอาะ	กา	N	-	classical
เอาะ|เกย	ผล็อย	เอาะ	เกย	-	ออ	เกย	Y	-	dict
เอาะ|เกย	พ็อยท์	เอาะ	เกย	-	ออ	กา	Y	karun	dict
เอาะ|เกย	หน็อย	เอาะ	เกย	-	ออ	เกย	Y	-	dict
เอีย|กก	เกียก	เอีย	กก	-	เอีย	กก	N	-	classical
เอีย|กก	เจียก	เอีย	กก	-	เอีย	กก	N	-	classical
เอีย|กก	เปียก	เอีย	กก	-	เอีย	กก	N	-	classical
เอีย|กก	เปี๊ยก	เอีย	กก	-	เอีย	กก	N	-	dict
เอีย|กก	เพรียก	เอีย	กก	-	เอีย	กก	N	-	classical
เอีย|กก	เรียก	เอีย	กก	-	เอีย	กก	N	-	classical
เอีย|กก	เหนียก	เอีย	กก	-	เอีย	กก	N	-	classical
เอีย|กง	เกรียง	เอีย	กง	-	เอีย	กง	N	-	classical
เอีย|กง	เกลียง	เอีย	กง	-	เอีย	กง	N	-	classical
เอีย|กง	เกียง	เอีย	กง	-	เอีย	กง	N	-	classical
เอีย|กง	เกี่ยง	เอีย	กง	-	เอีย	กง	N	-	classical
เอีย|กง	เขียง	เอีย	กง	-	เอีย	กง	N	-	classical
เอีย|กง	เคียง	เอีย	กง	-	เอีย	กง	N	-	classical
เอีย|กง	เงี่ยง	เอีย	กง	-	เอีย	กง	N	-	classical
เอีย|กง	เจียง	เอีย	กง	-	เอีย	กง	N	-	dict
เอีย|กง	เจี้ยง	เอีย	กง	-	เอีย	กง	N	-	dict
เอีย|กง	เฉลียง	เอีย	กง	-	เอีย	กง	N	-	classical
เอีย|กง	เฉวียง	เอีย	กง	-	เอีย	กง	N	-	classical
เอีย|กง	เฉียง	เอีย	กง	-	เอีย	กง	N	-	classical
เอีย|กง	เชียง	เอีย	กง	-	เอีย	กง	N	-	classical
เอีย|กง	เซียง	เอีย	กง	-	เอีย	กง	N	-	classical
เอีย|กง	เซี่ยง	เอีย	กง	-	เอีย	กง	N	-	dict
เอีย|กง	เดียง	เอีย	กง	-	เอีย	กง	N	-	classical
เอีย|กง	เดี้ยง	เอีย	กง	-	เอีย	กง	N	-	dict
เอีย|กง	เตียง	เอีย	กง	-	เอีย	กง	N	-	classical
เอีย|กง	เถียง	เอีย	กง	-	เอีย	กง	N	-	classical
เอีย|กง	เที่ยง	เอีย	กง	-	เอีย	กง	N	-	classical
เอีย|กง	เนียง	เอีย	กง	-	เอีย	กง	N	-	classical
เอีย|กง	เบียง	เอีย	กง	-	เอีย	กง	N	-	classical
เอีย|กง	เบี่ยง	เอีย	กง	-	เอีย	กง	N	-	classical
เอีย|กง	เปียง	เอีย	กง	-	เอีย	กง	N	-	dict
เอีย|กง	เพรียง	เอีย	กง	-	เอีย	กง	N	-	classical
เอีย|กง	เพียง	เอีย	กง	-	เอีย	กง	N	-	classical
เอีย|กง	เมียง	เอีย	กง	-	เอีย	กง	N	-	classical
เอีย|กง	เมี่ยง	เอีย	กง	-	เอีย	กง	N	-	classical
เอีย|กง	เยี่ยง	เอีย	กง	-	เอีย	กง	N	-	classical
เอีย|กง	เรียง	เอีย	กง	-	เอีย	กง	N	-	classical
เอีย|กง	เลียง	เอีย	กง	-	เอีย	กง	N	-	classical
เอีย|กง	เลี่ยง	เอีย	กง	-	เอีย	กง	N	-	classical
เอีย|กง	เลี้ยง	เอีย	กง	-	เอีย	กง	N	-	classical
เอีย|กง	เวียง	เอีย	กง	-	เอีย	กง	N	-	classical
เอีย|กง	เสียง	เอีย	กง	-	เอีย	กง	N	-	classical
เอีย|กง	เสี่ยง	เอีย	กง	-	เอีย	กง	N	-	classical
เอีย|กง	เหนียง	เอีย	กง	-	เอีย	กง	N	-	classical
เอีย|กง	เอียง	เอีย	กง	-	เอีย	กง	N	-	classical
เอีย|กง	เอี้ยง	เอีย	กง	-	เอีย	กง	N	-	classical
เอีย|กด	เกลียด	เอีย	กด	-	เอีย	กด	N	-	classical
เอีย|กด	เกียจ	เอีย	กด	-	เอีย	กด	N	-	classical
เอีย|กด	เขียด	เอีย	กด	-	เอีย	กด	N	-	classical
เอีย|กด	เครียด	เอีย	กด	-	เอีย	กด	N	-	classical
เอีย|กด	เครียส	เอีย	กด	-	เอีย	กด	N	-	dict
เอีย|กด	เคลียส	เอีย	กด	-	เอีย	กด	N	-	dict
เอีย|กด	เคียด	เอีย	กด	-	เอีย	กด	N	-	classical
เอีย|กด	เจียด	เอีย	กด	-	เอีย	กด	N	-	classical
เอีย|กด	เฉียด	เอีย	กด	-	เอีย	กด	N	-	classical
เอีย|กด	เชียส	เอีย	กด	-	เอีย	กด	N	-	dict
เอีย|กด	เซียส	เอีย	กด	-	เอีย	กด	N	-	dict
เอีย|กด	เดียด	เอีย	กด	-	เอีย	กด	N	-	classical
เอีย|กด	เดียส	เอีย	กด	-	เอีย	กด	N	-	dict
เอีย|กด	เทียส	เอีย	กด	-	เอีย	กด	N	-	dict
เอีย|กด	เนียด	เอีย	กด	-	เอีย	กด	N	-	classical
เอีย|กด	เบียด	เอีย	กด	-	เอีย	กด	N	-	classical
เอีย|กด	เพนียด	เอีย	กด	-	เอีย	กด	N	-	classical
เอีย|กด	เฟียด	เอีย	กด	-	เอีย	กด	N	-	dict
เอีย|กด	เมียด	เอีย	กด	-	เอีย	กด	N	-	classical
เอีย|กด	เยียด	เอีย	กด	-	เอีย	กด	N	-	classical
เอีย|กด	เรียส	เอีย	กด	-	เอีย	กด	N	-	dict
เอีย|กด	เลียด	เอีย	กด	-	เอีย	กด	N	-	dict
เอีย|กด	เวียด	เอีย	กด	-	เอีย	กด	N	-	classical
เอีย|กด	เวียต	เอีย	กด	-	เอีย	กด	N	-	dict
เอีย|กด	เสนียด	เอีย	กด	-	เอีย	กด	N	-	classical
เอีย|กด	เสียด	เอีย	กด	-	เอีย	กด	N	-	classical
เอีย|กด	เหนียด	เอีย	กด	-	เอีย	กด	N	-	dict
เอีย|กด	เหมียด	เอีย	กด	-	เอีย	กด	N	-	dict
เอีย|กด	เหยียด	เอีย	กด	-	เอีย	กด	N	-	classical
เอีย|กด	เอียด	เอีย	กด	-	เอีย	กด	N	-	classical
เอีย|กด	เอี้ยด	เอีย	กด	-	เอีย	กด	N	-	dict
เอีย|กด	เอี๊ยด	เอีย	กด	-	เอีย	กด	N	-	dict
เอีย|กน	เกรียน	เอีย	กน	-	เอีย	กน	N	-	classical
เอีย|กน	เกวียน	เอีย	กน	-	เอีย	กน	N	-	classical
เอีย|กน	เกษียณ	เอีย	กน	-	เอีย	Cant find Marttra in this word	Y	-	dict
เอีย|กน	เกษียน	เอีย	กน	-	เอีย	กน	N	-	dict
เอีย|กน	เกษียร	เอีย	กน	-	เอีย	กน	N	-	dict
เอีย|กน	เขียน	เอีย	กน	-	เอีย	กน	N	-	classical
เอีย|กน	เฆี่ยน	เอีย	กน	-	เอีย	กน	N	-	classical
เอีย|กน	เงี่ยน	เอีย	กน	-	เอีย	กน	N	-	classical
เอีย|กน	เจียน	เอีย	กน	-	เอีย	กน	N	-	classical
เอีย|กน	เจียร	เอีย	กน	-	เอีย	กน	N	-	dict
เอีย|กน	เจี๋ยน	เอีย	กน	-	เอีย	กน	N	-	dict
เอีย|กน	เฉวียน	เอีย	กน	-	เอีย	กน	N	-	classical
เอีย|กน	เฉียน	เอีย	กน	-	เอีย	กน	N	-	dict
เอีย|กน	เชียน	เอีย	กน	-	เอีย	กน	N	-	classical
เอีย|กน	เชียร	เอีย	กน	-	เอีย	กน	N	-	classical
เอีย|กน	เชียล	เอีย	กน	-	เอีย	กน	N	-	dict
เอีย|กน	เชี่ยน	เอีย	กน	-	เอีย	กน	N	-	classical
เอีย|กน	เชี่ยล	เอีย	กน	-	เอีย	กน	N	-	dict
เอีย|กน	เซียน	เอีย	กน	-	เอีย	กน	N	-	dict
เอีย|กน	เซียล	เอีย	กน	-	เอีย	กน	N	-	dict
เอีย|กน	เฑียร	เอีย	กน	-	เอีย	กน	N	-	dict
เอีย|กน	เดียน	เอีย	กน	-	เอีย	กน	N	-	classical
เอีย|กน	เดียร	เอีย	กน	-	เอีย	กน	N	-	classical
เอีย|กน	เตียน	เอีย	กน	-	เอีย	กน	N	-	classical
เอีย|กน	เทียน	เอีย	กน	-	เอีย	กน	N	-	classical
เอีย|กน	เทียร	เอีย	กน	-	เอีย	กน	N	-	classical
เอีย|กน	เนียน	เอีย	กน	-	เอีย	กน	N	-	classical
เอีย|กน	เนียล	เอีย	กน	-	เอีย	กน	N	-	dict
เอีย|กน	เนี่ยน	เอีย	กน	-	เอีย	กน	N	-	dict
เอีย|กน	เบียน	เอีย	กน	-	เอีย	กน	N	-	classical
เอีย|กน	เปรียญ	เอีย	กน	-	เอีย	กน	N	-	classical
เอีย|กน	เปียน	เอีย	กน	-	เอีย	กน	N	-	dict
เอีย|กน	เปี้ยน	เอีย	กน	-	เอีย	กน	N	-	dict
เอีย|กน	เพียน	เอีย	กน	-	เอีย	กน	N	-	classical
เอีย|กน	เพียร	เอีย	กน	-	เอีย	กน	N	-	classical
เอีย|กน	เพี้ยน	เอีย	กน	-	เอีย	กน	N	-	classical
เอีย|กน	เมียน	เอีย	กน	-	เอีย	กน	N	-	classical
เอีย|กน	เมี้ยน	เอีย	กน	-	เอีย	กน	N	-	classical
เอีย|กน	เยียน	เอีย	กน	-	เอีย	กน	N	-	classical
เอีย|กน	เรียน	เอีย	กน	-	เอีย	กน	N	-	classical
เอีย|กน	เรียล	เอีย	กน	-	เอีย	กน	N	-	dict
เอีย|กน	เลียน	เอีย	กน	-	เอีย	กน	N	-	classical
เอีย|กน	เลี่ยน	เอีย	กน	-	เอีย	กน	N	-	classical
เอีย|กน	เวียน	เอีย	กน	-	เอีย	กน	N	-	classical
เอีย|กน	เวียร	เอีย	กน	-	เอีย	กน	N	-	dict
เอีย|กน	เศียร	เอีย	กน	-	เอีย	กน	N	-	classical
เอีย|กน	เสถียร	เอีย	กน	-	เอีย	กน	N	-	classical
เอีย|กน	เสมียน	เอีย	กน	-	เอีย	กน	N	-	classical
เอีย|กน	เสียน	เอีย	กน	-	เอีย	กน	N	-	classical
เอีย|กน	เสียร	เอีย	กน	-	เอีย	กน	N	-	dict
เอีย|กน	เสี้ยน	เอีย	กน	-	เอีย	กน	N	-	classical
เอีย|กน	เหรียญ	เอีย	กน	-	เอีย	กน	N	-	classical
เอีย|กน	เหียน	เอีย	กน	-	เอีย	กน	N	-	classical
เอีย|กน	เหี้ยน	เอีย	กน	-	เอีย	กน	N	-	classical
เอีย|กน	เอียน	เอีย	กน	-	เอีย	กน	N	-	classical
เอีย|กน	เฮี้ยน	เอีย	กน	-	เอีย	กน	N	-	dict
เอีย|กบ	เกรียบ	เอีย	กบ	-	เอีย	กบ	N	-	classical
เอีย|กบ	เกียบ	เอีย	กบ	-	เอีย	กบ	N	-	classical
เอีย|กบ	เคียฟ	เอีย	กบ	-	เอีย	กบ	N	-	dict
เอีย|กบ	เงียบ	เอีย	กบ	-	เอีย	กบ	N	-	classical
เอีย|กบ	เจี๊ยบ	เอีย	กบ	-	เอีย	กบ	N	-	dict
เอีย|กบ	เฉียบ	เอีย	กบ	-	เอีย	กบ	N	-	classical
เอีย|กบ	เชียบ	เอีย	กบ	-	เอีย	กบ	N	-	classical
เอีย|กบ	เทียบ	เอีย	กบ	-	เอีย	กบ	N	-	classical
เอีย|กบ	เนียบ	เอีย	กบ	-	เอีย	กบ	N	-	classical
เอีย|กบ	เบียบ	เอีย	กบ	-	เอีย	กบ	N	-	classical
เอีย|กบ	เปรียบ	เอีย	กบ	-	เอีย	กบ	N	-	classical
เอีย|กบ	เปี๊ยบ	เอีย	กบ	-	เอีย	กบ	N	-	dict
เอีย|กบ	เพียบ	เอีย	กบ	-	เอีย	กบ	N	-	classical
เอีย|กบ	เยียบ	เอีย	กบ	-	เอีย	กบ	N	-	classical
เอีย|กบ	เรียบ	เอีย	กบ	-	เอีย	กบ	N	-	classical
เอีย|กบ	เลียบ	เอีย	กบ	-	เอีย	กบ	N	-	classical
เอีย|กบ	เสียบ	เอีย	กบ	-	เอีย	กบ	N	-	classical
เอีย|กบ	เหยียบ	เอีย	กบ	-	เอีย	กบ	N	-	classical
เอีย|กบ	เอี๊ยบ	เอีย	กบ	-	เอีย	กบ	N	-	dict
เอีย|กบ	เฮี้ยบ	เอีย	กบ	-	เอีย	กบ	N	-	dict
เอีย|กม	เกรียม	เอีย	กม	-	เอีย	กม	N	-	classical
เอีย|กม	เกี้ยม	เอีย	กม	-	เอีย	กม	N	-	dict
เอีย|กม	เขียม	เอีย	กม	-	เอีย	กม	N	-	dict
เอีย|กม	เจียม	เอีย	กม	-	เอีย	กม	N	-	classical
เอีย|กม	เจี้ยม	เอีย	กม	-	เอีย	กม	N	-	dict
เอีย|กม	เจี๋ยม	เอีย	กม	-	เอีย	กม	N	-	dict
เอีย|กม	เซียม	เอีย	กม	-	เอีย	กม	N	-	classical
เอีย|กม	เซี่ยม	เอีย	กม	-	เอีย	กม	N	-	classical
เอีย|กม	เดียม	เอีย	กม	-	เอีย	กม	N	-	classical
เอีย|กม	เดี้ยม	เอีย	กม	-	เอีย	กม	N	-	classical
เอีย|กม	เตรียม	เอีย	กม	-	เอีย	กม	N	-	classical
เอีย|กม	เตี้ยม	เอีย	กม	-	เอีย	กม	N	-	dict
เอีย|กม	เทียม	เอีย	กม	-	เอีย	กม	N	-	classical
เอีย|กม	เนียม	เอีย	กม	-	เอีย	กม	N	-	classical
เอีย|กม	เนี่ยม	เอีย	กม	-	เอีย	กม	N	-	dict
เอีย|กม	เปี่ยม	เอีย	กม	-	เอีย	กม	N	-	classical
เอีย|กม	เฟี้ยม	เอีย	กม	-	เอีย	กม	N	-	classical
เอีย|กม	เมียม	เอีย	กม	-	เอีย	กม	N	-	dict
เอีย|กม	เยียม	เอีย	กม	-	เอีย	กม	N	-	dict
เอีย|กม	เยี่ยม	เอีย	กม	-	เอีย	กม	N	-	classical
เอีย|กม	เรียม	เอีย	กม	-	เอีย	กม	N	-	classical
เอีย|กม	เรี่ยม	เอีย	กม	-	เอีย	กม	N	-	classical
เอีย|กม	เลียม	เอีย	กม	-	เอีย	กม	N	-	classical
เอีย|กม	เลี่ยม	เอีย	กม	-	เอีย	กม	N	-	classical
เอีย|กม	เสียม	เอีย	กม	-	เอีย	กม	N	-	classical
เอีย|กม	เสี้ยม	เอีย	กม	-	เอีย	กม	N	-	classical
เอีย|กม	เหนียม	เอีย	กม	-	เอีย	กม	N	-	classical
เอีย|กม	เหี้ยม	เอีย	กม	-	เอีย	กม	N	-	classical
เอีย|กม	เอี่ยม	เอีย	กม	-	เอีย	กม	N	-	classical
เอีย|กม	เอี้ยม	เอีย	กม	-	เอีย	กม	N	-	classical
เอีย|กม	เอี๊ยม	เอีย	กม	-	เอีย	กม	N	-	dict
เอีย|กา	เกลี่ย	เอีย	กา	-	เอีย	กา	N	-	classical
เอีย|กา	เกลี้ย	เอีย	กา	-	เอีย	กา	N	-	classical
เอีย|กา	เกีย	เอีย	กา	-	เอีย	กา	N	-	dict
เอีย|กา	เกียร์	เอีย	กา	-	เอีย	กา	N	karun	dict
เอีย|กา	เขี่ย	เอีย	กา	-	เอีย	กา	N	-	classical
เอีย|กา	เคลีย	เอีย	กา	-	เอีย	กา	N	-	classical
เอีย|กา	เคีย	เอีย	กา	-	เอีย	กา	N	-	dict
เอีย|กา	เงีย	เอีย	กา	-	เอีย	กา	N	-	classical
เอีย|กา	เงี่ย	เอีย	กา	-	เอีย	กา	N	-	classical
เอีย|กา	เงี้ย	เอีย	กา	-	เอีย	กา	N	-	classical
เอีย|กา	เจีย	เอีย	กา	-	เอีย	กา	N	-	classical
เอีย|กา	เจี่ย	เอีย	กา	-	เอีย	กา	N	-	dict
เอีย|กา	เฉลี่ย	เอีย	กา	-	เอีย	กา	N	-	classical
เอีย|กา	เชีย	เอีย	กา	-	เอีย	กา	N	-	classical
เอีย|กา	เชียร์	เอีย	กา	-	เอีย	กา	N	karun	dict
เอีย|กา	เซีย	เอีย	กา	-	เอีย	กา	N	-	dict
เอีย|กา	เซียร์	เอีย	กา	-	เอีย	กา	N	karun	dict
เอีย|กา	เดีย	เอีย	กา	-	เอีย	กา	N	-	classical
เอีย|กา	เดี้ย	เอีย	กา	-	เอีย	กา	N	-	classical
เอีย|กา	เตรีย	เอีย	กา	-	เอีย	กา	N	-	classical
เอีย|กา	เตีย	เอีย	กา	-	เอีย	กา	N	-	dict
เอีย|กา	เตี้ย	เอีย	กา	-	เอีย	กา	N	-	classical
เอีย|กา	เทีย	เอีย	กา	-	เอีย	กา	N	-	dict
เอีย|กา	เธีย	เอีย	กา	-	เอีย	กา	N	-	dict
เอีย|กา	เนีย	เอีย	กา	-	เอีย	กา	N	-	classical
เอีย|กา	เนียร์	เอีย	กา	-	เอีย	กา	N	karun	dict
เอีย|กา	เนี่ย	เอีย	กา	-	เอีย	กา	N	-	dict
เอีย|กา	เบีย	เอีย	กา	-	เอีย	กา	N	-	dict
เอีย|กา	เบียร์	เอีย	กา	-	เอีย	กา	N	karun	dict
เอีย|กา	เบี้ย	เอีย	กา	-	เอีย	กา	N	-	classical
เอีย|กา	เปลี้ย	เอีย	กา	-	เอีย	กา	N	-	classical
เอีย|กา	เปีย	เอีย	กา	-	เอีย	กา	N	-	classical
เอีย|กา	เปียร์	เอีย	กา	-	เอีย	กา	N	karun	dict
เอีย|กา	เปี้ย	เอีย	กา	-	เอีย	กา	N	-	dict
เอีย|กา	เพลีย	เอีย	กา	-	เอีย	กา	N	-	classical
เอีย|กา	เพลี้ย	เอีย	กา	-	เอีย	กา	N	-	classical
เอีย|กา	เพีย	เอีย	กา	-	เอีย	กา	N	-	classical
เอีย|กา	เฟีย	เอีย	กา	-	เอีย	กา	N	-	dict
เอีย|กา	เมีย	เอีย	กา	-	เอีย	กา	N	-	classical
เอีย|กา	เมียร์	เอีย	กา	-	เอีย	กา	N	karun	dict
เอีย|กา	เยี้ย	เอีย	กา	-	เอีย	กา	N	-	dict
เอีย|กา	เรีย	เอีย	กา	-	เอีย	กา	N	-	dict
เอีย|กา	เรียร์	เอีย	กา	-	เอีย	กา	N	karun	dict
เอีย|กา	เรี่ย	เอีย	กา	-	เอีย	กา	N	-	classical
เอีย|กา	เลีย	เอีย	กา	-	เอีย	กา	N	-	classical
เอีย|กา	เลี่ย	เอีย	กา	-	เอีย	กา	N	-	dict
เอีย|กา	เวีย	เอีย	กา	-	เอีย	กา	N	-	classical
เอีย|กา	เษียร์	เอีย	กา	-	เอีย	กา	N	karun	dict
เอีย|กา	เสีย	เอีย	กา	-	เอีย	กา	N	-	classical
เอีย|กา	เสี่ย	เอีย	กา	-	เอีย	กา	N	-	dict
เอีย|กา	เหลี่ย	เอีย	กา	-	เอีย	กา	N	-	classical
เอีย|กา	เหีย	เอีย	กา	-	เอีย	กา	N	-	classical
เอีย|กา	เหี่ย	เอีย	กา	-	เอีย	กา	N	-	classical
เอีย|กา	เหี้ย	เอีย	กา	-	เอีย	กา	N	-	classical
เอีย|กา	เฮีย	เอีย	กา	-	เอีย	กา	N	-	classical
เอีย|เกอว	เกรียว	เอีย	เกอว	-	เอีย	เกอว	N	-	classical
เอีย|เกอว	เกลียว	เอีย	เกอว	-	เอีย	เกอว	N	-	classical
เอีย|เกอว	เกียว	เอีย	เกอว	-	เอีย	เกอว	N	-	dict
เอีย|เกอว	เกี่ยว	เอีย	เกอว	-	เอีย	เกอว	N	-	classical
เอีย|เกอว	เกี้ยว	เอีย	เกอว	-	เอีย	เกอว	N	-	classical
เอีย|เกอว	เกี๊ยว	เอีย	เกอว	-	เอีย	เกอว	N	-	dict
เอีย|เกอว	เขียว	เอีย	เกอว	-	เอีย	เกอว	N	-	classical
เอีย|เกอว	เขี้ยว	เอีย	เกอว	-	เอีย	เกอว	N	-	classical
เอีย|เกอว	เคียว	เอีย	เกอว	-	เอีย	เกอว	N	-	classical
เอีย|เกอว	เคี่ยว	เอีย	เกอว	-	เอีย	เกอว	N	-	classical
เอีย|เกอว	เคี้ยว	เอีย	เกอว	-	เอีย	เกอว	N	-	classical
เอีย|เกอว	เจียว	เอีย	เกอว	-	เอีย	เกอว	N	-	classical
เอีย|เกอว	เจี้ยว	เอีย	เกอว	-	เอีย	เกอว	N	-	classical
เอีย|เกอว	เจี๊ยว	เอีย	เกอว	-	เอีย	เกอว	N	-	dict
เอีย|เกอว	เฉลียว	เอีย	เกอว	-	เอีย	เกอว	N	-	classical
เอีย|เกอว	เฉียว	เอีย	เกอว	-	เอีย	เกอว	N	-	classical
เอีย|เกอว	เฉี่ยว	เอีย	เกอว	-	เอีย	เกอว	N	-	classical
เอีย|เกอว	เชียว	เอีย	เกอว	-	เอีย	เกอว	N	-	classical
เอีย|เกอว	เชี่ยว	เอีย	เกอว	-	เอีย	เกอว	N	-	classical
เอีย|เกอว	เซียว	เอีย	เกอว	-	เอีย	เกอว	N	-	classical
เอีย|เกอว	เดียว	เอีย	เกอว	-	เอีย	เกอว	N	-	classical
เอีย|เกอว	เดี่ยว	เอีย	เกอว	-	เอีย	เกอว	N	-	classical
เอีย|เกอว	เดี๋ยว	เอีย	เกอว	-	เอีย	เกอว	N	-	classical
เอีย|เกอว	เตี่ยว	เอีย	เกอว	-	เอีย	เกอว	N	-	dict
เอีย|เกอว	เตี๋ยว	เอีย	เกอว	-	เอีย	เกอว	N	-	dict
เอีย|เกอว	เทียว	เอีย	เกอว	-	เอีย	เกอว	N	-	classical
เอีย|เกอว	เที่ยว	เอีย	เกอว	-	เอีย	เกอว	N	-	classical
เอีย|เกอว	เนียว	เอีย	เกอว	-	เอีย	เกอว	N	-	dict
เอีย|เกอว	เบี้ยว	เอีย	เกอว	-	เอีย	เกอว	N	-	classical
เอีย|เกอว	เปรียว	เอีย	เกอว	-	เอีย	เกอว	N	-	classical
เอีย|เกอว	เปี้ยว	เอีย	เกอว	-	เอีย	เกอว	N	-	classical
เอีย|เกอว	เพรียว	เอีย	เกอว	-	เอีย	เกอว	N	-	classical
เอีย|เกอว	เฟี้ยว	เอีย	เกอว	-	เอีย	เกอว	N	-	dict
เอีย|เกอว	เมียว	เอีย	เกอว	-	เอีย	เกอว	N	-	dict
เอีย|เกอว	เยียว	เอีย	เกอว	-	เอีย	เกอว	N	-	dict
เอีย|เกอว	เยี่ยว	เอีย	เกอว	-	เอีย	เกอว	N	-	classical
เอีย|เกอว	เรียว	เอีย	เกอว	-	เอีย	เกอว	N	-	classical
เอีย|เกอว	เรี่ยว	เอีย	เกอว	-	เอีย	เกอว	N	-	classical
เอีย|เกอว	เลียว	เอีย	เกอว	-	เอีย	เกอว	N	-	classical
เอีย|เกอว	เลี่ยว	เอีย	เกอว	-	เอีย	เกอว	N	-	dict
เอีย|เกอว	เลี้ยว	เอีย	เกอว	-	เอีย	เกอว	N	-	classical
เอีย|เกอว	เสียว	เอีย	เกอว	-	เอีย	เกอว	N	-	classical
เอีย|เกอว	เสี้ยว	เอีย	เกอว	-	เอีย	เกอว	N	-	classical
เอีย|เกอว	เหนียว	เอีย	เกอว	-	เอีย	เกอว	N	-	classical
เอีย|เกอว	เหมียว	เอีย	เกอว	-	เอีย	เกอว	N	-	classical
เอีย|เกอว	เหลียว	เอีย	เกอว	-	เอีย	เกอว	N	-	classical
เอีย|เกอว	เหี่ยว	เอีย	เกอว	-	เอีย	เกอว	N	-	classical
เอีย|เกอว	เอี่ยว	เอีย	เกอว	-	เอีย	เกอว	N	-	dict
เอีย|เกอว	เอี้ยว	เอีย	เกอว	-	เอีย	เกอว	N	-	classical
เอีย|เกอว	เฮี้ยว	เอีย	เกอว	-	เอีย	เกอว	N	-	dict
เอือ|กก	เกลือก	เอือ	กก	-	เอือ	กก	N	-	classical
เอือ|กก	เกือก	เอือ	กก	-	เอือ	กก	N	-	classical
เอือ|กก	เงือก	เอือ	กก	-	เอือ	กก	N	-	classical
เอือ|กก	เจือก	เอือ	กก	-	เอือ	กก	N	-	dict
เอือ|กก	เชือก	เอือ	กก	-	เอือ	กก	N	-	classical
เอือ|กก	เดือก	เอือ	กก	-	เอือ	กก	N	-	classical
เอือ|กก	เถลือก	เอือ	กก	-	เอือ	กก	N	-	dict
เอือ|กก	เถือก	เอือ	กก	-	เอือ	กก	N	-	classical
เอือ|กก	เทือก	เอือ	กก	-	เอือ	กก	N	-	classical
เอือ|กก	เปลือก	เอือ	กก	-	เอือ	กก	N	-	classical
เอือ|กก	เปือก	เอือ	กก	-	เอือ	กก	N	-	dict
เอือ|กก	เผือก	เอือ	กก	-	เอือ	กก	N	-	classical
เอือ|กก	เฝือก	เอือ	กก	-	เอือ	กก	N	-	classical
เอือ|กก	เมือก	เอือ	กก	-	เอือ	กก	N	-	classical
เอือ|กก	เยือก	เอือ	กก	-	เอือ	กก	N	-	classical
เอือ|กก	เรือก	เอือ	กก	-	เอือ	กก	N	-	classical
เอือ|กก	เลือก	เอือ	กก	-	เอือ	กก	N	-	classical
เอือ|กก	เสือก	เอือ	กก	-	เอือ	กก	N	-	classical
เอือ|กก	เหงือก	เอือ	กก	-	เอือ	กก	N	-	classical
เอือ|กก	เหยือก	เอือ	กก	-	เอือ	กก	N	-	dict
เอือ|กก	เหลือก	เอือ	กก	-	เอือ	กก	N	-	classical
เอือ|กก	เฮือก	เอือ	กก	-	เอือ	กก	N	-	classical
เอือ|กง	เขื่อง	เอือ	กง	-	เอือ	กง	N	-	classical
เอือ|กง	เคือง	เอือ	กง	-	เอือ	กง	N	-	classical
เอือ|กง	เงื่อง	เอือ	กง	-	เอือ	กง	N	-	classical
เอือ|กง	เชื่อง	เอือ	กง	-	เอือ	กง	N	-	classical
เอือ|กง	เดื่อง	เอือ	กง	-	เอือ	กง	N	-	classical
เอือ|กง	เตื้อง	เอือ	กง	-	เอือ	กง	N	-	classical
เอือ|กง	เทือง	เอือ	กง	-	เอือ	กง	N	-	classical
เอือ|กง	เนือง	เอือ	กง	-	เอือ	กง	N	-	classical
เอือ|กง	เนื่อง	เอือ	กง	-	เอือ	กง	N	-	classical
เอือ|กง	เบื้อง	เอือ	กง	-	เอือ	กง	N	-	classical
เอือ|กง	เปลือง	เอือ	กง	-	เอือ	กง	N	-	classical
เอือ|กง	เฟือง	เอือ	กง	-	เอือ	กง	N	-	classical
เอือ|กง	เฟื่อง	เอือ	กง	-	เอือ	กง	N	-	classical
เอือ|กง	เฟื้อง	เอือ	กง	-	เอือ	กง	N	-	classical
เอือ|กง	เมลือง	เอือ	กง	-	เอือ	กง	N	-	dict
เอือ|กง	เมือง	เอือ	กง	-	เอือ	กง	N	-	classical
เอือ|กง	เยื้อง	เอือ	กง	-	เอือ	กง	N	-	classical
เอือ|กง	เรือง	เอือ	กง	-	เอือ	กง	N	-	classical
เอือ|กง	เรื่อง	เอือ	กง	-	เอือ	กง	N	-	classical
เอือ|กง	เลือง	เอือ	กง	-	เอือ	กง	N	-	classical
เอือ|กง	เลื่อง	เอือ	กง	-	เอือ	กง	N	-	classical
เอือ|กง	เหมือง	เอือ	กง	-	เอือ	กง	N	-	classical
เอือ|กง	เหลือง	เอือ	กง	-	เอือ	กง	N	-	classical
เอือ|กง	เอื้อง	เอือ	กง	-	เอือ	กง	N	-	dict
เอือ|กด	เชือด	เอือ	กด	-	เอือ	กด	N	-	classical
เอือ|กด	เดือด	เอือ	กด	-	เอือ	กด	N	-	classical
เอือ|กด	เผือด	เอือ	กด	-	เอือ	กด	N	-	classical
เอือ|กด	เรือด	เอือ	กด	-	เอือ	กด	N	-	classical
เอือ|กด	เลือด	เอือ	กด	-	เอือ	กด	N	-	classical
เอือ|กด	เหมือด	เอือ	กด	-	เอือ	กด	N	-	dict
เอือ|กด	เหือด	เอือ	กด	-	เอือ	กด	N	-	classical
เอือ|กน	เขื่อน	เอือ	กน	-	เอือ	กน	N	-	classical
เอือ|กน	เงื่อน	เอือ	กน	-	เอือ	กน	N	-	classical
เอือ|กน	เจื่อน	เอือ	กน	-	เอือ	กน	N	-	dict
เอือ|กน	เฉือน	เอือ	กน	-	เอือ	กน	N	-	dict
เอือ|กน	เชือน	เอือ	กน	-	เอือ	กน	N	-	classical
เอือ|กน	เดือน	เอือ	กน	-	เอือ	กน	N	-	classical
เอือ|กน	เตือน	เอือ	กน	-	เอือ	กน	N	-	classical
เอือ|กน	เถื่อน	เอือ	กน	-	เอือ	กน	N	-	classical
เอือ|กน	เทือน	เอือ	กน	-	เอือ	กน	N	-	classical
เอือ|กน	เบือน	เอือ	กน	-	เอือ	กน	N	-	classical
เอือ|กน	เปื้อน	เอือ	กน	-	เอือ	กน	N	-	classical
เอือ|กน	เฝื่อน	เอือ	กน	-	เอือ	กน	N	-	classical
เอือ|กน	เพื่อน	เอือ	กน	-	เอือ	กน	N	-	classical
เอือ|กน	เฟือน	เอือ	กน	-	เอือ	กน	N	-	classical
เอือ|กน	เมือน	เอือ	กน	-	เอือ	กน	N	-	dict
เอือ|กน	เยือน	เอือ	กน	-	เอือ	กน	N	-	classical
เอือ|กน	เรือน	เอือ	กน	-	เอือ	กน	N	-	classical
เอือ|กน	เรื้อน	เอือ	กน	-	เอือ	กน	N	-	classical
เอือ|กน	เลือน	เอือ	กน	-	เอือ	กน	N	-	classical
เอือ|กน	เลื่อน	เอือ	กน	-	เอือ	กน	N	-	classical
เอือ|กน	เสมือน	เอือ	กน	-	เอือ	กน	N	-	classical
เอือ|กน	เหมือน	เอือ	กน	-	เอือ	กน	N	-	classical
เอือ|กน	เอื้อน	เอือ	กน	-	เอือ	กน	N	-	classical
เอือ|กบ	เกือบ	เอือ	กบ	-	เอือ	กบ	N	-	classical
เอือ|กบ	เขมือบ	เอือ	กบ	-	เอือ	กบ	N	-	dict
เอือ|กบ	เคลือบ	เอือ	กบ	-	เอือ	กบ	N	-	classical
เอือ|กบ	เหลือบ	เอือ	กบ	-	เอือ	กบ	N	-	classical
เอือ|กม	เกือม	เอือ	กม	-	เอือ	กม	N	-	dict
เอือ|กม	เงื้อม	เอือ	กม	-	เอือ	กม	N	-	classical
เอือ|กม	เชื่อม	เอือ	กม	-	เอือ	กม	N	-	classical
เอือ|กม	เทื้อม	เอือ	กม	-	เอือ	กม	N	-	classical
เอือ|กม	เพื่อม	เอือ	กม	-	เอือ	กม	N	-	classical
เอือ|กม	เมื่อม	เอือ	กม	-	เอือ	กม	N	-	dict
เอือ|กม	เลื่อม	เอือ	กม	-	เอือ	กม	N	-	classical
เอือ|กม	เสื่อม	เอือ	กม	-	เอือ	กม	N	-	classical
เอือ|กม	เหลือม	เอือ	กม	-	เอือ	กม	N	-	classical
เอือ|กม	เอือม	เอือ	กม	-	เอือ	กม	N	-	dict
เอือ|กม	เอื้อม	เอือ	กม	-	เอือ	กม	N	-	classical
เอือ|กา	เกลือ	เอือ	กา	-	เอือ	กา	N	-	classical
เอือ|กา	เกลื่อ	เอือ	กา	-	เอือ	กา	N	-	dict
เอือ|กา	เกื้อ	เอือ	กา	-	เอือ	กา	N	-	classical
เอือ|กา	เขือ	เอือ	กา	-	เอือ	กา	N	-	classical
เอือ|กา	เครือ	เอือ	กา	-	เอือ	กา	N	-	classical
เอือ|กา	เงื้อ	เอือ	กา	-	เอือ	กา	N	-	classical
เอือ|กา	เจือ	เอือ	กา	-	เอือ	กา	N	-	classical
เอือ|กา	เชื่อ	เอือ	กา	-	เอือ	กา	N	-	classical
เอือ|กา	เชื้อ	เอือ	กา	-	เอือ	กา	N	-	classical
เอือ|กา	เดื่อ	เอือ	กา	-	เอือ	กา	N	-	classical
เอือ|กา	เถือ	เอือ	กา	-	เอือ	กา	N	-	classical
เอือ|กา	เทื้อ	เอือ	กา	-	เอือ	กา	N	-	classical
เอือ|กา	เนื้อ	เอือ	กา	-	เอือ	กา	N	-	classical
เอือ|กา	เบือ	เอือ	กา	-	เอือ	กา	N	-	classical
เอือ|กา	เบื่อ	เอือ	กา	-	เอือ	กา	N	-	classical
เอือ|กา	เผื่อ	เอือ	กา	-	เอือ	กา	N	-	classical
เอือ|กา	เฝือ	เอือ	กา	-	เอือ	กา	N	-	classical
เอือ|กา	เพรื่อ	เอือ	กา	-	เอือ	กา	N	-	classical
เอือ|กา	เพื่อ	เอือ	กา	-	เอือ	กา	N	-	classical
เอือ|กา	เฟือ	เอือ	กา	-	เอือ	กา	N	-	classical
เอือ|กา	เฟื้อ	เอือ	กา	-	เอือ	กา	N	-	classical
เอือ|กา	เมื่อ	เอือ	กา	-	เอือ	กา	N	-	classical
เอือ|กา	เยื่อ	เอือ	กา	-	เอือ	กา	N	-	classical
เอือ|กา	เยื้อ	เอือ	กา	-	เอือ	กา	N	-	dict
เอือ|กา	เรือ	เอือ	กา	-	เอือ	กา	N	-	classical
เอือ|กา	เรื่อ	เอือ	กา	-	เอือ	กา	N	-	classical
เอือ|กา	เรื้อ	เอือ	กา	-	เอือ	กา	N	-	classical
เอือ|กา	เสือ	เอือ	กา	-	เอือ	กา	N	-	classical
เอือ|กา	เสื่อ	เอือ	กา	-	เอือ	กา	N	-	classical
เอือ|กา	เสื้อ	เอือ	กา	-	เอือ	กา	N	-	classical
เอือ|กา	เหงื่อ	เอือ	กา	-	เอือ	กา	N	-	classical
เอือ|กา	เหนือ	เอือ	กา	-	เอือ	กา	N	-	classical
เอือ|กา	เหยื่อ	เอือ	กา	-	เอือ	กา	N	-	classical
เอือ|กา	เหลือ	เอือ	กา	-	เอือ	กา	N	-	classical
เอือ|กา	เหลื่อ	เอือ	กา	-	เอือ	กา	N	-	dict
เอือ|กา	เอื้อ	เอือ	กา	-	เอือ	กา	N	-	classical
เอือ|เกย	เจื้อย	เอือ	เกย	-	เอือ	เกย	N	-	classical
เอือ|เกย	เฉื่อย	เอือ	เกย	-	เอือ	เกย	N	-	classical
เอือ|เกย	เดือย	เอือ	เกย	-	เอือ	เกย	N	-	classical
เอือ|เกย	เนือย	เอือ	เกย	-	เอือ	เกย	N	-	dict
เอือ|เกย	เปลือย	เอือ	เกย	-	เอือ	เกย	N	-	classical
เอือ|เกย	เปื่อย	เอือ	เกย	-	เอือ	เกย	N	-	classical
เอือ|เกย	เฟือย	เอือ	เกย	-	เอือ	เกย	N	-	classical
เอือ|เกย	เฟื้อย	เอือ	เกย	-	เอือ	เกย	N	-	classical
เอือ|เกย	เมื่อย	เอือ	เกย	-	เอือ	เกย	N	-	classical
เอือ|เกย	เรื่อย	เอือ	เกย	-	เอือ	เกย	N	-	classical
เอือ|เกย	เลื่อย	เอือ	เกย	-	เอือ	เกย	N	-	classical
เอือ|เกย	เลื้อย	เอือ	เกย	-	เอือ	เกย	N	-	classical
เอือ|เกย	เอื่อย	เอือ	เกย	-	เอือ	เกย	N	-	classical
เอือ|เกย	เอื้อย	เอือ	เกย	-	เอือ	เกย	N	-	classical
แอ|กก	สแซคส์	แอ	กก	-	แอ	กด	Y	karun	dict
แอ|กก	แกรก	แอ	กก	-	แอ	กก	N	-	classical
แอ|กก	แขก	แอ	กก	-	แอ	กก	N	-	classical
แอ|กก	แงก	แอ	กก	-	แอ	กก	N	-	dict
แอ|กก	แจก	แอ	กก	-	แอ	กก	N	-	classical
แอ|กก	แจ้ก	แอ	กก	-	แอ	กก	N	-	dict
แอ|กก	แจ๊ค	แอ	กก	-	แอ	กก	N	-	dict
แอ|กก	แฉก	แอ	กก	-	แอ	กก	N	-	classical
แอ|กก	แชคส์	แอ	กก	-	แอ	กด	Y	karun	dict
แอ|กก	แช๊ค	แอ	กก	-	แอ	กก	N	-	dict
แอ|กก	แซก	แอ	กก	-	แอ	กก	N	-	classical
แอ|กก	แซกซ์	แอ	กก	-	แอ	กด	Y	karun	dict
แอ|กก	แซค	แอ	กก	-	แอ	กก	N	-	dict
แอ|กก	แดก	แอ	กก	-	แอ	กก	N	-	classical
แอ|กก	แตก	แอ	กก	-	แอ	กก	N	-	classical
แอ|กก	แถก	แอ	กก	-	แอ	กก	N	-	classical
แอ|กก	แทก	แอ	กก	-	แอ	กก	N	-	classical
แอ|กก	แทค	แอ	กก	-	แอ	กก	N	-	dict
แอ|กก	แทรก	แอ	กก	-	แอ	กก	N	-	classical
แอ|กก	แทรกซ์	แอ	กก	-	แอ	กน	Y	karun	dict
แอ|กก	แทรค	แอ	กก	-	แอ	กก	N	-	dict
แอ|กก	แทรคท์	แอ	กก	-	แอ	กน	Y	karun	dict
แอ|กก	แนก	แอ	กก	-	แอ	กก	N	-	classical
แอ|กก	แบก	แอ	กก	-	แอ	กก	N	-	classical
แอ|กก	แบกง์	แอ	กก	-	แอ	กบ	Y	karun	dict
แอ|กก	แบกซ์	แอ	กก	-	แอ	กบ	Y	karun	dict
แอ|กก	แบค	แอ	กก	-	แอ	กก	N	-	dict
แอ|กก	แปลก	แอ	กก	-	แอ	กก	N	-	classical
แอ|กก	แผก	แอ	กก	-	แอ	กก	N	-	classical
แอ|กก	แผนก	แอ	กก	-	แอ	กก	N	-	classical
แอ|กก	แฝก	แอ	กก	-	แอ	กก	N	-	classical
แอ|กก	แพก	แอ	กก	-	แอ	กก	N	-	dict
แอ|กก	แพกซ์	แอ	กก	-	แอ	กบ	Y	karun	dict
แอ|กก	แพคท์	แอ	กก	-	แอ	กบ	Y	karun	dict
แอ|กก	แพนก	แอ	กก	-	แอ	กก	N	-	classical
แอ|กก	แมก	แอ	กก	-	แอ	กก	N	-	dict
แอ|กก	แมกซ์	แอ	กก	-	แอ	กม	Y	karun	dict
แอ|กก	แม๊ก	แอ	กก	-	แอ	กก	N	-	dict
แอ|กก	แม๊กซ์	แอ	กก	-	แอ	กก	N	karun	dict
แอ|กก	แยก	แอ	กก	-	แอ	กก	N	-	classical
แอ|กก	แรก	แอ	กก	-	แอ	กก	N	-	classical
แอ|กก	แรกซ์	แอ	กก	-	แอ	กน	Y	karun	dict
แอ|กก	แรค	แอ	กก	-	แอ	กก	N	-	dict
แอ|กก	แร๊ก	แอ	กก	-	แอ	กก	N	-	dict
แอ|กก	แลก	แอ	กก	-	แอ	กก	N	-	classical
แอ|กก	แลค	แอ	กก	-	แอ	กก	N	-	dict
แอ|กก	แล๊ก	แอ	กก	-	แอ	กก	N	-	dict
แอ|กก	แวก	แอ	กก	-	แอ	กก	N	-	classical
แอ|กก	แวกซ์	แอ	กก	-	แอ	เกอว	Y	karun	dict
แอ|กก	แสก	แอ	กก	-	แอ	กก	N	-	classical
แอ|กก	แหก	แอ	กก	-	แอ	กก	N	-	classical
แอ|กก	แหรก	แอ	กก	-	แอ	กก	N	-	classical
แอ|กก	แหลก	แอ	กก	-	แอ	กก	N	-	classical
แอ|กก	แหวก	แอ	กก	-	แอ	กก	N	-	classical
แอ|กก	แอก	แอ	กก	-	แอ	กก	N	-	classical
แอ|กก	แอค	แอ	กก	-	แอ	กก	N	-	dict
แอ|กก	แฮกค์	แอ	กก	-	แอ	Cant find Marttra in this word	Y	karun	dict
แอ|กง	ทแยง	แอ	กง	-	แอ	กง	N	-	classical
แอ|กง	แกร่ง	แอ	กง	-	แอ	กง	N	-	classical
แอ|กง	แกล้ง	แอ	กง	-	แอ	กง	N	-	classical
แอ|กง	แกว่ง	แอ	กง	-	แอ	กง	N	-	classical
แอ|กง	แก๊ง	แอ	กง	-	แอ	กง	N	-	dict
แอ|กง	แขย่ง	แอ	กง	-	แอ	กง	N	-	dict
แอ|กง	แขวง	แอ	กง	-	แอ	กง	N	-	classical
แอ|กง	แข่ง	แอ	กง	-	แอ	กง	N	-	classical
แอ|กง	แคง	แอ	กง	-	แอ	กง	N	-	classical
แอ|กง	แคลง	แอ	กง	-	แอ	กง	N	-	classical
แอ|กง	แจ้ง	แอ	กง	-	แอ	กง	N	-	classical
แอ|กง	แซงก์	แอ	กง	-	แอ	กด	Y	karun	dict
แอ|กง	แตรง	แอ	กง	-	แอ	กง	N	-	classical
แอ|กง	แต่ง	แอ	กง	-	แอ	กง	N	-	classical
แอ|กง	แทง	แอ	กง	-	แอ	กง	N	-	classical
แอ|กง	แทงก์	แอ	กง	-	แอ	กด	Y	karun	dict
แอ|กง	แทงค์	แอ	กง	-	แอ	กด	Y	karun	dict
แอ|กง	แท้ง	แอ	กง	-	แอ	กง	N	-	dict
แอ|กง	แท้งก์	แอ	กง	-	แอ	กง	N	karun	dict
แอ|กง	แนง	แอ	กง	-	แอ	กง	N	-	classical
แอ|กง	แบงก์	แอ	กง	-	แอ	กบ	Y	karun	dict
แอ|กง	แบงค์	แอ	กง	-	แอ	กบ	Y	karun	dict
แอ|กง	แปร่ง	แอ	กง	-	แอ	กง	N	-	classical
แอ|กง	แผง	แอ	กง	-	แอ	กง	N	-	classical
แอ|กง	แผลง	แอ	กง	-	แอ	กง	N	-	classical
แอ|กง	แฝง	แอ	กง	-	แอ	กง	N	-	classical
แอ|กง	แพร่ง	แอ	กง	-	แอ	กง	N	-	classical
แอ|กง	แพลงก์	แอ	กง	-	แอ	กน	Y	karun	dict
แอ|กง	แพลงค์	แอ	กง	-	แอ	กน	Y	karun	dict
แอ|กง	แพล่ง	แอ	กง	-	แอ	กง	N	-	classical
แอ|กง	แพ่ง	แอ	กง	-	แอ	กง	N	-	classical
แอ|กง	แมง	แอ	กง	-	แอ	กง	N	-	classical
แอ|กง	แมลง	แอ	กง	-	แอ	กง	N	-	classical
แอ|กง	แม้ง	แอ	กง	-	แอ	กง	N	-	dict
แอ|กง	แย่ง	แอ	กง	-	แอ	กง	N	-	classical
แอ|กง	แย้ง	แอ	กง	-	แอ	กง	N	-	classical
แอ|กง	แรง	แอ	กง	-	แอ	กง	N	-	classical
แอ|กง	แรงก์	แอ	กง	-	แอ	กน	Y	karun	dict
แอ|กง	แร่ง	แอ	กง	-	แอ	กง	N	-	dict
แอ|กง	แร้ง	แอ	กง	-	แอ	กง	N	-	classical
แอ|กง	แล่ง	แอ	กง	-	แอ	กง	N	-	classical
แอ|กง	แล้ง	แอ	กง	-	แอ	กง	N	-	classical
แอ|กง	แวง	แอ	กง	-	แอ	กง	N	-	classical
แอ|กง	แว้ง	แอ	กง	-	แอ	กง	N	-	classical
แอ|กง	แสง	แอ	กง	-	แอ	กง	N	-	classical
แอ|กง	แสดง	แอ	กง	-	แอ	กง	N	-	classical
แอ|กง	แสร้ง	แอ	กง	-	แอ	กง	N	-	classical
แอ|กง	แสลง	แอ	กง	-	แอ	กง	N	-	classical
แอ|กง	แสวง	แอ	กง	-	แอ	กง	N	-	classical
แอ|กง	แหง	แอ	กง	-	แอ	กง	N	-	classical
แอ|กง	แหนง	แอ	กง	-	แอ	กง	N	-	classical
แอ|กง	แหน่ง	แอ	กง	-	แอ	กง	N	-	classical
แอ|กง	แหยง	แอ	กง	-	แอ	กง	N	-	classical
แอ|กง	แหลง	แอ	กง	-	แอ	กง	N	-	classical
แอ|กง	แหว่ง	แอ	กง	-	แอ	กง	N	-	classical
แอ|กง	แห้ง	แอ	กง	-	แอ	กง	N	-	classical
แอ|กง	แอง	แอ	กง	-	แอ	กง	N	-	dict
แอ|กง	แอ้ง	แอ	กง	-	แอ	กง	N	-	dict
แอ|กง	แฮง	แอ	กง	-	แอ	กง	N	-	dict
แอ|กง	แฮงก์	แอ	กง	-	แอ	Cant find Marttra in this word	Y	karun	dict
แอ|กง	แฮงค์	แอ	กง	-	แอ	Cant find Marttra in this word	Y	karun	dict
แอ|กด	แกตต์	แอ	กด	-	แอ	กก	Y	karun	dict
แอ|กด	แกส	แอ	กด	-	แอ	กด	N	-	dict
แอ|กด	แก๊ซ	แอ	กด	-	แอ	กด	N	-	dict
แอ|กด	แงด	แอ	กด	-	แอ	กด	N	-	dict
แอ|กด	แชต	แอ	กด	-	แอ	กด	N	-	dict
แอ|กด	แชท	แอ	กด	-	แอ	กด	N	-	dict
แอ|กด	แชส	แอ	กด	-	แอ	กด	N	-	dict
แอ|กด	แซด	แอ	กด	-	แอ	กด	N	-	dict
แอ|กด	แดช	แอ	กด	-	แอ	กด	N	-	dict
แอ|กด	แดด	แอ	กด	-	แอ	กด	N	-	classical
แอ|กด	แดท	แอ	กด	-	แอ	กด	N	-	dict
แอ|กด	แดทส์	แอ	กด	-	แอ	กด	N	karun	dict
แอ|กด	แดส	แอ	กด	-	แอ	กด	N	-	dict
แอ|กด	แตด	แอ	กด	-	แอ	กด	N	-	dict
แอ|กด	แตท	แอ	กด	-	แอ	กด	N	-	dict
แอ|กด	แตส	แอ	กด	-	แอ	กด	N	-	dict
แอ|กด	แต๊ด	แอ	กด	-	แอ	กด	N	-	dict
แอ|กด	แทด	แอ	กด	-	แอ	กด	N	-	dict
แอ|กด	แทดต์	แอ	กด	-	แอ	กด	N	karun	dict
แอ|กด	แทต	แอ	กด	-	แอ	กด	N	-	dict
แอ|กด	แทตย์	แอ	กด	-	แอ	กด	N	karun	dict
แอ|กด	แนช	แอ	กด	-	แอ	กด	N	-	dict
แอ|กด	แนซ	แอ	กด	-	แอ	กด	N	-	dict
แอ|กด	แนท	แอ	กด	-	แอ	กด	N	-	dict
แอ|กด	แนส	แอ	กด	-	แอ	กด	N	-	dict
แอ|กด	แนสท์	แอ	กด	-	แอ	กน	Y	karun	dict
แอ|กด	แบต	แอ	กด	-	แอ	กด	N	-	dict
แอ|กด	แบรด	แอ	กด	-	แอ	กด	N	-	dict
แอ|กด	แบร๊ด	แอ	กด	-	แอ	กด	N	-	dict
แอ|กด	แบร์ต	แอ	กด	-	แอ	กด	N	karun	dict
แอ|กด	แปด	แอ	กด	-	แอ	กด	N	-	classical
แอ|กด	แฝด	แอ	กด	-	แอ	กด	N	-	classical
แอ|กด	แพจ	แอ	กด	-	แอ	กด	N	-	dict
แอ|กด	แพด	แอ	กด	-	แอ	กด	N	-	classical
แอ|กด	แพต	แอ	กด	-	แอ	กด	N	-	dict
แอ|กด	แพท	แอ	กด	-	แอ	กด	N	-	dict
แอ|กด	แพทช์	แอ	กด	-	แอ	กบ	Y	karun	dict
แอ|กด	แพทย์	แอ	กด	-	แอ	กบ	Y	karun	classical
แอ|กด	แฟต	แอ	กด	-	แอ	กด	N	-	dict
แอ|กด	แฟลช	แอ	กด	-	แอ	กด	N	-	dict
แอ|กด	แมด	แอ	กด	-	แอ	กด	N	-	dict
แอ|กด	แมตช์	แอ	กด	-	แอ	กม	Y	karun	dict
แอ|กด	แมตส์	แอ	กด	-	แอ	กม	Y	karun	dict
แอ|กด	แมทช์	แอ	กด	-	แอ	กม	Y	karun	dict
แอ|กด	แมทซ์	แอ	กด	-	แอ	กม	Y	karun	dict
แอ|กด	แมทท์	แอ	กด	-	แอ	กม	Y	karun	dict
แอ|กด	แรด	แอ	กด	-	แอ	กด	N	-	classical
แอ|กด	แลต	แอ	กด	-	แอ	กด	N	-	dict
แอ|กด	แวต	แอ	กด	-	แอ	กด	N	-	dict
แอ|กด	แวสต์	แอ	กด	-	แอ	เกอว	Y	karun	dict
แอ|กด	แว้ด	แอ	กด	-	แอ	กด	N	-	dict
แอ|กด	แสด	แอ	กด	-	แอ	กด	N	-	classical
แอ|กด	แสท	แอ	กด	-	แอ	กด	N	-	dict
แอ|กด	แอช	แอ	กด	-	แอ	กด	N	-	dict
แอ|กด	แอด	แอ	กด	-	แอ	กด	N	-	classical
แอ|กด	แอต	แอ	กด	-	แอ	กด	N	-	dict
แอ|กด	แอตต์	แอ	กด	-	แอ	กา	Y	karun	dict
แอ|กด	แอท	แอ	กด	-	แอ	กด	N	-	dict
แอ|กด	แอธ	แอ	กด	-	แอ	กด	N	-	dict
แอ|กด	แอ้ด	แอ	กด	-	แอ	กด	N	-	dict
แอ|กด	แฮด	แอ	กด	-	แอ	กด	N	-	dict
แอ|กน	สแปน	แอ	กน	-	แอ	กน	N	-	dict
แอ|กน	แกรนด์	แอ	กน	-	แอ	กน	N	karun	dict
แอ|กน	แก่น	แอ	กน	-	แอ	กน	N	-	classical
แอ|กน	แขน	แอ	กน	-	แอ	กน	N	-	classical
แอ|กน	แคน	แอ	กน	-	แอ	กน	N	-	classical
แอ|กน	แค่น	แอ	กน	-	แอ	กน	N	-	classical
แอ|กน	แค้น	แอ	กน	-	แอ	กน	N	-	classical
แอ|กน	แง่น	แอ	กน	-	แอ	กน	N	-	classical
แอ|กน	แง้น	แอ	กน	-	แอ	กน	N	-	classical
แอ|กน	แฉ่น	แอ	กน	-	แอ	กน	N	-	dict
แอ|กน	แชน	แอ	กน	-	แอ	กน	N	-	dict
แอ|กน	แซน	แอ	กน	-	แอ	กน	N	-	dict
แอ|กน	แซล	แอ	กน	-	แอ	กน	N	-	dict
แอ|กน	แดนซ์	แอ	กน	-	แอ	กด	Y	karun	dict
แอ|กน	แตน	แอ	กน	-	แอ	กน	N	-	classical
แอ|กน	แตนส์	แอ	กน	-	แอ	กด	Y	karun	dict
แอ|กน	แทน	แอ	กน	-	แอ	กน	N	-	classical
แอ|กน	แทนท์	แอ	กน	-	แอ	กด	Y	karun	dict
แอ|กน	แทร	แอ	กน	-	แอ	กด	Y	-	dict
แอ|กน	แนนท์	แอ	กน	-	แอ	กน	N	karun	dict
แอ|กน	แนล	แอ	กน	-	แอ	กน	N	-	dict
แอ|กน	แน่น	แอ	กน	-	แอ	กน	N	-	classical
แอ|กน	แบน	แอ	กน	-	แอ	กน	N	-	classical
แอ|กน	แปลน	แอ	กน	-	แอ	กน	N	-	dict
แอ|กน	แป้น	แอ	กน	-	แอ	กน	N	-	classical
แอ|กน	แผ่น	แอ	กน	-	แอ	กน	N	-	classical
แอ|กน	แพน	แอ	กน	-	แอ	กน	N	-	classical
แอ|กน	แพลน	แอ	กน	-	แอ	กน	N	-	dict
แอ|กน	แพ่น	แอ	กน	-	แอ	กน	N	-	classical
แอ|กน	แฟน	แอ	กน	-	แอ	กน	N	-	classical
แอ|กน	แฟ้น	แอ	กน	-	แอ	กน	N	-	classical
แอ|กน	แมนท์	แอ	กน	-	แอ	กม	Y	karun	dict
แอ|กน	แม่น	แอ	กน	-	แอ	กน	N	-	classical
แอ|กน	แม้น	แอ	กน	-	แอ	กน	N	-	classical
แอ|กน	แยล	แอ	กน	-	แอ	กน	N	-	dict
แอ|กน	แรน	แอ	กน	-	แอ	กน	N	-	classical
แอ|กน	แรนซ์	แอ	กน	-	แอ	กน	N	karun	dict
แอ|กน	แรนต์	แอ	กน	-	แอ	กน	N	karun	dict
แอ|กน	แรนท์	แอ	กน	-	แอ	กน	N	karun	dict
แอ|กน	แร้น	แอ	กน	-	แอ	กน	N	-	dict
แอ|กน	แลน	แอ	กน	-	แอ	กน	N	-	dict
แอ|กน	แลนด์	แอ	กน	-	แอ	กน	N	karun	dict
แอ|กน	แล่น	แอ	กน	-	แอ	กน	N	-	classical
แอ|กน	แวนต์	แอ	กน	-	แอ	เกอว	Y	karun	dict
แอ|กน	แวนท์	แอ	กน	-	แอ	เกอว	Y	karun	dict
แอ|กน	แวนส์	แอ	กน	-	แอ	เกอว	Y	karun	dict
แอ|กน	แวล	แอ	กน	-	แอ	กน	N	-	dict
แอ|กน	แสน	แอ	กน	-	แอ	กน	N	-	classical
แอ|กน	แสนย์	แอ	กน	-	แอ	กด	Y	karun	dict
แอ|กน	แหงน	แอ	กน	-	แอ	กน	N	-	classical
แอ|กน	แหน	แอ	กน	-	แอ	กน	N	-	classical
แอ|กน	แหน่	แอ	กน	-	แอ	กน	N	-	dict
แอ|กน	แอน	แอ	กน	-	แอ	กน	N	-	dict
แอ|กน	แอนซ์	แอ	กน	-	แอ	กา	Y	karun	dict
แอ|กน	แอนท์	แอ	กน	-	แอ	กา	Y	karun	dict
แอ|กน	แอนน์	แอ	กน	-	แอ	กา	Y	karun	dict
แอ|กน	แอรด์	แอ	กน	-	แอ	กา	Y	karun	dict
แอ|กน	แอ่น	แอ	กน	-	แอ	กน	N	-	classical
แอ|กน	แอ้น	แอ	กน	-	แอ	กน	N	-	classical
แอ|กน	แฮน	แอ	กน	-	แอ	กน	N	-	dict
แอ|กน	แฮนด์	แอ	กน	-	แอ	Cant find Marttra in this word	Y	karun	dict
แอ|กบ	สแก๊ป	แอ	กบ	-	แอ	กบ	N	-	dict
แอ|กบ	สแตบ	แอ	กบ	-	แอ	กบ	N	-	dict
แอ|กบ	สแตฟ	แอ	กบ	-	แอ	กบ	N	-	dict
แอ|กบ	สแปร์	แอ	กบ	-	แอ	กบ	N	karun	dict
แอ|กบ	แกลบ	แอ	กบ	-	แอ	กบ	N	-	classical
แอ|กบ	แคบ	แอ	กบ	-	แอ	กบ	N	-	classical
แอ|กบ	แคป	แอ	กบ	-	แอ	กบ	N	-	dict
แอ|กบ	แคฟ	แอ	กบ	-	แอ	กบ	N	-	dict
แอ|กบ	แฉลบ	แอ	กบ	-	แอ	กบ	N	-	classical
แอ|กบ	แชพ	แอ	กบ	-	แอ	กบ	N	-	dict
แอ|กบ	แซฟ	แอ	กบ	-	แอ	กบ	N	-	dict
แอ|กบ	แดพ	แอ	กบ	-	แอ	กบ	N	-	dict
แอ|กบ	แดฟ	แอ	กบ	-	แอ	กบ	N	-	dict
แอ|กบ	แถบ	แอ	กบ	-	แอ	กบ	N	-	classical
แอ|กบ	แทบ	แอ	กบ	-	แอ	กบ	N	-	classical
แอ|กบ	แทป	แอ	กบ	-	แอ	กบ	N	-	dict
แอ|กบ	แทรฟ	แอ	กบ	-	แอ	กบ	N	-	dict
แอ|กบ	แนบ	แอ	กบ	-	แอ	กบ	N	-	classical
แอ|กบ	แนปป์	แอ	กบ	-	แอ	กน	Y	karun	dict
แอ|กบ	แบบ	แอ	กบ	-	แอ	กบ	N	-	classical
แอ|กบ	แปบ	แอ	กบ	-	แอ	กบ	N	-	dict
แอ|กบ	แปลบ	แอ	กบ	-	แอ	กบ	N	-	classical
แอ|กบ	แป๊บ	แอ	กบ	-	แอ	กบ	N	-	dict
แอ|กบ	แฟบ	แอ	กบ	-	แอ	กบ	N	-	classical
แอ|กบ	แยบ	แอ	กบ	-	แอ	กบ	N	-	classical
แอ|กบ	แรพ	แอ	กบ	-	แอ	กบ	N	-	dict
แอ|กบ	แลบ	แอ	กบ	-	แอ	กบ	N	-	classical
แอ|กบ	แวบ	แอ	กบ	-	แอ	กบ	N	-	classical
แอ|กบ	แวพ	แอ	กบ	-	แอ	กบ	N	-	dict
แอ|กบ	แว้บ	แอ	กบ	-	แอ	กบ	N	-	dict
แอ|กบ	แว๊บ	แอ	กบ	-	แอ	กบ	N	-	dict
แอ|กบ	แสบ	แอ	กบ	-	แอ	กบ	N	-	classical
แอ|กบ	แหนบ	แอ	กบ	-	แอ	กบ	N	-	classical
แอ|กบ	แหบ	แอ	กบ	-	แอ	กบ	N	-	classical
แอ|กบ	แอบ	แอ	กบ	-	แอ	กบ	N	-	classical
แอ|กบ	แอป	แอ	กบ	-	แอ	กบ	N	-	dict
แอ|กบ	แอพ	แอ	กบ	-	แอ	กบ	N	-	dict
แอ|กบ	แอฟ	แอ	กบ	-	แอ	กบ	N	-	dict
แอ|กบ	แฮบ	แอ	กบ	-	แอ	กบ	N	-	dict
แอ|กบ	แฮป	แอ	กบ	-	แอ	กบ	N	-	dict
แอ|กบ	แฮฟ	แอ	กบ	-	แอ	กบ	N	-	dict
แอ|กม	แกรม	แอ	กม	-	แอ	กม	N	-	dict
แอ|กม	แกล้ม	แอ	กม	-	แอ	กม	N	-	classical
แอ|กม	แก้ม	แอ	กม	-	แอ	กม	N	-	classical
แอ|กม	แขม่	แอ	กม	-	แอ	กม	N	-	dict
แอ|กม	แคม	แอ	กม	-	แอ	กม	N	-	classical
แอ|กม	แคมป์	แอ	กม	-	แอ	กก	Y	karun	dict
แอ|กม	แค้ม	แอ	กม	-	แอ	กม	N	-	dict
แอ|กม	แค้มป์	แอ	กม	-	แอ	กม	N	karun	dict
แอ|กม	แงม	แอ	กม	-	แอ	กม	N	-	classical
แอ|กม	แง้ม	แอ	กม	-	แอ	กม	N	-	dict
แอ|กม	แง๋ม	แอ	กม	-	แอ	กม	N	-	dict
แอ|กม	แจ่ม	แอ	กม	-	แอ	กม	N	-	classical
แอ|กม	แชม	แอ	กม	-	แอ	กม	N	-	dict
แอ|กม	แชมป์	แอ	กม	-	แอ	กด	Y	karun	dict
แอ|กม	แช่ม	แอ	กม	-	แอ	กม	N	-	classical
แอ|กม	แซม	แอ	กม	-	แอ	กม	N	-	classical
แอ|กม	แตมป์	แอ	กม	-	แอ	กด	Y	karun	dict
แอ|กม	แต้ม	แอ	กม	-	แอ	กม	N	-	classical
แอ|กม	แถม	แอ	กม	-	แอ	กม	N	-	classical
แอ|กม	แท้ม	แอ	กม	-	แอ	กม	N	-	dict
แอ|กม	แธมป์	แอ	กม	-	แอ	กด	Y	karun	dict
แอ|กม	แนม	แอ	กม	-	แอ	กม	N	-	classical
แอ|กม	แพลม	แอ	กม	-	แอ	กม	N	-	classical
แอ|กม	แฟรม	แอ	กม	-	แอ	กม	N	-	dict
แอ|กม	แฟ้ม	แอ	กม	-	แอ	กม	N	-	classical
แอ|กม	แมม	แอ	กม	-	แอ	กม	N	-	classical
แอ|กม	แยม	แอ	กม	-	แอ	กม	N	-	dict
แอ|กม	แย้ม	แอ	กม	-	แอ	กม	N	-	classical
แอ|กม	แรม	แอ	กม	-	แอ	กม	N	-	classical
แอ|กม	แล่ม	แอ	กม	-	แอ	กม	N	-	classical
แอ|กม	แวม	แอ	กม	-	แอ	กม	N	-	classical
แอ|กม	แสตมป์	แอ	กม	-	แอ	กด	Y	karun	dict
แอ|กม	แสม	แอ	กม	-	แอ	กม	N	-	classical
แอ|กม	แหนม	แอ	กม	-	แอ	กม	N	-	classical
แอ|กม	แหม	แอ	กม	-	แอ	กม	N	-	dict
แอ|กม	แหม่	แอ	กม	-	แอ	กม	N	-	classical
แอ|กม	แหม่ม	แอ	กม	-	แอ	กม	N	-	dict
แอ|กม	แหยม	แอ	กม	-	แอ	กม	N	-	classical
แอ|กม	แหรม	แอ	กม	-	แอ	กม	N	-	dict
แอ|กม	แหลม	แอ	กม	-	แอ	กม	N	-	classical
แอ|กม	แอม	แอ	กม	-	แอ	กม	N	-	classical
แอ|กม	แอมป์	แอ	กม	-	แอ	กา	Y	karun	dict
แอ|กม	แอ้ม	แอ	กม	-	แอ	กม	N	-	dict
แอ|กม	แฮม	แอ	กม	-	แอ	กม	N	-	classical
แอ|กม	แฮมป์	แอ	กม	-	แอ	Cant find Marttra in this word	Y	karun	dict
แอ|กม	แฮมพ์	แอ	กม	-	แอ	Cant find Marttra in this word	Y	karun	dict
แอ|กม	แฮมส์	แอ	กม	-	แอ	Cant find Marttra in this word	Y	karun	dict
แอ|กม	แฮล์ม	แอ	กม	-	แอ	กม	N	karun	dict
แอ|กา	แก่	แอ	กา	-	แอ	กก	Y	-	classical
แอ|กา	แก้	แอ	กา	-	แอ	กก	Y	-	classical
แอ|กา	แข้	แอ	กา	-	แอ	กก	Y	-	dict
แอ|กา	แค	แอ	กา	-	แอ	กก	Y	-	classical
แอ|กา	แคร์	แอ	กา	-	แอ	กก	Y	karun	dict
แอ|กา	แคล	แอ	กา	-	แอ	กน	Y	-	classical
แอ|กา	แคลร์	แอ	กา	-	แอ	กก	Y	karun	dict
แอ|กา	แคว	แอ	กา	-	แอ	เกอว	Y	-	classical
แอ|กา	แค่	แอ	กา	-	แอ	กก	Y	-	classical
แอ|กา	แง	แอ	กา	-	แอ	กง	Y	-	classical
แอ|กา	แง่	แอ	กา	-	แอ	กง	Y	-	classical
แอ|กา	แฉ	แอ	กา	-	แอ	Cant find Marttra in this word	Y	-	dict
แอ|กา	แช	แอ	กา	-	แอ	กด	Y	-	classical
แอ|กา	แชม์	แอ	กา	-	แอ	กด	Y	karun	dict
แอ|กา	แชร์	แอ	กา	-	แอ	กด	Y	karun	dict
แอ|กา	แช่	แอ	กา	-	แอ	กด	Y	-	classical
แอ|กา	แซ	แอ	กา	-	แอ	กด	Y	-	dict
แอ|กา	แซ่	แอ	กา	-	แอ	กด	Y	-	classical
แอ|กา	แด	แอ	กา	-	แอ	กด	Y	-	classical
แอ|กา	แด่	แอ	กา	-	แอ	กด	Y	-	classical
แอ|กา	แด้	แอ	กา	-	แอ	กด	Y	-	dict
แอ|กา	แต	แอ	กา	-	แอ	กด	Y	-	classical
แอ|กา	แต้	แอ	กา	-	แอ	กด	Y	-	classical
แอ|กา	แถ	แอ	กา	-	แอ	กด	Y	-	classical
แอ|กา	แท้	แอ	กา	-	แอ	กด	Y	-	classical
แอ|กา	แน	แอ	กา	-	แอ	กน	Y	-	classical
แอ|กา	แน่	แอ	กา	-	แอ	กน	Y	-	classical
แอ|กา	แบ	แอ	กา	-	แอ	กบ	Y	-	classical
แอ|กา	แป	แอ	กา	-	แอ	กบ	Y	-	dict
แอ|กา	แปร	แอ	กา	-	แอ	กน	Y	-	classical
แอ|กา	แปร์	แอ	กา	-	แอ	กบ	Y	karun	dict
แอ|กา	แผ่	แอ	กา	-	แอ	Cant find Marttra in this word	Y	-	classical
แอ|กา	แพ	แอ	กา	-	แอ	กบ	Y	-	classical
แอ|กา	แพ้	แอ	กา	-	แอ	กบ	Y	-	classical
แอ|กา	แฟ	แอ	กา	-	แอ	กบ	Y	-	dict
แอ|กา	แฟร	แอ	กา	-	แอ	กน	Y	-	dict
แอ|กา	แฟร์	แอ	กา	-	แอ	กบ	Y	karun	dict
แอ|กา	แม	แอ	กา	-	แอ	กม	Y	-	classical
แอ|กา	แม่	แอ	กา	-	แอ	กม	Y	-	classical
แอ|กา	แย	แอ	กา	-	แอ	เกย	Y	-	classical
แอ|กา	แย่	แอ	กา	-	แอ	เกย	Y	-	classical
แอ|กา	แร	แอ	กา	-	แอ	กน	Y	-	classical
แอ|กา	แร่	แอ	กา	-	แอ	กน	Y	-	classical
แอ|กา	แร้	แอ	กา	-	แอ	กน	Y	-	classical
แอ|กา	แล่	แอ	กา	-	แอ	กน	Y	-	classical
แอ|กา	แว	แอ	กา	-	แอ	เกอว	Y	-	classical
แอ|กา	แวร์	แอ	กา	-	แอ	เกอว	Y	karun	dict
แอ|กา	แว้	แอ	กา	-	แอ	เกอว	Y	-	classical
แอ|กา	แส	แอ	กา	-	แอ	กด	Y	-	classical
แอ|กา	แส้	แอ	กา	-	แอ	กด	Y	-	classical
แอ|กา	แห	แอ	กา	-	แอ	Cant find Marttra in this word	Y	-	classical
แอ|กา	แหล	แอ	กา	-	แอ	กน	Y	-	classical
แอ|กา	แหว	แอ	กา	-	แอ	เกอว	Y	-	dict
แอ|กา	แห่	แอ	กา	-	แอ	Cant find Marttra in this word	Y	-	classical
แอ|กา	แอ	แอ	กา	-	แอ	กา	N	-	classical
แอ|กา	แอร์	แอ	กา	-	แอ	กา	N	karun	dict
แอ|กา	แอ้	แอ	กา	-	แอ	กา	N	-	classical
แอ|กา	แอ๋	แอ	กา	-	แอ	กา	N	-	dict
แอ|กา	แฮ	แอ	กา	-	แอ	Cant find Marttra in this word	Y	-	dict
แอ|กา	แฮร์	แอ	กา	-	แอ	Cant find Marttra in this word	Y	karun	dict
แอ|กา	แฮ้	แอ	กา	-	แอ	Cant find Marttra in this word	Y	-	dict
แอ|เกย	แพทย	แอ	เกย	-	แอ	เกย	N	-	dict
แอ|เกย	แหย	แอ	เกย	-	แอ	เกย	N	-	classical
แอ|เกย	แหย่	แอ	เกย	-	แอ	เกย	N	-	classical
แอ|เกอว	สแควร์	แอ	เกอว	-	แอ	กก	Y	karun	dict
แอ|เกอว	แกว	แอ	เกอว	-	แอ	เกอว	N	-	classical
แอ|เกอว	แก้ว	แอ	เกอว	-	แอ	เกอว	N	-	classical
แอ|เกอว	แขม่ว	แอ	เกอว	-	แอ	เกอว	N	-	dict
แอ|เกอว	แคล่ว	แอ	เกอว	-	แอ	เกอว	N	-	classical
แอ|เกอว	แคล้ว	แอ	เกอว	-	แอ	เกอว	N	-	classical
แอ|เกอว	แจว	แอ	เกอว	-	แอ	เกอว	N	-	classical
แอ|เกอว	แจ่ว	แอ	เกอว	-	แอ	เกอว	N	-	classical
แอ|เกอว	แจ้ว	แอ	เกอว	-	แอ	เกอว	N	-	classical
แอ|เกอว	แจ๋ว	แอ	เกอว	-	แอ	เกอว	N	-	classical
แอ|เกอว	แซว	แอ	เกอว	-	แอ	เกอว	N	-	classical
แอ|เกอว	แซ่ว	แอ	เกอว	-	แอ	เกอว	N	-	dict
แอ|เกอว	แต๋ว	แอ	เกอว	-	แอ	เกอว	N	-	dict
แอ|เกอว	แถว	แอ	เกอว	-	แอ	เกอว	N	-	classical
แอ|เกอว	แนว	แอ	เกอว	-	แอ	เกอว	N	-	classical
แอ|เกอว	แน่ว	แอ	เกอว	-	แอ	เกอว	N	-	classical
แอ|เกอว	แบ๊ว	แอ	เกอว	-	แอ	เกอว	N	-	dict
แอ|เกอว	แป้ว	แอ	เกอว	-	แอ	เกอว	N	-	classical
แอ|เกอว	แผ่ว	แอ	เกอว	-	แอ	เกอว	N	-	dict
แอ|เกอว	แผ้ว	แอ	เกอว	-	แอ	เกอว	N	-	classical
แอ|เกอว	แพรว	แอ	เกอว	-	แอ	เกอว	N	-	classical
แอ|เกอว	แพร้ว	แอ	เกอว	-	แอ	เกอว	N	-	classical
แอ|เกอว	แพว	แอ	เกอว	-	แอ	เกอว	N	-	classical
แอ|เกอว	แมว	แอ	เกอว	-	แอ	เกอว	N	-	classical
แอ|เกอว	แร้ว	แอ	เกอว	-	แอ	เกอว	N	-	classical
แอ|เกอว	แล้ว	แอ	เกอว	-	แอ	เกอว	N	-	classical
แอ|เกอว	แวว	แอ	เกอว	-	แอ	เกอว	N	-	classical
แอ|เกอว	แว่ว	แอ	เกอว	-	แอ	เกอว	N	-	classical
แอ|เกอว	แห้ว	แอ	เกอว	-	แอ	เกอว	N	-	dict
แอ|เกอว	แอ่ว	แอ	เกอว	-	แอ	เกอว	N	-	classical
แอ|เกอว	แอ้ว	แอ	เกอว	-	แอ	เกอว	N	-	dict
แอ|เกอว	แอ๊ว	แอ	เกอว	-	แอ	เกอว	N	-	dict
แอ|เกอว	แฮ้ว	แอ	เกอว	-	แอ	เกอว	N	-	dict
แอะ|กก	สแน็ค	แอะ	กก	-	แอ	กก	Y	-	dict
แอะ|กก	แค็ก	แอะ	กก	-	แอ	กก	Y	-	dict
แอะ|กก	แค็ค	แอะ	กก	-	แอ	กก	Y	-	dict
แอะ|กก	แจ็ค	แอะ	กก	-	แอ	กก	Y	-	dict
แอะ|กก	แช็ก	แอะ	กก	-	แอ	กก	Y	-	dict
แอะ|กก	แซ็ก	แอะ	กก	-	แอ	กก	Y	-	dict
แอะ|กก	แซ็กท์	แอะ	กก	-	แอ	กก	Y	karun	dict
แอะ|กก	แด็ก	แอะ	กก	-	แอ	กก	Y	-	dict
แอะ|กก	แทร็ค	แอะ	กก	-	แอ	กก	Y	-	dict
แอะ|กก	แท็ก	แอะ	กก	-	แอ	กก	Y	-	dict
แอะ|กก	แบล็ค	แอะ	กก	-	แอ	กก	Y	-	dict
แอะ|กก	แบ็ค	แอะ	กก	-	แอ	กก	Y	-	dict
แอะ|กก	แพ็ก	แอะ	กก	-	แอ	กก	Y	-	dict
แอะ|กก	แพ็ค	แอะ	กก	-	แอ	กก	Y	-	dict
แอะ|กก	แฟ็กซ์	แอะ	กก	-	แอ	กก	Y	karun	dict
แอะ|กก	แฟ็ค	แอะ	กก	-	แอ	กก	Y	-	dict
แอะ|กก	แม็ก	แอะ	กก	-	แอ	กก	Y	-	dict
แอะ|กก	แม็กซ์	แอะ	กก	-	แอ	กก	Y	karun	dict
แอะ|กก	แม็ค	แอะ	กก	-	แอ	กก	Y	-	dict
แอะ|กก	แร็ก	แอะ	กก	-	แอ	กก	Y	-	dict
แอะ|กก	แล็ก	แอะ	กก	-	แอ	กก	Y	-	dict
แอะ|กก	แอ็ก	แอะ	กก	-	แอ	กก	Y	-	dict
แอะ|กก	แอ็ค	แอะ	กก	-	แอ	กก	Y	-	dict
แอะ|กง	แข็ง	แอะ	กง	-	แอ	กง	Y	-	classical
แอะ|กง	แท็งก์	แอะ	กง	-	แอ	กง	Y	karun	dict
แอะ|กง	แบ็ง	แอะ	กง	-	แอ	กง	Y	-	dict
แอะ|กง	แหย็ง	แอะ	กง	-	แอ	กง	Y	-	dict
แอะ|กด	แซ็ด	แอะ	กด	-	แอ	กด	Y	-	dict
แอะ|กด	แซ็ท	แอะ	กด	-	แอ	กด	Y	-	dict
แอะ|กด	แม็ต	แอะ	กด	-	แอ	กด	Y	-	dict
แอะ|กด	แม็ท	แอะ	กด	-	แอ	กด	Y	-	dict
แอะ|กด	แม็ทช์	แอะ	กด	-	แอ	กด	Y	karun	dict
แอะ|กด	แร็ท	แอะ	กด	-	แอ	กด	Y	-	dict
แอะ|กบ	แค็บ	แอะ	กบ	-	แอ	กบ	Y	-	dict
แอะ|กบ	แบ็บ	แอะ	กบ	-	แอ	กบ	Y	-	dict
แอะ|กบ	แผล็บ	แอะ	กบ	-	แอ	กบ	Y	-	dict
แอะ|กบ	แร็พ	แอะ	กบ	-	แอ	กบ	Y	-	dict
แอะ|กบ	แล็บ	แอะ	กบ	-	แอ	กบ	Y	-	dict
แอะ|กบ	แล็ป	แอะ	กบ	-	แอ	กบ	Y	-	dict
แอะ|กบ	แว็บ	แอะ	กบ	-	แอ	กบ	Y	-	dict
แอะ|กม	แล็ม	แอะ	กม	-	แอ	กม	Y	-	dict
แอะ|กม	แหร็ม	แอะ	กม	-	แอ	กม	Y	-	dict
แอะ|กา	แกะ	แอะ	กา	-	แอะ	กา	N	-	classical
แอะ|กา	แขวะ	แอะ	กา	-	แอะ	กา	N	-	classical
แอะ|กา	แขะ	แอะ	กา	-	แอะ	กา	N	-	classical
แอะ|กา	แคะ	แอะ	กา	-	แอะ	กา	N	-	classical
แอะ|กา	แงะ	แอะ	กา	-	แอะ	กา	N	-	classical
แอะ|กา	แจะ	แอะ	กา	-	แอะ	กา	N	-	classical
แอะ|กา	แฉะ	แอะ	กา	-	แอะ	กา	N	-	classical
แอะ|กา	แซะ	แอะ	กา	-	แอะ	กา	N	-	classical
แอะ|กา	แดะ	แอะ	กา	-	แอะ	กา	N	-	dict
แอะ|กา	แตะ	แอะ	กา	-	แอะ	กา	N	-	classical
แอะ|กา	แทะ	แอะ	กา	-	แอะ	กา	N	-	classical
แอะ|กา	แนะ	แอะ	กา	-	แอะ	กา	N	-	classical
แอะ|กา	แน่ะ	แอะ	กา	-	แอะ	กา	N	-	classical
แอะ|กา	แน๊ะ	แอะ	กา	-	แอะ	กา	N	-	dict
แอะ|กา	แบะ	แอะ	กา	-	แอะ	กา	N	-	classical
แอะ|กา	แปะ	แอะ	กา	-	แอะ	กา	N	-	classical
แอะ|กา	แป๊ะ	แอะ	กา	-	แอะ	กา	N	-	dict
แอะ|กา	แผละ	แอะ	กา	-	แอะ	กา	N	-	classical
แอะ|กา	แพะ	แอะ	กา	-	แอะ	กา	N	-	classical
แอะ|กา	แยะ	แอะ	กา	-	แอะ	กา	N	-	classical
แอะ|กา	แระ	แอะ	กา	-	แอะ	กา	N	-	dict
แอะ|กา	และ	แอะ	กา	-	แอะ	กา	N	-	classical
แอะ|กา	แวะ	แอะ	กา	-	แอะ	กา	N	-	classical
แอะ|กา	แสะ	แอะ	กา	-	แอะ	กา	N	-	classical
แอะ|กา	แหนะ	แอะ	กา	-	แอะ	กา	N	-	classical
แอะ|กา	แหมะ	แอะ	กา	-	แอะ	กา	N	-	dict
แอะ|กา	แหยะ	แอะ	กา	-	แอะ	กา	N	-	dict
แอะ|กา	แหละ	แอะ	กา	-	แอะ	กา	N	-	classical
แอะ|กา	แหวะ	แอะ	กา	-	แอะ	กา	N	-	classical
แอะ|กา	แหะ	แอะ	กา	-	แอะ	กา	N	-	classical
แอะ|กา	แฮะ	แอะ	กา	-	แอะ	กา	N	-	dict
โอ|กก	อโศก	โอ	กก	-	โอ	กก	N	-	dict
โอ|กก	โขก	โอ	กก	-	โอ	กก	N	-	classical
โอ|กก	โขยก	โอ	กก	-	โอ	กก	N	-	classical
โอ|กก	โขลก	โอ	กก	-	โอ	กก	N	-	classical
โอ|กก	โคก	โอ	กก	-	โอ	กก	N	-	classical
โอ|กก	โครก	โอ	กก	-	โอ	กก	N	-	classical
โอ|กก	โค้ก	โอ	กก	-	โอ	กก	N	-	dict
โอ|กก	โงก	โอ	กก	-	โอ	กก	N	-	classical
โอ|กก	โจก	โอ	กก	-	โอ	กก	N	-	dict
โอ|กก	โจ๊ก	โอ	กก	-	โอ	กก	N	-	dict
โอ|กก	โฉลก	โอ	กก	-	โอ	กก	N	-	classical
โอ|กก	โชก	โอ	กก	-	โอ	กก	N	-	classical
โอ|กก	โชค	โอ	กก	-	โอ	กก	N	-	classical
โอ|กก	โซก	โอ	กก	-	โอ	กก	N	-	dict
โอ|กก	โดก	โอ	กก	-	โอ	กก	N	-	classical
โอ|กก	โตก	โอ	กก	-	โอ	กก	N	-	classical
โอ|กก	โทก	โอ	กก	-	โอ	กก	N	-	dict
โอ|กก	โบก	โอ	กก	-	โอ	กก	N	-	classical
โอ|กก	โบรก	โอ	กก	-	โอ	กก	N	-	dict
โอ|กก	โป๊ก	โอ	กก	-	โอ	กก	N	-	dict
โอ|กก	โผลก	โอ	กก	-	โอ	กก	N	-	dict
โอ|กก	โพก	โอ	กก	-	โอ	กก	N	-	classical
โอ|กก	โฟล์ก	โอ	กก	-	โอ	กก	N	karun	dict
โอ|กก	โฟล์ค	โอ	กก	-	โอ	กก	N	karun	dict
โอ|กก	โภค	โอ	กก	-	โอ	กก	N	-	classical
โอ|กก	โมก	โอ	กก	-	โอ	กก	N	-	classical
โอ|กก	โมกข์	โอ	กก	-	โอ	กม	Y	karun	classical
โอ|กก	โยก	โอ	กก	-	โอ	กก	N	-	classical
โอ|กก	โยค	โอ	กก	-	โอ	กก	N	-	classical
โอ|กก	โรค	โอ	กก	-	โอ	กก	N	-	classical
โอ|กก	โลก	โอ	กก	-	โอ	กก	N	-	classical
โอ|กก	โลกน์	โอ	กก	-	โอ	กน	Y	karun	dict
โอ|กก	โลกย์	โอ	กก	-	โอ	กน	Y	karun	dict
โอ|กก	โศก	โอ	กก	-	โอ	กก	N	-	classical
โอ|กก	โสก	โอ	กก	-	โอ	กก	N	-	classical
โอ|กก	โหนก	โอ	กก	-	โอ	กก	N	-	dict
โอ|กก	โหลก	โอ	กก	-	โอ	กก	N	-	classical
โอ|กก	โหวก	โอ	กก	-	โอ	กก	N	-	dict
โอ|กก	โอก	โอ	กก	-	โอ	กก	N	-	dict
โอ|กก	โอ็ค	โอ	กก	-	โอ	กก	N	-	dict
โอ|กก	โอ๊ก	โอ	กก	-	โอ	กก	N	-	dict
โอ|กก	โอ๊ค	โอ	กก	-	โอ	กก	N	-	dict
โอ|กก	โฮก	โอ	กก	-	โอ	กก	N	-	classical
โอ|กง	โกง	โอ	กง	-	โอ	กง	N	-	classical
โอ|กง	โกร่ง	โอ	กง	-	โอ	กง	N	-	classical
โอ|กง	โก่ง	โอ	กง	-	โอ	กง	N	-	classical
โอ|กง	โก้ง	โอ	กง	-	โอ	กง	N	-	classical
โอ|กง	โขง	โอ	กง	-	โอ	กง	N	-	classical
โอ|กง	โขนง	โอ	กง	-	โอ	กง	N	-	classical
โอ|กง	โขมง	โอ	กง	-	โอ	กง	N	-	classical
โอ|กง	โขยง	โอ	กง	-	โอ	กง	N	-	classical
โอ|กง	โขลง	โอ	กง	-	โอ	กง	N	-	classical
โอ|กง	โข่ง	โอ	กง	-	โอ	กง	N	-	dict
โอ|กง	โครง	โอ	กง	-	โอ	กง	N	-	classical
โอ|กง	โคร่ง	โอ	กง	-	โอ	กง	N	-	classical
โอ|กง	โคลง	โอ	กง	-	โอ	กง	N	-	classical
โอ|กง	โคล้ง	โอ	กง	-	โอ	กง	N	-	dict
โอ|กง	โค่ง	โอ	กง	-	โอ	กง	N	-	classical
โอ|กง	โค้ง	โอ	กง	-	โอ	กง	N	-	classical
โอ|กง	โง้ง	โอ	กง	-	โอ	กง	N	-	classical
โอ|กง	โจง	โอ	กง	-	โอ	กง	N	-	classical
โอ|กง	โจ่ง	โอ	กง	-	โอ	กง	N	-	classical
โอ|กง	โจ้ง	โอ	กง	-	โอ	กง	N	-	dict
โอ|กง	โจ๋ง	โอ	กง	-	โอ	กง	N	-	classical
โอ|กง	โฉง	โอ	กง	-	โอ	กง	N	-	classical
โอ|กง	โฉ่ง	โอ	กง	-	โอ	กง	N	-	classical
โอ|กง	โดง	โอ	กง	-	โอ	กง	N	-	classical
โอ|กง	โด่ง	โอ	กง	-	โอ	กง	N	-	classical
โอ|กง	โตง	โอ	กง	-	โอ	กง	N	-	classical
โอ|กง	โต่ง	โอ	กง	-	โอ	กง	N	-	classical
โอ|กง	โต้ง	โอ	กง	-	โอ	กง	N	-	classical
โอ|กง	โถง	โอ	กง	-	โอ	กง	N	-	classical
โอ|กง	โทง	โอ	กง	-	โอ	กง	N	-	classical
โอ|กง	โปง	โอ	กง	-	โอ	กง	N	-	classical
โอ|กง	โปรง	โอ	กง	-	โอ	กง	N	-	classical
โอ|กง	โปร่ง	โอ	กง	-	โอ	กง	N	-	classical
โอ|กง	โป่ง	โอ	กง	-	โอ	กง	N	-	classical
โอ|กง	โป้ง	โอ	กง	-	โอ	กง	N	-	classical
โอ|กง	โผง	โอ	กง	-	โอ	กง	N	-	classical
โอ|กง	โพง	โอ	กง	-	โอ	กง	N	-	classical
โอ|กง	โพรง	โอ	กง	-	โอ	กง	N	-	classical
โอ|กง	โพลง	โอ	กง	-	โอ	กง	N	-	classical
โอ|กง	โพล่ง	โอ	กง	-	โอ	กง	N	-	classical
โอ|กง	โมง	โอ	กง	-	โอ	กง	N	-	classical
โอ|กง	โมงค์	โอ	กง	-	โอ	กม	Y	karun	dict
โอ|กง	โม่ง	โอ	กง	-	โอ	กง	N	-	classical
โอ|กง	โยง	โอ	กง	-	โอ	กง	N	-	classical
โอ|กง	โย่ง	โอ	กง	-	โอ	กง	N	-	dict
โอ|กง	โรง	โอ	กง	-	โอ	กง	N	-	classical
โอ|กง	โลง	โอ	กง	-	โอ	กง	N	-	classical
โอ|กง	โล่ง	โอ	กง	-	โอ	กง	N	-	classical
โอ|กง	โล้ง	โอ	กง	-	โอ	กง	N	-	classical
โอ|กง	โสร่ง	โอ	กง	-	โอ	กง	N	-	classical
โอ|กง	โหง	โอ	กง	-	โอ	กง	N	-	classical
โอ|กง	โหม่ง	โอ	กง	-	โอ	กง	N	-	classical
โอ|กง	โหย่ง	โอ	กง	-	โอ	กง	N	-	classical
โอ|กง	โหวง	โอ	กง	-	โอ	กง	N	-	dict
โอ|กง	โอง	โอ	กง	-	โอ	กง	N	-	classical
โอ|กง	โอ่ง	โอ	กง	-	โอ	กง	N	-	classical
โอ|กง	โฮ่ง	โอ	กง	-	โอ	กง	N	-	dict
โอ|กง	โฮ้ง	โอ	กง	-	โอ	กง	N	-	dict
โอ|กด	ยโส	โอ	กด	-	โอ	กด	N	-	dict
โอ|กด	สโต	โอ	กด	-	โอ	กด	N	-	dict
โอ|กด	โกฐ	โอ	กด	-	โอ	กด	N	-	classical
โอ|กด	โกศ	โอ	กด	-	โอ	กด	N	-	classical
โอ|กด	โขด	โอ	กด	-	โอ	กด	N	-	classical
โอ|กด	โคตร	โอ	กด	-	โอ	กด	N	-	classical
โอ|กด	โครส	โอ	กด	-	โอ	กด	N	-	dict
โอ|กด	โคส	โอ	กด	-	โอ	กด	N	-	dict
โอ|กด	โคสต์	โอ	กด	-	โอ	กก	Y	karun	dict
โอ|กด	โคสท์	โอ	กด	-	โอ	กก	Y	karun	dict
โอ|กด	โค้ช	โอ	กด	-	โอ	กด	N	-	dict
โอ|กด	โค้ด	โอ	กด	-	โอ	กด	N	-	dict
โอ|กด	โค๊ต	โอ	กด	-	โอ	กด	N	-	dict
โอ|กด	โฆษ	โอ	กด	-	โอ	กด	N	-	classical
โอ|กด	โจทก์	โอ	กด	-	โอ	กด	N	karun	classical
โอ|กด	โจทย์	โอ	กด	-	โอ	กด	N	karun	dict
โอ|กด	โจษ	โอ	กด	-	โอ	กด	N	-	classical
โอ|กด	โดด	โอ	กด	-	โอ	กด	N	-	classical
โอ|กด	โด๊ส	โอ	กด	-	โอ	กด	N	-	dict
โอ|กด	โตนด	โอ	กด	-	โอ	กด	N	-	dict
โอ|กด	โตส	โอ	กด	-	โอ	กด	N	-	dict
โอ|กด	โต๊ด	โอ	กด	-	โอ	กด	N	-	dict
โอ|กด	โทษ	โอ	กด	-	โอ	กด	N	-	classical
โอ|กด	โนด	โอ	กด	-	โอ	กด	N	-	dict
โอ|กด	โน้ต	โอ	กด	-	โอ	กด	N	-	dict
โอ|กด	โบสถ์	โอ	กด	-	โอ	กบ	Y	karun	classical
โอ|กด	โบ๊ท	โอ	กด	-	โอ	กด	N	-	dict
โอ|กด	โปรด	โอ	กด	-	โอ	กด	N	-	classical
โอ|กด	โปรส	โอ	กด	-	โอ	กด	N	-	dict
โอ|กด	โปษ	โอ	กด	-	โอ	กด	N	-	dict
โอ|กด	โพสท์	โอ	กด	-	โอ	กบ	Y	karun	dict
โอ|กด	โภช	โอ	กด	-	โอ	กด	N	-	classical
โอ|กด	โภชน์	โอ	กด	-	โอ	กบ	Y	karun	classical
โอ|กด	โมต	โอ	กด	-	โอ	กด	N	-	dict
โอ|กด	โมท	โอ	กด	-	โอ	กด	N	-	classical
โอ|กด	โมสต์	โอ	กด	-	โอ	กม	Y	karun	dict
โอ|กด	โรช	โอ	กด	-	โอ	กด	N	-	classical
โอ|กด	โรฒ	โอ	กด	-	โอ	กด	N	-	dict
โอ|กด	โรด	โอ	กด	-	โอ	กด	N	-	classical
โอ|กด	โรตม์	โอ	กด	-	โอ	กน	Y	karun	classical
โอ|กด	โรษ	โอ	กด	-	โอ	กด	N	-	dict
โอ|กด	โรส	โอ	กด	-	โอ	กด	N	-	dict
โอ|กด	โรสส์	โอ	กด	-	โอ	กน	Y	karun	dict
โอ|กด	โร้ด	โอ	กด	-	โอ	กด	N	-	dict
โอ|กด	โร๊ด	โอ	กด	-	โอ	กด	N	-	dict
โอ|กด	โลส	โอ	กด	-	โอ	กด	N	-	dict
โอ|กด	โสด	โอ	กด	-	โอ	กด	N	-	classical
โอ|กด	โสต	โอ	กด	-	โอ	กด	N	-	classical
โอ|กด	โหด	โอ	กด	-	โอ	กด	N	-	classical
โอ|กด	โหนด	โอ	กด	-	โอ	กด	N	-	dict
โอ|กด	โหลด	โอ	กด	-	โอ	กด	N	-	dict
โอ|กด	โหวต	โอ	กด	-	โอ	กด	N	-	dict
โอ|กด	โอช	โอ	กด	-	โอ	กด	N	-	classical
โอ|กด	โอด	โอ	กด	-	โอ	กด	N	-	classical
โอ|กด	โอต	โอ	กด	-	โอ	กด	N	-	dict
โอ|กด	โอษฐ์	โอ	กด	-	โอ	กา	Y	karun	classical
โอ|กด	โอ๊ด	โอ	กด	-	โอ	กด	N	-	dict
โอ|กด	โอ๊ต	โอ	กด	-	โอ	กด	N	-	dict
โอ|กด	โฮช	โอ	กด	-	โอ	กด	N	-	dict
โอ|กด	โฮล์ด	โอ	กด	-	โอ	กด	N	karun	dict
โอ|กด	โฮสท์	โอ	กด	-	โอ	Cant find Marttra in this word	Y	karun	dict
โอ|กน	วโร	โอ	กน	-	โอ	กน	N	-	dict
โอ|กน	สโตน	โอ	กน	-	โอ	กน	N	-	dict
โอ|กน	อโน	โอ	กน	-	โอ	กน	N	-	classical
โอ|กน	อโล	โอ	กน	-	โอ	กน	N	-	dict
โอ|กน	โกณ	โอ	กน	-	โอ	Cant find Marttra in this word	Y	-	dict
โอ|กน	โกน	โอ	กน	-	โอ	กน	N	-	classical
โอ|กน	โก๋น	โอ	กน	-	โอ	กน	N	-	dict
โอ|กน	โขน	โอ	กน	-	โอ	กน	N	-	classical
โอ|กน	โขลน	โอ	กน	-	โอ	กน	N	-	classical
โอ|กน	โคลน	โอ	กน	-	โอ	กน	N	-	classical
โอ|กน	โค่น	โอ	กน	-	โอ	กน	N	-	classical
โอ|กน	โค้น	โอ	กน	-	โอ	กน	N	-	dict
โอ|กน	โงน	โอ	กน	-	โอ	กน	N	-	classical
โอ|กน	โง่น	โอ	กน	-	โอ	กน	N	-	dict
โอ|กน	โจน	โอ	กน	-	โอ	กน	N	-	classical
โอ|กน	โจนส์	โอ	กน	-	โอ	กด	Y	karun	dict
โอ|กน	โจร	โอ	กน	-	โอ	กน	N	-	classical
โอ|กน	โชน	โอ	กน	-	โอ	กน	N	-	classical
โอ|กน	โซน	โอ	กน	-	โอ	กน	N	-	classical
โอ|กน	โซล	โอ	กน	-	โอ	กน	N	-	dict
โอ|กน	โดร	โอ	กน	-	โอ	กน	N	-	dict
โอ|กน	โตน	โอ	กน	-	โอ	กน	N	-	dict
โอ|กน	โทณ	โอ	กน	-	โอ	Cant find Marttra in this word	Y	-	dict
โอ|กน	โทน	โอ	กน	-	โอ	กน	N	-	classical
โอ|กน	โทร	โอ	กน	-	โอ	กด	Y	-	dict
โอ|กน	โทรล	โอ	กน	-	โอ	กน	N	-	dict
โอ|กน	โทล	โอ	กน	-	โอ	กน	N	-	dict
โอ|กน	โทลล์	โอ	กน	-	โอ	กด	Y	karun	dict
โอ|กน	โนน	โอ	กน	-	โอ	กน	N	-	dict
โอ|กน	โนลด์	โอ	กน	-	โอ	กน	N	karun	dict
โอ|กน	โน่น	โอ	กน	-	โอ	กน	N	-	classical
โอ|กน	โน้น	โอ	กน	-	โอ	กน	N	-	classical
โอ|กน	โบน	โอ	กน	-	โอ	กน	N	-	dict
โอ|กน	โบล	โอ	กน	-	โอ	กน	N	-	dict
โอ|กน	โปน	โอ	กน	-	โอ	กน	N	-	dict
โอ|กน	โผน	โอ	กน	-	โอ	กน	N	-	classical
โอ|กน	โพน	โอ	กน	-	โอ	กน	N	-	classical
โอ|กน	โพลน	โอ	กน	-	โอ	กน	N	-	dict
โอ|กน	โพ้น	โอ	กน	-	โอ	กน	N	-	dict
โอ|กน	โฟน	โอ	กน	-	โอ	กน	N	-	dict
โอ|กน	โฟล	โอ	กน	-	โอ	กน	N	-	dict
โอ|กน	โฟลว์	โอ	กน	-	โอ	กบ	Y	karun	dict
โอ|กน	โมน	โอ	กน	-	โอ	กน	N	-	classical
โอ|กน	โมร	โอ	กน	-	โอ	กน	N	-	dict
โอ|กน	โยน	โอ	กน	-	โอ	กน	N	-	classical
โอ|กน	โรน	โอ	กน	-	โอ	กน	N	-	dict
โอ|กน	โรล	โอ	กน	-	โอ	กน	N	-	dict
โอ|กน	โรลด์	โอ	กน	-	โอ	กน	N	karun	dict
โอ|กน	โลน	โอ	กน	-	โอ	กน	N	-	classical
โอ|กน	โล้น	โอ	กน	-	โอ	กน	N	-	classical
โอ|กน	โวน	โอ	กน	-	โอ	กน	N	-	dict
โอ|กน	โวลต์	โอ	กน	-	โอ	เกอว	Y	karun	dict
โอ|กน	โสณ	โอ	กน	-	โอ	Cant find Marttra in this word	Y	-	dict
โอ|กน	โสณฑ์	โอ	กน	-	โอ	กด	Y	karun	dict
โอ|กน	โสน	โอ	กน	-	โอ	กน	N	-	classical
โอ|กน	โหน	โอ	กน	-	โอ	กน	N	-	classical
โอ|กน	โอล	โอ	กน	-	โอ	กน	N	-	dict
โอ|กน	โอลด์	โอ	กน	-	โอ	กา	Y	karun	dict
โอ|กน	โฮล	โอ	กน	-	โอ	กน	N	-	dict
โอ|กน	โฮลด์	โอ	กน	-	โอ	Cant find Marttra in this word	Y	karun	dict
โอ|กน	โฮลท์	โอ	กน	-	โอ	Cant find Marttra in this word	Y	karun	dict
โอ|กบ	สโบ	โอ	กบ	-	โอ	กบ	N	-	dict
โอ|กบ	โกรฟ	โอ	กบ	-	โอ	กบ	N	-	dict
โอ|กบ	โฉบ	โอ	กบ	-	โอ	กบ	N	-	classical
โอ|กบ	โทป	โอ	กบ	-	โอ	กบ	N	-	dict
โอ|กบ	โป๊บ	โอ	กบ	-	โอ	กบ	N	-	dict
โอ|กบ	โป๊ป	โอ	กบ	-	โอ	กบ	N	-	dict
โอ|กบ	โมบ	โอ	กบ	-	โอ	กบ	N	-	classical
โอ|กบ	โรป	โอ	กบ	-	โอ	กบ	N	-	dict
โอ|กบ	โลภ	โอ	กบ	-	โอ	กบ	N	-	classical
โอ|กบ	โวล์ฟ	โอ	กบ	-	โอ	กบ	N	karun	dict
โอ|กบ	โอบ	โอ	กบ	-	โอ	กบ	N	-	classical
โอ|กบ	โอป	โอ	กบ	-	โอ	กบ	N	-	dict
โอ|กบ	โฮป	โอ	กบ	-	โอ	กบ	N	-	dict
โอ|กบ	โฮฟท์	โอ	กบ	-	โอ	Cant find Marttra in this word	Y	karun	dict
โอ|กม	สโม	โอ	กม	-	โอ	กม	N	-	classical
โอ|กม	โคม	โอ	กม	-	โอ	กม	N	-	classical
โอ|กม	โครม	โอ	กม	-	โอ	กม	N	-	classical
โอ|กม	โจม	โอ	กม	-	โอ	กม	N	-	classical
โอ|กม	โฉม	โอ	กม	-	โอ	กม	N	-	classical
โอ|กม	โซม	โอ	กม	-	โอ	กม	N	-	classical
โอ|กม	โดม	โอ	กม	-	โอ	กม	N	-	dict
โอ|กม	โดห์ม	โอ	กม	-	โอ	กม	N	karun	dict
โอ|กม	โถม	โอ	กม	-	โอ	กม	N	-	classical
โอ|กม	โทม	โอ	กม	-	โอ	กม	N	-	classical
โอ|กม	โทรม	โอ	กม	-	โอ	กม	N	-	classical
โอ|กม	โน้ม	โอ	กม	-	โอ	กม	N	-	classical
โอ|กม	โพยม	โอ	กม	-	โอ	กม	N	-	classical
โอ|กม	โฟม	โอ	กม	-	โอ	กม	N	-	dict
โอ|กม	โยม	โอ	กม	-	โอ	กม	N	-	classical
โอ|กม	โรม	โอ	กม	-	โอ	กม	N	-	classical
โอ|กม	โลม	โอ	กม	-	โอ	กม	N	-	classical
โอ|กม	โสม	โอ	กม	-	โอ	กม	N	-	classical
โอ|กม	โสมย์	โอ	กม	-	โอ	กด	Y	karun	dict
โอ|กม	โหม	โอ	กม	-	โอ	กม	N	-	classical
โอ|กม	โอม	โอ	กม	-	โอ	กม	N	-	classical
โอ|กม	โอห์ม	โอ	กม	-	โอ	กม	N	karun	classical
โอ|กม	โฮม	โอ	กม	-	โอ	กม	N	-	dict
โอ|กม	โฮล์ม	โอ	กม	-	โอ	กม	N	karun	dict
โอ|กา	สโตร์	โอ	กา	-	โอ	กด	Y	karun	dict
โอ|กา	สโล	โอ	กา	-	โอ	กน	Y	-	dict
โอ|กา	โกร	โอ	กา	-	โอ	กน	Y	-	classical
โอ|กา	โกล	โอ	กา	-	โอ	กน	Y	-	dict
โอ|กา	โกล์	โอ	กา	-	โอ	กก	Y	karun	dict
โอ|กา	โกว์	โอ	กา	-	โอ	กก	Y	karun	dict
โอ|กา	โข	โอ	กา	-	โอ	กก	Y	-	classical
โอ|กา	โคลล์	โอ	กา	-	โอ	กก	Y	karun	dict
โอ|กา	โคว	โอ	กา	-	โอ	เกอว	Y	-	dict
โอ|กา	โคว์	โอ	กา	-	โอ	กก	Y	karun	dict
โอ|กา	โง่	โอ	กา	-	โอ	กง	Y	-	classical
โอ|กา	โจ	โอ	กา	-	โอ	กด	Y	-	classical
โอ|กา	โจ้	โอ	กา	-	โอ	กด	Y	-	classical
โอ|กา	โจ๋	โอ	กา	-	โอ	กด	Y	-	classical
โอ|กา	โฉ่	โอ	กา	-	โอ	Cant find Marttra in this word	Y	-	dict
โอ|กา	โชว์	โอ	กา	-	โอ	กด	Y	karun	dict
โอ|กา	โช่	โอ	กา	-	โอ	กด	Y	-	dict
โอ|กา	โญ	โอ	กา	-	โอ	กน	Y	-	classical
โอ|กา	โดว์	โอ	กา	-	โอ	กด	Y	karun	dict
โอ|กา	โด่	โอ	กา	-	โอ	กด	Y	-	dict
โอ|กา	โต	โอ	กา	-	โอ	กด	Y	-	classical
โอ|กา	โตว์	โอ	กา	-	โอ	กด	Y	karun	dict
โอ|กา	โท	โอ	กา	-	โอ	กด	Y	-	classical
โอ|กา	โธ	โอ	กา	-	โอ	กด	Y	-	classical
โอ|กา	โบร	โอ	กา	-	โอ	กน	Y	-	dict
โอ|กา	โบว์	โอ	กา	-	โอ	กบ	Y	karun	dict
โอ|กา	โบ้	โอ	กา	-	โอ	กบ	Y	-	dict
โอ|กา	โบ๋	โอ	กา	-	โอ	กบ	Y	-	dict
โอ|กา	โปร	โอ	กา	-	โอ	กน	Y	-	classical
โอ|กา	โปร์	โอ	กา	-	โอ	กบ	Y	karun	dict
โอ|กา	โป้	โอ	กา	-	โอ	กบ	Y	-	classical
โอ|กา	โป๊	โอ	กา	-	โอ	กบ	Y	-	dict
โอ|กา	โผ	โอ	กา	-	โอ	Cant find Marttra in this word	Y	-	classical
โอ|กา	โผล่	โอ	กา	-	โอ	กน	Y	-	classical
โอ|กา	โพ	โอ	กา	-	โอ	กบ	Y	-	classical
โอ|กา	โพธ์	โอ	กา	-	โอ	กบ	Y	karun	dict
โอ|กา	โพร	โอ	กา	-	โอ	กน	Y	-	dict
โอ|กา	โพล้	โอ	กา	-	โอ	กน	Y	-	classical
โอ|กา	โฟ	โอ	กา	-	โอ	กบ	Y	-	dict
โอ|กา	โม	โอ	กา	-	โอ	กม	Y	-	classical
โอ|กา	โม้	โอ	กา	-	โอ	กม	Y	-	classical
โอ|กา	โยต์	โอ	กา	-	โอ	เกย	Y	karun	dict
โอ|กา	โย่	โอ	กา	-	โอ	เกย	Y	-	classical
โอ|กา	โย้	โอ	กา	-	โอ	เกย	Y	-	classical
โอ|กา	โร	โอ	กา	-	โอ	กน	Y	-	classical
โอ|กา	โรซ์	โอ	กา	-	โอ	กน	Y	karun	dict
โอ|กา	โล	โอ	กา	-	โอ	กน	Y	-	classical
โอ|กา	โวล์	โอ	กา	-	โอ	เกอว	Y	karun	dict
โอ|กา	โว่	โอ	กา	-	โอ	เกอว	Y	-	dict
โอ|กา	โส	โอ	กา	-	โอ	กด	Y	-	classical
โอ|กา	โห	โอ	กา	-	โอ	Cant find Marttra in this word	Y	-	classical
โอ|กา	โหร	โอ	กา	-	โอ	กน	Y	-	classical
โอ|กา	โหล่	โอ	กา	-	โอ	กน	Y	-	dict
โอ|กา	โอต์	โอ	กา	-	โอ	กา	N	karun	dict
โอ|กา	โอ่	โอ	กา	-	โอ	กา	N	-	classical
โอ|กา	โอ้	โอ	กา	-	โอ	กา	N	-	classical
โอ|กา	โอ๊	โอ	กา	-	โอ	กา	N	-	dict
โอ|กา	โอ๋	โอ	กา	-	โอ	กา	N	-	classical
โอ|กา	โฮ	โอ	กา	-	โอ	Cant find Marttra in this word	Y	-	classical
โอ|กา	โฮส์	โอ	กา	-	โอ	Cant find Marttra in this word	Y	karun	dict
โอ|กา	โฮ้	โอ	กา	-	โอ	Cant find Marttra in this word	Y	-	dict
โอ|เกย	ขโมย	โอ	เกย	-	โอ	เกย	N	-	classical
โอ|เกย	โกย	โอ	เกย	-	โอ	เกย	N	-	classical
โอ|เกย	โชย	โอ	เกย	-	โอ	เกย	N	-	classical
โอ|เกย	โดย	โอ	เกย	-	โอ	เกย	N	-	classical
โอ|เกย	โบย	โอ	เกย	-	โอ	เกย	N	-	classical
โอ|เกย	โบ้ย	โอ	เกย	-	โอ	เกย	N	-	dict
โอ|เกย	โปรย	โอ	เกย	-	โอ	เกย	N	-	classical
โอ|เกย	โป้ย	โอ	เกย	-	โอ	เกย	N	-	dict
โอ|เกย	โป๊ย	โอ	เกย	-	โอ	เกย	N	-	dict
โอ|เกย	โรย	โอ	เกย	-	โอ	เกย	N	-	classical
โอ|เกย	โวย	โอ	เกย	-	โอ	เกย	N	-	classical
โอ|เกย	โว้ย	โอ	เกย	-	โอ	เกย	N	-	dict
โอ|เกย	โหย	โอ	เกย	-	โอ	เกย	N	-	classical
โอ|เกย	โอย	โอ	เกย	-	โอ	เกย	N	-	classical
โอ|เกย	โอ๊ย	โอ	เกย	-	โอ	เกย	N	-	classical
โอ|เกอว	โค้ว	โอ	เกอว	-	โอ	เกอว	N	-	dict
โอ|เกอว	โง้ว	โอ	เกอว	-	โอ	เกอว	N	-	dict
โอ|เกอว	โจว	โอ	เกอว	-	โอ	เกอว	N	-	dict
โอ|เกอว	โป๊ว	โอ	เกอว	-	โอ	เกอว	N	-	dict
โอ|เกอว	โรว	โอ	เกอว	-	โอ	เกอว	N	-	dict
โอ|เกอว	โหลว	โอ	เกอว	-	โอ	เกอว	N	-	dict
โอ|เกอว	โอว	โอ	เกอว	-	โอ	เกอว	N	-	dict
โอ|เกอว	โอ๊ว	โอ	เกอว	-	โอ	เกอว	N	-	dict
โอ|เกอว	โฮว	โอ	เกอว	-	โอ	เกอว	N	-	dict
โอะ|กก	กก	โอะ	กก	-	โอะ	กก	N	-	classical
โอะ|กก	กนก	โอะ	กก	-	ออ	กก	Y	-	classical
โอะ|กก	กรก	โอะ	กก	-	ออ	กก	Y	-	classical
โอะ|กก	ก๊ก	โอะ	กก	-	ออ	กก	Y	-	classical
โอะ|กก	คก	โอะ	กก	-	โอะ	กก	N	-	classical
โอะ|กก	ครก	โอะ	กก	-	ออ	กก	Y	-	classical
โอะ|กก	งก	โอะ	กก	-	โอะ	กก	N	-	classical
โอะ|กก	งค	โอะ	กก	-	โอะ	กก	N	-	dict
โอะ|กก	จก	โอะ	กก	-	โอะ	กก	N	-	classical
โอะ|กก	จ๊ก	โอะ	กก	-	ออ	กก	Y	-	dict
โอะ|กก	ฉก	โอะ	กก	-	โอะ	กก	N	-	classical
โอะ|กก	ชก	โอะ	กก	-	โอะ	กก	N	-	classical
โอะ|กก	ชนก	โอะ	กก	-	ออ	กก	Y	-	classical
โอะ|กก	ซก	โอะ	กก	-	โอะ	กก	N	-	classical
โอะ|กก	ซ่ก	โอะ	กก	-	ออ	กก	Y	-	dict
โอะ|กก	ฎก	โอะ	กก	-	โอะ	กก	N	-	dict
โอะ|กก	ฐก	โอะ	กก	-	โอะ	กก	N	-	dict
โอะ|กก	ดก	โอะ	กก	-	โอะ	กก	N	-	classical
โอะ|กก	ตก	โอะ	กก	-	โอะ	กก	N	-	classical
โอะ|กก	ตลก	โอะ	กก	-	ออ	กก	Y	-	classical
โอะ|กก	ถก	โอะ	กก	-	โอะ	กก	N	-	classical
โอะ|กก	ถลก	โอะ	กก	-	ออ	กก	Y	-	dict
โอะ|กก	ทก	โอะ	กก	-	โอะ	กก	N	-	classical
โอะ|กก	ธก	โอะ	กก	-	โอะ	กก	N	-	dict
โอะ|กก	นก	โอะ	กก	-	โอะ	กก	N	-	classical
โอะ|กก	นข	โอะ	กก	-	โอะ	กก	N	-	dict
โอะ|กก	นค	โอะ	กก	-	โอะ	กก	N	-	classical
โอะ|กก	นรก	โอะ	กก	-	ออ	กก	Y	-	classical
โอะ|กก	บก	โอะ	กก	-	โอะ	กก	N	-	classical
โอะ|กก	ปก	โอะ	กก	-	โอะ	กก	N	-	classical
โอะ|กก	ปรก	โอะ	กก	-	ออ	กก	Y	-	classical
โอะ|กก	ปลก	โอะ	กก	-	ออ	กก	Y	-	classical
โอะ|กก	ผก	โอะ	กก	-	โอะ	กก	N	-	classical
โอะ|กก	พก	โอะ	กก	-	โอะ	กก	N	-	classical
โอะ|กก	พสก	โอะ	กก	-	ออ	กก	Y	-	dict
โอะ|กก	ฟก	โอะ	กก	-	โอะ	กก	N	-	classical
โอะ|กก	ภก	โอะ	กก	-	โอะ	กก	N	-	dict
โอะ|กก	มก	โอะ	กก	-	โอะ	กก	N	-	classical
โอะ|กก	ยก	โอะ	กก	-	โอะ	กก	N	-	classical
โอะ|กก	ยมก	โอะ	กก	-	ออ	กก	Y	-	dict
โอะ|กก	รก	โอะ	กก	-	โอะ	กก	N	-	classical
โอะ|กก	ลก	โอะ	กก	-	โอะ	กก	N	-	classical
โอะ|กก	ศก	โอะ	กก	-	โอะ	กก	N	-	classical
โอะ|กก	ษก	โอะ	กก	-	โอะ	กก	N	-	classical
โอะ|กก	สก	โอะ	กก	-	โอะ	กก	N	-	classical
โอะ|กก	หก	โอะ	กก	-	โอะ	กก	N	-	classical
โอะ|กก	หค	โอะ	กก	-	โอะ	กก	N	-	classical
โอะ|กก	หงก	โอะ	กก	-	ออ	กก	Y	-	dict
โอะ|กก	หนก	โอะ	กก	-	ออ	กก	Y	-	classical
โอะ|กก	หมก	โอะ	กก	-	ออ	กก	Y	-	classical
โอะ|กก	หยก	โอะ	กก	-	ออ	กก	Y	-	classical
โอะ|กก	อก	โอะ	กก	-	ออ	กก	Y	-	classical
โอะ|กง	กง	โอะ	กง	-	โอะ	กง	N	-	classical
โอะ|กง	กรง	โอะ	กง	-	ออ	กง	Y	-	classical
โอะ|กง	ก้ง	โอะ	กง	-	ออ	กง	Y	-	dict
โอะ|กง	ก๊ง	โอะ	กง	-	ออ	กง	Y	-	dict
โอะ|กง	ก๋ง	โอะ	กง	-	ออ	กง	Y	-	classical
โอะ|กง	ขง	โอะ	กง	-	โอะ	กง	N	-	classical
โอะ|กง	ขนง	โอะ	กง	-	ออ	กง	Y	-	classical
โอะ|กง	คง	โอะ	กง	-	โอะ	กง	N	-	classical
โอะ|กง	งง	โอะ	กง	-	โอะ	กง	N	-	classical
โอะ|กง	จง	โอะ	กง	-	โอะ	กง	N	-	classical
โอะ|กง	จ๋ง	โอะ	กง	-	ออ	กง	Y	-	dict
โอะ|กง	ฉง	โอะ	กง	-	โอะ	กง	N	-	dict
โอะ|กง	ชง	โอะ	กง	-	โอะ	กง	N	-	classical
โอะ|กง	ชงค์	โอะ	กง	-	โอะ	กด	Y	karun	classical
โอะ|กง	ชงฆ์	โอะ	กง	-	โอะ	กด	Y	karun	classical
โอะ|กง	ซง	โอะ	กง	-	โอะ	กง	N	-	classical
โอะ|กง	ซ่ง	โอะ	กง	-	ออ	กง	Y	-	dict
โอะ|กง	ฌงค์	โอะ	กง	-	โอะ	Cant find Marttra in this word	Y	karun	dict
โอะ|กง	ณรงค์	โอะ	กง	-	ออ	กน	Y	karun	classical
โอะ|กง	ดง	โอะ	กง	-	โอะ	กง	N	-	classical
โอะ|กง	ดงค์	โอะ	กง	-	โอะ	กด	Y	karun	classical
โอะ|กง	ด้ง	โอะ	กง	-	ออ	กง	Y	-	classical
โอะ|กง	ตง	โอะ	กง	-	โอะ	กง	N	-	dict
โอะ|กง	ตรง	โอะ	กง	-	ออ	กง	Y	-	classical
โอะ|กง	ทง	โอะ	กง	-	โอะ	กง	N	-	classical
โอะ|กง	ทนง	โอะ	กง	-	ออ	กง	Y	-	dict
โอะ|กง	ทรง	โอะ	กง	-	ออ	กง	Y	-	classical
โอะ|กง	ธง	โอะ	กง	-	โอะ	กง	N	-	classical
โอะ|กง	นง	โอะ	กง	-	โอะ	กง	N	-	classical
โอะ|กง	บง	โอะ	กง	-	โอะ	กง	N	-	classical
โอะ|กง	บ๊ง	โอะ	กง	-	ออ	กง	Y	-	dict
โอะ|กง	ปง	โอะ	กง	-	โอะ	กง	N	-	dict
โอะ|กง	ผง	โอะ	กง	-	โอะ	กง	N	-	classical
โอะ|กง	พง	โอะ	กง	-	โอะ	กง	N	-	classical
โอะ|กง	พงศ์	โอะ	กง	-	โอะ	กบ	Y	karun	classical
โอะ|กง	พงษ์	โอะ	กง	-	โอะ	กบ	Y	karun	classical
โอะ|กง	ฟ้ง	โอะ	กง	-	ออ	กง	Y	-	classical
โอะ|กง	มง	โอะ	กง	-	โอะ	กง	N	-	classical
โอะ|กง	มงค์	โอะ	กง	-	โอะ	กม	Y	karun	classical
โอะ|กง	ม้ง	โอะ	กง	-	ออ	กง	Y	-	classical
โอะ|กง	ยง	โอะ	กง	-	โอะ	กง	N	-	classical
โอะ|กง	ยงค์	โอะ	กง	-	โอะ	เกย	Y	karun	classical
โอะ|กง	รงค์	โอะ	กง	-	โอะ	กน	Y	karun	classical
โอะ|กง	ลง	โอะ	กง	-	โอะ	กง	N	-	classical
โอะ|กง	ล้ง	โอะ	กง	-	ออ	กง	Y	-	dict
โอะ|กง	สง	โอะ	กง	-	โอะ	กง	N	-	classical
โอะ|กง	สงค์	โอะ	กง	-	โอะ	กด	Y	karun	classical
โอะ|กง	สงฆ์	โอะ	กง	-	โอะ	กด	Y	karun	classical
โอะ|กง	สงส์	โอะ	กง	-	โอะ	กด	Y	karun	classical
โอะ|กง	สบง	โอะ	กง	-	ออ	กง	Y	-	classical
โอะ|กง	สรง	โอะ	กง	-	ออ	กง	Y	-	classical
โอะ|กง	ส่ง	โอะ	กง	-	ออ	กง	Y	-	classical
โอะ|กง	หง	โอะ	กง	-	โอะ	กง	N	-	classical
โอะ|กง	หงษ์	โอะ	กง	-	โอะ	Cant find Marttra in this word	Y	karun	dict
โอะ|กง	หงส์	โอะ	กง	-	โอะ	Cant find Marttra in this word	Y	karun	classical
โอะ|กง	หย่ง	โอะ	กง	-	Can't find Sara in this word	กง	Y	-	classical
โอะ|กง	หลง	โอะ	กง	-	ออ	กง	Y	-	classical
โอะ|กง	อง	โอะ	กง	-	ออ	กง	Y	-	classical
โอะ|กง	องก์	โอะ	กง	-	ออ	กา	Y	karun	dict
โอะ|กง	องค์	โอะ	กง	-	ออ	กา	Y	karun	classical
โอะ|กง	อลง	โอะ	กง	-	ออ	กง	Y	-	classical
โอะ|กด	กช	โอะ	กด	-	โอะ	กด	N	-	classical
โอะ|กด	กฎ	โอะ	กด	-	โอะ	กด	N	-	classical
โอะ|กด	กฏ	โอะ	กด	-	โอะ	กด	N	-	classical
โอะ|กด	กด	โอะ	กด	-	โอะ	กด	N	-	classical
โอะ|กด	กต	โอะ	กด	-	โอะ	กด	N	-	classical
โอะ|กด	กบฎ	โอะ	กด	-	ออ	กด	Y	-	dict
โอะ|กด	กบฏ	โอะ	กด	-	ออ	กด	Y	-	classical
โอะ|กด	กรช	โอะ	กด	-	ออ	กด	Y	-	dict
โอะ|กด	กลด	โอะ	กด	-	ออ	กด	Y	-	classical
โอะ|กด	กลศ	โอะ	กด	-	ออ	กด	Y	-	classical
โอะ|กด	กศ	โอะ	กด	-	โอะ	กด	N	-	dict
โอะ|กด	ขด	โอะ	กด	-	โอะ	กด	N	-	classical
โอะ|กด	ขต	โอะ	กด	-	โอะ	กด	N	-	dict
โอะ|กด	ขนด	โอะ	กด	-	ออ	กด	Y	-	dict
โอะ|กด	ขบถ	โอะ	กด	-	ออ	กด	Y	-	classical
โอะ|กด	ขยด	โอะ	กด	-	ออ	กด	Y	-	classical
โอะ|กด	คช	โอะ	กด	-	โอะ	กด	N	-	classical
โอะ|กด	คต	โอะ	กด	-	โอะ	กด	N	-	classical
โอะ|กด	จด	โอะ	กด	-	โอะ	กด	N	-	classical
โอะ|กด	จรด	โอะ	กด	-	ออ	กด	Y	-	classical
โอะ|กด	ชด	โอะ	กด	-	โอะ	กด	N	-	classical
โอะ|กด	ชมด	โอะ	กด	-	ออ	กด	Y	-	classical
โอะ|กด	ชส	โอะ	กด	-	โอะ	กด	N	-	dict
โอะ|กด	ซด	โอะ	กด	-	โอะ	กด	N	-	classical
โอะ|กด	ตด	โอะ	กด	-	โอะ	กด	N	-	dict
โอะ|กด	ถด	โอะ	กด	-	โอะ	กด	N	-	classical
โอะ|กด	ทด	โอะ	กด	-	โอะ	กด	N	-	classical
โอะ|กด	ทศ	โอะ	กด	-	โอะ	กด	N	-	classical
โอะ|กด	บด	โอะ	กด	-	โอะ	กด	N	-	classical
โอะ|กด	บถ	โอะ	กด	-	โอะ	กด	N	-	dict
โอะ|กด	บส	โอะ	กด	-	โอะ	กด	N	-	classical
โอะ|กด	ปฐ	โอะ	กด	-	โอะ	กด	N	-	classical
โอะ|กด	ปณต	โอะ	กด	-	ออ	กด	Y	-	dict
โอะ|กด	ปด	โอะ	กด	-	โอะ	กด	N	-	classical
โอะ|กด	ปลด	โอะ	กด	-	ออ	กด	Y	-	classical
โอะ|กด	ผด	โอะ	กด	-	โอะ	กด	N	-	dict
โอะ|กด	พจน์	โอะ	กด	-	โอะ	กบ	Y	karun	classical
โอะ|กด	พด	โอะ	กด	-	โอะ	กด	N	-	classical
โอะ|กด	พยศ	โอะ	กด	-	ออ	กด	Y	-	classical
โอะ|กด	ภรต	โอะ	กด	-	ออ	กด	Y	-	dict
โอะ|กด	มด	โอะ	กด	-	โอะ	กด	N	-	classical
โอะ|กด	ยด	โอะ	กด	-	โอะ	กด	N	-	classical
โอะ|กด	ยศ	โอะ	กด	-	โอะ	กด	N	-	classical
โอะ|กด	ยส	โอะ	กด	-	โอะ	กด	N	-	dict
โอะ|กด	รจ	โอะ	กด	-	โอะ	กด	N	-	classical
โอะ|กด	รด	โอะ	กด	-	โอะ	กด	N	-	classical
โอะ|กด	รถ	โอะ	กด	-	โอะ	กด	N	-	classical
โอะ|กด	รส	โอะ	กด	-	โอะ	กด	N	-	classical
โอะ|กด	ลด	โอะ	กด	-	โอะ	กด	N	-	classical
โอะ|กด	สด	โอะ	กด	-	โอะ	กด	N	-	classical
โอะ|กด	สถ	โอะ	กด	-	โอะ	กด	N	-	classical
โอะ|กด	สบถ	โอะ	กด	-	ออ	กด	Y	-	classical
โอะ|กด	สยด	โอะ	กด	-	ออ	กด	Y	-	classical
โอะ|กด	สลด	โอะ	กด	-	ออ	กด	Y	-	classical
โอะ|กด	หด	โอะ	กด	-	โอะ	กด	N	-	classical
โอะ|กด	หนด	โอะ	กด	-	ออ	กด	Y	-	classical
โอะ|กด	หยด	โอะ	กด	-	ออ	กด	Y	-	classical
โอะ|กด	ฬส	โอะ	กด	-	โอะ	กด	N	-	classical
โอะ|กด	อด	โอะ	กด	-	ออ	กด	Y	-	classical
โอะ|กด	อมต	โอะ	กด	-	ออ	กด	Y	-	dict
โอะ|กด	อส	โอะ	กด	-	ออ	กด	Y	-	classical
โอะ|กน	กมล	โอะ	กน	-	ออ	กน	Y	-	classical
โอะ|กน	กรน	โอะ	กน	-	ออ	กน	Y	-	classical
โอะ|กน	ก่น	โอะ	กน	-	ออ	กน	Y	-	classical
โอะ|กน	ขน	โอะ	กน	-	โอะ	กน	N	-	classical
โอะ|กน	ข้น	โอะ	กน	-	ออ	กน	Y	-	classical
โอะ|กน	คณ	โอะ	กน	-	โอะ	Cant find Marttra in this word	Y	-	classical
โอะ|กน	คนธ์	โอะ	กน	-	โอะ	กก	Y	karun	classical
โอะ|กน	คล	โอะ	กน	-	โอะ	กน	N	-	classical
โอะ|กน	ฆน	โอะ	กน	-	โอะ	กน	N	-	dict
โอะ|กน	จล	โอะ	กน	-	โอะ	กน	N	-	classical
โอะ|กน	จลน	โอะ	กน	-	ออ	กน	Y	-	dict
โอะ|กน	จลน์	โอะ	กน	-	โอะ	กด	Y	karun	dict
โอะ|กน	ฉล	โอะ	กน	-	โอะ	กน	N	-	classical
โอะ|กน	ชน	โอะ	กน	-	โอะ	กน	N	-	classical
โอะ|กน	ชนม์	โอะ	กน	-	โอะ	กด	Y	karun	classical
โอะ|กน	ชล	โอะ	กน	-	โอะ	กน	N	-	classical
โอะ|กน	ซน	โอะ	กน	-	โอะ	กน	N	-	classical
โอะ|กน	ฑล	โอะ	กน	-	โอะ	กน	N	-	classical
โอะ|กน	ดน	โอะ	กน	-	โอะ	กน	N	-	classical
โอะ|กน	ดล	โอะ	กน	-	โอะ	กน	N	-	classical
โอะ|กน	ตน	โอะ	กน	-	โอะ	กน	N	-	classical
โอะ|กน	ต้น	โอะ	กน	-	ออ	กน	Y	-	classical
โอะ|กน	ถลน	โอะ	กน	-	ออ	กน	Y	-	classical
โอะ|กน	ทน	โอะ	กน	-	โอะ	กน	N	-	classical
โอะ|กน	ทนต์	โอะ	กน	-	โอะ	กด	Y	karun	classical
โอะ|กน	ธน	โอะ	กน	-	โอะ	กน	N	-	classical
โอะ|กน	นน	โอะ	กน	-	โอะ	กน	N	-	classical
โอะ|กน	บน	โอะ	กน	-	โอะ	กน	N	-	classical
โอะ|กน	บ่น	โอะ	กน	-	ออ	กน	Y	-	classical
โอะ|กน	ปณ	โอะ	กน	-	โอะ	Cant find Marttra in this word	Y	-	dict
โอะ|กน	ปน	โอะ	กน	-	โอะ	กน	N	-	classical
โอะ|กน	ปรน	โอะ	กน	-	ออ	กน	Y	-	classical
โอะ|กน	ป่น	โอะ	กน	-	ออ	กน	Y	-	classical
โอะ|กน	ผจญ	โอะ	กน	-	ออ	กน	Y	-	classical
โอะ|กน	พ่น	โอะ	กน	-	ออ	กน	Y	-	classical
โอะ|กน	พ้น	โอะ	กน	-	ออ	กน	Y	-	classical
โอะ|กน	ภณ	โอะ	กน	-	โอะ	Cant find Marttra in this word	Y	-	dict
โอะ|กน	ภน	โอะ	กน	-	โอะ	กน	N	-	dict
โอะ|กน	มณฑ์	โอะ	กน	-	โอะ	กม	Y	karun	dict
โอะ|กน	มน	โอะ	กน	-	โอะ	กน	N	-	classical
โอะ|กน	มนตร์	โอะ	กน	-	ออ	กน	Y	karun	classical
โอะ|กน	มนต์	โอะ	กน	-	โอะ	กม	Y	karun	classical
โอะ|กน	ยนตร์	โอะ	กน	-	ออ	กน	Y	karun	classical
โอะ|กน	ยนต์	โอะ	กน	-	โอะ	เกย	Y	karun	classical
โอะ|กน	รณ	โอะ	กน	-	โอะ	Cant find Marttra in this word	Y	-	classical
โอะ|กน	รน	โอะ	กน	-	โอะ	กน	N	-	classical
โอะ|กน	ร่น	โอะ	กน	-	ออ	กน	Y	-	classical
โอะ|กน	ร้น	โอะ	กน	-	ออ	กน	Y	-	classical
โอะ|กน	ลน	โอะ	กน	-	โอะ	กน	N	-	classical
โอะ|กน	ล่น	โอะ	กน	-	ออ	กน	Y	-	dict
โอะ|กน	ศล	โอะ	กน	-	โอะ	กน	N	-	classical
โอะ|กน	สกล	โอะ	กน	-	ออ	กน	Y	-	classical
โอะ|กน	สน	โอะ	กน	-	โอะ	กน	N	-	classical
โอะ|กน	สนน	โอะ	กน	-	ออ	กน	Y	-	dict
โอะ|กน	สมนต์	โอะ	กน	-	ออ	กม	Y	karun	dict
โอะ|กน	สรณ	โอะ	กน	-	ออ	Cant find Marttra in this word	Y	-	dict
โอะ|กน	ส้น	โอะ	กน	-	ออ	กน	Y	-	classical
โอะ|กน	หล	โอะ	กน	-	โอะ	กน	N	-	classical
โอะ|กน	หลน	โอะ	กน	-	ออ	กน	Y	-	classical
โอะ|กน	หล่น	โอะ	กน	-	Can't find Sara in this word	กน	Y	-	classical
โอะ|กน	อ้น	โอะ	กน	-	ออ	กน	Y	-	classical
โอะ|กบ	กบ	โอะ	กบ	-	โอะ	กบ	N	-	classical
โอะ|กบ	กป	โอะ	กบ	-	โอะ	กบ	N	-	dict
โอะ|กบ	กรบ	โอะ	กบ	-	ออ	กบ	Y	-	classical
โอะ|กบ	กลบ	โอะ	กบ	-	ออ	กบ	Y	-	classical
โอะ|กบ	ขนบ	โอะ	กบ	-	ออ	กบ	Y	-	classical
โอะ|กบ	ขบ	โอะ	กบ	-	โอะ	กบ	N	-	classical
โอะ|กบ	คบ	โอะ	กบ	-	โอะ	กบ	N	-	classical
โอะ|กบ	คพ	โอะ	กบ	-	โอะ	กบ	N	-	dict
โอะ|กบ	ครบ	โอะ	กบ	-	ออ	กบ	Y	-	classical
โอะ|กบ	งบ	โอะ	กบ	-	โอะ	กบ	N	-	classical
โอะ|กบ	จบ	โอะ	กบ	-	โอะ	กบ	N	-	classical
โอะ|กบ	ฉบบ	โอะ	กบ	-	ออ	กบ	Y	-	dict
โอะ|กบ	ฉมบ	โอะ	กบ	-	ออ	กบ	Y	-	dict
โอะ|กบ	ซบ	โอะ	กบ	-	โอะ	กบ	N	-	classical
โอะ|กบ	ฑป	โอะ	กบ	-	โอะ	กบ	N	-	classical
โอะ|กบ	ณพ	โอะ	กบ	-	โอะ	กบ	N	-	classical
โอะ|กบ	ดบ	โอะ	กบ	-	โอะ	กบ	N	-	classical
โอะ|กบ	ตบ	โอะ	กบ	-	โอะ	กบ	N	-	classical
โอะ|กบ	ตลบ	โอะ	กบ	-	ออ	กบ	Y	-	classical
โอะ|กบ	ทบ	โอะ	กบ	-	โอะ	กบ	N	-	classical
โอะ|กบ	นบ	โอะ	กบ	-	โอะ	กบ	N	-	classical
โอะ|กบ	นพ	โอะ	กบ	-	โอะ	กบ	N	-	classical
โอะ|กบ	บบ	โอะ	กบ	-	โอะ	กบ	N	-	classical
โอะ|กบ	ปบ	โอะ	กบ	-	โอะ	กบ	N	-	classical
โอะ|กบ	ปรบ	โอะ	กบ	-	ออ	กบ	Y	-	classical
โอะ|กบ	พบ	โอะ	กบ	-	โอะ	กบ	N	-	classical
โอะ|กบ	พยพ	โอะ	กบ	-	ออ	กบ	Y	-	dict
โอะ|กบ	พลบ	โอะ	กบ	-	ออ	กบ	Y	-	classical
โอะ|กบ	ภพ	โอะ	กบ	-	โอะ	กบ	N	-	classical
โอะ|กบ	ภพน์	โอะ	กบ	-	โอะ	กบ	N	karun	dict
โอะ|กบ	ยป	โอะ	กบ	-	โอะ	กบ	N	-	dict
โอะ|กบ	ยพ	โอะ	กบ	-	โอะ	กบ	N	-	classical
โอะ|กบ	รบ	โอะ	กบ	-	โอะ	กบ	N	-	classical
โอะ|กบ	รพ	โอะ	กบ	-	โอะ	กบ	N	-	classical
โอะ|กบ	รภ	โอะ	กบ	-	โอะ	กบ	N	-	classical
โอะ|กบ	ลบ	โอะ	กบ	-	โอะ	กบ	N	-	classical
โอะ|กบ	ลพ	โอะ	กบ	-	โอะ	กบ	N	-	classical
โอะ|กบ	ลภ	โอะ	กบ	-	โอะ	กบ	N	-	classical
โอะ|กบ	ศพ	โอะ	กบ	-	โอะ	กบ	N	-	classical
โอะ|กบ	ษภ	โอะ	กบ	-	โอะ	กบ	N	-	dict
โอะ|กบ	สงบ	โอะ	กบ	-	ออ	กบ	Y	-	classical
โอะ|กบ	สบ	โอะ	กบ	-	โอะ	กบ	N	-	classical
โอะ|กบ	สพ	โอะ	กบ	-	โอะ	กบ	N	-	classical
โอะ|กบ	สยบ	โอะ	กบ	-	ออ	กบ	Y	-	classical
โอะ|กบ	สลบ	โอะ	กบ	-	ออ	กบ	Y	-	classical
โอะ|กบ	หยบ	โอะ	กบ	-	ออ	กบ	Y	-	dict
โอะ|กบ	หลบ	โอะ	กบ	-	ออ	กบ	Y	-	classical
โอะ|กบ	อบ	โอะ	กบ	-	ออ	กบ	Y	-	classical
โอะ|กบ	อป	โอะ	กบ	-	ออ	กบ	Y	-	classical
โอะ|กบ	อพ	โอะ	กบ	-	ออ	กบ	Y	-	classical
โอะ|กม	กม	โอะ	กม	-	โอะ	กม	N	-	classical
โอะ|กม	กรม	โอะ	กม	-	ออ	กม	Y	-	classical
โอะ|กม	กลม	โอะ	กม	-	ออ	กม	Y	-	classical
โอะ|กม	ก้ม	โอะ	กม	-	ออ	กม	Y	-	classical
โอะ|กม	ขนม	โอะ	กม	-	ออ	กม	Y	-	classical
โอะ|กม	ขม	โอะ	กม	-	โอะ	กม	N	-	classical
โอะ|กม	ขย่ม	โอะ	กม	-	Can't find Sara in this word	กม	Y	-	dict
โอะ|กม	ขรม	โอะ	กม	-	ออ	กม	Y	-	classical
โอะ|กม	ข่ม	โอะ	กม	-	ออ	กม	Y	-	classical
โอะ|กม	คม	โอะ	กม	-	โอะ	กม	N	-	classical
โอะ|กม	คมน์	โอะ	กม	-	โอะ	กก	Y	karun	dict
โอะ|กม	งม	โอะ	กม	-	โอะ	กม	N	-	classical
โอะ|กม	จม	โอะ	กม	-	โอะ	กม	N	-	classical
โอะ|กม	ฉม	โอะ	กม	-	โอะ	กม	N	-	dict
โอะ|กม	ชนม	โอะ	กม	-	ออ	กม	Y	-	classical
โอะ|กม	ชม	โอะ	กม	-	โอะ	กม	N	-	classical
โอะ|กม	ชมน์	โอะ	กม	-	โอะ	กด	Y	karun	dict
โอะ|กม	ซม	โอะ	กม	-	โอะ	กม	N	-	classical
โอะ|กม	ณม	โอะ	กม	-	โอะ	กม	N	-	dict
โอะ|กม	ดม	โอะ	กม	-	โอะ	กม	N	-	classical
โอะ|กม	ตม	โอะ	กม	-	โอะ	กม	N	-	classical
โอะ|กม	ต้ม	โอะ	กม	-	ออ	กม	Y	-	classical
โอะ|กม	ถม	โอะ	กม	-	โอะ	กม	N	-	classical
โอะ|กม	ถล่ม	โอะ	กม	-	Can't find Sara in this word	กม	Y	-	classical
โอะ|กม	ถ่ม	โอะ	กม	-	ออ	กม	Y	-	classical
โอะ|กม	ทม	โอะ	กม	-	โอะ	กม	N	-	classical
โอะ|กม	ธม	โอะ	กม	-	โอะ	กม	N	-	dict
โอะ|กม	นม	โอะ	กม	-	โอะ	กม	N	-	classical
โอะ|กม	บม	โอะ	กม	-	โอะ	กม	N	-	classical
โอะ|กม	บรม	โอะ	กม	-	ออ	กม	Y	-	classical
โอะ|กม	บ่ม	โอะ	กม	-	ออ	กม	Y	-	classical
โอะ|กม	ปฐม	โอะ	กม	-	ออ	กม	Y	-	classical
โอะ|กม	ปม	โอะ	กม	-	โอะ	กม	N	-	classical
โอะ|กม	ปรม	โอะ	กม	-	ออ	กม	Y	-	dict
โอะ|กม	ผทม	โอะ	กม	-	ออ	กม	Y	-	dict
โอะ|กม	ผม	โอะ	กม	-	โอะ	กม	N	-	classical
โอะ|กม	ผสม	โอะ	กม	-	ออ	กม	Y	-	dict
โอะ|กม	พนม	โอะ	กม	-	ออ	กม	Y	-	classical
โอะ|กม	พรม	โอะ	กม	-	ออ	กม	Y	-	classical
โอะ|กม	พรหม	โอะ	กม	-	Can't find Sara in this word	กม	Y	-	classical
โอะ|กม	มม	โอะ	กม	-	โอะ	กม	N	-	classical
โอะ|กม	ยม	โอะ	กม	-	โอะ	กม	N	-	classical
โอะ|กม	รม	โอะ	กม	-	โอะ	กม	N	-	classical
โอะ|กม	รมณ์	โอะ	กม	-	โอะ	กน	Y	karun	classical
โอะ|กม	รมย์	โอะ	กม	-	โอะ	กน	Y	karun	classical
โอะ|กม	ร่ม	โอะ	กม	-	ออ	กม	Y	-	classical
โอะ|กม	ลม	โอะ	กม	-	โอะ	กม	N	-	classical
โอะ|กม	ลมพ์	โอะ	กม	-	โอะ	กน	Y	karun	dict
โอะ|กม	ล่ม	โอะ	กม	-	ออ	กม	Y	-	classical
โอะ|กม	ล้ม	โอะ	กม	-	ออ	กม	Y	-	classical
โอะ|กม	ศรม	โอะ	กม	-	ออ	กม	Y	-	classical
โอะ|กม	สนม	โอะ	กม	-	ออ	กม	Y	-	classical
โอะ|กม	สม	โอะ	กม	-	โอะ	กม	N	-	classical
โอะ|กม	สยม	โอะ	กม	-	ออ	กม	Y	-	classical
โอะ|กม	ส้ม	โอะ	กม	-	ออ	กม	Y	-	classical
โอะ|กม	หงม	โอะ	กม	-	ออ	กม	Y	-	dict
โอะ|กม	หมม	โอะ	กม	-	ออ	กม	Y	-	classical
โอะ|กม	หล่ม	โอะ	กม	-	Can't find Sara in this word	กม	Y	-	classical
โอะ|กม	ห่ม	โอะ	กม	-	ออ	กม	Y	-	classical
โอะ|กม	อม	โอะ	กม	-	ออ	กม	Y	-	classical
โอะ|กา	คห	โอะ	กา	-	โอะ	Cant find Marttra in this word	Y	-	dict
โอะ|กา	มห	โอะ	กา	-	โอะ	Cant find Marttra in this word	Y	-	dict
โอะ|กา	สห	โอะ	กา	-	โอะ	Cant find Marttra in this word	Y	-	dict
โอะ|กา	ฬห	โอะ	กา	-	โอะ	Cant find Marttra in this word	Y	-	dict
โอะ|กา	โกะ	โอะ	กา	-	โอะ	กา	N	-	dict
โอะ|กา	โก๊ะ	โอะ	กา	-	โอะ	กา	N	-	dict
โอะ|กา	โตะ	โอะ	กา	-	โอะ	กา	N	-	dict
โอะ|กา	โต๊ะ	โอะ	กา	-	โอะ	กา	N	-	classical
โอะ|กา	โปะ	โอะ	กา	-	โอะ	กา	N	-	dict
โอะ|กา	โป๊ะ	โอะ	กา	-	โอะ	กา	N	-	dict
โอะ|กา	โมะ	โอะ	กา	-	โอะ	กา	N	-	dict
โอะ|กา	โระ	โอะ	กา	-	โอะ	กา	N	-	dict
โอะ|กา	โละ	โอะ	กา	-	โอะ	กา	N	-	classical
โอะ|กา	โล๊ะ	โอะ	กา	-	โอะ	กา	N	-	dict
โอะ|กา	โสะ	โอะ	กา	-	โอะ	กา	N	-	dict
โอะ|กา	โอะ	โอะ	กา	-	โอะ	กา	N	-	dict
โอะ|กา	โอ๊ะ	โอะ	กา	-	โอะ	กา	N	-	dict
โอะ|กา	โฮะ	โอะ	กา	-	โอะ	กา	N	-	dict
โอะ|เกย	ทย	โอะ	เกย	-	โอะ	เกย	N	-	dict
โอะ|เกย	รย	โอะ	เกย	-	โอะ	เกย	N	-	classical
ไอ|กน	ไจร	ไอ	กน	-	ไอ	กา	Y	-	dict
ไอ|กน	ไดรด์	ไอ	กน	-	ไอ	กา	Y	karun	dict
ไอ|กน	ไดรฟ์	ไอ	กน	-	ไอ	กา	Y	karun	dict
ไอ|กน	ไทร	ไอ	กน	-	ไอ	กา	Y	-	classical
ไอ|กน	ไฟลท์	ไอ	กน	-	ไอ	กา	Y	karun	dict
ไอ|กน	ไวลด์	ไอ	กน	-	ไอ	กา	Y	karun	dict
ไอ|กา	กรัย	อะ	เกย	N1	ไอ	กา	Y	sara_norm|true_final	dict
ไอ|กา	กวัย	อะ	เกย	N1	ไอ	กา	Y	sara_norm|true_final	dict
ไอ|กา	กัย	อะ	เกย	N1	ไอ	กา	Y	sara_norm|true_final	classical
ไอ|กา	ขัย	อะ	เกย	N1	ไอ	กา	Y	sara_norm|true_final	dict
ไอ|กา	คัย	อะ	เกย	N1	ไอ	กา	Y	sara_norm|true_final	dict
ไอ|กา	จัย	อะ	เกย	N1	ไอ	กา	Y	sara_norm|true_final	classical
ไอ|กา	ฉัย	อะ	เกย	N1	ไอ	กา	Y	sara_norm|true_final	classical
ไอ|กา	ชัย	อะ	เกย	N1	ไอ	กา	Y	sara_norm|true_final	classical
ไอ|กา	ซัย	อะ	เกย	N1	ไอ	กา	Y	sara_norm|true_final	dict
ไอ|กา	ตรัย	อะ	เกย	N1	ไอ	กา	Y	sara_norm|true_final	classical
ไอ|กา	ทนัย	อะ	เกย	N1	ไอ	กา	Y	sara_norm|true_final	dict
ไอ|กา	ทัย	อะ	เกย	N1	ไอ	กา	Y	sara_norm|true_final	classical
ไอ|กา	ธัย	อะ	เกย	N1	ไอ	กา	Y	sara_norm|true_final	dict
ไอ|กา	นัย	อะ	เกย	N1	ไอ	กา	Y	sara_norm|true_final	classical
ไอ|กา	นัยน์	อะ	เกย	N1	ไอ	กา	Y	karun|sara_norm	classical
ไอ|กา	ปัตย	อะ	เกย	N1	ไอ	กา	Y	sara_norm|true_final	dict
ไอ|กา	ภัย	อะ	เกย	N1	ไอ	กา	Y	sara_norm|true_final	classical
ไอ|กา	มัธย	อะ	เกย	N1	ไอ	กา	Y	sara_norm|true_final	dict
ไอ|กา	มัย	อะ	เกย	N1	ไอ	กา	Y	sara_norm|true_final	classical
ไอ|กา	มั้ย	อะ	เกย	N1	ไอ	กา	Y	sara_norm|true_final	dict
ไอ|กา	รัย	อะ	เกย	N1	ไอ	กา	Y	sara_norm|true_final	classical
ไอ|กา	ลัย	อะ	เกย	N1	ไอ	กา	Y	sara_norm|true_final	classical
ไอ|กา	วัย	อะ	เกย	N1	ไอ	กา	Y	sara_norm|true_final	classical
ไอ|กา	ศรัย	อะ	เกย	N1	ไอ	กา	Y	sara_norm|true_final	classical
ไอ|กา	ศักย	อะ	เกย	N1	ไอ	กา	Y	sara_norm|true_final	dict
ไอ|กา	ศัย	อะ	เกย	N1	ไอ	กา	Y	sara_norm|true_final	classical
ไอ|กา	ศัลย	อะ	เกย	N1	ไอ	กา	Y	sara_norm|true_final	dict
ไอ|กา	ษัย	อะ	เกย	N1	ไอ	กา	Y	sara_norm|true_final	classical
ไอ|กา	สมัย	อะ	เกย	N1	ไอ	กา	Y	sara_norm|true_final	classical
ไอ|กา	สัย	อะ	เกย	N1	ไอ	กา	Y	sara_norm|true_final	classical
ไอ|กา	สไตล์	ไอ	กา	-	ไอ	กา	N	karun	dict
ไอ|กา	สไบ	ไอ	กา	-	ไอ	กา	N	-	classical
ไอ|กา	สไปค์	ไอ	กา	-	ไอ	กา	N	karun	dict
ไอ|กา	สไปส์	ไอ	กา	-	ไอ	กา	N	karun	dict
ไอ|กา	หทัย	อะ	เกย	N1	ไอ	กา	Y	sara_norm|true_final	classical
ไอ|กา	อภัย	อะ	เกย	N1	ไอ	กา	Y	sara_norm|true_final	classical
ไอ|กา	อวัย	อะ	เกย	N1	ไอ	กา	Y	sara_norm|true_final	dict
ไอ|กา	อัย	อะ	เกย	N1	ไอ	กา	Y	sara_norm|true_final	classical
ไอ|กา	ฮัย	อะ	เกย	N1	ไอ	กา	Y	sara_norm|true_final	dict
ไอ|กา	ใคร	ไอ	กา	-	ไอ	กา	N	-	classical
ไอ|กา	ใจ	ไอ	กา	-	ไอ	กา	N	-	classical
ไอ|กา	ไก	ไอ	กา	-	ไอ	กา	N	-	classical
ไอ|กา	ไก๋	ไอ	กา	-	ไอ	กา	N	-	classical
ไอ|กา	ไขว่	ไอ	กา	-	ไอ	กา	N	-	classical
ไอ|กา	ไง๋	ไอ	กา	-	ไอ	กา	N	-	dict
ไอ|กา	ไจ	ไอ	กา	-	ไอ	กา	N	-	classical
ไอ|กา	ไฉ	ไอ	กา	-	ไอ	กา	N	-	classical
ไอ|กา	ไช	ไอ	กา	-	ไอ	กา	N	-	classical
ไอ|กา	ไซด์	ไอ	กา	-	ไอ	กา	N	karun	dict
ไอ|กา	ไดร์	ไอ	กา	-	ไอ	กา	N	karun	dict
ไอ|กา	ได้	ไอ	กา	-	ไอ	กา	N	-	classical
ไอ|กา	ได๋	ไอ	กา	-	ไอ	กา	N	-	dict
ไอ|กา	ไตย์	ไอ	กา	-	ไอ	กา	N	karun	dict
ไอ|กา	ไตร่	ไอ	กา	-	ไอ	กา	N	-	dict
ไอ|กา	ไต่	ไอ	กา	-	ไอ	กา	N	-	classical
ไอ|กา	ไต้น	ไอ	กา	-	ไอ	กา	N	-	dict
ไอ|กา	ไท	ไอ	กา	-	ไอ	กา	N	-	classical
ไอ|กา	ไทย	ไอ	กา	-	ไอ	กา	N	true_final	classical
ไอ|กา	ไพร์	ไอ	กา	-	ไอ	กา	N	karun	dict
ไอ|กา	ไม้	ไอ	กา	-	ไอ	กา	N	-	classical
ไอ|กา	ไร	ไอ	กา	-	ไอ	กา	N	-	classical
ไอ|กา	ไรท์	ไอ	กา	-	ไอ	กา	N	karun	dict
ไอ|กา	ไรห์	ไอ	กา	-	ไอ	กา	N	karun	dict
ไอ|กา	ไลฟ์	ไอ	กา	-	ไอ	กา	N	karun	dict
ไอ|กา	ไวท์ส	ไอ	กา	-	ไอ	กา	N	karun	dict
ไอ|กา	ไศย	ไอ	กา	-	ไอ	กา	N	true_final	dict
ไอ|กา	ไฮด์	ไอ	กา	-	ไอ	กา	N	karun	dict
