id	kind	rule	op	wak#	swap(S->C)	orig_wak	new_wak	S_sara	S_mat	C_sara	C_mat	S_pron	S_pron_src	C_pron	C_pron_src	partner	tag	both_norm	oldA_fail	broken	loc	note
pos_010000	positive	r1_w1_w2	HP_tricky	w1	ทวีป->ทีฟ	อันเป็นมิ่งโมลีสี่ทวีป	อันเป็นมิ่งโมลีสี่ทีฟ	อี	กบ	อี	กบ	ทะวีบ	override	ทีฟ	w2p	ดัง(อะ/กง);ประ(อะ/กา);ทีป(อี/กบ);ส่อง(ออ/กง);ทั่ว(อัว/กา)	mattra_family	N	N	-	SuphasaetSonYing#SuphasaetSonYing_1:0	tricky-rhyme positive
pos_010001	positive	r1_w1_w2	HP_tricky	w1	ศักดิ์->พยัก	ผู้ใดเกิดเป็นสตรีอันมีศักดิ์	ผู้ใดเกิดเป็นสตรีอันมีพยัก	อะ	กก	อะ	กก	สัก	override	พะยัก	override	บำ(อำ/กา);รุง(อุ/กง);รัก(อะ/กก);กาย(อา/เกย);ไว้(ไอ/กา)	karun	N	N	-	SuphasaetSonYing#SuphasaetSonYing_1:3	tricky-rhyme positive
pos_010002	positive	r1_w1_w2	HP_tricky	w1	สูง->ยูง	อันตัวต่ำแล้วอย่าทำให้กายสูง	อันตัวต่ำแล้วอย่าทำให้กายยูง	อู	กง	อู	กง	สูง	w2p	ยูง	w2p	ดู(อู/กา);เยี่ยง(เอีย/กง);ยูง(อู/กง);แวว(แอ/เกอว);ยัง(อะ/กง)	mattra_family	N	N	-	SuphasaetSonYing#SuphasaetSonYing_1:5	tricky-rhyme positive
pos_010003	positive	r1_w1_w2	HP_tricky	w1	สงวน->ต่วน	จะนุ่งห่มดูพอสมศักดิ์สงวน	จะนุ่งห่มดูพอสมศักดิ์ต่วน	อัว	กน	อัว	กน	สะงวน	w2p	ต่วน	w2p	ให้(ไอ/กา);สม(โอะ/กม);ควร(อัว/กน);รับ(อะ/กบ);พักตร์(อะ/กก)	mattra_family	N	N	-	SuphasaetSonYing#SuphasaetSonYing_1:6	tricky-rhyme positive
pos_010004	positive	r1_w1_w2	HP_tricky	w1	พักตร์->นัก	จะเก็บไรไว้ผมให้สมพักตร์	จะเก็บไรไว้ผมให้สมนัก	อะ	กก	อะ	กก	พัก	override	นัก	override	บำ(อำ/กา);รุง(อุ/กง);ศักดิ์(อะ/กก);ตาม(อา/กม);ศรี(อี/กา)	karun	N	N	-	SuphasaetSonYing#SuphasaetSonYing_1:7	tricky-rhyme positive
pos_010005	positive	r1_w1_w2	HP_tricky	w1	ขาด->ศาสตร์	ใครเห็นน้องต้องนิยมชมไม่ขาด	ใครเห็นน้องต้องนิยมชมไม่ศาสตร์	อา	กด	อา	กด	ขาด	override	สาด	w2p	ว่า(อา/กา);ฉลาด(อา/กด);แต่ง(แอ/กง);ร่าง(อา/กง);เหมือน(เอือ/กน)	karun	N	N	-	SuphasaetSonYing#SuphasaetSonYing_1:8	tricky-rhyme positive
pos_010006	positive	r1_w1_w2	HP_tricky	w1	ห่ม->บรม	อย่าเดินกรายย้ายอกยกผ้าห่ม	อย่าเดินกรายย้ายอกยกผ้าบรม	โอะ	กม	โอะ	กม	ห่ม	w2p	บอรม	override	อย่า(อา/กา);เสย(เออ/เกย);ผม(โอะ/กม);กลาง(อา/กง);ทาง(อา/กง)	mattra_family	N	N	-	SuphasaetSonYing#SuphasaetSonYing_1:10	tricky-rhyme positive
pos_010007	positive	r1_w1_w2	HP_tricky	w1	ชอบ->นอบ	ให้กำหนดจดจำแต่คำชอบ	ให้กำหนดจดจำแต่คำนอบ	ออ	กบ	ออ	กบ	ชอบ	override	นอบ	w2p	ผิด(อิ/กด);ระ(อะ/กา);บอบ(ออ/กบ);แบบ(แอ/กบ);กระ(อะ/กา)	mattra_family	N	N	-	SuphasaetSonYing#SuphasaetSonYing_1:11	tricky-rhyme positive
pos_010008	positive	r1_w1_w2	HP_tricky	w1	นัก->พักตร์	อนึ่งเนตรอย่าสังเกตให้เกินนัก	อนึ่งเนตรอย่าสังเกตให้เกินพักตร์	อะ	กก	อะ	กก	นัก	override	พัก	override	จง(โอะ/กง);รู้(อู/กา);จัก(อะ/กก);อา(อา/กา);การ(อา/กน)	karun	N	N	-	SuphasaetSonYing#SuphasaetSonYing_1:13	tricky-rhyme positive
pos_010009	positive	r1_w1_w2	HP_tricky	w1	หมอง->จ๋อง	อันนัยน์ตาพาตัวให้มัวหมอง	อันนัยน์ตาพาตัวให้มัวจ๋อง	ออ	กง	ออ	กง	หมอง	override	จ๋อง	w2p	เหมือน(เอือ/กน);ทำ(อำ/กา);นอง(ออ/กง);แนะ(แอะ/กา);ออก(ออ/กก)	mattra_family	N	N	-	SuphasaetSonYing#SuphasaetSonYing_1:14	tricky-rhyme positive
pos_010010	positive	r1_w1_w2	HP_tricky	w1	รัก->บัคส์	อันที่จริงหญิงกับชายย่อมหมายรัก	อันที่จริงหญิงกับชายย่อมหมายบัคส์	อะ	กก	อะ	กก	รัก	override	บัก	w2p	มิ(อิ/กา);ใช่(ไอ/กา);จัก(อะ/กก);ตัด(อะ/กด);ทาง(อา/กง)	karun	N	N	-	SuphasaetSonYing#SuphasaetSonYing_1:15	tricky-rhyme positive
pos_010011	positive	r1_w1_w2	HP_tricky	w1	โบก->โจก	ดังพฤกษาต้องวายุพัดโบก	ดังพฤกษาต้องวายุพัดโจก	โอ	กก	โอ	กก	โบก	override	โจก	w2p	เขยื้อน(เอือ/กน);โยก(โอ/กก);ก็(เอาะ/กา);แต่(แอ/กา);กิ่ง(อิ/กง)	mattra_family	N	N	-	SuphasaetSonYing#SuphasaetSonYing_1:16	tricky-rhyme positive
pos_010012	positive	r1_w1_w2	HP_tricky	w1	วาส->นาจ	ครั้นได้ชมสมจิตพิศวาส	ครั้นได้ชมสมจิตพิศนาจ	อา	กด	อา	กด	วาด	w2p	นาด	w2p	ก็(เอาะ/กา);นิ(อิ/กา);ราศ(อา/กด);แรม(แอ/กม);จรัล(อะ/กน)	mattra_family	N	N	-	SuphasaetSonYing#SuphasaetSonYing_1:18	tricky-rhyme positive
pos_010013	positive	r1_w1_w2	HP_tricky	w1	แน่->แฟร์	จงพินิจพิศดูให้รู้แน่	จงพินิจพิศดูให้รู้แฟร์	แอ	กา	แอ	กา	แน่	override	แฟ	w2p	อย่า(อา/กา);ทำ(อำ/กา);แต่(แอ/กา);ใจ(ไอ/กา);เร็ว(เอะ/เกอว)	karun	N	Y	-	SuphasaetSonYing#SuphasaetSonYing_1:20	tricky-rhyme positive
pos_010014	positive	r1_w1_w2	HP_tricky	w1	ทัด->ขัด	อันแม่สื่ออย่าได้ถือเป็นบรรทัด	อันแม่สื่ออย่าได้ถือเป็นบรรขัด	อะ	กด	อะ	กด	ทัด	w2p	ขัด	override	สาร(อา/กน);พัด(อะ/กด);เขา(เอา/กา);จะ(อะ/กา);พูด(อู/กด)	mattra_family	N	N	-	SuphasaetSonYing#SuphasaetSonYing_1:21	tricky-rhyme positive
pos_010015	positive	r1_w1_w2	HP_tricky	w1	ว่า->ฮาร์	อันร้ายดีมิได้เห็นเป็นแต่ว่า	อันร้ายดีมิได้เห็นเป็นแต่ฮาร์	อา	กา	อา	กา	ว่า	override	ฮ้า	w2p	จะ(อะ/กา);คาด(อา/กด);หน้า(อา/กา);แน่(แอ/กา);ลง(โอะ/กง)	karun	N	Y	-	SuphasaetSonYing#SuphasaetSonYing_1:22	tricky-rhyme positive
pos_010016	positive	r1_w1_w2	HP_tricky	w1	หมด->ขด	อันความชั่วอยู่ที่ตัวของเราหมด	อันความชั่วอยู่ที่ตัวของเราขด	โอะ	กด	โอะ	กด	หมด	override	ขด	w2p	ต้อง(ออ/กง);กำ(อำ/กา);สรด(โอะ/กด);โศก(โอ/กก);ร้าง(อา/กง)	mattra_family	N	Y	-	SuphasaetSonYing#SuphasaetSonYing_1:25	tricky-rhyme positive
pos_010017	positive	r1_w1_w2	HP_tricky	w1	ยาก->ฟาก	คิดถึงตัวหาผัวนี้หายาก	คิดถึงตัวหาผัวนี้หาฟาก	อา	กก	อา	กก	ยาก	override	ฟาก	w2p	มัน(อะ/กน);ชั่ว(อัว/กา);มาก(อา/กก);นะ(อะ/กา);อนงค์(โอะ/กง)	mattra_family	N	N	-	SuphasaetSonYing#SuphasaetSonYing_1:26	tricky-rhyme positive
pos_010018	positive	r1_w1_w2	HP_tricky	w1	เสีย->เมียร์	มักเบียดเบียนบีฑาประดาเสีย	มักเบียดเบียนบีฑาประดาเมียร์	เอีย	กา	เอีย	กา	เสีย	override	เมีย	w2p	เหมือน(เอือ/กน);เลี้ยง(เอีย/กง);เหี้ย(เอีย/กา);อัป(อะ/กบ);รีย์(อี/กา)	karun	N	N	-	SuphasaetSonYing#SuphasaetSonYing_1:27	tricky-rhyme positive
pos_010019	positive	r1_w1_w2	HP_tricky	w1	ไม้->ไศย	ที่บางคนนั้นชั่วเป็นหัวไม้	ที่บางคนนั้นชั่วเป็นหัวไศย	ไอ	กา	ไอ	กา	ไม้	override	ไส	w2p	ให้(ไอ/กา);พอ(ออ/กา);ใจ(ไอ/กา);ชก(โอะ/กก);ตี(อี/กา)	true_final	N	N	-	SuphasaetSonYing#SuphasaetSonYing_1:28	tricky-rhyme positive
pos_010020	positive	r1_w1_w2	HP_tricky	w1	เต้า->เม้าส์	มีข้าวของเคยผูกให้ลูกเต้า	มีข้าวของเคยผูกให้ลูกเม้าส์	เอา	กา	เอา	กา	เต้า	w2p	เม้า	w2p	ก็(เอาะ/กา);เบียน(เอีย/กน);เอา(เอา/กา);สิ้น(อิ/กน);สุด(อุ/กด)	karun	N	N	-	SuphasaetSonYing#SuphasaetSonYing_1:31	tricky-rhyme positive
pos_010021	positive	r1_w1_w2	HP_tricky	w1	ซื้อ->ฮื้อ	ยังแต่เมียเกลี่ยไกล่ไปขายซื้อ	ยังแต่เมียเกลี่ยไกล่ไปขายฮื้อ	อือ	กา	อือ	กา	ซื้อ	w2p	ฮื้อ	w2p	คอย(ออ/เกย);หา(อา/กา);รือ(อือ/กา);ร่วม(อัว/กม);ภิ(อิ/กา)	mattra_family	N	N	-	SuphasaetSonYing#SuphasaetSonYing_1:32	tricky-rhyme positive
pos_010022	positive	r1_w1_w2	HP_tricky	w1	หวัง->ปั๋ง	จะหาคู่สู่สมภิรมย์หวัง	จะหาคู่สู่สมภิรมย์ปั๋ง	อะ	กง	อะ	กง	หวัง	override	ปั๋ง	w2p	จง(โอะ/กง);ระ(อะ/กา);วัง(อะ/กง);ชั่ว(อัว/กา);ช้า(อา/กา)	mattra_family	N	N	-	SuphasaetSonYing#SuphasaetSonYing_1:34	tricky-rhyme positive
pos_010023	positive	r1_w1_w2	HP_tricky	w1	ยับ->รัฟฟ์	ถ้าคนดีมิได้ช้ำระยำยับ	ถ้าคนดีมิได้ช้ำระยำรัฟฟ์	อะ	กบ	อะ	กบ	ยับ	override	รับ	w2p	ถึง(อึ/กง);ขัด(อะ/กด);สน(โอะ/กน);จน(โอะ/กน);ทรัพย์(อะ/กบ)	karun	N	N	-	SuphasaetSonYing#SuphasaetSonYing_1:37	tricky-rhyme positive
pos_010024	positive	r1_w1_w2	HP_tricky	w1	แล้ว->แคล้ว	ถ้าแม้นตัวชั่วช้ำระยำแล้ว	ถ้าแม้นตัวชั่วช้ำระยำแคล้ว	แอ	เกอว	แอ	เกอว	แล้ว	override	แคล้ว	w2p	จะ(อะ/กา);ปัด(อะ/กด);แผ้ว(แอ/เกอว);ถาง(อา/กง);ฝืน(อือ/กน)	mattra_family	N	N	-	SuphasaetSonYing#SuphasaetSonYing_1:38	tricky-rhyme positive
pos_010025	positive	r1_w1_w2	HP_tricky	w1	ยิ่ง->คิงส์	แม้นรู้จักรักร่างเป็นอย่างยิ่ง	แม้นรู้จักรักร่างเป็นอย่างคิงส์	อิ	กง	อิ	กง	ยิ่ง	override	คิง	w2p	จะ(อะ/กา);เพริศ(เออ/กด);พริ้ง(อิ/กง);สม(โอะ/กม);สวาท(อา/กด)	karun	N	N	-	SuphasaetSonYing#SuphasaetSonYing_1:40	tricky-rhyme positive
pos_010026	positive	r1_w1_w2	HP_tricky	w1	ร่ำ->ช้ำ	ข้างพ่อแม่ก็จะโกรธพิโรธร่ำ	ข้างพ่อแม่ก็จะโกรธพิโรธช้ำ	อำ	กา	อำ	กา	ร่ำ	override	ช้ำ	w2p	จะ(อะ/กา);จอง(ออ/กง);จำ(อำ/กา);ตี(อี/กา);โบย(โอ/เกย)	mattra_family	N	N	-	SuphasaetSonYing#SuphasaetSonYing_1:43	tricky-rhyme positive
pos_010027	positive	r1_w1_w2	HP_tricky	w1	ห้อง->ถอง	ท่านเลี้ยงมาว่าจะให้เป็นหอห้อง	ท่านเลี้ยงมาว่าจะให้เป็นหอถอง	ออ	กง	ออ	กง	ห้อง	override	ถอง	w2p	หมาย(อา/เกย);จะ(อะ/กา);กอง(ออ/กง);ทุน(อุ/กน);สิน(อิ/กน)	mattra_family	N	N	-	SuphasaetSonYing#SuphasaetSonYing_1:46	tricky-rhyme positive
pos_010028	positive	r1_w1_w2	HP_tricky	w1	หล่น->ลน	เมื่อสุกงอมหอมหวานจึงควรหล่น	เมื่อสุกงอมหอมหวานจึงควรลน	โอะ	กน	โอะ	กน	หล่น	w2p	ลน	w2p	อยู่(อู/กา);กับ(อะ/กบ);ต้น(โอะ/กน);อย่า(อา/กา);ให้(ไอ/กา)	mattra_family	N	Y	-	SuphasaetSonYing#SuphasaetSonYing_1:49	tricky-rhyme positive
pos_010029	positive	r1_w1_w2	HP_tricky	w1	ตลอด->วอร์ด	ถ้าแม้นทำสิ่งใดให้ตลอด	ถ้าแม้นทำสิ่งใดให้วอร์ด	ออ	กด	ออ	กด	ตะหลอด	override	วอด	w2p	อย่า(อา/กา);ทิ้ง(อิ/กง);ทอด(ออ/กด);เที่ยว(เอีย/เกอว);ไป(ไอ/กา)	karun	N	N	-	SuphasaetSonYing#SuphasaetSonYing_1:51	tricky-rhyme positive
pos_010030	positive	r1_w1_w2	HP_tricky	w1	บ้าน->พาล	เมื่อเหนื่อยอ่อนนอนหลับอยู่กับบ้าน	เมื่อเหนื่อยอ่อนนอนหลับอยู่กับพาล	อา	กน	อา	กน	บ้าน	override	พาน	override	อย่า(อา/กา);เที่ยว(เอีย/เกอว);พล่าน(อา/กน);พูด(อู/กด);ผลอ(ออ/กา)	mattra_family	N	N	-	SuphasaetSonYing#SuphasaetSonYing_1:52	tricky-rhyme positive
pos_010031	positive	r1_w1_w2	HP_tricky	w1	คุณ->วุล	ด้วยชนกชนนีนั้นมีคุณ	ด้วยชนกชนนีนั้นมีวุล	อุ	กน	อุ	กน	คุน	override	วุน	w2p	ได้(ไอ/กา);กา(อา/กา);รุญ(อุ/กน);เลี้ยง(เอีย/กง);รัก(อะ/กก)	mattra_family	N	Y	-	SuphasaetSonYing#SuphasaetSonYing_1:56	tricky-rhyme positive
pos_010032	positive	r1_w1_w2	HP_tricky	w1	ถัมถ์->ลั่ม	ถ้าเราดีมีจิตคิดอุปถัมถ์	ถ้าเราดีมีจิตคิดอุปลั่ม	อะ	กม	อะ	กม	ถัม	w2p	ลั่ม	w2p	กุ(อุ/กา);ศล(โอะ/กน);ล้ำ(อำ/กา);เลิศ(เออ/กด);เท่า(เอา/กา)	karun|sara_norm	Y	N	-	SuphasaetSonYing#SuphasaetSonYing_1:57	tricky-rhyme positive
pos_010033	positive	r1_w1_w2	HP_tricky	w1	เยี่ยง->เคียง	ซึ่งสตรีที่ท่านดีอย่าดูเยี่ยง	ซึ่งสตรีที่ท่านดีอย่าดูเคียง	เอีย	กง	เอีย	กง	เยี่ยง	w2p	เคียง	override	จง(โอะ/กง);หลีก(อี/กก);เลี่ยง(เอีย/กง);เสีย(เอีย/กา);ให้(ไอ/กา)	mattra_family	N	N	-	SuphasaetSonYing#SuphasaetSonYing_1:65	tricky-rhyme positive
pos_010034	positive	r1_w1_w2	HP_tricky	w1	สาว->กาวน์	จะสอนใจไว้ทุกสิ่งเป็นหญิงสาว	จะสอนใจไว้ทุกสิ่งเป็นหญิงกาวน์	อา	เกอว	อา	เกอว	สาว	override	กาว	w2p	ให้(ไอ/กา);พ้น(โอะ/กน);คาว(อา/เกอว);ข่าว(อา/เกอว);ชั่ว(อัว/กา)	karun	N	N	-	SuphasaetSonYing#SuphasaetSonYing_1:66	tricky-rhyme positive
pos_010035	positive	r1_w1_w2	HP_tricky	w1	โทษ->โรสส์	อย่าทำนอกลักษณะจะเป็นโทษ	อย่าทำนอกลักษณะจะเป็นโรสส์	โอ	กด	โอ	กด	โทด	override	โรด	w2p	ตัด(อะ/กด);ประ(อะ/กา);โยชน์(โอ/กด);พี่(อี/กา);น้อง(ออ/กง)	karun	N	Y	-	SuphasaetSonYing#SuphasaetSonYing_1:67	tricky-rhyme positive
pos_010036	positive	r1_w1_w2	HP_tricky	w1	ขาย->ว่าย	แม้นจะเรียนวิชาทางค้าขาย	แม้นจะเรียนวิชาทางค้าว่าย	อา	เกย	อา	เกย	ขาย	override	ว่าย	override	อย่า(อา/กา);ปาก(อา/กก);ร้าย(อา/เกย);พูด(อู/กด);จา(อา/กา)	mattra_family	N	N	-	SuphasaetSonYing#SuphasaetSonYing_1:69	tricky-rhyme positive
pos_010037	positive	r1_w1_w2	HP_tricky	w1	ปาก->มาร์ค	เป็นมนุษย์สุดนิยมเพียงลมปาก	เป็นมนุษย์สุดนิยมเพียงลมมาร์ค	อา	กก	อา	กก	ปาก	override	มาก	w2p	จะ(อะ/กา);ได้(ไอ/กา);ยาก(อา/กก);โหย(โอ/เกย);หิว(อิ/เกอว)	karun	N	N	-	SuphasaetSonYing#SuphasaetSonYing_1:70	tricky-rhyme positive
pos_010038	positive	r1_w1_w2	HP_tricky	w1	เกี้ยว->เยี่ยว	ถึงชายใดเขาพอใจมาพูดเกี้ยว	ถึงชายใดเขาพอใจมาพูดเยี่ยว	เอีย	เกอว	เอีย	เกอว	เกี้ยว	override	เยี่ยว	w2p	อย่า(อา/กา);โกรธ(โอ/กด);เกรี้ยว(เอีย/เกอว);โกร(โอ/กา);ธา(อา/กา)	mattra_family	N	N	-	SuphasaetSonYing#SuphasaetSonYing_1:71	tricky-rhyme positive
pos_010039	positive	r1_w1_w2	HP_tricky	w1	ทั่ว->นัว	ถึงจะไปในพิภพให้จบทั่ว	ถึงจะไปในพิภพให้จบนัว	อัว	กา	อัว	กา	ทั่ว	override	นัว	w2p	แต่(แอ/กา);ความ(อา/กม);ชั่ว(อัว/กา);อย่า(อา/กา);ให้(ไอ/กา)	true_final	N	N	-	SuphasaetSonYing#SuphasaetSonYing_1:72	tricky-rhyme positive
pos_010040	positive	r1_w1_w2	HP_tricky	w1	นั่ง->ฟังค์	เมื่อจะจรนอนเดินดำเนินนั่ง	เมื่อจะจรนอนเดินดำเนินฟังค์	อะ	กง	อะ	กง	นั่ง	override	ฟัง	w2p	จง(โอะ/กง);ระ(อะ/กา);วัง(อะ/กง);ใน(ไอ/กา);จิต(อิ/กด)	karun	N	N	-	SuphasaetSonYing#SuphasaetSonYing_1:73	tricky-rhyme positive
pos_010041	positive	r1_w1_w2	HP_tricky	w1	แน่น->แผ่น	เห็นผู้ใหญ่ฤๅใครเขานั่งแน่น	เห็นผู้ใหญ่ฤๅใครเขานั่งแผ่น	แอ	กน	แอ	กน	แน่น	override	แผ่น	override	อย่า(อา/กา);ไกว(ไอ/กา);แขน(แอ/กน);ปัด(อะ/กด);เช่น(เอ/กน)	mattra_family	N	N	-	SuphasaetSonYing#SuphasaetSonYing_1:74	tricky-rhyme positive
pos_010042	positive	r1_w1_w2	HP_tricky	w1	คิด->พิท	อยู่สถานบ้านช่องนั้นต้องคิด	อยู่สถานบ้านช่องนั้นต้องพิท	อิ	กด	อิ	กด	คิด	override	พิด	w2p	ให้(ไอ/กา);รู้(อู/กา);กิจ(อิ/กด);การ(อา/กน);หญิง(อิ/กง)	mattra_family	N	N	-	SuphasaetSonYing#SuphasaetSonYing_1:81	tricky-rhyme positive
pos_010043	positive	r1_w1_w2	HP_tricky	w1	ร่าง->ถ่าง	การวิชาหาประดับสำหรับร่าง	การวิชาหาประดับสำหรับถ่าง	อา	กง	อา	กง	ร่าง	w2p	ถ่าง	w2p	อย่า(อา/กา);เอา(เอา/กา);อย่าง(อา/กง);หญิง(อิ/กง);โกง(โอ/กง)	mattra_family	N	N	-	SuphasaetSonYing#SuphasaetSonYing_1:83	tricky-rhyme positive
pos_010044	positive	r1_w1_w2	HP_tricky	w1	แจก->แทรคท์	อย่าอวดดีมีทรัพย์เที่ยวจับแจก	อย่าอวดดีมีทรัพย์เที่ยวจับแทรคท์	แอ	กก	แอ	กก	แจก	override	แทก	w2p	ทำ(อำ/กา);เกี่ยว(เอีย/เกอว);แฝก(แอ/กก);มุง(อุ/กง);ป่า(อา/กา)	karun	N	Y	-	SuphasaetSonYing#SuphasaetSonYing_1:86	tricky-rhyme positive
pos_010045	positive	r1_w1_w2	HP_tricky	w1	หงิม->ลิมป์	จงนุ่งเจียมห่มเจียมเสงี่ยมหงิม	จงนุ่งเจียมห่มเจียมเสงี่ยมลิมป์	อิ	กม	อิ	กม	หงิม	w2p	ลิม	w2p	อย่า(อา/กา);กระ(อะ/กา);หยิ่ม(อิ/กม);ยศ(โอะ/กด);ถา(อา/กา)	karun	N	N	-	SuphasaetSonYing#SuphasaetSonYing_1:88	tricky-rhyme positive
pos_010046	positive	r1_w1_w2	HP_tricky	w1	ชั่ว->ฉั่ว	อย่าคบพวกหญิงพาลสันดานชั่ว	อย่าคบพวกหญิงพาลสันดานฉั่ว	อัว	กา	อัว	กา	ชั่ว	override	ฉั่ว	w2p	ที่(อี/กา);แต่ง(แอ/กง);ตัว(อัว/กา);ไว้(ไอ/กา);จริต(อิ/กด)	true_final	N	N	-	SuphasaetSonYing#SuphasaetSonYing_1:89	tricky-rhyme positive
pos_010047	positive	r1_w1_w2	HP_tricky	w1	หู->บู่	ครั้นได้ยินเสียงกลองมาก้องหู	ครั้นได้ยินเสียงกลองมาก้องบู่	อู	กา	อู	กา	หู	override	บู่	w2p	ยัง(อะ/กง);ไม่(ไอ/กา);รู้(อู/กา);เนื้อ(เอือ/กา);ความ(อา/กม)	mattra_family	N	N	-	SuphasaetSonYing#SuphasaetSonYing_1:91	tricky-rhyme positive
pos_010048	positive	r1_w1_w2	HP_tricky	w1	หลง->ตรง	นั่งพินิจพิศโฉมประโลมหลง	นั่งพินิจพิศโฉมประโลมตรง	โอะ	กง	โอะ	กง	หลง	override	ตรง	override	ดู(อู/กา);จน(โอะ/กน);ปลง(โอะ/กง);กรรม(อำ/กม);ฐาน(อา/กน)	mattra_family	N	N	-	SuphasaetSonYing#SuphasaetSonYing_1:92	tricky-rhyme positive
pos_010049	positive	r1_w1_w2	HP_tricky	w1	ครื้น->ดื่น	บ้างก็รักข้างนักเลงเล่นเครงครื้น	บ้างก็รักข้างนักเลงเล่นเครงดื่น	อือ	กน	อือ	กน	ครื้น	w2p	ดื่น	w2p	เที่ยว(เอีย/เกอว);กลาง(อา/กง);คืน(อือ/กน);คบ(โอะ/กบ);เพื่อน(เอือ/กน)	mattra_family	N	N	-	SuphasaetSonYing#SuphasaetSonYing_1:93	tricky-rhyme positive
pos_010050	positive	r1_w1_w2	HP_tricky	w1	คอก->ปลอก	ครั้นไปไปใจแตกลงแหกคอก	ครั้นไปไปใจแตกลงแหกปลอก	ออ	กก	ออ	กก	คอก	w2p	ปลอก	w2p	ปะ(อะ/กา);เตะ(เอะ/กา);ปลอก(ออ/กก);ต้ำ(อำ/กา);ผาง(อา/กง)	mattra_family	N	N	-	SuphasaetSonYing#SuphasaetSonYing_1:94	tricky-rhyme positive
pos_010051	positive	r1_w1_w2	HP_tricky	w1	ฟัง->ลัง	ใครจะห้ามปรามไว้ก็ไม่ฟัง	ใครจะห้ามปรามไว้ก็ไม่ลัง	อะ	กง	อะ	กง	ฟัง	override	ลัง	w2p	ทำ(อำ/กา);ส่ง(โอะ/กง);เสียง(เอีย/กง);เถียง(เอีย/กง);ดัง(อะ/กง)	mattra_family	N	N	-	SuphasaetSonYing#SuphasaetSonYing_1:95	tricky-rhyme positive
pos_010052	positive	r1_w1_w2	HP_tricky	w1	พ้น->ศล	ที่ส่วนตัวถึงจะชั่วออกล้นพ้น	ที่ส่วนตัวถึงจะชั่วออกล้นศล	โอะ	กน	โอะ	กน	พ้น	override	สะละ	w2p	สู้(อู/กา);ปิด(อิ/กด);ปาก(อา/กก);ยก(โอะ/กก);ตน(โอะ/กน)	mattra_family	N	Y	-	SuphasaetSonYing#SuphasaetSonYing_1:97	tricky-rhyme positive
pos_010053	positive	r1_w1_w2	HP_tricky	w1	เชื่อ->เผื่อ	ชั้นจะยืมของใครเขาไม่เชื่อ	ชั้นจะยืมของใครเขาไม่เผื่อ	เอือ	กา	เอือ	กา	เชื่อ	override	เผื่อ	w2p	ด้วย(อัว/เกย);ตัว(อัว/กา);เหลือ(เอือ/กา);โป้(โอ/กา);ปด(โอะ/กด)	mattra_family	N	N	-	SuphasaetSonYing#SuphasaetSonYing_1:101	tricky-rhyme positive
pos_010054	positive	r1_w1_w2	HP_tricky	w1	พวก->ดวก	หญิงไม่ดีนั้นก็มีอยู่หลายพวก	หญิงไม่ดีนั้นก็มีอยู่หลายดวก	อัว	กก	อัว	กก	พวก	override	ดวก	w2p	จำ(อำ/กา);จะ(อะ/กา);บวก(อัว/กก);บอก(ออ/กก);ใส่(ไอ/กา)	mattra_family	N	N	-	SuphasaetSonYing#SuphasaetSonYing_1:103	tricky-rhyme positive
pos_010055	positive	r1_w1_w2	HP_tricky	w1	เจ๋อ->เดอ	หญิงพวกหนึ่งนั้นขันทำปั้นเจ๋อ	หญิงพวกหนึ่งนั้นขันทำปั้นเดอ	เออ	กา	เออ	กา	เจ๋อ	w2p	เดอ	w2p	เฝ้า(เอา/กา);เป้อ(เออ/กา);เย้อ(เออ/กา);หยิ่ง(อิ/กง);เกิน(เออ/กน)	mattra_family	N	N	-	SuphasaetSonYing#SuphasaetSonYing_1:104	tricky-rhyme positive
pos_010056	positive	r1_w1_w2	HP_tricky	w1	แห่ง->แซ่ง	ล้วนคุณลุงคุณปู่อยู่ทุกแห่ง	ล้วนคุณลุงคุณปู่อยู่ทุกแซ่ง	แอ	กง	แอ	กง	แห่ง	override	แซ่ง	w2p	เที่ยว(เอีย/เกอว);แอบ(แอ/กบ);แฝง(แอ/กง);พิง(อิ/กง);พาด(อา/กด)	mattra_family	N	N	-	SuphasaetSonYing#SuphasaetSonYing_1:105	tricky-rhyme positive
pos_010057	positive	r1_w1_w2	HP_tricky	w1	ทุกข์->พุก	ที่บางคนจนยากไม่อยากทุกข์	ที่บางคนจนยากไม่อยากพุก	อุ	กก	อุ	กก	ทุก	override	พุก	w2p	ถือ(อือ/กา);ว่า(อา/กา);สุข(อุ/กก);อยู่(อู/กา);แก่(แอ/กา)	karun	N	N	-	SuphasaetSonYing#SuphasaetSonYing_1:109	tricky-rhyme positive
pos_010058	positive	r1_w1_w2	HP_tricky	w1	ทรัพย์->ทัพ	ที่บางคนเห็นที่ท่านมีทรัพย์	ที่บางคนเห็นที่ท่านมีทัพ	อะ	กบ	อะ	กบ	ซับ	override	ทับ	override	แต่ง(แอ/กง);ประ(อะ/กา);ดับ(อะ/กบ);ผิว(อิ/เกอว);พรรณ(อะ/กน)	karun	N	N	-	SuphasaetSonYing#SuphasaetSonYing_1:113	tricky-rhyme positive
pos_010059	positive	r1_w1_w2	HP_tricky	w1	บ้าง->ค่าง	เจ้าคนจนมันให้ร่ำจะทำบ้าง	เจ้าคนจนมันให้ร่ำจะทำค่าง	อา	กง	อา	กง	บ้าง	override	ค่าง	w2p	เอา(เอา/กา);เยี่ยง(เอีย/กง);อย่าง(อา/กง);อยาก(อา/กก);ได้(ไอ/กา)	mattra_family	N	N	-	SuphasaetSonYing#SuphasaetSonYing_1:114	tricky-rhyme positive
pos_010060	positive	r1_w1_w2	HP_tricky	w1	อยู่->จู๋	เขาจึงว่าหน้าสดปรากฏอยู่	เขาจึงว่าหน้าสดปรากฏจู๋	อู	กา	อู	กา	อยู่	override	จู๋	w2p	สม(โอะ/กม);แก่(แอ/กา);ผู้(อู/กา);ที่(อี/กา);ไม่(ไอ/กา)	mattra_family	N	N	-	SuphasaetSonYing#SuphasaetSonYing_1:118	tricky-rhyme positive
pos_010061	positive	r1_w1_w2	HP_tricky	w1	หมาย->ชาย	เพราะนารีมิได้ตรงจำนงหมาย	เพราะนารีมิได้ตรงจำนงชาย	อา	เกย	อา	เกย	หมาย	override	ชาย	override	ทำ(อำ/กา);ให้(ไอ/กา);ชาย(อา/เกย);เคือง(เอือ/กง);แค้น(แอ/กน)	mattra_family	N	N	-	SuphasaetSonYing#SuphasaetSonYing_1:122	tricky-rhyme positive
pos_010062	positive	r1_w1_w2	HP_tricky	w1	มั่ง->ฉมัง	โอ้ใจนางอย่างนี้ก็มีมั่ง	โอ้ใจนางอย่างนี้ก็มีฉมัง	อะ	กง	อะ	กง	มั่ง	override	ฉะหมัง	w2p	จน(โอะ/กน);ฦๅ(อือ/กา);ดัง(อะ/กง);ข่าว(อา/เกอว);ก้อง(ออ/กง)	mattra_family	N	N	-	SuphasaetSonYing#SuphasaetSonYing_1:123	tricky-rhyme positive
pos_010063	positive	r1_w1_w2	HP_tricky	w1	เบื่อ->เยื่อ	ต่างคนต่างก็เชือนออกเบือนเบื่อ	ต่างคนต่างก็เชือนออกเบือนเยื่อ	เอือ	กา	เอือ	กา	เบื่อ	override	เยื่อ	w2p	ต้อง(ออ/กง);เป็น(เอะ/กน);เรือ(เอือ/กา);ขึ้น(อึ/กน);คาน(อา/กน)	mattra_family	N	N	-	SuphasaetSonYing#SuphasaetSonYing_1:124	tricky-rhyme positive
pos_010064	positive	r1_w1_w2	HP_tricky	w1	ขัด->ทัด	บ้างลอบเล่นเพลงยาวเมื่อคราวขัด	บ้างลอบเล่นเพลงยาวเมื่อคราวทัด	อะ	กด	อะ	กด	ขัด	override	ทัด	w2p	ฝี(อี/กา);ปาก(อา/กก);จัด(อะ/กด);ตอบ(ออ/กบ);ต่อ(ออ/กา)	mattra_family	N	N	-	SuphasaetSonYing#SuphasaetSonYing_1:125	tricky-rhyme positive
pos_010065	positive	r1_w1_w2	HP_tricky	w1	เนิ่น->เนิน	ครั้นคิดคิดปริศนานั้นช้าเนิ่น	ครั้นคิดคิดปริศนานั้นช้าเนิน	เออ	กน	เออ	กน	เนิ่น	w2p	เนิน	override	ชวน(อัว/กน);กัน(อะ/กน);เดิน(เออ/กน);หลีก(อี/กก);ออก(ออ/กก)	mattra_family	N	N	-	SuphasaetSonYing#SuphasaetSonYing_1:127	tricky-rhyme positive
pos_010066	positive	r1_w1_w2	HP_tricky	w1	สูญ->บูรณ์	ครั้นคิดล้างอย่างไรก็ไม่สูญ	ครั้นคิดล้างอย่างไรก็ไม่บูรณ์	อู	กน	อู	กน	สูน	override	บูน	w2p	ก็(เอาะ/กา);อา(อา/กา);ดูร(อู/กน);พูน(อู/กน);เกิด(เออ/กด)	karun	N	N	-	SuphasaetSonYing#SuphasaetSonYing_1:130	tricky-rhyme positive
pos_010067	positive	r1_w1_w2	HP_tricky	w1	เอ๋ย->เฉลย	ไม่คิดอายขายหน้านิจจาเอ๋ย	ไม่คิดอายขายหน้านิจจาเฉลย	เออ	เกย	เออ	เกย	เอ๋ย	override	ฉะเหลย	override	เหมือน(เอือ/กน);ไม่(ไอ/กา);เคย(เออ/เกย);พบ(โอะ/กบ);ปะ(อะ/กา)	mattra_family	N	N	-	SuphasaetSonYing#SuphasaetSonYing_1:133	tricky-rhyme positive
pos_010068	positive	r1_w1_w2	HP_tricky	w1	หนึ่ง->ดึง	เป็นขนิษฐ์ชอบแต่คิดให้เป็นหนึ่ง	เป็นขนิษฐ์ชอบแต่คิดให้เป็นดึง	อึ	กง	อึ	กง	หนึ่ง	override	ดึง	w2p	ไม่(ไอ/กา);ควร(อัว/กน);ถึง(อึ/กง);อย่า(อา/กา);ให้(ไอ/กา)	mattra_family	N	N	-	SuphasaetSonYing#SuphasaetSonYing_1:135	tricky-rhyme positive
pos_010069	positive	r1_w1_w2	HP_tricky	w1	ค่า->การ์	นี่เกิดมาเป็นนารีไม่มีค่า	นี่เกิดมาเป็นนารีไม่มีการ์	อา	กา	อา	กา	ค่า	w2p	กา	w2p	จะ(อะ/กา);เกิด(เออ/กด);มา(อา/กา);ทำ(อำ/กา);ไม(ไอ/กา)	karun	N	Y	-	SuphasaetSonYing#SuphasaetSonYing_1:137	tricky-rhyme positive
pos_010070	positive	r1_w1_w2	HP_tricky	w1	ห้าม->ถาม	เมื่อไม่ถือตราภูมิไว้คุ้มห้าม	เมื่อไม่ถือตราภูมิไว้คุ้มถาม	อา	กม	อา	กม	ห้าม	override	ถาม	override	คน(โอะ/กน);จึง(อึ/กง);ลาม(อา/กม);เลย(เออ/เกย);รวน(อัว/กน)	mattra_family	N	N	-	SuphasaetSonYing#SuphasaetSonYing_1:138	tricky-rhyme positive
pos_010071	positive	r1_w1_w2	HP_tricky	w1	เลิศ->เมิร์ช	เป็นผู้หญิงสิ่งใดจะล้ำเลิศ	เป็นผู้หญิงสิ่งใดจะล้ำเมิร์ช	เออ	กด	เออ	กด	เลิด	w2p	เมิด	w2p	สุด(อุ/กด);ประ(อะ/กา);เสริฐ(เออ/กด);ก็(เอาะ/กา);แต่(แอ/กา)	karun	N	N	-	SuphasaetSonYing#SuphasaetSonYing_1:140	tricky-rhyme positive
pos_010072	positive	r1_w1_w2	HP_tricky	w1	ชื่น->ชื้น	บ้างมีผัวตัวอยู่เป็นคู่ชื่น	บ้างมีผัวตัวอยู่เป็นคู่ชื้น	อือ	กน	อือ	กน	ชื่น	override	ชื้น	w2p	ยัง(อะ/กง);หา(อา/กา);อื่น(อือ/กน);เข้า(เอา/กา);ประ(อะ/กา)	mattra_family	N	N	-	SuphasaetSonYing#SuphasaetSonYing_1:141	tricky-rhyme positive
pos_010073	positive	r1_w1_w2	HP_tricky	w1	นิ่ม->มิม	เคยที่นอนหมอนหนุนละมุนนิ่ม	เคยที่นอนหมอนหนุนละมุนมิม	อิ	กม	อิ	กม	นิ่ม	w2p	มิม	w2p	ไป(ไอ/กา);นอน(ออ/กน);ทิม(อิ/กม);กราก(อา/กก);กรำ(อำ/กา)	mattra_family	N	N	-	SuphasaetSonYing#SuphasaetSonYing_1:144	tricky-rhyme positive
pos_010074	positive	r1_w1_w2	HP_tricky	w1	รื่น->ปืน	ครั้นเห็นชู้คู่ชมภิรมย์รื่น	ครั้นเห็นชู้คู่ชมภิรมย์ปืน	อือ	กน	อือ	กน	รื่น	override	ปืน	override	ก็(เอาะ/กา);ไม่(ไอ/กา);ชื่น(อือ/กน);ชม(โอะ/กม);ชิด(อิ/กด)	mattra_family	N	N	-	SuphasaetSonYing#SuphasaetSonYing_1:145	tricky-rhyme positive
pos_010075	positive	r1_w1_w2	HP_tricky	w1	เขต->เมธ	ถึงบินออกนอกตำบลให้พ้นเขต	ถึงบินออกนอกตำบลให้พ้นเมธ	เอ	กด	เอ	กด	เขด	override	เมด	w2p	คง(โอะ/กง);บอก(ออ/กก);เหตุ(เอ/กด);รู้(อู/กา);ว่า(อา/กา)	mattra_family	N	N	-	SuphasaetSonYing#SuphasaetSonYing_1:153	tricky-rhyme positive
pos_010076	positive	r1_w1_w2	HP_tricky	w1	โกรธ->โจทย์	แม้คนดีมีปัญญาถ้าไม่โกรธ	แม้คนดีมีปัญญาถ้าไม่โจทย์	โอ	กด	โอ	กด	โกรด	override	โจด	w2p	เห็น(เอะ/กน);ประ(อะ/กา);โยชน์(โอ/กด);ตัด(อะ/กด);ชั่ว(อัว/กา)	karun	N	N	-	SuphasaetSonYing#SuphasaetSonYing_1:156	tricky-rhyme positive
pos_010077	positive	r1_w1_w2	HP_tricky	w1	หา->นา	จงกันภัยในเล่ห์เสน่หา	จงกันภัยในเล่ห์เสน่นา	อา	กา	อา	กา	หา	override	นา	w2p	อย่า(อา/กา);ให้(ไอ/กา);มา(อา/กา);ปน(โอะ/กน);ปะ(อะ/กา)	mattra_family	N	N	-	SuphasaetSonYing#SuphasaetSonYing_1:162	tricky-rhyme positive
pos_010078	positive	r1_w1_w2	HP_tricky	w1	แท้->แพ้	ถึงที่สุดทดลองก็ทองแท้	ถึงที่สุดทดลองก็ทองแพ้	แอ	กา	แอ	กา	แท้	override	แพ้	override	ด้วย(อัว/เกย);นาง(อา/กง);แน่(แอ/กา);อยู่(อู/กา);ใน(ไอ/กา)	mattra_family	N	Y	-	SuphasaetSonYing#SuphasaetSonYing_1:164	tricky-rhyme positive
pos_010079	positive	r1_w1_w2	HP_tricky	w1	ยาสน์->ราศ	ถ้าแม้นว่าภัสดาเข้าไสยาสน์	ถ้าแม้นว่าภัสดาเข้าไสราศ	อา	กด	อา	กด	ยาด	w2p	ราด	w2p	จง(โอะ/กง);กราบ(อา/กบ);บาท(อา/กด);ทุก(อุ/กก);ครั้ง(อะ/กง)	karun	N	N	-	SuphasaetSonYing#SuphasaetSonYing_1:167	tricky-rhyme positive
pos_010080	positive	r1_w1_w2	HP_tricky	w1	หลับ->คลัภย์	ประพฤติกายสายสมรจะนอนหลับ	ประพฤติกายสายสมรจะนอนคลัภย์	อะ	กบ	อะ	กบ	หลับ	override	คลับ	w2p	อย่า(อา/กา);กลิ้ง(อิ/กง);กลับ(อะ/กบ);มือ(อือ/กา);ไม้(ไอ/กา)	karun	N	N	-	SuphasaetSonYing#SuphasaetSonYing_1:168	tricky-rhyme positive
pos_010081	positive	r1_w1_w2	HP_tricky	w1	ดา->ด่า	จงรีบฟื้นตื่นก่อนภัสดา	จงรีบฟื้นตื่นก่อนภัสด่า	อา	กา	อา	กา	ดา	override	ด่า	override	น้ำ(อำ/กา);ล้าง(อา/กง);หน้า(อา/กา);หา(อา/กา);ไว้(ไอ/กา)	mattra_family	N	N	-	SuphasaetSonYing#SuphasaetSonYing_1:169	tricky-rhyme positive
pos_010082	positive	r1_w1_w2	HP_tricky	w1	ถ่อย->ล่อย	การนินทาด่าผัวนี้ชั่วถ่อย	การนินทาด่าผัวนี้ชั่วล่อย	ออ	เกย	ออ	เกย	ถ่อย	w2p	ล่อย	w2p	เป็น(เอะ/กน);คน(โอะ/กน);น้อย(ออ/เกย);ปัญ(อะ/กน);ญา(อา/กา)	mattra_family	N	N	-	SuphasaetSonYing#SuphasaetSonYing_1:185	tricky-rhyme positive
pos_010083	positive	r1_w1_w2	HP_tricky	w1	ชด->ตด	ขู่คำรนบ่นว่าด่าประชด	ขู่คำรนบ่นว่าด่าประตด	โอะ	กด	โอะ	กด	ชด	w2p	ตด	w2p	ให้(ไอ/กา);สา(อา/กา);มี(อี/กา);อัป(อะ/กบ);ยศ(โอะ/กด)	mattra_family	N	N	-	SuphasaetSonYing#SuphasaetSonYing_1:189	tricky-rhyme positive
pos_010084	positive	r1_w1_w2	HP_tricky	w1	เวช->เชษฏ์	ทรมานภัสดาน่าสังเวช	ทรมานภัสดาน่าสังเชษฏ์	เอ	กด	เอ	กด	เวด	w2p	เชด	w2p	ดู(อู/กา);เหมือน(เอือ/กน);เปรต(เอ/กด);เวท(เอ/กด);นา(อา/กา)	karun	N	N	-	SuphasaetSonYing#SuphasaetSonYing_1:190	tricky-rhyme positive
pos_010085	positive	r1_w1_w2	HP_tricky	w1	ตบ->สยบ	เหมือนเช่นเราแล้วไม่ต้องให้ตีตบ	เหมือนเช่นเราแล้วไม่ต้องให้ตีสยบ	โอะ	กบ	โอะ	กบ	ตบ	w2p	สะหยบ	w2p	คง(โอะ/กง);สู้(อู/กา);รบ(โอะ/กบ);โต้(โอ/กา);เต็ม(เอะ/กม)	mattra_family	N	Y	-	SuphasaetSonYing#SuphasaetSonYing_1:193	tricky-rhyme positive
pos_010086	positive	r1_w1_w2	HP_tricky	w1	ทำ->หำ	ข้อไหนชั่วแล้วอย่ามัวไปขืนทำ	ข้อไหนชั่วแล้วอย่ามัวไปขืนหำ	อำ	กา	อำ	กา	ทำ	override	หำ	w2p	จง(โอะ/กง);จด(โอะ/กด);จำ(อำ/กา);บุญ(อุ/กน);บาป(อา/กบ)	mattra_family	N	N	-	SuphasaetSonYing#SuphasaetSonYing_1:197	tricky-rhyme positive
pos_010087	positive	r1_w1_w2	HP_tricky	w1	เพราะ->เฑาะว์	อย่าฟังเปล่าเอาแต่กลอนสุนทรเพราะ	อย่าฟังเปล่าเอาแต่กลอนสุนทรเฑาะว์	เอาะ	กา	เอาะ	กา	เพราะ	override	เทาะ	w2p	จง(โอะ/กง);พิ(อิ/กา);เคราะห์(เอาะ/กา);คำ(อำ/กา);เลิศ(เออ/กด)	karun	N	N	-	SuphasaetSonYing#SuphasaetSonYing_1:198	tricky-rhyme positive
pos_010088	positive	r1_w1_w2	HP_tricky	w1	ฟุ้ง->คุ้ง	ให้สุขีศรีเมืองเลื่องฦๅฟุ้ง	ให้สุขีศรีเมืองเลื่องฦๅคุ้ง	อุ	กง	อุ	กง	ฟุ้ง	w2p	คุ้ง	w2p	หอม(ออ/กม);จรุง(อุ/กง);กลิ่น(อิ/กน);กลั้ว(อัว/กา);ทั่ว(อัว/กา)	mattra_family	N	N	-	SuphasaetSonYing#SuphasaetSonYing_1:199	tricky-rhyme positive
pos_010089	positive	r1_w1_w2	HP_tricky	w1	แจ้ง->แหล่ง	ฉันชื่อภู่รู้เรื่องประจักษ์แจ้ง	ฉันชื่อภู่รู้เรื่องประจักษ์แหล่ง	แอ	กง	แอ	กง	แจ้ง	override	แหล่ง	w2p	จึง(อึ/กง);แสดง(แอ/กง);คำ(อำ/กา);คิด(อิ/กด);ประ(อะ/กา)	mattra_family	N	N	-	khobut#khobut_1:0	tricky-rhyme positive
pos_010090	positive	r1_w1_w2	HP_tricky	w1	สุข->มุข	จะร่ำปางนางสวรรค์เสวยสุข	จะร่ำปางนางสวรรค์เสวยมุข	อุ	กก	อุ	กก	สุก	override	มุก	w2p	อยู่(อู/กา);ปรางค์(อา/กง);มุข(อุ/กก);พิ(อิ/กา);มาน(อา/กน)	mattra_family	N	N	-	khobut#khobut_1:1	tricky-rhyme positive
pos_010091	positive	r1_w1_w2	HP_tricky	w1	ทิตย์->ชิท	แม้นสามีมิได้เหมือนพระอาทิตย์	แม้นสามีมิได้เหมือนพระอาชิท	อิ	กด	อิ	กด	ทิด	w2p	ชิด	w2p	ไม่(ไอ/กา);ขอ(ออ/กา);คิด(อิ/กด);สม(โอะ/กม);สู่(อู/กา)	karun	N	N	-	khobut#khobut_1:3	tricky-rhyme positive
pos_010092	positive	r1_w1_w2	HP_tricky	w1	หลวง->ตวง	อยู่ประมาณนานมาในบัวหลวง	อยู่ประมาณนานมาในบัวตวง	อัว	กง	อัว	กง	หลวง	override	ตวง	w2p	สุ(อุ/กา);ดา(อา/กา);ดวง(อัว/กง);กำ(อำ/กา);ดัด(อะ/กด)	mattra_family	N	N	-	khobut#khobut_1:5	tricky-rhyme positive
pos_010093	positive	r1_w1_w2	HP_tricky	w1	ชีพ->ถีบ	เพราะรักเราเจ้าต้องมาสิ้นชีพ	เพราะรักเราเจ้าต้องมาสิ้นถีบ	อี	กบ	อี	กบ	ชีบ	w2p	ถีบ	w2p	เกิด(เออ/กด);ใน(ไอ/กา);กลีบ(อี/กบ);บุษ(อุ/กด);บง(โอะ/กง)	mattra_family	N	N	-	khobut#khobut_1:7	tricky-rhyme positive
pos_010094	positive	r1_w1_w2	HP_tricky	w1	เหาะ->เสาะ	จึ่งแบ่งภาคจากรถระเห็จเหาะ	จึ่งแบ่งภาคจากรถระเห็จเสาะ	เอาะ	กา	เอาะ	กา	เหาะ	w2p	เสาะ	w2p	ลง(โอะ/กง);เฉพาะ(เอาะ/กา);สระ(อะ/กา);ใหญ่(ไอ/กา);ใน(ไอ/กา)	mattra_family	N	N	-	khobut#khobut_1:8	tricky-rhyme positive
pos_010095	positive	r1_w1_w2	HP_tricky	w1	เรื่อง->เบื้อง	มานั่งนี่เถิดพี่จะเล่าเรื่อง	มานั่งนี่เถิดพี่จะเล่าเบื้อง	เอือ	กง	เอือ	กง	เรื่อง	override	เบื้อง	override	แม่(แอ/กา);เนื้อ(เอือ/กา);เหลือง(เอือ/กง);นพ(โอะ/กบ);รัตน์(อะ/กด)	mattra_family	N	N	-	khobut#khobut_1:16	tricky-rhyme positive
pos_010096	positive	r1_w1_w2	HP_tricky	w1	ขุน->ทุ่น	ถึงดินฟ้าสาครภูเขาขุน	ถึงดินฟ้าสาครภูเขาทุ่น	อุ	กน	อุ	กน	ขุน	override	ทุ่น	w2p	เมื่อ(เอือ/กา);สิ้น(อิ/กน);บุญ(อุ/กน);ถึง(อึ/กง);กรรม(อำ/กม)	mattra_family	N	N	-	khobut#khobut_1:18	tricky-rhyme positive
pos_010097	positive	r1_w1_w2	HP_tricky	w1	สวรรค์->บัญ	ซึ่งโปรดน้องจะให้ครองวิมานสวรรค์	ซึ่งโปรดน้องจะให้ครองวิมานบัญ	อะ	กน	อะ	กน	สะหวัน	override	บัน	w2p	พระ(อะ/กา);คุณ(อุ/กน);นั้น(อะ/กน);ล้ำ(อำ/กา);ฟ้า(อา/กา)	karun	N	N	-	khobut#khobut_1:19	tricky-rhyme positive
pos_010098	positive	r1_w1_w2	HP_tricky	w1	เสียง->เกรียง	แสนเสนาะเพราะล้ำหนอน้ำเสียง	แสนเสนาะเพราะล้ำหนอน้ำเกรียง	เอีย	กง	เอีย	กง	เสียง	override	เกรียง	w2p	ช่าง(อา/กง);กล่าว(อา/เกอว);เกลี้ยง(เอีย/กง);เชิง(เออ/กง);ฉลาด(อา/กด)	mattra_family	N	N	-	khobut#khobut_1:20	tricky-rhyme positive
pos_010099	positive	r1_w1_w2	HP_tricky	w1	พึ่ง->ลึง	เหมือนมัจฉาสาครเป็นที่พึ่ง	เหมือนมัจฉาสาครเป็นที่ลึง	อึ	กง	อึ	กง	พึ่ง	override	ลึง	w2p	บุญ(อุ/กน);แล้ว(แอ/เกอว);จึ่ง(อึ/กง);ได้(ไอ/กา);พบ(โอะ/กบ)	mattra_family	N	N	-	khobut#khobut_1:21	tricky-rhyme positive
pos_010100	positive	r1_w1_w2	HP_tricky	w1	หก->กก	บรรดาฝูงเทพาวลาหก	บรรดาฝูงเทพาวลากก	โอะ	กก	โอะ	กก	หก	override	กก	w2p	ก็(เอาะ/กา);ตื่น(อือ/กน);ตก(โอะ/กก);ใจ(ไอ/กา);วิ่ง(อิ/กง)	mattra_family	N	N	-	khobut#khobut_1:25	tricky-rhyme positive
pos_010101	positive	r1_w1_w2	HP_tricky	w1	สวรรค์->ฮัน	สมสนิทพิศวาสนางสวรรค์	สมสนิทพิศวาสนางฮัน	อะ	กน	อะ	กน	สะหวัน	override	ฮัน	w2p	เกษม(เอ/กม);สันต์(อะ/กน);สบ(โอะ/กบ);เชิง(เออ/กง);ละ(อะ/กา)	karun	N	N	-	khobut#khobut_1:26	tricky-rhyme positive
pos_010102	positive	r1_w1_w2	HP_tricky	w1	เถื่อน->เหมือน	สันโดษเดียวเปลี่ยวร่างอยู่กลางเถื่อน	สันโดษเดียวเปลี่ยวร่างอยู่กลางเหมือน	เอือ	กน	เอือ	กน	เถื่อน	w2p	เหมือน	override	ไม่(ไอ/กา);มี(อี/กา);เพื่อน(เอือ/กน);สาว(อา/เกอว);สุ(อุ/กา)	mattra_family	N	N	-	khobut#khobut_1:31	tricky-rhyme positive
pos_010103	positive	r1_w1_w2	HP_tricky	w1	รถ->กรด	ฝ่ายพระสุริยงผู้ทรงรถ	ฝ่ายพระสุริยงผู้ทรงกรด	โอะ	กด	โอะ	กด	รถ	override	กรด	w2p	เที่ยว(เอีย/เกอว);เลี้ยว(เอีย/เกอว);รถ(โอะ/กด);ส่อง(ออ/กง);สัตว์(อะ/กด)	mattra_family	N	Y	-	khobut#khobut_1:32	tricky-rhyme positive
pos_010104	positive	r1_w1_w2	HP_tricky	w1	พร้อม->ยอม	บรรดาเทพธิดาลงมาพร้อม	บรรดาเทพธิดาลงมายอม	ออ	กม	ออ	กม	พร้อม	override	ยอม	override	เข้า(เอา/กา);แวด(แอ/กด);ล้อม(ออ/กม);อร(ออ/กน);ไท(ไอ/กา)	mattra_family	N	N	-	khobut#khobut_1:36	tricky-rhyme positive
pos_010105	positive	r1_w1_w2	HP_tricky	w1	ราช->วาด	ถึงยามปลอดนางคลอดโอรสราช	ถึงยามปลอดนางคลอดโอรสวาด	อา	กด	อา	กด	ราด	override	วาด	w2p	เสียง(เอีย/กง);พิณ(อิ/กน);พาทย์(อา/กด);ก้อง(ออ/กง);ฟ้า(อา/กา)	mattra_family	N	N	-	khobut#khobut_1:37	tricky-rhyme positive
pos_010106	positive	r1_w1_w2	HP_tricky	w1	เสวย->เนย	ไม่เห็นใครที่จะให้นมเสวย	ไม่เห็นใครที่จะให้นมเนย	เออ	เกย	เออ	เกย	สะเหวย	override	เนย	override	เจ้า(เอา/กา);แม่(แอ/กา);เอ๋ย(เออ/เกย);สุด(อุ/กด);อา(อา/กา)	mattra_family	N	N	-	khobut#khobut_1:39	tricky-rhyme positive
pos_010107	positive	r1_w1_w2	HP_tricky	w1	ลบ->ซบ	ปางพระสุริยใสวิไลลบ	ปางพระสุริยใสวิไลซบ	โอะ	กบ	โอะ	กบ	ลบ	w2p	ซบ	override	ให้(ไอ/กา);ปรา(อา/กา);รภ(โอะ/กบ);ด้วย(อัว/เกย);บุตร(อุ/กด)	mattra_family	N	N	-	khobut#khobut_1:41	tricky-rhyme positive
pos_010108	positive	r1_w1_w2	HP_tricky	w1	รก->งก	เป็นบิดามารดาของทารก	เป็นบิดามารดาของทางก	โอะ	กก	โอะ	กก	รก	w2p	งก	w2p	เรา(เอา/กา);จะ(อะ/กา);ยก(โอะ/กก);ให้(ไอ/กา);ตาม(อา/กม)	mattra_family	N	N	-	khobut#khobut_1:44	tricky-rhyme positive
pos_010109	positive	r1_w1_w2	HP_tricky	w1	สันต์->วัณ	ราชสีห์ปรีดิ์เปรมเกษมสันต์	ราชสีห์ปรีดิ์เปรมเกษมวัณ	อะ	กน	อะ	กน	สัน	w2p	วัน	override	บัง(อะ/กง);คม(โอะ/กม);คัล(อะ/กน);พระ(อะ/กา);อา(อา/กา)	karun	N	Y	-	khobut#khobut_1:45	tricky-rhyme positive
pos_010110	positive	r1_w1_w2	HP_tricky	w1	หยด->ขบถ	พระกอดจูบลูกยาน้ำตาหยด	พระกอดจูบลูกยาน้ำตาขบถ	โอะ	กด	โอะ	กด	หยด	w2p	ขะบด	override	อุ้ม(อุ/กม);โอ(โอ/กา);รส(โอะ/กด);เศร้า(เอา/กา);สร้อย(ออ/เกย)	mattra_family	N	N	-	khobut#khobut_1:48	tricky-rhyme positive
pos_010111	positive	r1_w1_w2	HP_tricky	w1	สัย->มัย	พระกุมารฟังสารให้สงสัย	พระกุมารฟังสารให้สงมัย	อะ	เกย	อะ	เกย	สัย	override	ไม	w2p	จึง(อึ/กง);ถาม(อา/กม);ไถ่(ไอ/กา);ราช(อา/กด);สีห์(อี/กา)	sara_norm|true_final	Y	N	-	khobut#khobut_1:54	tricky-rhyme positive
pos_010112	positive	r1_w1_w2	HP_tricky	w1	ฤทธิ์->กิด	ชื่อโคบุตรสุริยาวราฤทธิ์	ชื่อโคบุตรสุริยาวรากิด	อิ	กด	อิ	กด	ริด	override	กิด	w2p	จง(โอะ/กง);ประ(อะ/กา);สิทธิ์(อิ/กด);แก่(แอ/กา);กุ(อุ/กา)	karun|rue	N	Y	-	khobut#khobut_1:57	tricky-rhyme positive
pos_010113	positive	r1_w1_w2	HP_tricky	w1	ดับ->คัฟ	พระอาทิตย์นิรมิตเครื่องประดับ	พระอาทิตย์นิรมิตเครื่องประคัฟ	อะ	กบ	อะ	กบ	ดับ	override	คัฟ	w2p	ให้(ไอ/กา);เสร็จ(เอะ/กด);สรรพ(อะ/กบ);ล้วน(อัว/กน);เทพ(เอ/กบ)	mattra_family	N	N	-	khobut#khobut_1:58	tricky-rhyme positive
pos_010114	positive	r1_w1_w2	HP_tricky	w1	ยุทธ์->ซุส	จะรบราญรณรงค์เข้ายงยุทธ์	จะรบราญรณรงค์เข้ายงซุส	อุ	กด	อุ	กด	ยุด	w2p	ซุด	w2p	ไม่(ไอ/กา);พัก(อะ/กก);หา(อา/กา);อา(อา/กา);วุธ(อุ/กด)	karun	N	N	-	khobut#khobut_1:60	tricky-rhyme positive
pos_010115	positive	r1_w1_w2	HP_tricky	w1	โลก->โสก	จงคิดอ่านไปผ่านพิภพโลก	จงคิดอ่านไปผ่านพิภพโสก	โอ	กก	โอ	กก	โลก	override	โสก	w2p	มา(อา/กา);วิ(อิ/กา);โยค(โอ/กก);อยู่(อู/กา);ไย(ไอ/กา)	mattra_family	N	N	-	khobut#khobut_1:61	tricky-rhyme positive
pos_010116	positive	r1_w1_w2	HP_tricky	w1	ปลอบ->ผอบ	สิงหราว่ากล่าวเล้าโลมปลอบ	สิงหราว่ากล่าวเล้าโลมผอบ	ออ	กบ	ออ	กบ	ปลอบ	override	ผอบ	w2p	ตาม(อา/กม);ระ(อะ/กา);บอบ(ออ/กบ);โศก(โอ/กก);เศร้า(เอา/กา)	mattra_family	N	N	-	khobut#khobut_1:66	tricky-rhyme positive
pos_010117	positive	r1_w1_w2	HP_tricky	w1	รอด->รอสส์	ถ้าเคี้ยวพ่นคนตายแล้วคลายรอด	ถ้าเคี้ยวพ่นคนตายแล้วคลายรอสส์	ออ	กด	ออ	กด	รอด	override	รอด	w2p	ไม่(ไอ/กา);ม้วย(อัว/เกย);มอด(ออ/กด);มร(ออ/กน);ณา(อา/กา)	karun	N	Y	-	khobut#khobut_1:71	tricky-rhyme positive
pos_010118	positive	r1_w1_w2	HP_tricky	w1	เมฆ->เวอร์ค	เหาะละลิ่วปลิวคว้างมากลางเมฆ	เหาะละลิ่วปลิวคว้างมากลางเวอร์ค	เอ	กก	เอ	กก	เมก	override	เวอก	w2p	ลอย(ออ/เกย);วิ(อิ/กา);เวก(เอ/กก);มา(อา/กา);ใน(ไอ/กา)	karun	N	N	-	khobut#khobut_1:75	tricky-rhyme positive
pos_010119	positive	r1_w1_w2	HP_tricky	w1	ริย์->ฉริ	จะกล่าวถึงขัตติยวงศ์พงศ์กระษัตริย์	จะกล่าวถึงขัตติยวงศ์พงศ์กระษัตฉริ	อิ	กา	อิ	กา	ริ	override	ฉะริ	w2p	พรหม(โอะ/กม);ทัต(อะ/กด);ธิ(อิ/กา);บดินทร์(อิ/กน);ปิ่น(อิ/กน)	karun	N	Y	-	khobut#khobut_2:0	tricky-rhyme positive
pos_010120	positive	r1_w1_w2	HP_tricky	w1	คั่ง->ฟังก์	จึงมั่วสุมซุ่มคนไว้คับคั่ง	จึงมั่วสุมซุ่มคนไว้คับฟังก์	อะ	กง	อะ	กง	คั่ง	override	ฟัง	w2p	ได้(ไอ/กา);พร้อม(ออ/กม);พรั่ง(อะ/กง);หลาย(อา/เกย);พัน(อะ/กน)	karun	N	N	-	khobut#khobut_2:6	tricky-rhyme positive
pos_010121	positive	r1_w1_w2	HP_tricky	w1	ดึก->หมึก	ถึงวันดีเตรียมทัพเวลาดึก	ถึงวันดีเตรียมทัพเวลาหมึก	อึ	กก	อึ	กก	ดึก	override	หมึก	w2p	อึก(อึ/กก);ทึก(อึ/กก);ฮึก(อึ/กก);หาญ(อา/กน);ชาญ(อา/กน)	mattra_family	N	N	-	khobut#khobut_2:7	tricky-rhyme positive
pos_010122	positive	r1_w1_w2	HP_tricky	w1	ทิพ->หมิบ	แล้ววิ่งวงลงจากปราสาททิพ	แล้ววิ่งวงลงจากปราสาทหมิบ	อิ	กบ	อิ	กบ	ทิบ	w2p	หมิบ	w2p	ค่อย(ออ/เกย);กระ(อะ/กา);ซิบ(อิ/กบ);สั่ง(อะ/กง);สอง(ออ/กง)	mattra_family	N	N	-	khobut#khobut_2:11	tricky-rhyme positive
pos_010123	positive	r1_w1_w2	HP_tricky	w1	ปิด->พิตส์	ชำเลืองดูที่ทวารบานก็ปิด	ชำเลืองดูที่ทวารบานก็พิตส์	อิ	กด	อิ	กด	ปิด	override	พิด	w2p	ดัง(อะ/กง);ชี(อี/กา);วิต(อิ/กด);นาง(อา/กง);จะ(อะ/กา)	karun	N	N	-	khobut#khobut_2:12	tricky-rhyme positive
pos_010124	positive	r1_w1_w2	HP_tricky	w1	แก้ว->แอ๊ว	สายสมรสอนสั่งพระลูกแก้ว	สายสมรสอนสั่งพระลูกแอ๊ว	แอ	เกอว	แอ	เกอว	แก้ว	override	แว๊อว	w2p	พอ(ออ/กา);รุ่ง(อุ/กง);แล้ว(แอ/เกอว);ถ้า(อา/กา);เขา(เอา/กา)	mattra_family	N	N	-	khobut#khobut_2:13	tricky-rhyme positive
pos_010125	positive	r1_w1_w2	HP_tricky	w1	น้อง->ป้อง	นางมณีสาครจูงกรน้อง	นางมณีสาครจูงกรป้อง	ออ	กง	ออ	กง	น้อง	override	ป้อง	override	สง(โอะ/กง);สาร(อา/กน);สอง(ออ/กง);บุตรี(อุ/กา);ไม่(ไอ/กา)	mattra_family	N	N	-	khobut#khobut_2:19	tricky-rhyme positive
pos_010126	positive	r1_w1_w2	HP_tricky	w1	เหลียว->เฮี้ยว	พ้นทวารบ้านเมืองชำเลืองเหลียว	พ้นทวารบ้านเมืองชำเลืองเฮี้ยว	เอีย	เกอว	เอีย	เกอว	เหลียว	w2p	เปี้ยว	w2p	ยิ่ง(อิ/กง);เปล่า(เอา/กา);เปลี่ยว(เอีย/เกอว);เศร้า(เอา/กา);สร้อย(ออ/เกย)	mattra_family	N	N	-	khobut#khobut_2:20	tricky-rhyme positive
pos_010127	positive	r1_w1_w2	HP_tricky	w1	ภพ->สบ	เมื่อครั้งบุญทูลกระหม่อมยังครองภพ	เมื่อครั้งบุญทูลกระหม่อมยังครองสบ	โอะ	กบ	โอะ	กบ	ภพ	override	สบ	w2p	เธอ(เออ/กา);เวียน(เอีย/กน);รบ(โอะ/กบ);ตัก(อะ/กก);เตือน(เอือ/กน)	mattra_family	N	N	-	khobut#khobut_2:29	tricky-rhyme positive
pos_010128	positive	r1_w1_w2	HP_tricky	w1	แสง->แจง	พระพี่น้องสององค์ทรงกันแสง	พระพี่น้องสององค์ทรงกันแจง	แอ	กง	แอ	กง	แสง	override	แจง	w2p	จน(โอะ/กน);สุด(อุ/กด);แรง(แอ/กง);ที่(อี/กา);จะ(อะ/กา)	mattra_family	N	N	-	khobut#khobut_2:31	tricky-rhyme positive
pos_010129	positive	r1_w1_w2	HP_tricky	w1	เงียบ->เหยียบ	เทพไททุกวิมานบันดาลเงียบ	เทพไททุกวิมานบันดาลเหยียบ	เอีย	กบ	เอีย	กบ	เงียบ	override	เหยียบ	w2p	เย็น(เอะ/กน);ยะ(อะ/กา);เยียบ(เอีย/กบ);ทุก(อุ/กก);หย่อม(ออ/กม)	mattra_family	N	N	-	khobut#khobut_2:32	tricky-rhyme positive
pos_010130	positive	r1_w1_w2	HP_tricky	w1	หอบ->ซอฟต์	ทั้งสององค์ลงนั่งกำลังหอบ	ทั้งสององค์ลงนั่งกำลังซอฟต์	ออ	กบ	ออ	กบ	หอบ	override	ซอย	w2p	พระ(อะ/กา);กร(ออ/กน);กอบ(ออ/กบ);ดื่ม(อือ/กม);กิน(อิ/กน)	karun	N	Y	-	khobut#khobut_2:35	tricky-rhyme positive
pos_010131	positive	r1_w1_w2	HP_tricky	w1	สด->ยด	พี่แหวกจอกปอกเสวยกระจับสด	พี่แหวกจอกปอกเสวยกระจับยด	โอะ	กด	โอะ	กด	สด	w2p	ยด	w2p	น้อง(ออ/กง);ว่า(อา/กา);รส(โอะ/กด);โอ(โอ/กา);ชา(อา/กา)	mattra_family	N	N	-	khobut#khobut_2:36	tricky-rhyme positive
pos_010132	positive	r1_w1_w2	HP_tricky	w1	สระ->ธะ	พระเวสสุวัณสาปสรรให้เฝ้าสระ	พระเวสสุวัณสาปสรรให้เฝ้าธะ	อะ	กา	อะ	กา	สะหระ	override	ทะ	w2p	ด้วย(อัว/เกย);โม(โอ/กา);หะ(อะ/กา);ฤทธิ์(อิ/กด);แรง(แอ/กง)	mattra_family	N	N	-	khobut#khobut_2:37	tricky-rhyme positive
pos_010133	positive	r1_w1_w2	HP_tricky	w1	ถึง->หนึ่ง	พอโคบุตรสุริยาเหาะมาถึง	พอโคบุตรสุริยาเหาะมาหนึ่ง	อึ	กง	อึ	กง	ถึง	override	หนึ่ง	override	ได้(ไอ/กา);ยิน(อิ/กน);อึง(อึ/กง);หวั่น(อะ/กน);ไหว(ไอ/กา)	mattra_family	N	N	-	khobut#khobut_3:0	tricky-rhyme positive
pos_010134	positive	r1_w1_w2	HP_tricky	w1	มุ่น->สถุล	สี่ยักษาไล่ทารกอยู่หมกมุ่น	สี่ยักษาไล่ทารกอยู่หมกสถุล	อุ	กน	อุ	กน	มุ่น	w2p	สะถุน	override	นึก(อึ/กก);กา(อา/กา);รุญ(อุ/กน);สง(โอะ/กง);สาร(อา/กน)	mattra_family	N	N	-	khobut#khobut_3:1	tricky-rhyme positive
pos_010135	positive	r1_w1_w2	HP_tricky	w1	ร้อง->สยอง	ยักษ์ทมิฬยินถามคำรามร้อง	ยักษ์ทมิฬยินถามคำรามสยอง	ออ	กง	ออ	กง	ร้อง	override	สะหยอง	override	มัน(อะ/กน);จอง(ออ/กง);หอง(ออ/กง);ลง(โอะ/กง);ชำ(อำ/กา)	mattra_family	N	N	-	khobut#khobut_3:3	tricky-rhyme positive
pos_010136	positive	r1_w1_w2	HP_tricky	w1	อาบ->สตาฟฟ์	ทั้งพี่น้องสององค์ลงกินอาบ	ทั้งพี่น้องสององค์ลงกินสตาฟฟ์	อา	กบ	อา	กบ	อาบ	w2p	สะตาฟ	w2p	ก็(เอาะ/กา);เย็น(เอะ/กน);ซาบ(อา/กบ);สรร(อะ/กน);พางค์(อา/กง)	karun	N	N	-	khobut#khobut_3:5	tricky-rhyme positive
pos_010137	positive	r1_w1_w2	HP_tricky	w1	ด้วย->ย้วย	จงเอาบุญเจ้าประคุณเอ็นดูด้วย	จงเอาบุญเจ้าประคุณเอ็นดูย้วย	อัว	เกย	อัว	เกย	ด้วย	override	ย้วย	w2p	เหมือน(เอือ/กน);โปรด(โอ/กด);ช่วย(อัว/เกย);ลูก(อู/กก);กำ(อำ/กา)	true_final	N	N	-	khobut#khobut_3:6	tricky-rhyme positive
pos_010138	positive	r1_w1_w2	HP_tricky	w1	กึก->คึก	พวกรากษสโกรธร้องอยู่ก้องกึก	พวกรากษสโกรธร้องอยู่ก้องคึก	อึ	กก	อึ	กก	กึก	w2p	คึก	w2p	จอง(ออ/กง);หอง(ออ/กง);ฮึก(อึ/กก);เหิม(เออ/กม);นัก(อะ/กก)	mattra_family	N	N	-	khobut#khobut_3:8	tricky-rhyme positive
pos_010139	positive	r1_w1_w2	HP_tricky	w1	ศึก->รึก	ด้วยเดชะเครื่องประดับสำหรับศึก	ด้วยเดชะเครื่องประดับสำหรับรึก	อึ	กก	อึ	กก	สึก	override	รึก	w2p	แล่น(แอ/กน);พิ(อิ/กา);ลึก(อึ/กก);โลด(โอ/กด);ไล่(ไอ/กา)	mattra_family	N	N	-	khobut#khobut_3:13	tricky-rhyme positive
pos_010140	positive	r1_w1_w2	HP_tricky	w1	รบ->อบ	ต่างกำแหงแรงเริงในเชิงรบ	ต่างกำแหงแรงเริงในเชิงอบ	โอะ	กบ	โอะ	กบ	รบ	override	อบ	w2p	ไม่(ไอ/กา);หลีก(อี/กก);หลบ(โอะ/กบ);โลด(โอ/กด);ไล่(ไอ/กา)	mattra_family	N	Y	-	khobut#khobut_3:14	tricky-rhyme positive
pos_010141	positive	r1_w1_w2	HP_tricky	w1	แก้->แห	ด้วยฤทธิ์เทพอาวุธสุดจะแก้	ด้วยฤทธิ์เทพอาวุธสุดจะแห	แอ	กา	แอ	กา	แก้	override	แห	w2p	ไม่(ไอ/กา);หาย(อา/เกย);แผล(แอ/กา);ม้วย(อัว/เกย);มุด(อุ/กด)	mattra_family	N	Y	-	khobut#khobut_3:16	tricky-rhyme positive
pos_010142	positive	r1_w1_w2	HP_tricky	w1	โฉม->โพยม	ชมกุมารน้องชายก็เฉิดโฉม	ชมกุมารน้องชายก็เฉิดโพยม	โอ	กม	โอ	กม	โฉม	override	พะโยม	override	งาม(อา/กม);ประ(อะ/กา);โลม(โอ/กม);ดัง(อะ/กง);เทพ(เอ/กบ)	mattra_family	N	N	-	khobut#khobut_3:18	tricky-rhyme positive
pos_010143	positive	r1_w1_w2	HP_tricky	w1	พี่->บี้	เจ้ากุมแก้วแล้วเหาะไปตามพี่	เจ้ากุมแก้วแล้วเหาะไปตามบี้	อี	กา	อี	กา	พี่	override	บี้	w2p	ถึง(อึ/กง);บู(อู/กา);รี(อี/กา);เรือง(เอือ/กง);รัตน์(อะ/กด)	mattra_family	N	N	-	khobut#khobut_3:31	tricky-rhyme positive
pos_010144	positive	r1_w1_w2	HP_tricky	w1	จัด->ฉวัด	ครั้นภาณุมาศผาดแผดแดดร้อนจัด	ครั้นภาณุมาศผาดแผดแดดร้อนฉวัด	อะ	กด	อะ	กด	จัด	override	ฉะหวัด	w2p	สาม(อา/กม);กระ(อะ/กา);ษัต(อะ/กด);ริย์(อิ/กา);ต้อง(ออ/กง)	mattra_family	N	N	-	khobut#khobut_3:33	tricky-rhyme positive
pos_010145	positive	r1_w1_w2	HP_tricky	w1	เหิน->เซิล	พระชวนน้องสององค์ขึ้นเหาะเหิน	พระชวนน้องสององค์ขึ้นเหาะเซิล	เออ	กน	เออ	กน	เหิน	w2p	เซิน	w2p	งาน(อา/กน);เจริญ(เออ/กน);รีบ(อี/กบ);มา(อา/กา);ใน(ไอ/กา)	mattra_family	N	N	-	khobut#khobut_3:39	tricky-rhyme positive
pos_010146	positive	r1_w1_w2	HP_tricky	w1	เดช->เพท	กุมาราพาองค์พระทรงเดช	กุมาราพาองค์พระทรงเพท	เอ	กด	เอ	กด	เดด	override	เพด	w2p	เข้า(เอา/กา);นิ(อิ/กา);เวศน์(เอ/กด);ปรางค์(อา/กง);ทอง(ออ/กง)	mattra_family	N	N	-	khobut#khobut_3:42	tricky-rhyme positive
pos_010147	positive	r1_w1_w2	HP_tricky	w1	น้อย->รอยซ์	นางมณีสาครกับน้องน้อย	นางมณีสาครกับน้องรอยซ์	ออ	เกย	ออ	เกย	น้อย	override	รอย	w2p	ก็(เอาะ/กา);เศร้า(เอา/กา);สร้อย(ออ/เกย);โลม(โอ/กม);เล้า(เอา/กา)	karun	N	Y	-	khobut#khobut_3:47	tricky-rhyme positive
pos_010148	positive	r1_w1_w2	HP_tricky	w1	จับ->ถรรพณ์	พระพี่น้องร้องเรียกให้ยักษ์จับ	พระพี่น้องร้องเรียกให้ยักษ์ถรรพณ์	อะ	กบ	อะ	กบ	จับ	override	ถะหระ	w2p	สั่ง(อะ/กง);กำ(อำ/กา);ชับ(อะ/กบ);อย่า(อา/กา);เพ่อ(เออ/กา)	karun	N	Y	-	khobut#khobut_3:49	tricky-rhyme positive
pos_010149	positive	r1_w1_w2	HP_tricky	w1	เถิด->เฟิร์ส	ฝากแต่น้องสององค์ไว้ด้วยเถิด	ฝากแต่น้องสององค์ไว้ด้วยเฟิร์ส	เออ	กด	เออ	กด	เถิด	override	เฟิด	w2p	นึก(อึ/กก);ว่า(อา/กา);เกิด(เออ/กด);ร่วม(อัว/กม);ครรภ์(อะ/กน)	karun	N	N	-	khobut#khobut_3:58	tricky-rhyme positive
pos_010150	positive	r1_w1_w2	HP_tricky	w1	ถาม->ห้าม	พระโคบุตรทรงฟังรับสั่งถาม	พระโคบุตรทรงฟังรับสั่งห้าม	อา	กม	อา	กม	ถาม	override	ห้าม	override	ไม่(ไอ/กา);บอก(ออ/กก);ความ(อา/กม);ออก(ออ/กก);แจ้ง(แอ/กง)	mattra_family	N	N	-	khobut#khobut_3:59	tricky-rhyme positive
pos_010151	positive	r1_w1_w2	HP_tricky	w1	คลอด->รอดส์	พระมารดาอาสัญแต่วันคลอด	พระมารดาอาสัญแต่วันรอดส์	ออ	กด	ออ	กด	คลอด	w2p	รอด	w2p	ชี(อี/กา);วิต(อิ/กด);รอด(ออ/กด);ด้วย(อัว/เกย);ราช(อา/กด)	karun	N	Y	-	khobut#khobut_3:60	tricky-rhyme positive
pos_010152	positive	r1_w1_w2	HP_tricky	w1	รส->จรด	ว่าพ่อได้สายสวาทเป็นโอรส	ว่าพ่อได้สายสวาทเป็นโอจรด	โอะ	กด	โอะ	กด	รส	override	จะหรด	override	เฉลิม(เออ/กม);ยศ(โอะ/กด);ภิญ(อิ/กน);โญ(โอ/กา);สโม(โอ/กม)	mattra_family	N	Y	-	khobut#khobut_3:69	tricky-rhyme positive
pos_010153	positive	r1_w1_w2	HP_tricky	w1	ลูก->มูก	เสวกาพาพราหมณ์ทั้งพ่อลูก	เสวกาพาพราหมณ์ทั้งพ่อมูก	อู	กก	อู	กก	ลูก	override	มูก	w2p	ไป(ไอ/กา);มัด(อะ/กด);ผูก(อู/กก);เฆี่ยน(เอีย/กน);ขับ(อะ/กบ)	mattra_family	N	N	-	khobut#khobut_3:77	tricky-rhyme positive
pos_010154	positive	r1_w1_w2	HP_tricky	w1	ข้าง->กลาง	พวกดาบแดงแซงเดินกระหนาบข้าง	พวกดาบแดงแซงเดินกระหนาบกลาง	อา	กง	อา	กง	ข้าง	override	กลาง	override	ขยับ(อะ/กบ);ย่าง(อา/กง);จูง(อู/กง);พราหมณ์(อา/กม);มา(อา/กา)	mattra_family	N	N	-	khobut#khobut_3:78	tricky-rhyme positive
pos_010155	positive	r1_w1_w2	HP_tricky	w1	หลอก->กลอก	มันเห็นใครใจอ่อนมันหลอนหลอก	มันเห็นใครใจอ่อนมันหลอนกลอก	ออ	กก	ออ	กก	หลอก	override	กลอก	w2p	ไม่(ไอ/กา);ดี(อี/กา);ดอก(ออ/กก);เจ้า(เอา/กา);อย่า(อา/กา)	mattra_family	N	N	-	khobut#khobut_3:90	tricky-rhyme positive
pos_010156	positive	r1_w1_w2	HP_tricky	w1	ข่าว->ฟาว	สิบห้าวันจะผลัดกันมาสืบข่าว	สิบห้าวันจะผลัดกันมาสืบฟาว	อา	เกอว	อา	เกอว	ข่าว	override	ฟาว	w2p	ให้(ไอ/กา);สอง(ออ/กง);ท้าว(อา/เกอว);ปรีดิ์(อี/กา);เปรม(เอ/กม)	mattra_family	N	N	-	khobut#khobut_3:105	tricky-rhyme positive
pos_010157	positive	r1_w1_w2	HP_tricky	w1	หง->ขง	ออกจากกรุงมุ่งหมายเข้าไพรระหง	ออกจากกรุงมุ่งหมายเข้าไพรระขง	โอะ	กง	โอะ	กง	หง	w2p	ขง	w2p	ทั้ง(อะ/กง);สอง(ออ/กง);องค์(โอะ/กง);ชม(โอะ/กม);ไม้(ไอ/กา)	mattra_family	N	N	-	khobut#khobut_3:107	tricky-rhyme positive
pos_010158	positive	r1_w1_w2	HP_tricky	w1	มืด->ฝืด	เป็นสี่เหลี่ยมสูงวิเวกเทียมเมฆมืด	เป็นสี่เหลี่ยมสูงวิเวกเทียมเมฆฝืด	อือ	กด	อือ	กด	มืด	override	ฝืด	w2p	ดู(อู/กา);โยง(โอ/กง);ยืด(อือ/กด);ยาว(อา/เกอว);ใหญ่(ไอ/กา)	mattra_family	N	N	-	khobut#khobut_3:111	tricky-rhyme positive
pos_010159	positive	r1_w1_w2	HP_tricky	w1	สณฑ์->ร้น	ครั้นถึงที่เขาใหญ่ในไพรสณฑ์	ครั้นถึงที่เขาใหญ่ในไพรร้น	โอะ	กน	โอะ	กน	สน	w2p	ร้น	w2p	แล(แอ/กา);เห็น(เอะ/กน);ต้น(โอะ/กน);นา(อา/กา);รี(อี/กา)	karun	N	Y	-	khobut#khobut_3:112	tricky-rhyme positive
pos_010160	positive	r1_w1_w2	HP_tricky	w1	สุด->รุด	ด้วยหวงแหนแค้นเคืองเป็นที่สุด	ด้วยหวงแหนแค้นเคืองเป็นที่รุด	อุ	กด	อุ	กด	สุด	override	รุด	w2p	เหม่(เอ/กม);มนุษย์(อุ/กด);สอง(ออ/กง);รา(อา/กา);มา(อา/กา)	mattra_family	N	N	-	khobut#khobut_4:1	tricky-rhyme positive
pos_010161	positive	r1_w1_w2	HP_tricky	w1	ฉับ->ทรัพย์	ชิงพระขรรค์ฟันฟาดเสียงฉาดฉับ	ชิงพระขรรค์ฟันฟาดเสียงฉาดทรัพย์	อะ	กบ	อะ	กบ	ฉับ	w2p	ซับ	override	ศีร(อี/กน);ษะ(อะ/กา);พับ(อะ/กบ);ตก(โอะ/กก);ผาง(อา/กง)	karun	N	N	-	khobut#khobut_4:3	tricky-rhyme positive
pos_010162	positive	r1_w1_w2	HP_tricky	w1	หลาบ->สาบ	จะชุบชีวิตไว้พอหายหลาบ	จะชุบชีวิตไว้พอหายสาบ	อา	กบ	อา	กบ	หลาบ	w2p	สาบ	w2p	อย่า(อา/กา);เป็น(เอะ/กน);บาป(อา/กบ);ติด(อิ/กด);กาย(อา/เกย)	mattra_family	N	N	-	khobut#khobut_4:8	tricky-rhyme positive
pos_010163	positive	r1_w1_w2	HP_tricky	w1	กราบ->ยาบ	วิชาธรรอดตายขึ้นไหว้กราบ	วิชาธรรอดตายขึ้นไหว้ยาบ	อา	กบ	อา	กบ	กราบ	override	ยาบ	w2p	ศิ(อิ/กา);โร(โอ/กา);ราบ(อา/กบ);หมอบ(ออ/กบ);เรียง(เอีย/กง)	mattra_family	N	N	-	khobut#khobut_4:9	tricky-rhyme positive
pos_010164	positive	r1_w1_w2	HP_tricky	w1	ภักดิ์->ดัก	พระฟังพวกวิทยาสามิภักดิ์	พระฟังพวกวิทยาสามิดัก	อะ	กก	อะ	กก	พัก	w2p	ดัก	w2p	จึ่ง(อึ/กง);ประ(อะ/กา);จักษ์(อะ/กก);เล่า(เอา/กา);แจ้ง(แอ/กง)	karun	N	N	-	khobut#khobut_4:11	tricky-rhyme positive
pos_010165	positive	r1_w1_w2	HP_tricky	w1	เสือ->เมื่อ	ผูกชฎาอาภรณ์ล้วนหนังเสือ	ผูกชฎาอาภรณ์ล้วนหนังเมื่อ	เอือ	กา	เอือ	กา	เสือ	override	เมื่อ	override	หรือ(อือ/กา);ชาติ(อา/กด);เชื้อ(เอือ/กา);ชาว(อา/เกอว);ป่า(อา/กา)	mattra_family	N	N	-	khobut#khobut_4:13	tricky-rhyme positive
pos_010166	positive	r1_w1_w2	HP_tricky	w1	ผล->ด้น	อันพฤกษาต้นนี้นารีผล	อันพฤกษาต้นนี้นารีด้น	โอะ	กน	โอะ	กน	ผล	override	ด้น	w2p	ออก(ออ/กก);เป็น(เอะ/กน);คน(โอะ/กน);ได้(ไอ/กา);ชม(โอะ/กม)	mattra_family	N	Y	-	khobut#khobut_4:14	tricky-rhyme positive
pos_010167	positive	r1_w1_w2	HP_tricky	w1	หวง->ด้วง	จึงสามารถอาจหาญเพราะแสนหวง	จึงสามารถอาจหาญเพราะแสนด้วง	อัว	กง	อัว	กง	หวง	override	ด้วง	w2p	กลัว(อัว/กา);จะ(อะ/กา);ช่วง(อัว/กง);ชิง(อิ/กง);นาง(อา/กง)	mattra_family	N	N	-	khobut#khobut_4:15	tricky-rhyme positive
pos_010168	positive	r1_w1_w2	HP_tricky	w1	น้ำ->ห้ำ	ประกอบด้วยยักขินีผีเสื้อน้ำ	ประกอบด้วยยักขินีผีเสื้อห้ำ	อำ	กา	อำ	กา	น้ำ	override	ห้ำ	w2p	เลิศ(เออ/กด);ล้ำ(อำ/กา);ฤท(อึ/กด);ธิ(อิ/กา);แรง(แอ/กง)	mattra_family	N	N	-	khobut#khobut_4:27	tricky-rhyme positive
pos_010169	positive	r1_w1_w2	HP_tricky	w1	สมุทร->ยุทธิ์	จะกล่าวถึงเทพไทอยู่ใกล้สมุทร	จะกล่าวถึงเทพไทอยู่ใกล้ยุทธิ์	อุ	กด	อุ	กด	สะหมุด	override	ยุด	w2p	สง(โอะ/กง);สาร(อา/กน);พระ(อะ/กา);โค(โอ/กา);บุตร(อุ/กด)	karun	N	N	-	khobut#khobut_4:49	tricky-rhyme positive
pos_010170	positive	r1_w1_w2	HP_tricky	w1	กุฎ->สุทธ์	พระอิศวรทูลกระหม่อมจอมมงกุฎ	พระอิศวรทูลกระหม่อมจอมมงสุทธ์	อุ	กด	อุ	กด	กุด	w2p	สุด	w2p	แม้น(แอ/กน);มนุษย์(อุ/กด);เข่น(เอ/กน);ฆ่า(อา/กา);หา(อา/กา)	karun	N	N	-	khobut#khobut_4:72	tricky-rhyme positive
pos_010171	positive	r1_w1_w2	HP_tricky	w1	ฉาน->ว่าน	เอ็งเป็นแต่เพียงสัตว์เดียรัจฉาน	เอ็งเป็นแต่เพียงสัตว์เดียรัจว่าน	อา	กน	อา	กน	ฉาน	override	ว่าน	w2p	ทำ(อำ/กา);โว(โอ/กา);หาร(อา/กน);ไม่(ไอ/กา);มี(อี/กา)	mattra_family	N	N	-	khobut#khobut_4:79	tricky-rhyme positive
pos_010172	positive	r1_w1_w2	HP_tricky	w1	รู้->ฟลู	อยากเห็นฤทธิ์หรือไรจะให้รู้	อยากเห็นฤทธิ์หรือไรจะให้ฟลู	อู	กา	อู	กา	รู้	override	ฟลู	w2p	กำ(อำ/กา);ลัง(อะ/กง);กู(อู/กา);ถึง(อึ/กง);เจ็ด(เอะ/กด)	mattra_family	N	N	-	khobut#khobut_4:80	tricky-rhyme positive
pos_010173	positive	r1_w1_w2	HP_tricky	w1	ศิต->ภิษฐ์	ด้วยยักษีมีพรประกาศิต	ด้วยยักษีมีพรประกาภิษฐ์	อิ	กด	อิ	กด	สิด	w2p	พิด	w2p	มนุษย์(อุ/กด);ล้าง(อา/กง);ชี(อี/กา);วิต(อิ/กด);ไม่(ไอ/กา)	karun	N	N	-	khobut#khobut_4:91	tricky-rhyme positive
pos_010174	positive	r1_w1_w2	HP_tricky	w1	บาก->ฉนาก	แม้นท่านไปเรามิได้ให้ลำบาก	แม้นท่านไปเรามิได้ให้ลำฉนาก	อา	กก	อา	กก	บาก	w2p	ฉะหนาก	override	ต้อง(ออ/กง);เหนื่อย(เอือ/เกย);ยาก(อา/กก);เหมือน(เอือ/กน);เขา(เอา/กา)	mattra_family	N	N	-	khobut#khobut_4:92	tricky-rhyme positive
pos_010175	positive	r1_w1_w2	HP_tricky	w1	พัด->ปัต	พระพิรุณโปรยปรายพระพายพัด	พระพิรุณโปรยปรายพระพายปัต	อะ	กด	อะ	กด	พัด	override	ปัด	w2p	ทุก(อุ/กก);จัง(อะ/กง);หวัด(อะ/กด);เทวัญ(เอะ/กน);ก็(เอาะ/กา)	mattra_family	N	N	-	khobut#khobut_4:96	tricky-rhyme positive
pos_010176	positive	r1_w1_w2	HP_tricky	w1	ฝั่ง->มั่ง	ไม่พลาดเพลี่ยงเสียงระลอกกระฉอกฝั่ง	ไม่พลาดเพลี่ยงเสียงระลอกกระฉอกมั่ง	อะ	กง	อะ	กง	ฝั่ง	override	มั่ง	override	เพียง(เอีย/กง);จะ(อะ/กา);พัง(อะ/กง);โล(โอ/กา);กา(อา/กา)	mattra_family	N	N	-	khobut#khobut_4:98	tricky-rhyme positive
pos_010177	positive	r1_w1_w2	HP_tricky	w1	เคี้ยว->เขียว	ทั้งสามคนครึ่งคำไม่พอเคี้ยว	ทั้งสามคนครึ่งคำไม่พอเขียว	เอีย	เกอว	เอีย	เกอว	เคี้ยว	w2p	เขียว	override	ประ(อะ/กา);เดี๋ยว(เอีย/เกอว);เดียว(เอีย/เกอว);ชี(อี/กา);วัง(อะ/กง)	mattra_family	N	N	-	khobut#khobut_4:101	tricky-rhyme positive
pos_010178	positive	r1_w1_w2	HP_tricky	w1	เย้ย->เปรย	ฝ่ายพญาวานรสุนทรเย้ย	ฝ่ายพญาวานรสุนทรเปรย	เออ	เกย	เออ	เกย	เย้ย	w2p	เปรย	w2p	ว่า(อา/กา);เหวย(เออ/เกย);เหวย(เออ/เกย);ยัก(อะ/กก);ษา(อา/กา)	mattra_family	N	N	-	khobut#khobut_4:102	tricky-rhyme positive
pos_010179	positive	r1_w1_w2	HP_tricky	w1	นบ->กรบ	มึงจะให้ใครนั่นไปนอบนบ	มึงจะให้ใครนั่นไปนอบกรบ	โอะ	กบ	โอะ	กบ	นบ	w2p	กอบ	w2p	พลาง(อา/กง);ตลบ(โอะ/กบ);โลด(โอ/กด);ไล่ก(ไอ/กา);บี่(อี/กา)	mattra_family	N	Y	-	khobut#khobut_4:106	tricky-rhyme positive
pos_010180	positive	r1_w1_w2	HP_tricky	w1	นึก->ปึก	ไม่คืนติดต่อได้เหมือนใจนึก	ไม่คืนติดต่อได้เหมือนใจปึก	อึ	กก	อึ	กก	นึก	override	ปึก	w2p	หวน(อัว/กน);ระ(อะ/กา);ลึก(อึ/กก);หวั่น(อะ/กน);ไหว(ไอ/กา)	mattra_family	N	N	-	khobut#khobut_4:112	tricky-rhyme positive
pos_010181	positive	r1_w1_w2	HP_tricky	w1	เชี่ยว->เรียว	โอ้เสียดายชลสายกระแสเชี่ยว	โอ้เสียดายชลสายกระแสเรียว	เอีย	เกอว	เอีย	เกอว	เชี่ยว	w2p	เรียว	w2p	เคย(เออ/เกย);มา(อา/กา);เที่ยว(เอีย/เกอว);ปรีดิ์(อี/กา);เปรม(เอ/กม)	mattra_family	N	N	-	khobut#khobut_4:114	tricky-rhyme positive
pos_010182	positive	r1_w1_w2	HP_tricky	w1	หาย->อบาย	ยิ่งระลึกนึกไปก็ใจหาย	ยิ่งระลึกนึกไปก็ใจอบาย	อา	เกย	อา	เกย	หาย	override	อะบาย	override	รา(อา/กา);พณ์(อะ/กา);ร้าย(อา/เกย);โหย(โอ/เกย);หวน(อัว/กน)	mattra_family	N	N	-	khobut#khobut_4:116	tricky-rhyme positive
pos_010183	positive	r1_w1_w2	HP_tricky	w1	เขิน->เอิญ	ลงหยุดยั้งนั่งชะง่อนสิงขรเขิน	ลงหยุดยั้งนั่งชะง่อนสิงขรเอิญ	เออ	กน	เออ	กน	เขิน	override	เอิน	w2p	งาม(อา/กม);เจริญ(เออ/กน);เลิศ(เออ/กด);ลบ(โอะ/กบ);จบ(โอะ/กบ)	mattra_family	N	N	-	khobut#khobut_4:119	tricky-rhyme positive
pos_010184	positive	r1_w1_w2	HP_tricky	w1	อรุณ->หุน	พระโคบุตรสุริยวงศ์องค์อรุณ	พระโคบุตรสุริยวงศ์องค์หุน	อุ	กน	อุ	กน	อะรุน	override	หุน	w2p	ทั้ง(อะ/กง);พวก(อัว/กก);ขุน(อุ/กน);วา(อา/กา);นร(ออ/กน)	mattra_family	N	Y	-	khobut#khobut_4:136	tricky-rhyme positive
pos_010185	positive	r1_w1_w2	HP_tricky	w1	อิ้ง->คิงก์	แล้วปลดเปลื้องเครื่องทรงสร้อยสะอิ้ง	แล้วปลดเปลื้องเครื่องทรงสร้อยสะคิงก์	อิ	กง	อิ	กง	อิ้ง	w2p	คิง	w2p	พวก(อัว/กก);ฝูง(อู/กง);ลิง(อิ/กง);ต่าง(อา/กง);ก็(เอาะ/กา)	karun	N	N	-	khobut#khobut_4:143	tricky-rhyme positive
pos_010186	positive	r1_w1_w2	HP_tricky	w1	คล้อย->ตอย	พระสรงชลสุริยนลงบ่ายคล้อย	พระสรงชลสุริยนลงบ่ายตอย	ออ	เกย	ออ	เกย	คล้อย	w2p	ตอย	w2p	ชวน(อัว/กน);น้อง(ออ/กง);น้อย(ออ/เกย);ร่วม(อัว/กม);จิต(อิ/กด)	mattra_family	N	N	-	khobut#khobut_4:146	tricky-rhyme positive
pos_010187	positive	r1_w1_w2	HP_tricky	w1	สุก->จุก	จงปกป้องครองกันให้ผาสุก	จงปกป้องครองกันให้ผาจุก	อุ	กก	อุ	กก	สุก	w2p	จุก	override	อย่า(อา/กา);มี(อี/กา);ทุกข์(อุ/กก);จง(โอะ/กง);ภิญ(อิ/กน)	mattra_family	N	N	-	khobut#khobut_4:148	tricky-rhyme positive
pos_010188	positive	r1_w1_w2	HP_tricky	w1	โขก->โหวก	ที่ตัวกล้าไม่ถอยตบต่อยโขก	ที่ตัวกล้าไม่ถอยตบต่อยโหวก	โอ	กก	โอ	กก	โขก	w2p	หวก	w2p	เสียง(เอีย/กง);ดัง(อะ/กง);โปก(โอ/กก);เหวี่ยง(เอีย/กง);ปัด(อะ/กด)	mattra_family	N	N	-	khobut#khobut_5:1	tricky-rhyme positive
pos_010189	positive	r1_w1_w2	HP_tricky	w1	เอี่ยม->เกี้ยม	พึ่งแรกรุ่นรูปร่างสำอางเอี่ยม	พึ่งแรกรุ่นรูปร่างสำอางเกี้ยม	เอีย	กม	เอีย	กม	เอี่ยม	w2p	เกี้ยม	w2p	งาน(อา/กน);เสงี่ยม(เอีย/กม);น่า(อา/กา);รัก(อะ/กก);เป็น(เอะ/กน)	mattra_family	N	N	-	khobut#khobut_5:4	tricky-rhyme positive
pos_010190	positive	r1_w1_w2	HP_tricky	w1	เพื่อน->เบือน	เป็นไรน้องร้องไห้ไม่เห็นเพื่อน	เป็นไรน้องร้องไห้ไม่เห็นเบือน	เอือ	กน	เอือ	กน	เพื่อน	override	เบือน	w2p	ใน(ไอ/กา);กลาง(อา/กง);เถื่อน(เอือ/กน);วุ้ง(อุ/กง);เวิ้ง(เออ/กง)	mattra_family	N	N	-	khobut#khobut_5:9	tricky-rhyme positive
pos_010191	positive	r1_w1_w2	HP_tricky	w1	อื้น->หืน	ยักขินีฟังคำทำสะอื้น	ยักขินีฟังคำทำสะหืน	อือ	กน	อือ	กน	อื้น	w2p	หืน	w2p	แล้ว(แอ/เกอว);หยุด(อุ/กด);ยืน(อือ/กน);เช็ด(เอะ/กด);ชล(โอะ/กน)	mattra_family	N	N	-	khobut#khobut_5:10	tricky-rhyme positive
pos_010192	positive	r1_w1_w2	HP_tricky	w1	ษา->กา	ฉันหลงชมมิ่งไม้ไพรพฤกษา	ฉันหลงชมมิ่งไม้ไพรพฤกกา	อา	กา	อา	กา	สาสะ	w2p	กา	override	หมาย(อา/เกย);จะ(อะ/กา);กลับ(อะ/กบ);พา(อา/กา);รา(อา/กา)	mattra_family	N	N	-	khobut#khobut_5:11	tricky-rhyme positive
pos_010193	positive	r1_w1_w2	HP_tricky	w1	ยิ้ม->กริมส์	ได้สมรักยักษ์ร้ายไม่วายยิ้ม	ได้สมรักยักษ์ร้ายไม่วายกริมส์	อิ	กม	อิ	กม	ยิ้ม	override	กะริม	w2p	เดิน(เออ/กน);กระ(อะ/กา);หยิ่ม(อิ/กม);มา(อา/กา);ด้วย(อัว/เกย)	karun	N	N	-	khobut#khobut_5:16	tricky-rhyme positive
pos_010194	positive	r1_w1_w2	HP_tricky	w1	นก->หนก	อียักษ์แปลงแกล้งถามถึงนามนก	อียักษ์แปลงแกล้งถามถึงนามหนก	โอะ	กก	โอะ	กก	นก	override	หนก	w2p	ฝูง(อู/กง);วิ(อิ/กา);หค(โอะ/กก);เรียง(เอีย/กง);ราย(อา/เกย)	mattra_family	N	Y	-	khobut#khobut_5:19	tricky-rhyme positive
pos_010195	positive	r1_w1_w2	HP_tricky	w1	โผน->โน้น	จัตุบาทผาดผยองลำพองโผน	จัตุบาทผาดผยองลำพองโน้น	โอ	กน	โอ	กน	โผน	override	โน้น	w2p	กิ(อิ/กา);เลน(เอ/กน);โจน(โอ/กน);ไล่(ไอ/กา);นาง(อา/กง)	mattra_family	N	N	-	khobut#khobut_5:21	tricky-rhyme positive
pos_010196	positive	r1_w1_w2	HP_tricky	w1	ยง->ซง	เย็นพยับอับแสงสุริยง	เย็นพยับอับแสงสุริซง	โอะ	กง	โอะ	กง	ยง	w2p	ซง	w2p	ชะ(อะ/กา);นี(อี/กา);ส่ง(โอะ/กง);เสียง(เอีย/กง);ไห้(ไอ/กา)	mattra_family	N	N	-	khobut#khobut_5:22	tricky-rhyme positive
pos_010197	positive	r1_w1_w2	HP_tricky	w1	ค่ำ->กำ	ยักขินีดีใจเห็นใกล้ค่ำ	ยักขินีดีใจเห็นใกล้กำ	อำ	กา	อำ	กา	ค่ำ	override	กำ	override	นิ(อิ/กา);มิต(อิ/กด);ถ้ำ(อำ/กา);ด้วย(อัว/เกย);พระ(อะ/กา)	mattra_family	N	N	-	khobut#khobut_5:23	tricky-rhyme positive
pos_010198	positive	r1_w1_w2	HP_tricky	w1	ตื่น->รืน	พระโคบุตรสุริยาผวาตื่น	พระโคบุตรสุริยาผวารืน	อือ	กน	อือ	กน	ตื่น	override	รืน	w2p	ไม่(ไอ/กา);พลิก(อิ/กก);ฟื้น(อือ/กน);ทำ(อำ/กา);นิ่ง(อิ/กง)	mattra_family	N	N	-	khobut#khobut_5:34	tricky-rhyme positive
pos_010199	positive	r1_w1_w2	HP_tricky	w1	กริ่ง->ฟิงค์	พระโคบุตรคิดในพระทัยกริ่ง	พระโคบุตรคิดในพระทัยฟิงค์	อิ	กง	อิ	กง	กริ่ง	w2p	ฟิง	w2p	ไฉน(ไอ/กา);หญิง(อิ/กง);จึง(อึ/กง);มา(อา/กา);ร่วม(อัว/กม)	karun	N	N	-	khobut#khobut_5:35	tricky-rhyme positive
pos_010200	positive	r1_w1_w2	HP_tricky	w1	สาบ->หลาบ	ได้กลิ่นปากรากโษสก็เหม็นสาบ	ได้กลิ่นปากรากโษสก็เหม็นหลาบ	อา	กบ	อา	กบ	สาบ	w2p	หลาบ	w2p	พระ(อะ/กา);ทรง(โอะ/กง);ทราบ(อา/กบ);แจ้ง(แอ/กง);ประ(อะ/กา)	mattra_family	N	N	-	khobut#khobut_5:36	tricky-rhyme positive
pos_010201	positive	r1_w1_w2	HP_tricky	w1	เห็น->เพ็ญ	บ้านเมืองนี้วิปริตพี่คิดเห็น	บ้านเมืองนี้วิปริตพี่คิดเพ็ญ	เอะ	กน	เอะ	กน	เห็น	override	เพ็น	w2p	อัน(อะ/กน);จะ(อะ/กา);เป็น(เอะ/กน);ธา(อา/กา);นี(อี/กา)	mattra_family	N	N	-	khobut#khobut_5:41	tricky-rhyme positive
pos_010202	positive	r1_w1_w2	HP_tricky	w1	พลอด->คอด	แล้วแอบองค์วิงวอนฉะอ้อนพลอด	แล้วแอบองค์วิงวอนฉะอ้อนคอด	ออ	กด	ออ	กด	พลอด	override	คอด	w2p	โปรด(โอ/กด);ช่วย(อัว/เกย);กอด(ออ/กด);น้อง(ออ/กง);สัก(อะ/กก)	mattra_family	N	N	-	khobut#khobut_5:44	tricky-rhyme positive
pos_010203	positive	r1_w1_w2	HP_tricky	w1	นิ่ง->อิงค์	แล้วหยุดยั้งรั้งรอพระทัยนิ่ง	แล้วหยุดยั้งรั้งรอพระทัยอิงค์	อิ	กง	อิ	กง	นิ่ง	override	อิง	w2p	มัน(อะ/กน);เป็น(เอะ/กน);หญิง(อิ/กง);ฆ่า(อา/กา);ตาย(อา/เกย)	karun	N	N	-	khobut#khobut_5:45	tricky-rhyme positive
pos_010204	positive	r1_w1_w2	HP_tricky	w1	โปรด->โษส	พระแย้มยิ้มพริ้มพรายภิปรายโปรด	พระแย้มยิ้มพริ้มพรายภิปรายโษส	โอ	กด	โอ	กด	โปรด	override	โสด	w2p	ถ้างด(อา/กด);โทษ(โอ/กด);แล้ว(แอ/เกอว);อย่า(อา/กา);ทำ(อำ/กา)	mattra_family	N	N	-	khobut#khobut_5:53	tricky-rhyme positive
pos_010205	positive	r1_w1_w2	HP_tricky	w1	คลื่น->หืน	ยมนาสาครกระฉ่อนคลื่น	ยมนาสาครกระฉ่อนหืน	อือ	กน	อือ	กน	คลื่น	override	หืน	w2p	เสียง(เอีย/กง);ครึก(อึ/กก);ครื้น(อือ/กน);โครม(โอ/กม);ฉ่า(อา/กา)	mattra_family	N	N	-	khobut#khobut_5:61	tricky-rhyme positive
pos_010206	positive	r1_w1_w2	HP_tricky	w1	ปลูก->บูร์ก	ดูไม้ตั้งดังดัดมาจัดปลูก	ดูไม้ตั้งดังดัดมาจัดบูร์ก	อู	กก	อู	กก	ปลูก	override	บู่	w2p	บ้าง(อา/กง);มี(อี/กา);ลูก(อู/กก);สุก(อุ/กก);ห่าม(อา/กม)	karun	N	N	-	khobut#khobut_5:64	tricky-rhyme positive
pos_010207	positive	r1_w1_w2	HP_tricky	w1	แอบ->แวบ	ที่ไม้โกร๋นยอดโอนมีต่อแอบ	ที่ไม้โกร๋นยอดโอนมีต่อแวบ	แอ	กบ	แอ	กบ	แอบ	override	แวบ	w2p	ใบ(ไอ/กา);แฉลบ(แอ/กบ);ลับ(อะ/กบ);พุ่ม(อุ/กม);ปุ่ม(อุ/กม)	mattra_family	N	N	-	khobut#khobut_5:65	tricky-rhyme positive
pos_010208	positive	r1_w1_w2	HP_tricky	w1	ยาบ->กราบ	พฤกษาโศกโยกโยนอยู่ยวบยาบ	พฤกษาโศกโยกโยนอยู่ยวบกราบ	อา	กบ	อา	กบ	ยาบ	w2p	กราบ	override	งู(อู/กา);เหลือม(เอือ/กม);คาบ(อา/กบ);ควาย(อา/เกย);ดึง(อึ/กง)	mattra_family	N	N	-	khobut#khobut_5:70	tricky-rhyme positive
pos_010209	positive	r1_w1_w2	HP_tricky	w1	สนุก->หยุก	สองกระษัตริย์ทัศนาแสนสนุก	สองกระษัตริย์ทัศนาแสนหยุก	อุ	กก	อุ	กก	สะหนุก	w2p	หยุก	w2p	เป็น(เอะ/กน);ผา(อา/กา);สุก(อุ/กก);ที่(อี/กา);ใน(ไอ/กา)	mattra_family	N	N	-	khobut#khobut_5:72	tricky-rhyme positive
pos_010210	positive	r1_w1_w2	HP_tricky	w1	หลบ->ตบ	สาลิกาก็ถลาแถลบหลบ	สาลิกาก็ถลาแถลบตบ	โอะ	กบ	โอะ	กบ	หลบ	override	ตบ	w2p	เหยี่ยว(เอีย/เกอว);ประ(อะ/กา);จบ(โอะ/กบ);จับ(อะ/กบ);พลัด(อะ/กด)	mattra_family	N	Y	-	khobut#khobut_6:1	tricky-rhyme positive
pos_010211	positive	r1_w1_w2	HP_tricky	w1	ช่วย->ซวย	สองปีกป้องร้องจ้อคุณพ่อช่วย	สองปีกป้องร้องจ้อคุณพ่อซวย	อัว	เกย	อัว	เกย	ช่วย	override	ซวย	w2p	เหยี่ยว(เอีย/เกอว);จะ(อะ/กา);ฉวย(อัว/เกย);ลูก(อู/กก);รัก(อะ/กก)	true_final	N	N	-	khobut#khobut_6:2	tricky-rhyme positive
pos_010212	positive	r1_w1_w2	HP_tricky	w1	หลีก->ปีก	ออกเที่ยวเล่นเห็นเหยี่ยวไม่ทันหลีก	ออกเที่ยวเล่นเห็นเหยี่ยวไม่ทันปีก	อี	กก	อี	กก	หลีก	override	ปีก	w2p	มัน(อะ/กน);กาง(อา/กง);ปีก(อี/กก);ต้อน(ออ/กน);จับ(อะ/กบ)	mattra_family	N	N	-	khobut#khobut_6:5	tricky-rhyme positive
pos_010213	positive	r1_w1_w2	HP_tricky	w1	เห็จ->เจ็ด	แล้วชวนน้องประคองนกเหาะระเห็จ	แล้วชวนน้องประคองนกเหาะระเจ็ด	เอะ	กด	เอะ	กด	เห็ด	w2p	เจ็ด	override	สอง(ออ/กง);เสด็จ(เอะ/กด);มา(อา/กา);ใน(ไอ/กา);ท้อง(ออ/กง)	mattra_family	N	N	-	khobut#khobut_6:9	tricky-rhyme positive
pos_010214	positive	r1_w1_w2	HP_tricky	w1	ชื่อ->ยื้อ	จะลงไปไถ่ถามแต่ตามชื่อ	จะลงไปไถ่ถามแต่ตามยื้อ	อือ	กา	อือ	กา	ชื่อ	override	ยื้อ	w2p	จะ(อะ/กา);อึง(อึ/กง);อื้อ(อือ/กา);ตก(โอะ/กก);ใจ(ไอ/กา)	mattra_family	N	N	-	khobut#khobut_6:12	tricky-rhyme positive
pos_010215	positive	r1_w1_w2	HP_tricky	w1	สวน->ข่วน	ครั้นถึงจึ่งลงพลางที่กลางสวน	ครั้นถึงจึ่งลงพลางที่กลางข่วน	อัว	กน	อัว	กน	สะวะนะ	w2p	ข่วน	w2p	พระ(อะ/กา);ชี้(อี/กา);ชวน(อัว/กน);ให้(ไอ/กา);น้อง(ออ/กง)	mattra_family	N	N	-	khobut#khobut_6:14	tricky-rhyme positive
pos_010216	positive	r1_w1_w2	HP_tricky	w1	หมาง->ยางศ์	ท่านตายายอย่าระคายระคางหมาง	ท่านตายายอย่าระคายระคางยางศ์	อา	กง	อา	กง	หมาง	w2p	ยาง	w2p	นี่(อี/กา);ใคร(ไอ/กา);สร้าง(อา/กง);พระ(อะ/กา);ตำ(อำ/กา)	karun	N	N	-	khobut#khobut_6:16	tricky-rhyme positive
pos_010217	positive	r1_w1_w2	HP_tricky	w1	แพร่ง->แล่ง	จึ่งตรัสว่าตายายอย่าพรายแพร่ง	จึ่งตรัสว่าตายายอย่าพรายแล่ง	แอ	กง	แอ	กง	แพร่ง	w2p	แล่ง	w2p	จง(โอะ/กง);เล่า(เอา/กา);แจ้ง(แอ/กง);ความ(อา/กม);จริง(อิ/กง)	mattra_family	N	N	-	khobut#khobut_6:21	tricky-rhyme positive
pos_010218	positive	r1_w1_w2	HP_tricky	w1	เกศ->เชฏ	ถึงเงินทองจะมากองให้ท่วมเกศ	ถึงเงินทองจะมากองให้ท่วมเชฏ	เอ	กด	เอ	กด	เกด	override	เชด	w2p	ลูก(อู/กก);เกรง(เอ/กง);เดช(เอ/กด);พระ(อะ/กา);ผู้(อู/กา)	mattra_family	N	N	-	khobut#khobut_6:24	tricky-rhyme positive
pos_010219	positive	r1_w1_w2	HP_tricky	w1	เจ้า->เส้า	จะรุกรบบิตุรงค์ให้ส่งเจ้า	จะรุกรบบิตุรงค์ให้ส่งเส้า	เอา	กา	เอา	กา	เจ้า	override	เส้า	w2p	มา(อา/กา);คลึง(อึ/กง);เคล้า(เอา/กา);ก็(เอาะ/กา);จะ(อะ/กา)	mattra_family	N	N	-	khobut#khobut_6:32	tricky-rhyme positive
pos_010220	positive	r1_w1_w2	HP_tricky	w1	แย้ม->แพลม	นัยน์ตาสอดลอดแลเห็นแกลแย้ม	นัยน์ตาสอดลอดแลเห็นแกลแพลม	แอ	กม	แอ	กม	แย้ม	w2p	แพลม	w2p	ไอ(ไอ/กา);กระ(อะ/กา);แอม(แอ/กม);ส่ง(โอะ/กง);เสียง(เอีย/กง)	mattra_family	N	N	-	khobut#khobut_7:5	tricky-rhyme positive
pos_010221	positive	r1_w1_w2	HP_tricky	w1	มุข->ยุกต์	ทำเลียบเมินเดินมาตรงหน้ามุข	ทำเลียบเมินเดินมาตรงหน้ายุกต์	อุ	กก	อุ	กก	มุก	w2p	ยุก	w2p	ยืน(อือ/กน);หัว(อัว/กา);ซุก(อุ/กก);ไซ้(ไอ/กา);ขน(โอะ/กน)	karun	N	N	-	khobut#khobut_7:8	tricky-rhyme positive
pos_010222	positive	r1_w1_w2	HP_tricky	w1	แจ้ว->แบ๊ว	มิชอบใจจะว่าใครมาพูดแจ้ว	มิชอบใจจะว่าใครมาพูดแบ๊ว	แอ	เกอว	แอ	เกอว	แจ้ว	override	แบ๊ว	w2p	ถ้า(อา/กา);กริ้ว(อิ/เกอว);แล้ว(แอ/เกอว);ว่า(อา/กา);ขุน(อุ/กน)	mattra_family	N	N	-	khobut#khobut_7:12	tricky-rhyme positive
pos_010223	positive	r1_w1_w2	HP_tricky	w1	กร่าง->ร่าง	แล้วย่างเหยียบเลียบโจนจากกิ่งกร่าง	แล้วย่างเหยียบเลียบโจนจากกิ่งร่าง	อา	กง	อา	กง	กร่าง	w2p	ร่าง	w2p	พอ(ออ/กา);ถึง(อึ/กง);นาง(อา/กง);เหมือน(เอือ/กน);จะ(อะ/กา)	mattra_family	N	N	-	khobut#khobut_7:24	tricky-rhyme positive
pos_010224	positive	r1_w1_w2	HP_tricky	w1	คลุก->กุก	เอาจานทองมารองข้าวกับไข่คลุก	เอาจานทองมารองข้าวกับไข่กุก	อุ	กก	อุ	กก	คลุก	w2p	กุก	w2p	กล้วย(อัว/เกย);น้ำ(อำ/กา);สุก(อุ/กก);ปอก(ออ/กก);ส่ง(โอะ/กง)	mattra_family	N	N	-	khobut#khobut_7:25	tricky-rhyme positive
pos_010225	positive	r1_w1_w2	HP_tricky	w1	แกล้ง->แพง	นกขุนทองรู้ทำนองว่านางแกล้ง	นกขุนทองรู้ทำนองว่านางแพง	แอ	กง	แอ	กง	แกล้ง	override	แพง	w2p	ทำ(อำ/กา);เส(เอ/กา);แสร้ง(แอ/กง);ตอบ(ออ/กบ);ไป(ไอ/กา)	mattra_family	N	N	-	khobut#khobut_7:42	tricky-rhyme positive
pos_010226	positive	r1_w1_w2	HP_tricky	w1	เข้า->เน่า	แม้นเจ้าพ่อพบสาลิกาเข้า	แม้นเจ้าพ่อพบสาลิกาเน่า	เอา	กา	เอา	กา	เข้า	override	เน่า	w2p	จะ(อะ/กา);พา(อา/กา);เจ้า(เอา/กา);จร(ออ/กน);ไป(ไอ/กา)	mattra_family	N	N	-	khobut#khobut_7:46	tricky-rhyme positive
pos_010227	positive	r1_w1_w2	HP_tricky	w1	เล่ห์->เล	จึงยิ้มเยื้อนเอื้อนถามไปตามเล่ห์	จึงยิ้มเยื้อนเอื้อนถามไปตามเล	เอ	กา	เอ	กา	เล่	override	เล	w2p	สม(โอะ/กม);คะ(อะ/กา);เน(เอ/กา);แล้ว(แอ/เกอว);หรือ(อือ/กา)	karun	N	N	-	khobut#khobut_7:52	tricky-rhyme positive
pos_010228	positive	r1_w1_w2	HP_tricky	w1	ล้ำ->ล่ำ	ถึงนางในไกรลาสว่างามล้ำ	ถึงนางในไกรลาสว่างามล่ำ	อำ	กา	อำ	กา	ล้ำ	w2p	ล่ำ	w2p	ไม่(ไอ/กา);งาม(อา/กม);ขำ(อำ/กา);เหมือน(เอือ/กน);เจ้า(เอา/กา)	mattra_family	N	N	-	khobut#khobut_7:54	tricky-rhyme positive
pos_010229	positive	r1_w1_w2	HP_tricky	w1	ป่วน->วล	พระฟังนกยกโฉมให้ปั่นป่วน	พระฟังนกยกโฉมให้ปั่นวล	อัว	กน	อัว	กน	ป่วน	w2p	วะละ	w2p	ทรง(โอะ/กง);พระ(อะ/กา);สรวล(อัว/กน);สา(อา/กา);ลิ(อิ/กา)	mattra_family	N	N	-	khobut#khobut_7:57	tricky-rhyme positive
pos_010230	positive	r1_w1_w2	HP_tricky	w1	เร่ง->เก้ง	สุริยงทรงราชรถเร่ง	สุริยงทรงราชรถเก้ง	เอ	กง	เอ	กง	เร่ง	override	เก้ง	w2p	ขึ้น(อึ/กน);ปลั่ง(อะ/กง);เปล่ง(เอ/กง);หมด(โอะ/กด);เมฆ(เอ/กก)	mattra_family	N	N	-	khobut#khobut_7:66	tricky-rhyme positive
pos_010231	positive	r1_w1_w2	HP_tricky	w1	ถ้อย->จอยท์	นางกอดแก้วสาลิกาแล้วกล่าวถ้อย	นางกอดแก้วสาลิกาแล้วกล่าวจอยท์	ออ	เกย	ออ	เกย	ถ้อย	w2p	จอย	w2p	ให้(ไอ/กา);กล้วย(อัว/เกย);หน่อย(ออ/เกย);ข้าว(อา/เกอว);กับ(อะ/กบ)	karun	N	Y	-	khobut#khobut_7:72	tricky-rhyme positive
pos_010232	positive	r1_w1_w2	HP_tricky	w1	จูบ->วูบ	ประเดี๋ยวพี่เอาไปจูบแล้วน้องจูบ	ประเดี๋ยวพี่เอาไปจูบแล้วน้องวูบ	อู	กบ	อู	กบ	จูบ	override	วูบ	w2p	เฝ้า(เอา/กา);โลม(โอ/กม);ลูบ(อู/กบ);ลูก(อู/กก);รัก(อะ/กก)	mattra_family	N	N	-	khobut#khobut_7:75	tricky-rhyme positive
pos_010233	positive	r1_w1_w2	HP_tricky	w1	ถวิล->ริน	นางฟังเล่าเศร้าจิตคิดถวิล	นางฟังเล่าเศร้าจิตคิดริน	อิ	กน	อิ	กน	ถะหวิน	override	ริน	override	กลัว(อัว/กา);ภู(อู/กา);มินทร์(อิ/กน);จะ(อะ/กา);ไม่(ไอ/กา)	mattra_family	N	N	-	khobut#khobut_7:76	tricky-rhyme positive
pos_010234	positive	r1_w1_w2	HP_tricky	w1	หยอก->ฟอกซ์	นางฟังคำทำโกรธเป็นทีหยอก	นางฟังคำทำโกรธเป็นทีฟอกซ์	ออ	กก	ออ	กก	หยอก	w2p	ฟอก	w2p	ไย(ไอ/กา);มิ(อิ/กา);บอก(ออ/กก);จะ(อะ/กา);ทำ(อำ/กา)	karun	N	Y	-	khobut#khobut_7:80	tricky-rhyme positive
pos_010235	positive	r1_w1_w2	HP_tricky	w1	ปด->กบฏ	ชะปดแล้วปดเล่าเฝ้าแต่ปด	ชะปดแล้วปดเล่าเฝ้าแต่กบฏ	โอะ	กด	โอะ	กด	ปด	w2p	กบด	w2p	ช่าง(อา/กง);เลี้ยว(เอีย/เกอว);ลด(โอะ/กด);ยืน(อือ/กน);ยาว(อา/เกอว)	mattra_family	N	Y	-	khobut#khobut_7:85	tricky-rhyme positive
pos_010236	positive	r1_w1_w2	HP_tricky	w1	แสน->แบรนด์	ด้วยไกลวังครั้งนี้จนเหลือแสน	ด้วยไกลวังครั้งนี้จนเหลือแบรนด์	แอ	กน	แอ	กน	แสน	override	แบรนนด	w2p	ขุน(อุ/กน);ทอง(ออ/กง);แทน(แอ/กน);อุป(อุ/กบ);ทูต(อู/กด)	karun	N	N	-	khobut#khobut_7:92	tricky-rhyme positive
pos_010237	positive	r1_w1_w2	HP_tricky	w1	นุช->อยุธ	แม้นมิพบสบสมสวาทนุช	แม้นมิพบสบสมสวาทอยุธ	อุ	กด	อุ	กด	นุด	override	อะยุด	w2p	จน(โอะ/กน);สิ้น(อิ/กน);สุด(อุ/กด);ชนม(โอะ/กม);ชีพ(อี/กบ)	mattra_family	N	N	-	khobut#khobut_7:93	tricky-rhyme positive
pos_010238	positive	r1_w1_w2	HP_tricky	w1	ร้อน->รอนท์	สกุณีรู้ทีไม่ทุกข์ร้อน	สกุณีรู้ทีไม่ทุกข์รอนท์	ออ	กน	ออ	กน	ร้อน	override	รอน	w2p	พูด(อู/กด);อ้อน(ออ/กน);วอน(ออ/กน);ไป(ไอ/กา);ให้(ไอ/กา)	karun	N	Y	-	khobut#khobut_7:97	tricky-rhyme positive
pos_010239	positive	r1_w1_w2	HP_tricky	w1	ษิณ->ภิญ	นางยิ้มพลางทางตอบเจ้าปักษิณ	นางยิ้มพลางทางตอบเจ้าปักภิญ	อิ	กน	อิ	กน	สินะ	w2p	พิน	w2p	พ่อ(ออ/กา);ร้อย(ออ/เกย);ลิ้น(อิ/กน);สิ้น(อิ/กน);อา(อา/กา)	mattra_family	N	Y	-	khobut#khobut_7:98	tricky-rhyme positive
pos_010240	positive	r1_w1_w2	HP_tricky	w1	ชั่ง->บั้ง	พลางชะอ้อนวอนทูลว่าร้อยชั่ง	พลางชะอ้อนวอนทูลว่าร้อยบั้ง	อะ	กง	อะ	กง	ชั่ง	w2p	บั้ง	w2p	ขอ(ออ/กา);โทษ(โอ/กด);ครั้ง(อะ/กง);หนึ่ง(อึ/กง);เถิด(เออ/กด)	mattra_family	N	N	-	khobut#khobut_7:100	tricky-rhyme positive
pos_010241	positive	r1_w1_w2	HP_tricky	w1	จิ้ม->พริ้ม	โอษฐ์สะอาดตะละชาดบรรจงจิ้ม	โอษฐ์สะอาดตะละชาดบรรจงพริ้ม	อิ	กม	อิ	กม	จิ้ม	w2p	พริ้ม	w2p	เหมือน(เอือ/กน);จะ(อะ/กา);ยิ้ม(อิ/กม);แย้ม(แอ/กม);รับ(อะ/กบ)	mattra_family	N	N	-	khobut#khobut_8:14	tricky-rhyme positive
pos_010242	positive	r1_w1_w2	HP_tricky	w1	หวาด->มาด	เบือนสะบัดหัตถาผวาหวาด	เบือนสะบัดหัตถาผวามาด	อา	กด	อา	กด	หวาด	w2p	มาด	override	ลง(โอะ/กง);จาก(อา/กก);อาสน์(อา/กด);เมียง(เอีย/กง);เมิน(เออ/กน)	mattra_family	N	N	-	khobut#khobut_8:18	tricky-rhyme positive
pos_010243	positive	r1_w1_w2	HP_tricky	w1	ชัก->รักษ์	กุศลพี่ชี้ช่วยอำนวยชัก	กุศลพี่ชี้ช่วยอำนวยรักษ์	อะ	กก	อะ	กก	ชัก	override	รัก	w2p	ให้(ไอ/กา);สม(โอะ/กม);รัก(อะ/กก);ชิด(อิ/กด);เชื้อ(เอือ/กา)	karun	N	N	-	khobut#khobut_8:19	tricky-rhyme positive
pos_010244	positive	r1_w1_w2	HP_tricky	w1	ม่อม->นอม	นางฟังสารหวานล้ำคำละม่อม	นางฟังสารหวานล้ำคำละนอม	ออ	กม	ออ	กม	ม่อม	w2p	นอม	w2p	แจ้ง(แอ/กง);ว่า(อา/กา);จอม(ออ/กม);จักร(อะ/กก);พรรดิ(อะ/กด)	mattra_family	N	N	-	khobut#khobut_8:21	tricky-rhyme positive
pos_010245	positive	r1_w1_w2	HP_tricky	w1	ต้อง->พ่อง	นี่อะไรไล่จูบประโลมต้อง	นี่อะไรไล่จูบประโลมพ่อง	ออ	กง	ออ	กง	ต้อง	override	พ่อง	w2p	พี่(อี/กา);รัก(อะ/กก);น้อง(ออ/กง);นั่น(อะ/กน);สิ(อิ/กา)	mattra_family	N	N	-	khobut#khobut_8:27	tricky-rhyme positive
pos_010246	positive	r1_w1_w2	HP_tricky	w1	สนม->คม	พระโอบอุ้มจุมพิตสนิทสนม	พระโอบอุ้มจุมพิตสนิทคม	โอะ	กม	โอะ	กม	สะหนม	override	คม	w2p	พระ(อะ/กา);เชย(เออ/เกย);ชม(โอะ/กม);โฉม(โอ/กม);นุช(อุ/กด)	mattra_family	N	Y	-	khobut#khobut_8:29	tricky-rhyme positive
pos_010247	positive	r1_w1_w2	HP_tricky	w1	เฉาะ->เกาะ	บ้างกรายกรีดดีดเล็บฉะฉับเฉาะ	บ้างกรายกรีดดีดเล็บฉะฉับเกาะ	เอาะ	กา	เอาะ	กา	เฉาะ	w2p	เกาะ	override	เอา(เอา/กา);ขัน(อะ/กน);เคาะ(เอาะ/กา);ฆ้อง(ออ/กง);กระ(อะ/กา)	mattra_family	N	N	-	khobut#khobut_8:31	tricky-rhyme positive
pos_010248	positive	r1_w1_w2	HP_tricky	w1	ปริบ->กริบ	พิรุณโรยโปรยปรอยลงย้อยปริบ	พิรุณโรยโปรยปรอยลงย้อยกริบ	อิ	กบ	อิ	กบ	ปะหริบ	w2p	กริบ	override	มณ(โอะ/กน);ฑา(อา/กา);ทิพ(อิ/กบ);ปทุม(อุ/กม);มาลย์(อา/กน)	mattra_family	N	N	-	khobut#khobut_8:32	tricky-rhyme positive
pos_010249	positive	r1_w1_w2	HP_tricky	w1	เปรียบ->เทียบ	อรุณยิ้มพริ้มพรายภิปรายเปรียบ	อรุณยิ้มพริ้มพรายภิปรายเทียบ	เอีย	กบ	เอีย	กบ	เปรียบ	override	เทียบ	w2p	ทูล(อู/กน);ประ(อะ/กา);เทียบ(เอีย/กบ);เปรียบ(เอีย/กบ);เปรย(เออ/เกย)	mattra_family	N	N	-	khobut#khobut_8:43	tricky-rhyme positive
pos_010250	positive	r1_w1_w2	HP_tricky	w1	ขับ->ปลับ	อนิจจาขุนทองมาต้องขับ	อนิจจาขุนทองมาต้องปลับ	อะ	กบ	อะ	กบ	ขับ	override	ปลับ	w2p	ช่าง(อา/กง);อา(อา/กา);ภัพ(อะ/กบ);ไป(ไอ/กา);ห่าง(อา/กง)	mattra_family	N	N	-	khobut#khobut_8:49	tricky-rhyme positive
pos_010251	positive	r1_w1_w2	HP_tricky	w1	สถิต->นิทธ์	บรรจงจัดผลัดแท่นที่สถิต	บรรจงจัดผลัดแท่นที่นิทธ์	อิ	กด	อิ	กด	สะถิด	override	นิด	w2p	ไม่(ไอ/กา);แจ้ง(แอ/กง);จิต(อิ/กด);นง(โอะ/กง);ลักษณ์(อะ/กก)	karun	N	N	-	khobut#khobut_8:64	tricky-rhyme positive
pos_010252	positive	r1_w1_w2	HP_tricky	w1	ถนอม->คอมม์	เข้านั่งแนบแอบน้องประคองถนอม	เข้านั่งแนบแอบน้องประคองคอมม์	ออ	กม	ออ	กม	ถะหนอม	override	คอม	w2p	แล้ว(แอ/เกอว);แกล้ง(แอ/กง);กล่อม(ออ/กม);เพลง(เอ/กง);ขับ(อะ/กบ)	karun	N	Y	-	khobut#khobut_8:68	tricky-rhyme positive
pos_010253	positive	r1_w1_w2	HP_tricky	w1	เนียบ->เลียบ	นางนบนอบตอบสนองต้องทำเนียบ	นางนบนอบตอบสนองต้องทำเลียบ	เอีย	กบ	เอีย	กบ	เนียบ	w2p	เลียบ	override	ภิ(อิ/กา);ปราย(อา/เกย);เปรียบ(เอีย/กบ);สรวล(อัว/กน);สันต์(อะ/กน)	mattra_family	N	N	-	khobut#khobut_8:71	tricky-rhyme positive
pos_010254	positive	r1_w1_w2	HP_tricky	w1	เจื้อย->เลื่อย	มโหรีปี่แก้วจะแจ้วเจื้อย	มโหรีปี่แก้วจะแจ้วเลื่อย	เอือ	เกย	เอือ	เกย	เจื้อย	w2p	เลื่อย	w2p	ระ(อะ/กา);รี่(อี/กา);เรื่อย(เอือ/เกย);ฟัง(อะ/กง);เสนาะ(เอาะ/กา)	mattra_family	N	N	-	khobut#khobut_8:72	tricky-rhyme positive
pos_010255	positive	r1_w1_w2	HP_tricky	w1	ภาพ->กราฟท์	พระฟังสารเสนาสารภาพ	พระฟังสารเสนาสารกราฟท์	อา	กบ	อา	กบ	พาบ	w2p	กราฟ	w2p	ก็(เอาะ/กา);ซับ(อะ/กบ);ทราบ(อา/กบ);ฤ(อึ/กา);ทัย(อะ/เกย)	karun	N	N	-	khobut#khobut_9:0	tricky-rhyme positive
pos_010256	positive	r1_w1_w2	HP_tricky	w1	แค้น->แนนท์	ทั้งสองข้างต่างกลุ้มอย่าคุมแค้น	ทั้งสองข้างต่างกลุ้มอย่าคุมแนนท์	แอ	กน	แอ	กน	แค้น	override	แนน	w2p	ช่วย(อัว/เกย);ทูล(อู/กน);แทน(แอ/กน);ด้วย(อัว/เกย);เถิด(เออ/กด)	karun	N	N	-	khobut#khobut_9:2	tricky-rhyme positive
pos_010257	positive	r1_w1_w2	HP_tricky	w1	เษก->เลข	ขอทูลลาพาน้องไปอุปภิเษก	ขอทูลลาพาน้องไปอุปภิเลข	เอ	กก	เอ	กก	เสก	w2p	เลก	w2p	เป็น(เอะ/กน);องค์(โอะ/กง);เอก(เอ/กก);อัค(อะ/กก);เรศ(เอ/กด)	mattra_family	N	N	-	khobut#khobut_9:3	tricky-rhyme positive
pos_010258	positive	r1_w1_w2	HP_tricky	w1	หนัก->รักษณ์	พระเคลื่อนคล้อยลอยลงตรงตำหนัก	พระเคลื่อนคล้อยลอยลงตรงตำรักษณ์	อะ	กก	อะ	กก	หนัก	override	รัก	w2p	ปลุก(อุ/กก);อรุณ(อุ/กน);น้อง(ออ/กง);รัก(อะ/กก);ยอด(ออ/กด)	karun	N	N	-	khobut#khobut_9:7	tricky-rhyme positive
pos_010259	positive	r1_w1_w2	HP_tricky	w1	รุ่ง->ถลุง	ดาวเดือนเลื่อนลับไศลจะใกล้รุ่ง	ดาวเดือนเลื่อนลับไศลจะใกล้ถลุง	อุ	กง	อุ	กง	รุ่ง	override	ถะหลุง	w2p	รีบ(อี/กบ);หมาย(อา/เกย);มุ่ง(อุ/กง);ตรง(โอะ/กง);มา(อา/กา)	mattra_family	N	N	-	khobut#khobut_9:14	tricky-rhyme positive
pos_010260	positive	r1_w1_w2	HP_tricky	w1	ทึก->รึก	พวกผู้หญิงวิ่งตามกันอึกทึก	พวกผู้หญิงวิ่งตามกันอึกรึก	อึ	กก	อึ	กก	ทึก	w2p	รึก	w2p	สะ(อะ/กา);อื้น(อือ/กน);สะ(อะ/กา);อึก(อึ/กก);ตี(อี/กา)	mattra_family	N	N	-	khobut#khobut_9:17	tricky-rhyme positive
pos_010261	positive	r1_w1_w2	HP_tricky	w1	ยศ->รด	ได้ฟังสารให้ระคายเสียดายยศ	ได้ฟังสารให้ระคายเสียดายรด	โอะ	กด	โอะ	กด	ยด	override	รด	w2p	ดัง(อะ/กง);แสง(แอ/กง);กรด(โอะ/กด);กรีด(อี/กด);ศอ(ออ/กา)	mattra_family	N	N	-	khobut#khobut_9:22	tricky-rhyme positive
pos_010262	positive	r1_w1_w2	HP_tricky	w1	ฟ้า->ขวา	ถึงใครดีมีฤทธิ์ให้ล้นฟ้า	ถึงใครดีมีฤทธิ์ให้ล้นขวา	อา	กา	อา	กา	ฟ้า	override	ขวา	override	อยู่(อู/กา);สุ(อุ/กา);ธา(อา/กา);แล้ว(แอ/เกอว);ไม่(ไอ/กา)	mattra_family	N	N	-	khobut#khobut_9:23	tricky-rhyme positive
pos_010263	positive	r1_w1_w2	HP_tricky	w1	ทัพ->ทรัพย์	มนตรีฟังท้าวสั่งให้เตรียมทัพ	มนตรีฟังท้าวสั่งให้เตรียมทรัพย์	อะ	กบ	อะ	กบ	ทับ	override	ซับ	override	ดัง(อะ/กง);ตาม(อา/กม);จับ(อะ/กบ);มัจ(อะ/กด);จุ(อุ/กา)	karun	N	N	-	khobut#khobut_9:24	tricky-rhyme positive
pos_010264	positive	r1_w1_w2	HP_tricky	w1	ฤกษ์->เลิก	เอาหม่อมฉันฟันเศียรเสียเอาฤกษ์	เอาหม่อมฉันฟันเศียรเสียเอาเลิก	เออ	กก	เออ	กก	เริก	override	เลิก	w2p	แล้ว(แอ/เกอว);จึ่ง(อึ/กง);เลิก(เออ/กก);พล(โอะ/กน);ไกร(ไอ/กา)	karun|rue	N	Y	-	khobut#khobut_9:25	tricky-rhyme positive
pos_010265	positive	r1_w1_w2	HP_tricky	w1	หิน->วิลล์	ทั้งแนวน้ำลำธารละหานหิน	ทั้งแนวน้ำลำธารละหานวิลล์	อิ	กน	อิ	กน	หิน	override	วิน	w2p	เป็น(เอะ/กน);น้ำ(อำ/กา);ริน(อิ/กน);แผ่น(แอ/กน);ผา(อา/กา)	karun	N	N	-	khobut#khobut_9:35	tricky-rhyme positive
pos_010266	positive	r1_w1_w2	HP_tricky	w1	เลียบ->เนียบ	ฝูงอีลุ้มแฝงพุ่มอุโลกเลียบ	ฝูงอีลุ้มแฝงพุ่มอุโลกเนียบ	เอีย	กบ	เอีย	กบ	เลียบ	override	เนียบ	w2p	กระ(อะ/กา);จาบ(อา/กบ);เหยียบ(เอีย/กบ);ยอด(ออ/กด);พุทธ(อุ/กด)	mattra_family	N	N	-	khobut#khobut_9:37	tricky-rhyme positive
pos_010267	positive	r1_w1_w2	HP_tricky	w1	โคร่ง->โคลง	กระบือเปลี่ยวเที่ยวพบกับเสือโคร่ง	กระบือเปลี่ยวเที่ยวพบกับเสือโคลง	โอ	กง	โอ	กง	โคร่ง	w2p	โคลง	w2p	ควาย(อา/เกย);ก็(เอาะ/กา);โก่ง(โอ/กง);หาง(อา/กง);รับ(อะ/กบ)	mattra_family	N	N	-	khobut#khobut_9:39	tricky-rhyme positive
pos_010268	positive	r1_w1_w2	HP_tricky	w1	กัด->หัตถ์	เสียงเขาขวับกับกักพยัคฆ์กัด	เสียงเขาขวับกับกักพยัคฆ์หัตถ์	อะ	กด	อะ	กด	กัด	w2p	หัด	override	เสือ(เอือ/กา);สะ(อะ/กา);บัด(อะ/กด);ควาย(อา/เกย);ขวิด(อิ/กด)	karun	N	N	-	khobut#khobut_9:40	tricky-rhyme positive
pos_010269	positive	r1_w1_w2	HP_tricky	w1	สอด->บอด	ล้วนแต่แก้วแกมสีมณีสอด	ล้วนแต่แก้วแกมสีมณีบอด	ออ	กด	ออ	กด	สอด	override	บอด	w2p	ออก(ออ/กก);จาก(อา/กก);ยอด(ออ/กด);เขา(เอา/กา);ใหญ่(ไอ/กา)	mattra_family	N	N	-	khobut#khobut_9:49	tricky-rhyme positive
pos_010270	positive	r1_w1_w2	HP_tricky	w1	ค้าง->พยางค์	กำหนดสิบห้าคืนที่แรมค้าง	กำหนดสิบห้าคืนที่แรมพยางค์	อา	กง	อา	กง	ค้าง	override	พะยาง	w2p	บรร(อะ/กน);ลุ(อุ/กา);ทาง(อา/กง);ถึง(อึ/กง);เมือง(เอือ/กง)	karun	N	N	-	khobut#khobut_9:51	tricky-rhyme positive
pos_010271	positive	r1_w1_w2	HP_tricky	w1	เล้า->เปา	ก็รู้แจ้งแกล้งกล่าวประโลมเล้า	ก็รู้แจ้งแกล้งกล่าวประโลมเปา	เอา	กา	เอา	กา	เล้า	w2p	เปา	w2p	พ่อ(ออ/กา);จะ(อะ/กา);เล่า(เอา/กา);โฉม(โอ/กม);ยง(โอะ/กง)	mattra_family	N	N	-	khobut#khobut_9:69	tricky-rhyme positive
pos_010272	positive	r1_w1_w2	HP_tricky	w1	เสร็จ->เก็ต	จะสร้างเมืองเครื่องอุภิเษกเสร็จ	จะสร้างเมืองเครื่องอุภิเษกเก็ต	เอะ	กด	เอะ	กด	เส็ด	override	เก็ด	w2p	ให้(ไอ/กา);สำ(อำ/กา);เร็จ(เอะ/กด);ตาม(อา/กม);จริง(อิ/กง)	mattra_family	N	N	-	khobut#khobut_10:9	tricky-rhyme positive
pos_010273	positive	r1_w1_w2	HP_tricky	w1	ภาส->ชาร์ด	เกิดสถานบ้านเมืองอันโอภาส	เกิดสถานบ้านเมืองอันโอชาร์ด	อา	กด	อา	กด	พาด	w2p	ชาด	w2p	สาม(อา/กม);ปรา(อา/กา);สาท(อา/กด);วาว(อา/เกอว);แวม(แอ/กม)	karun	N	N	-	khobut#khobut_10:20	tricky-rhyme positive
pos_010274	positive	r1_w1_w2	HP_tricky	w1	กล่าว->ลาว	ขอหยุดยั้งครั้งนี้จะกลับกล่าว	ขอหยุดยั้งครั้งนี้จะกลับลาว	อา	เกอว	อา	เกอว	กล่าว	override	ลาว	w2p	ถึง(อึ/กง);องค์(โอะ/กง);ท้าว(อา/เกอว);เจ้า(เอา/กา);เมือง(เอือ/กง)	mattra_family	N	N	-	khobut#khobut_10:28	tricky-rhyme positive
pos_010275	positive	r1_w1_w2	HP_tricky	w1	รุ่น->ปุร	สั่งให้จัดคัดนางที่แรกรุ่น	สั่งให้จัดคัดนางที่แรกปุร	อุ	กน	อุ	กน	รุ่น	override	ปุระ	w2p	เนื้อ(เอือ/กา);ละ(อะ/กา);มุน(อุ/กน);งาม(อา/กม);ดี(อี/กา)	mattra_family	N	N	-	khobut#khobut_10:31	tricky-rhyme positive
pos_010276	positive	r1_w1_w2	HP_tricky	w1	สี->ดีย์	จะกล่าวกลับจับเรื่องพาราณสี	จะกล่าวกลับจับเรื่องพาราณดีย์	อี	กา	อี	กา	สี	override	ดี	w2p	ครั้น(อะ/กน);รา(อา/กา);ตรี(อี/กา);รุ่ง(อุ/กง);แจ้ง(แอ/กง)	karun	N	Y	-	khobut#khobut_10:44	tricky-rhyme positive
pos_010277	positive	r1_w1_w2	HP_tricky	w1	หงาย->ด้าย	บ้างชะแง้แลแหงนจนหน้าหงาย	บ้างชะแง้แลแหงนจนหน้าด้าย	อา	เกย	อา	เกย	หงาย	w2p	ด้าย	w2p	ทั้ง(อะ/กง);หญิง(อิ/กง);ชาย(อา/เกย);บอก(ออ/กก);กัน(อะ/กน)	mattra_family	N	N	-	khobut#khobut_10:45	tricky-rhyme positive
pos_010278	positive	r1_w1_w2	HP_tricky	w1	กรณ์->ภมร	ขึ้นนั่งเหนือกองแก้วอลงกรณ์	ขึ้นนั่งเหนือกองแก้วอลงภมร	ออ	กน	ออ	กน	กอน	w2p	พะมอน	w2p	นาง(อา/กง);มณี(อี/กา);สา(อา/กา);คร(ออ/กน);อยู่(อู/กา)	karun	N	Y	-	khobut#khobut_10:53	tricky-rhyme positive
pos_010279	positive	r1_w1_w2	HP_tricky	w1	ริก->จิกส์	เจ้าบ่าวเสียดเบียดสีระรี้ริก	เจ้าบ่าวเสียดเบียดสีระรี้จิกส์	อิ	กก	อิ	กก	ริก	w2p	จิก	w2p	นาง(อา/กง);ฟ้า(อา/กา);หยิก(อิ/กก);เอา(เอา/กา);ที่(อี/กา)	karun	N	N	-	khobut#khobut_10:58	tricky-rhyme positive
pos_010280	positive	r1_w1_w2	HP_tricky	w1	เบียด->เกลียด	นางอัปสรกรกั้นเทวัญเบียด	นางอัปสรกรกั้นเทวัญเกลียด	เอีย	กด	เอีย	กด	เบียด	w2p	เกลียด	w2p	ออก(ออ/กก);ยัด(อะ/กด);เยียด(เอีย/กด);เบียด(เอีย/กด);กัน(อะ/กน)	mattra_family	N	N	-	khobut#khobut_10:59	tricky-rhyme positive
pos_010281	positive	r1_w1_w2	HP_tricky	w1	รุก->ยุก	เทวราชเพื่อนบ่าวเบียดสาวรุก	เทวราชเพื่อนบ่าวเบียดสาวยุก	อุ	กก	อุ	กก	รุก	override	ยุก	w2p	ฤา(อือ/กา);ษี(อี/กา);ลุก(อุ/กก);ขึ้น(อึ/กน);ป้อง(ออ/กง)	mattra_family	N	N	-	khobut#khobut_10:60	tricky-rhyme positive
pos_010282	positive	r1_w1_w2	HP_tricky	w1	ซ้าย->ค่าย	นางอำพันนั้นอยู่ปราสาทซ้าย	นางอำพันนั้นอยู่ปราสาทค่าย	อา	เกย	อา	เกย	ซ้าย	override	ค่าย	override	นาง(อา/กง);มณี(อี/กา);โฉม(โอ/กม);ฉาย(อา/เกย);อยู่(อู/กา)	mattra_family	N	N	-	khobut#khobut_10:63	tricky-rhyme positive
pos_010283	positive	r1_w1_w2	HP_tricky	w1	พลาด->ฟาร์ด	สรงเสวยคอยระวังอย่าพลั้งพลาด	สรงเสวยคอยระวังอย่าพลั้งฟาร์ด	อา	กด	อา	กด	พลาด	override	ฟาด	w2p	เมื่อ(เอือ/กา);ไส(ไอ/กา);ยาสน์(อา/กด);ผ่อน(ออ/กน);พร้อม(ออ/กม)	karun	N	N	-	khobut#khobut_10:69	tricky-rhyme positive
pos_010284	positive	r1_w1_w2	HP_tricky	w1	ตอบ->ขอบ	ผัวเคียดแม่อย่าเคียดทำโกรธตอบ	ผัวเคียดแม่อย่าเคียดทำโกรธขอบ	ออ	กบ	ออ	กบ	ตอบ	override	ขอบ	override	เอา(เอา/กา);ความ(อา/กม);ชอบ(ออ/กบ);มา(อา/กา);ดับ(อะ/กบ)	mattra_family	N	N	-	khobut#khobut_10:70	tricky-rhyme positive
pos_010285	positive	r1_w1_w2	HP_tricky	w1	ป้อง->ฟ้อง	นางเบือนบิดปิดปัดพระหัตถ์ป้อง	นางเบือนบิดปิดปัดพระหัตถ์ฟ้อง	ออ	กง	ออ	กง	ป้อง	override	ฟ้อง	w2p	มิ(อิ/กา);ให้(ไอ/กา);กร(ออ/กน);ทั้ง(อะ/กง);สอง(ออ/กง)	mattra_family	N	N	-	khobut#khobut_10:81	tricky-rhyme positive
pos_010286	positive	r1_w1_w2	HP_tricky	w1	มิ่ง->ริ่ง	สวาทไหนหรือจะเปรียบสวาทมิ่ง	สวาทไหนหรือจะเปรียบสวาทริ่ง	อิ	กง	อิ	กง	มิ่ง	override	ริ่ง	w2p	สวาท(อา/กด);แม่(แอ/กา);นี่(อี/กา);แน่(แอ/กา);ยิ่ง(อิ/กง)	mattra_family	N	N	-	khobut#khobut_10:85	tricky-rhyme positive
pos_010287	positive	r1_w1_w2	HP_tricky	w1	เลื่อม->เพื่อม	หน้าพระลานลาดแล้วล้วนแก้วเลื่อม	หน้าพระลานลาดแล้วล้วนแก้วเพื่อม	เอือ	กม	เอือ	กม	เลื่อม	w2p	เพื่อม	w2p	แล(แอ/กา);กระ(อะ/กา);เพื่อม(เอือ/กม);เหมือน(เอือ/กน);ดัง(อะ/กง)	mattra_family	N	N	-	khobut#khobut_10:98	tricky-rhyme positive
pos_010288	positive	r1_w1_w2	HP_tricky	w1	ร้าง->ยางศ์	ธรรมดานารีสามีร้าง	ธรรมดานารีสามียางศ์	อา	กง	อา	กง	ร้าง	override	ยาง	w2p	เพราะ(เอาะ/กา);จืด(อือ/กด);จาง(อา/กง);ความ(อา/กม);รัก(อะ/กก)	karun	N	N	-	khobut#khobut_11:5	tricky-rhyme positive
pos_010289	positive	r1_w1_w2	HP_tricky	w1	อับ->ชับ	เป็นวาสนาคราวชะตานี้ตกอับ	เป็นวาสนาคราวชะตานี้ตกชับ	อะ	กบ	อะ	กบ	อับ	w2p	ชับ	w2p	แสน(แอ/กน);อา(อา/กา);ภัพ(อะ/กบ);ภูว(อู/เกอว);ไนย(ไอ/กา)	mattra_family	N	N	-	khobut#khobut_11:7	tricky-rhyme positive
pos_010290	positive	r1_w1_w2	HP_tricky	w1	ฉ่ำ->ครำ	นางทาสีฟังสารให้หวานฉ่ำ	นางทาสีฟังสารให้หวานครำ	อำ	กา	อำ	กา	ฉ่ำ	w2p	ครำ	w2p	สง(โอะ/กง);สาร(อา/กน);คำ(อำ/กา);กัล(อะ/กน);ยา(อา/กา)	mattra_family	N	N	-	khobut#khobut_11:10	tricky-rhyme positive
pos_010291	positive	r1_w1_w2	HP_tricky	w1	ย่าง->ป้าง	กระเดียดขันผันผายขยายย่าง	กระเดียดขันผันผายขยายป้าง	อา	กง	อา	กง	ย่าง	override	ป้าง	w2p	ออก(ออ/กก);ระ(อะ/กา);หว่าง(อา/กง);ข้าง(อา/กง);ทวาร(อา/กน)	mattra_family	N	N	-	khobut#khobut_11:17	tricky-rhyme positive
pos_010292	positive	r1_w1_w2	HP_tricky	w1	ขวา->ฟ้า	พระสามีทีจะรักข้างฝ่ายขวา	พระสามีทีจะรักข้างฝ่ายฟ้า	อา	กา	อา	กา	ขวา	override	ฟ้า	override	ไม่(ไอ/กา);นำ(อำ/กา);พา(อา/กา);ท้าว(อา/เกอว);น้อง(ออ/กง)	mattra_family	N	N	-	khobut#khobut_11:22	tricky-rhyme positive
pos_010293	positive	r1_w1_w2	HP_tricky	w1	พระ->ปะ	อันกุฎีวิหารในการพระ	อันกุฎีวิหารในการปะ	อะ	กา	อะ	กา	พระ	override	ปะ	override	มิ(อิ/กา);ใช่(ไอ/กา);จะ(อะ/กา);อยู่(อู/กา);เป็น(เอะ/กน)	mattra_family	N	N	-	khobut#khobut_11:26	tricky-rhyme positive
pos_010294	positive	r1_w1_w2	HP_tricky	w1	บาป->งาบ	นางสาวใช้ว่าไฮ้ฉันกลัวบาป	นางสาวใช้ว่าไฮ้ฉันกลัวงาบ	อา	กบ	อา	กบ	บาบ	override	งาบ	w2p	ชรา(อา/กา);ภาพ(อา/กบ);แล้ว(แอ/เกอว);ยัง(อะ/กง);หลง(โอะ/กง)	mattra_family	N	N	-	khobut#khobut_11:28	tricky-rhyme positive
pos_010295	positive	r1_w1_w2	HP_tricky	w1	นี่->กรี	โอ้อะไรเหลวไหลไปเจียวนี่	โอ้อะไรเหลวไหลไปเจียวกรี	อี	กา	อี	กา	นี่	override	กรี	w2p	เนื้อ(เอือ/กา);ความ(อา/กม);มี(อี/กา);เขา(เอา/กา);มา(อา/กา)	mattra_family	N	N	-	khobut#khobut_11:31	tricky-rhyme positive
pos_010296	positive	r1_w1_w2	HP_tricky	w1	เกต->เฮดจ์	เสกคาถาอาคมตามสังเกต	เสกคาถาอาคมตามสังเฮดจ์	เอ	กด	เอ	กด	เกด	w2p	เตด	w2p	เด(เอ/กา);ชะ(อะ/กา);เวท(เอ/กด);เทพ(เอ/กบ);รำ(อำ/กา)	karun	N	Y	-	khobut#khobut_11:34	tricky-rhyme positive
pos_010297	positive	r1_w1_w2	HP_tricky	w1	ด่วน->ห้วน	ออกจากวัดลัดเดินมาโดยด่วน	ออกจากวัดลัดเดินมาโดยห้วน	อัว	กน	อัว	กน	ด่วน	w2p	ห้วย	w2p	เข้า(เอา/กา);ฉนวน(อัว/กน);วัง(อะ/กง);ใน(ไอ/กา);เหมือน(เอือ/กน)	mattra_family	N	N	-	khobut#khobut_11:38	tricky-rhyme positive
pos_010298	positive	r1_w1_w2	HP_tricky	w1	ภู่->ตรู่	เสกจำปากลายเป็นแมลงภู่	เสกจำปากลายเป็นแมลงตรู่	อู	กา	อู	กา	พู่	w2p	ตรู่	w2p	แล้ว(แอ/เกอว);บิน(อิ/กน);วู่(อู/กา);ด้วย(อัว/เกย);พระ(อะ/กา)	mattra_family	N	N	-	khobut#khobut_11:49	tricky-rhyme positive
pos_010299	positive	r1_w1_w2	HP_tricky	w1	เผย->เกย	แล้วเบือนพักตร์ผลักบานทวารเผย	แล้วเบือนพักตร์ผลักบานทวารเกย	เออ	เกย	เออ	เกย	เผย	w2p	เกย	override	อย่า(อา/กา);มา(อา/กา);เลย(เออ/เกย);ดวง(อัว/กง);ใจ(ไอ/กา)	mattra_family	N	N	-	khobut#khobut_11:56	tricky-rhyme positive
pos_010300	positive	r2_w2_w3	HP_tricky	w3	นา->หา	ก็ล่วงลับดับไกลนัยนา	ก็ล่วงลับดับไกลนัยหา	อา	กา	อา	กา	นา	w2p	หา	override	ศา(อา/กา)	mattra_family	N	N	-	SuphasaetSonYing#SuphasaetSonYing_1:0	tricky-rhyme positive
pos_010301	positive	r2_w2_w3	HP_tricky	w3	คม->สนม	ให้ประเสริฐเลิศล้ำด้วยคำคม	ให้ประเสริฐเลิศล้ำด้วยคำสนม	โอะ	กม	โอะ	กม	คม	w2p	สะหนม	override	ผม(โอะ/กม)	mattra_family	N	Y	-	SuphasaetSonYing#SuphasaetSonYing_1:1	tricky-rhyme positive
pos_010302	positive	r2_w2_w3	HP_tricky	w3	คาย->รายด์	อันความชั่วอย่าให้มัวมีระคาย	อันความชั่วอย่าให้มัวมีระรายด์	อา	เกย	อา	เกย	คาย	w2p	ราย	w2p	หลาย(อา/เกย)	karun	N	N	-	SuphasaetSonYing#SuphasaetSonYing_1:2	tricky-rhyme positive
pos_010303	positive	r2_w2_w3	HP_tricky	w3	กล->นนท์	สงวนงามตามระบอบให้ชอบกล	สงวนงามตามระบอบให้ชอบนนท์	โอะ	กน	โอะ	กน	กล	override	นน	w2p	ผล(โอะ/กน)	karun	N	N	-	SuphasaetSonYing#SuphasaetSonYing_1:3	tricky-rhyme positive
pos_010304	positive	r2_w2_w3	HP_tricky	w3	เจริญ->เดิน	เป็นสุภาพราบเรียบแลเจริญ	เป็นสุภาพราบเรียบแลเดิน	เออ	กน	เออ	กน	จะเริน	override	เดิน	override	เขิน(เออ/กน)	mattra_family	N	N	-	SuphasaetSonYing#SuphasaetSonYing_1:7	tricky-rhyme positive
pos_010305	positive	r2_w2_w3	HP_tricky	w3	ปราม->กวาม	อย่าไกวแขนสุดแขนเขาห้ามปราม	อย่าไกวแขนสุดแขนเขาห้ามกวาม	อา	กม	อา	กม	ปราม	w2p	กวาม	w2p	สนาม(อา/กม)	mattra_family	N	N	-	SuphasaetSonYing#SuphasaetSonYing_1:9	tricky-rhyme positive
pos_010306	positive	r2_w2_w3	HP_tricky	w3	ดี->คีย์	อย่าพูดเพ้อเจ้อไปไม่สู้ดี	อย่าพูดเพ้อเจ้อไปไม่สู้คีย์	อี	กา	อี	กา	ดี	override	คี	w2p	ถี(อี/กา)	karun	N	Y	-	SuphasaetSonYing#SuphasaetSonYing_1:10	tricky-rhyme positive
pos_010307	positive	r2_w2_w3	HP_tricky	w3	ดือ->ฮือ	อย่านุ่งผ้าพกใหญ่ใต้สะดือ	อย่านุ่งผ้าพกใหญ่ใต้สะฮือ	อือ	กา	อือ	กา	ดือ	w2p	ฮือ	w2p	ถือ(อือ/กา)	mattra_family	N	N	-	SuphasaetSonYing#SuphasaetSonYing_1:11	tricky-rhyme positive
pos_010308	positive	r2_w2_w3	HP_tricky	w3	บวน->ถ้วน	เป็นนารีที่อายหลายกระบวน	เป็นนารีที่อายหลายกระถ้วน	อัว	กน	อัว	กน	บวน	w2p	ถ้วน	override	สงวน(อัว/กน)	mattra_family	N	N	-	SuphasaetSonYing#SuphasaetSonYing_1:12	tricky-rhyme positive
pos_010309	positive	r2_w2_w3	HP_tricky	w3	ชาย->ว่าย	แม้นประสบพบเหล่าเจ้าผู้ชาย	แม้นประสบพบเหล่าเจ้าผู้ว่าย	อา	เกย	อา	เกย	ชาย	override	ว่าย	override	หมาย(อา/เกย)	mattra_family	N	N	-	SuphasaetSonYing#SuphasaetSonYing_1:13	tricky-rhyme positive
pos_010310	positive	r2_w2_w3	HP_tricky	w3	แซ่->แพร่	จริงมิจริงเขาก็เอาไปเล่าแซ่	จริงมิจริงเขาก็เอาไปเล่าแพร่	แอ	กา	แอ	กา	แซ่	override	แพร่	w2p	แส(แอ/กา)	mattra_family	N	Y	-	SuphasaetSonYing#SuphasaetSonYing_1:14	tricky-rhyme positive
pos_010311	positive	r2_w2_w3	HP_tricky	w3	รมณ์->พรหม	แม้นจักรักรักไว้ในอารมณ์	แม้นจักรักรักไว้ในอาพรหม	โอะ	กม	โอะ	กม	รม	w2p	พรม	w2p	สม(โอะ/กม)	karun	N	Y	-	SuphasaetSonYing#SuphasaetSonYing_1:15	tricky-rhyme positive
pos_010312	positive	r2_w2_w3	HP_tricky	w3	ลอง->ก้อง	ไม่อยู่เฝ้าเคล้ารสเที่ยวจดลอง	ไม่อยู่เฝ้าเคล้ารสเที่ยวจดก้อง	ออ	กง	ออ	กง	ลอง	override	ก้อง	override	ผยอง(ออ/กง)	mattra_family	N	N	-	SuphasaetSonYing#SuphasaetSonYing_1:18	tricky-rhyme positive
pos_010313	positive	r2_w2_w3	HP_tricky	w3	ใจ->ไจ	เปรียบเหมือนคิดปริศนาอย่าไว้ใจ	เปรียบเหมือนคิดปริศนาอย่าไว้ไจ	ไอ	กา	ไอ	กา	ใจ	override	ไจ	w2p	ไหล(ไอ/กา)	mattra_family	N	N	-	SuphasaetSonYing#SuphasaetSonYing_1:20	tricky-rhyme positive
pos_010314	positive	r2_w2_w3	HP_tricky	w3	โครง->โผง	อย่าเชื่อนักมักตับก็คับโครง	อย่าเชื่อนักมักตับก็คับโผง	โอ	กง	โอ	กง	โครง	w2p	โผง	w2p	โผง(โอ/กง)	mattra_family	N	N	-	SuphasaetSonYing#SuphasaetSonYing_1:24	tricky-rhyme positive
pos_010315	positive	r2_w2_w3	HP_tricky	w3	ตน->ชนม์	ไม่ทำมาหากินจนสิ้นตน	ไม่ทำมาหากินจนสิ้นชนม์	โอะ	กน	โอะ	กน	ตน	override	ชน	w2p	ผล(โอะ/กน)	karun	N	Y	-	SuphasaetSonYing#SuphasaetSonYing_1:27	tricky-rhyme positive
pos_010316	positive	r2_w2_w3	HP_tricky	w3	ยาว->ฟาล์ว	ท่านจับได้ใส่ตรวจพรวดคอยาว	ท่านจับได้ใส่ตรวจพรวดคอฟาล์ว	อา	เกอว	อา	เกอว	ยาว	override	ฟาว	w2p	ฉาว(อา/เกอว)	karun	N	N	-	SuphasaetSonYing#SuphasaetSonYing_1:28	tricky-rhyme positive
pos_010317	positive	r2_w2_w3	HP_tricky	w3	นง->กรง	บ้างเล่นเบี้ยเสียถั่วมัวทะนง	บ้างเล่นเบี้ยเสียถั่วมัวทะกรง	โอะ	กง	โอะ	กง	นง	w2p	กรง	w2p	หลง(โอะ/กง)	mattra_family	N	Y	-	SuphasaetSonYing#SuphasaetSonYing_1:30	tricky-rhyme positive
pos_010318	positive	r2_w2_w3	HP_tricky	w3	โลม->โฮล์ม	ครั้นรักผัวก็จะมัวด้วยลมโลม	ครั้นรักผัวก็จะมัวด้วยลมโฮล์ม	โอ	กม	โอ	กม	โลม	override	โมหม	w2p	โฉม(โอ/กม)	karun	N	N	-	SuphasaetSonYing#SuphasaetSonYing_1:32	tricky-rhyme positive
pos_010319	positive	r2_w2_w3	HP_tricky	w3	ตัว->จั่ว	ถ้าคนผู้รู้สึกสำนึกตัว	ถ้าคนผู้รู้สึกสำนึกจั่ว	อัว	กา	อัว	กา	ตัว	override	จั่ว	w2p	ผัว(อัว/กา)	true_final	N	N	-	SuphasaetSonYing#SuphasaetSonYing_1:33	tricky-rhyme positive
pos_010320	positive	r2_w2_w3	HP_tricky	w3	ไป->ไสย	ที่ชายดีนั้นก็มีอยู่ถมไป	ที่ชายดีนั้นก็มีอยู่ถมไสย	ไอ	กา	ไอ	กา	ไป	override	ไสย	override	สัย(อะ/เกย)	true_final	N	N	-	SuphasaetSonYing#SuphasaetSonYing_1:34	tricky-rhyme positive
pos_010321	positive	r2_w2_w3	HP_tricky	w3	เนือง->เปลือง	ต้องเดือดดิ้นกินน้ำตาอยู่นองเนือง	ต้องเดือดดิ้นกินน้ำตาอยู่นองเปลือง	เอือ	กง	เอือ	กง	เนือง	w2p	เปลือง	w2p	เหลือง(เอือ/กง)	mattra_family	N	N	-	SuphasaetSonYing#SuphasaetSonYing_1:35	tricky-rhyme positive
pos_010322	positive	r2_w2_w3	HP_tricky	w3	คอง->ปล้อง	คงมีผู้ชูช่วยประคับประคอง	คงมีผู้ชูช่วยประคับประปล้อง	ออ	กง	ออ	กง	คอง	w2p	ปล้อง	w2p	หมอง(ออ/กง)	mattra_family	N	N	-	SuphasaetSonYing#SuphasaetSonYing_1:37	tricky-rhyme positive
pos_010323	positive	r2_w2_w3	HP_tricky	w3	ทรง->พงศ์	จงกำหนดอตส่าห์รักษาทรง	จงกำหนดอตส่าห์รักษาพงศ์	โอะ	กง	โอะ	กง	ทรง	override	พง	override	หงส์(โอะ/กง)	karun	N	Y	-	SuphasaetSonYing#SuphasaetSonYing_1:40	tricky-rhyme positive
pos_010324	positive	r2_w2_w3	HP_tricky	w3	อาย->พ่าย	เขาไม่เลี้ยงไล่ขับจะอับอาย	เขาไม่เลี้ยงไล่ขับจะอับพ่าย	อา	เกย	อา	เกย	อาย	override	พ่าย	w2p	ง่าย(อา/เกย)	mattra_family	N	N	-	SuphasaetSonYing#SuphasaetSonYing_1:42	tricky-rhyme positive
pos_010325	positive	r2_w2_w3	HP_tricky	w3	ชน->ค้น	ด้วยท่านอายขายหน้าประชาชน	ด้วยท่านอายขายหน้าประชาค้น	โอะ	กน	โอะ	กน	ชน	w2p	ค้น	w2p	หน(โอะ/กน)	mattra_family	N	Y	-	SuphasaetSonYing#SuphasaetSonYing_1:43	tricky-rhyme positive
pos_010326	positive	r2_w2_w3	HP_tricky	w3	เกรง->เท้ง	ชั้นพ่อแม่ของตัวไม่กลัวเกรง	ชั้นพ่อแม่ของตัวไม่กลัวเท้ง	เอ	กง	เอ	กง	เกรง	override	เท้ง	w2p	เหมง(เอ/กง)	mattra_family	N	N	-	SuphasaetSonYing#SuphasaetSonYing_1:45	tricky-rhyme positive
pos_010327	positive	r2_w2_w3	HP_tricky	w3	ดร->จ้อน	คิดถึงหน้าบิดาแลมารดร	คิดถึงหน้าบิดาแลมารจ้อน	ออ	กน	ออ	กน	ดอน	w2p	จ้อน	w2p	สอน(ออ/กน)	mattra_family	N	N	-	SuphasaetSonYing#SuphasaetSonYing_1:48	tricky-rhyme positive
pos_010328	positive	r2_w2_w3	HP_tricky	w3	ยม->บรม	อย่าเกียจคร้านการสตรีจงนิยม	อย่าเกียจคร้านการสตรีจงนิบรม	โอะ	กม	โอะ	กม	ยม	w2p	บอรม	override	สม(โอะ/กม)	mattra_family	N	Y	-	SuphasaetSonYing#SuphasaetSonYing_1:50	tricky-rhyme positive
pos_010329	positive	r2_w2_w3	HP_tricky	w3	แล->แอ	อะไรฉาวกราวเกรียวอย่าเหลียวแล	อะไรฉาวกราวเกรียวอย่าเหลียวแอ	แอ	กา	แอ	กา	แล	override	แอ	w2p	แจ๋(แอ/กา)	mattra_family	N	Y	-	SuphasaetSonYing#SuphasaetSonYing_1:52	tricky-rhyme positive
pos_010330	positive	r2_w2_w3	HP_tricky	w3	จง->หงษ์	จงมักน้อยกินน้อยค่อยบรรจง	จงมักน้อยกินน้อยค่อยบรรหงษ์	โอะ	กง	โอะ	กง	จง	override	หง	w2p	สงค์(โอะ/กง)	karun	N	Y	-	SuphasaetSonYing#SuphasaetSonYing_1:54	tricky-rhyme positive
pos_010331	positive	r2_w2_w3	HP_tricky	w3	ปวง->หวง	จะปรากฏยศยิ่งสิ่งทั้งปวง	จะปรากฏยศยิ่งสิ่งทั้งหวง	อัว	กง	อัว	กง	ปวง	w2p	หวง	override	หลวง(อัว/กง)	mattra_family	N	N	-	SuphasaetSonYing#SuphasaetSonYing_1:57	tricky-rhyme positive
pos_010332	positive	r2_w2_w3	HP_tricky	w3	พาล->บ้าน	ว่าสตรีนี้เป็นยอดยุพาพาล	ว่าสตรีนี้เป็นยอดยุพาบ้าน	อา	กน	อา	กน	พาน	override	บ้าน	override	สาร(อา/กน)	mattra_family	N	N	-	SuphasaetSonYing#SuphasaetSonYing_1:58	tricky-rhyme positive
pos_010333	positive	r2_w2_w3	HP_tricky	w3	ทร->ตอน	ให้ยากยับอัปราอนาทร	ให้ยากยับอัปราอนาตอน	ออ	กน	ออ	กน	ทอน	w2p	ตอน	w2p	หรณ์(ออ/กน)	mattra_family	N	Y	-	SuphasaetSonYing#SuphasaetSonYing_1:62	tricky-rhyme positive
pos_010334	positive	r2_w2_w3	HP_tricky	w3	ภัย->สมัย	จะเกิดโจรราวีอัคคีภัย	จะเกิดโจรราวีอัคคีสมัย	อะ	เกย	อะ	เกย	ไพ	override	สะหมัย	override	สัย(อะ/เกย)	sara_norm|true_final	Y	N	-	SuphasaetSonYing#SuphasaetSonYing_1:63	tricky-rhyme positive
pos_010335	positive	r2_w2_w3	HP_tricky	w3	รุม->กรุม	ให้ผันผ่อนเหมือนหนึ่งนอนในห่วงรุม	ให้ผันผ่อนเหมือนหนึ่งนอนในห่วงกรุม	อุ	กม	อุ	กม	รุม	override	กรุม	w2p	สุม(อุ/กม)	mattra_family	N	N	-	SuphasaetSonYing#SuphasaetSonYing_1:66	tricky-rhyme positive
pos_010336	positive	r2_w2_w3	HP_tricky	w3	จาง->พาง	ถึงจะรักรักให้ยืดอย่าจืดจาง	ถึงจะรักรักให้ยืดอย่าจืดพาง	อา	กง	อา	กง	จาง	w2p	พาง	w2p	หมาง(อา/กง)	mattra_family	N	N	-	SuphasaetSonYing#SuphasaetSonYing_1:67	tricky-rhyme positive
pos_010337	positive	r2_w2_w3	HP_tricky	w3	ตา->ลา	แม้นพูดดีมีคนเขาเมตตา	แม้นพูดดีมีคนเขาเมตลา	อา	กา	อา	กา	ตา	override	ลา	override	หา(อา/กา)	mattra_family	N	N	-	SuphasaetSonYing#SuphasaetSonYing_1:70	tricky-rhyme positive
pos_010338	positive	r2_w2_w3	HP_tricky	w3	ตาม->งาม	เมื่อไม่ชอบก็อย่าตอบเนื้อความตาม	เมื่อไม่ชอบก็อย่าตอบเนื้อความงาม	อา	กม	อา	กม	ตาม	override	งาม	override	หยาม(อา/กม)	mattra_family	N	N	-	SuphasaetSonYing#SuphasaetSonYing_1:71	tricky-rhyme positive
pos_010339	positive	r2_w2_w3	HP_tricky	w3	มัว->อั่ว	ยามสำรวลก็อย่าสรวลให้เมามัว	ยามสำรวลก็อย่าสรวลให้เมาอั่ว	อัว	กา	อัว	กา	มัว	override	อั่ว	w2p	หัว(อัว/กา)	true_final	N	N	-	SuphasaetSonYing#SuphasaetSonYing_1:76	tricky-rhyme positive
pos_010340	positive	r2_w2_w3	HP_tricky	w3	กาย->ทลาย	อย่าท้าวแขนท้าวคางให้ห่างกาย	อย่าท้าวแขนท้าวคางให้ห่างทลาย	อา	เกย	อา	เกย	กาย	override	ทะลาย	w2p	สลาย(อา/เกย)	mattra_family	N	N	-	SuphasaetSonYing#SuphasaetSonYing_1:77	tricky-rhyme positive
pos_010341	positive	r2_w2_w3	HP_tricky	w3	สบาย->ยาย	มีข้าไทใช้สอยค่อยสบาย	มีข้าไทใช้สอยค่อยยาย	อา	เกย	อา	เกย	สะบาย	override	ยาย	override	ขวาย(อา/เกย)	mattra_family	N	N	-	SuphasaetSonYing#SuphasaetSonYing_1:82	tricky-rhyme positive
pos_010342	positive	r2_w2_w3	HP_tricky	w3	เกิน->เผชิญ	อย่าเป้อเย้อพกใหญ่ออกให้เกิน	อย่าเป้อเย้อพกใหญ่ออกให้เผชิญ	เออ	กน	เออ	กน	เกิน	w2p	ผะเชิน	w2p	เสริญ(เออ/กน)	mattra_family	N	N	-	SuphasaetSonYing#SuphasaetSonYing_1:85	tricky-rhyme positive
pos_010343	positive	r2_w2_w3	HP_tricky	w3	ดาย->ม่าย	ใครจะช่วยตัวเราก็เปล่าดาย	ใครจะช่วยตัวเราก็เปล่าม่าย	อา	เกย	อา	เกย	ดาย	w2p	ม่าย	w2p	หาย(อา/เกย)	mattra_family	N	N	-	SuphasaetSonYing#SuphasaetSonYing_1:86	tricky-rhyme positive
pos_010344	positive	r2_w2_w3	HP_tricky	w3	วัน->มหันต์	ของตัวน้อยก็จะถอยไปทุกวัน	ของตัวน้อยก็จะถอยไปทุกมหันต์	อะ	กน	อะ	กน	วัน	override	มะหัน	w2p	หงัน(อะ/กน)	karun	N	N	-	SuphasaetSonYing#SuphasaetSonYing_1:87	tricky-rhyme positive
pos_010345	positive	r2_w2_w3	HP_tricky	w3	นวล->มวน	สุริย์ฉายบ่ายคล้อยเที่ยวลอยนวล	สุริย์ฉายบ่ายคล้อยเที่ยวลอยมวน	อัว	กน	อัว	กน	นวน	override	มวน	w2p	สวน(อัว/กน)	mattra_family	N	N	-	SuphasaetSonYing#SuphasaetSonYing_1:89	tricky-rhyme positive
pos_010346	positive	r2_w2_w3	HP_tricky	w3	เชิง->เพลิง	ควาญหมอรอไม่ติดเห็นผิดเชิง	ควาญหมอรอไม่ติดเห็นผิดเพลิง	เออ	กง	เออ	กง	เชิง	override	เพลิง	override	เหลิง(เออ/กง)	mattra_family	N	N	-	SuphasaetSonYing#SuphasaetSonYing_1:94	tricky-rhyme positive
pos_010347	positive	r2_w2_w3	HP_tricky	w3	เปรียว->เกี่ยว	ถือว่าตนเปรื่องฉลาดปราชญ์ประเปรียว	ถือว่าตนเปรื่องฉลาดปราชญ์ประเกี่ยว	เอีย	เกอว	เอีย	เกอว	เปรียว	w2p	เกี่ยว	w2p	เกรี้ยว(เอีย/เกอว)	mattra_family	N	N	-	SuphasaetSonYing#SuphasaetSonYing_1:95	tricky-rhyme positive
pos_010348	positive	r2_w2_w3	HP_tricky	w3	แกน->แฮนด์	ไม่ทำมาหากินจนสิ้นแกน	ไม่ทำมาหากินจนสิ้นแฮนด์	แอ	กน	แอ	กน	แกน	w2p	แฮน	w2p	แสน(แอ/กน)	karun	N	Y	-	SuphasaetSonYing#SuphasaetSonYing_1:97	tricky-rhyme positive
pos_010349	positive	r2_w2_w3	HP_tricky	w3	เย็บ->เล็บ	แต่ผ้าขาดก็ไม่ปรารถนาเย็บ	แต่ผ้าขาดก็ไม่ปรารถนาเล็บ	เอะ	กบ	เอะ	กบ	เย็บ	w2p	เล็บ	w2p	เจ็บ(เอะ/กบ)	mattra_family	N	N	-	SuphasaetSonYing#SuphasaetSonYing_1:99	tricky-rhyme positive
pos_010350	positive	r2_w2_w3	HP_tricky	w3	เชือน->เจื่อน	คบกันได้แต่นิสัยพวกแชเชือน	คบกันได้แต่นิสัยพวกแชเจื่อน	เอือ	กน	เอือ	กน	เชือน	w2p	เจื่อน	w2p	เพื่อน(เอือ/กน)	mattra_family	N	N	-	SuphasaetSonYing#SuphasaetSonYing_1:100	tricky-rhyme positive
pos_010351	positive	r2_w2_w3	HP_tricky	w3	รี->กวี	ปากก็หวานเหมือนน้ำตาลเพชรบุรี	ปากก็หวานเหมือนน้ำตาลเพชรบุกวี	อี	กา	อี	กา	รี	override	กะวี	override	ถี่(อี/กา)	mattra_family	N	N	-	SuphasaetSonYing#SuphasaetSonYing_1:101	tricky-rhyme positive
pos_010352	positive	r2_w2_w3	HP_tricky	w3	คืน->ฟื้น	มีแต่ภัยให้ระยำทุกค่ำคืน	มีแต่ภัยให้ระยำทุกค่ำฟื้น	อือ	กน	อือ	กน	คืน	override	ฟื้น	override	ผืน(อือ/กน)	mattra_family	N	N	-	SuphasaetSonYing#SuphasaetSonYing_1:102	tricky-rhyme positive
pos_010353	positive	r2_w2_w3	HP_tricky	w3	ครบ->ดบ	ที่คนดีจะได้ดูให้รู้ครบ	ที่คนดีจะได้ดูให้รู้ดบ	โอะ	กบ	โอะ	กบ	ครบ	override	ดบ	w2p	จบ(โอะ/กบ)	mattra_family	N	Y	-	SuphasaetSonYing#SuphasaetSonYing_1:103	tricky-rhyme positive
pos_010354	positive	r2_w2_w3	HP_tricky	w3	รอย->จอยส์	ถ้าสันดานการผู้ดีคงมีรอย	ถ้าสันดานการผู้ดีคงมีจอยส์	ออ	เกย	ออ	เกย	รอย	w2p	จอย	w2p	หอย(ออ/เกย)	karun	N	Y	-	SuphasaetSonYing#SuphasaetSonYing_1:107	tricky-rhyme positive
pos_010355	positive	r2_w2_w3	HP_tricky	w3	คราว->กราวด์	อุตส่าห์แต่งแป้งขมิ้นไม่สิ้นคราว	อุตส่าห์แต่งแป้งขมิ้นไม่สิ้นกราวด์	อา	เกอว	อา	เกอว	คราว	override	กราว	w2p	สาว(อา/เกอว)	karun	N	N	-	SuphasaetSonYing#SuphasaetSonYing_1:109	tricky-rhyme positive
pos_010356	positive	r2_w2_w3	HP_tricky	w3	จน->สกล	ถือว่ารูปกูงามไม่คร้ามจน	ถือว่ารูปกูงามไม่คร้ามสกล	โอะ	กน	โอะ	กน	จน	override	สะกล	override	สน(โอะ/กน)	mattra_family	N	Y	-	SuphasaetSonYing#SuphasaetSonYing_1:110	tricky-rhyme positive
pos_010357	positive	r2_w2_w3	HP_tricky	w3	คอ->ตอ	แต่ตัวจนอ้นอั้นตันในคอ	แต่ตัวจนอ้นอั้นตันในตอ	ออ	กา	ออ	กา	คอ	override	ตอ	w2p	สอ(ออ/กา)	mattra_family	N	N	-	SuphasaetSonYing#SuphasaetSonYing_1:114	tricky-rhyme positive
pos_010358	positive	r2_w2_w3	HP_tricky	w3	เรือง->เยื้อง	ถึงจนยากอยากบำรุงให้รุ่งเรือง	ถึงจนยากอยากบำรุงให้รุ่งเยื้อง	เอือ	กง	เอือ	กง	เรือง	override	เยื้อง	override	เหลือง(เอือ/กง)	mattra_family	N	N	-	SuphasaetSonYing#SuphasaetSonYing_1:116	tricky-rhyme positive
pos_010359	positive	r2_w2_w3	HP_tricky	w3	เดียว->เหนียว	เมื่อน้ำตื้นขืนจะพายไปฝ่ายเดียว	เมื่อน้ำตื้นขืนจะพายไปฝ่ายเหนียว	เอีย	เกอว	เอีย	เกอว	เดียว	override	เหนียว	w2p	เฉลียว(เอีย/เกอว)	mattra_family	N	N	-	SuphasaetSonYing#SuphasaetSonYing_1:118	tricky-rhyme positive
pos_010360	positive	r2_w2_w3	HP_tricky	w3	วัณย์->ถวัลย์	เหมือนพวกนางโมราวิลาวัณย์	เหมือนพวกนางโมราวิลาถวัลย์	อะ	กน	อะ	กน	วัน	w2p	ถะหวัน	w2p	สัน(อะ/กน)	karun	N	Y	-	SuphasaetSonYing#SuphasaetSonYing_1:122	tricky-rhyme positive
pos_010361	positive	r2_w2_w3	HP_tricky	w3	โยน->โซล	เพราะนิสัยใจขนิษฐ์เล่นปลิดโยน	เพราะนิสัยใจขนิษฐ์เล่นปลิดโซล	โอ	กน	โอ	กน	โยน	override	โซน	w2p	โขน(โอ/กน)	mattra_family	N	N	-	SuphasaetSonYing#SuphasaetSonYing_1:123	tricky-rhyme positive
pos_010362	positive	r2_w2_w3	HP_tricky	w3	เลย->เกย	อันผัวดีที่จะได้อย่าหมายเลย	อันผัวดีที่จะได้อย่าหมายเกย	เออ	เกย	เออ	เกย	เลย	override	เกย	override	เฉย(เออ/เกย)	mattra_family	N	N	-	SuphasaetSonYing#SuphasaetSonYing_1:124	tricky-rhyme positive
pos_010363	positive	r2_w2_w3	HP_tricky	w3	รน->หม่น	ที่ไม่สู้รู้กลอนยังร้อนรน	ที่ไม่สู้รู้กลอนยังร้อนหม่น	โอะ	กน	โอะ	กน	รน	w2p	หม่น	w2p	สนธิ์(โอะ/กน)	mattra_family	N	Y	-	SuphasaetSonYing#SuphasaetSonYing_1:125	tricky-rhyme positive
pos_010364	positive	r2_w2_w3	HP_tricky	w3	งาม->ตาม	ทำดื้อด้านหาญหักไม่รักงาม	ทำดื้อด้านหาญหักไม่รักตาม	อา	กม	อา	กม	งาม	override	ตาม	override	สนาม(อา/กม)	mattra_family	N	N	-	SuphasaetSonYing#SuphasaetSonYing_1:127	tricky-rhyme positive
pos_010365	positive	r2_w2_w3	HP_tricky	w3	ปน->ซน	ต้องกินยาเข้าสุราพริกไทยปน	ต้องกินยาเข้าสุราพริกไทยซน	โอะ	กน	โอะ	กน	ปน	override	ซน	w2p	ขน(โอะ/กน)	mattra_family	N	N	-	SuphasaetSonYing#SuphasaetSonYing_1:128	tricky-rhyme positive
pos_010366	positive	r2_w2_w3	HP_tricky	w3	เนา->เฮา	แล้วหาผัวตัวประจำเป็นสำเนา	แล้วหาผัวตัวประจำเป็นสำเฮา	เอา	กา	เอา	กา	เนา	w2p	เฮา	w2p	เขา(เอา/กา)	mattra_family	N	N	-	SuphasaetSonYing#SuphasaetSonYing_1:131	tricky-rhyme positive
pos_010367	positive	r2_w2_w3	HP_tricky	w3	เชื้อ->เบือ	ลูกของเขาเอาเป็นสิทธิ์เฝ้าชิดเชื้อ	ลูกของเขาเอาเป็นสิทธิ์เฝ้าชิดเบือ	เอือ	กา	เอือ	กา	เชื้อ	override	เบือ	w2p	เหลือ(เอือ/กา)	mattra_family	N	N	-	SuphasaetSonYing#SuphasaetSonYing_1:133	tricky-rhyme positive
pos_010368	positive	r2_w2_w3	HP_tricky	w3	เรียง->เบี่ยง	เอ่ยว่ารักแล้วให้ได้ร่วมเรียง	เอ่ยว่ารักแล้วให้ได้ร่วมเบี่ยง	เอีย	กง	เอีย	กง	เรียง	override	เบี่ยง	w2p	เสียง(เอีย/กง)	mattra_family	N	N	-	SuphasaetSonYing#SuphasaetSonYing_1:135	tricky-rhyme positive
pos_010369	positive	r2_w2_w3	HP_tricky	w3	เมีย->เลีย	เป็นอนงค์แล้วก็คงจะเป็นเมีย	เป็นอนงค์แล้วก็คงจะเป็นเลีย	เอีย	กา	เอีย	กา	เมีย	override	เลีย	w2p	เสีย(เอีย/กา)	mattra_family	N	N	-	SuphasaetSonYing#SuphasaetSonYing_1:136	tricky-rhyme positive
pos_010370	positive	r2_w2_w3	HP_tricky	w3	ความ->ปาล์ม	ทำรักซ้อนซ่อนสนิทปิดเนื้อความ	ทำรักซ้อนซ่อนสนิทปิดเนื้อปาล์ม	อา	กม	อา	กม	ความ	override	ปาม	w2p	สาม(อา/กม)	karun	N	N	-	SuphasaetSonYing#SuphasaetSonYing_1:141	tricky-rhyme positive
pos_010371	positive	r2_w2_w3	HP_tricky	w3	เพลง->เพ่ง	พลอยประจบกลบความไปตามเพลง	พลอยประจบกลบความไปตามเพ่ง	เอ	กง	เอ	กง	เพลง	override	เพ่ง	w2p	เหง(เอ/กง)	mattra_family	N	N	-	SuphasaetSonYing#SuphasaetSonYing_1:142	tricky-rhyme positive
pos_010372	positive	r2_w2_w3	HP_tricky	w3	ทน->ผจญ	เขาเฮฮาหน้าสลดต้องอดทน	เขาเฮฮาหน้าสลดต้องอดผจญ	โอะ	กน	โอะ	กน	ทน	override	ผะจน	w2p	สนธิ์(โอะ/กน)	mattra_family	N	Y	-	SuphasaetSonYing#SuphasaetSonYing_1:146	tricky-rhyme positive
pos_010373	positive	r2_w2_w3	HP_tricky	w3	ยืน->ขืน	ไปคบชู้ชู้ชักหักทั้งยืน	ไปคบชู้ชู้ชักหักทั้งขืน	อือ	กน	อือ	กน	ยืน	override	ขืน	override	ชื่น(อือ/กน)	mattra_family	N	N	-	SuphasaetSonYing#SuphasaetSonYing_1:148	tricky-rhyme positive
pos_010374	positive	r2_w2_w3	HP_tricky	w3	เมือง->เลื่อง	ให้พ้นทุกข์สุขีเป็นศรีเมือง	ให้พ้นทุกข์สุขีเป็นศรีเลื่อง	เอือ	กง	เอือ	กง	เมือง	override	เลื่อง	w2p	เปลื้อง(เอือ/กง)	mattra_family	N	N	-	SuphasaetSonYing#SuphasaetSonYing_1:156	tricky-rhyme positive
pos_010375	positive	r2_w2_w3	HP_tricky	w3	ปลอม->ด้อม	อย่าคิดร้ายย้ายแยกทำแปลกปลอม	อย่าคิดร้ายย้ายแยกทำแปลกด้อม	ออ	กม	ออ	กม	ปลอม	w2p	ด้อม	w2p	ถนอม(ออ/กม)	mattra_family	N	N	-	SuphasaetSonYing#SuphasaetSonYing_1:158	tricky-rhyme positive
pos_010376	positive	r2_w2_w3	HP_tricky	w3	ยา->ธนา	หญิงเดี๋ยวนี้แม้นมีสัตยา	หญิงเดี๋ยวนี้แม้นมีสัตธนา	อา	กา	อา	กา	ยา	override	ทะนา	override	ฐาน์(อา/กา)	mattra_family	N	N	-	SuphasaetSonYing#SuphasaetSonYing_1:164	tricky-rhyme positive
pos_010377	positive	r2_w2_w3	HP_tricky	w3	นอน->ฟอนต์	ระวังดูปูปัดสลัดที่นอน	ระวังดูปูปัดสลัดที่ฟอนต์	ออ	กน	ออ	กน	นอน	override	ฟอน	w2p	ก่อน(ออ/กน)	karun	N	Y	-	SuphasaetSonYing#SuphasaetSonYing_1:166	tricky-rhyme positive
pos_010378	positive	r2_w2_w3	HP_tricky	w3	เรา->เซา	นอนให้ดีมีสติสิริเรา	นอนให้ดีมีสติสิริเซา	เอา	กา	เอา	กา	เรา	override	เซา	w2p	เขา(เอา/กา)	mattra_family	N	N	-	SuphasaetSonYing#SuphasaetSonYing_1:168	tricky-rhyme positive
pos_010379	positive	r2_w2_w3	HP_tricky	w3	กวน->ปรวน	อีกน้ำท่าอย่าให้ผงลงไปกวน	อีกน้ำท่าอย่าให้ผงลงไปปรวน	อัว	กน	อัว	กน	กวน	w2p	ปรวน	w2p	บ้วน(อัว/กน)	mattra_family	N	N	-	SuphasaetSonYing#SuphasaetSonYing_1:170	tricky-rhyme positive
pos_010380	positive	r2_w2_w3	HP_tricky	w3	คิน->ปินด์	ปรนนิบัติภัสดาอย่าราคิน	ปรนนิบัติภัสดาอย่าราปินด์	อิ	กน	อิ	กน	คิน	w2p	ปิน	w2p	ศิล(อิ/กน)	karun	N	N	-	SuphasaetSonYing#SuphasaetSonYing_1:175	tricky-rhyme positive
pos_010381	positive	r2_w2_w3	HP_tricky	w3	พรม->ถ่ม	เขาเป็นไฟเราเป็นน้ำค่อยพรำพรม	เขาเป็นไฟเราเป็นน้ำค่อยพรำถ่ม	โอะ	กม	โอะ	กม	พรม	override	ถ่ม	w2p	สม(โอะ/กม)	mattra_family	N	N	-	SuphasaetSonYing#SuphasaetSonYing_1:177	tricky-rhyme positive
pos_010382	positive	r2_w2_w3	HP_tricky	w3	เสบย->เอย	แม้นผัวทุกข์ขุกไข้ไม่เสบย	แม้นผัวทุกข์ขุกไข้ไม่เอย	เออ	เกย	เออ	เกย	สะเบย	override	เอย	w2p	เฉย(เออ/เกย)	mattra_family	N	N	-	SuphasaetSonYing#SuphasaetSonYing_1:179	tricky-rhyme positive
pos_010383	positive	r2_w2_w3	HP_tricky	w3	พริบ->ลิปส์	ครั้นว่าเขาเข้าใจรู้ไหวพริบ	ครั้นว่าเขาเข้าใจรู้ไหวลิปส์	อิ	กบ	อิ	กบ	พริบ	w2p	ลิบ	w2p	ขยิบ(อิ/กบ)	karun	N	N	-	SuphasaetSonYing#SuphasaetSonYing_1:187	tricky-rhyme positive
pos_010384	positive	r2_w2_w3	HP_tricky	w3	ชู->สู	ดูเหมือนแม่กับลูกผูกขึ้นชู	ดูเหมือนแม่กับลูกผูกขึ้นสู	อู	กา	อู	กา	ชู	override	สู	w2p	สู(อู/กา)	mattra_family	N	N	-	SuphasaetSonYing#SuphasaetSonYing_1:191	tricky-rhyme positive
pos_010385	positive	r2_w2_w3	HP_tricky	w3	กัน->กั๋น	จะถีบถองเสียให้ยับไล่ขับกัน	จะถีบถองเสียให้ยับไล่ขับกั๋น	อะ	กน	อะ	กน	กัน	override	กั๋น	w2p	ขัน(อะ/กน)	mattra_family	N	N	-	SuphasaetSonYing#SuphasaetSonYing_1:193	tricky-rhyme positive
pos_010386	positive	r2_w2_w3	HP_tricky	w3	ยาย->สลาย	ตามสติริเริ่มเรื่องนิยาย	ตามสติริเริ่มเรื่องนิสลาย	อา	เกย	อา	เกย	ยาย	override	สะหลาย	w2p	ถวาย(อา/เกย)	mattra_family	N	N	-	khobut#khobut_1:0	tricky-rhyme positive
pos_010387	positive	r2_w2_w3	HP_tricky	w3	ทอง->ซอง	ผลกรรมจำจากวิมานทอง	ผลกรรมจำจากวิมานซอง	ออ	กง	ออ	กง	ทอง	override	ซอง	w2p	สอง(ออ/กง)	mattra_family	N	N	-	khobut#khobut_1:3	tricky-rhyme positive
pos_010388	positive	r2_w2_w3	HP_tricky	w3	กา->ยาร์	พิศเพ่งเล็งแลในโลกา	พิศเพ่งเล็งแลในโลยาร์	อา	กา	อา	กา	กา	override	ยา	w2p	หา(อา/กา)	karun	N	Y	-	khobut#khobut_1:6	tricky-rhyme positive
pos_010389	positive	r2_w2_w3	HP_tricky	w3	บัน->บรร	เขาอาศัยได้สบายในบุษบัน	เขาอาศัยได้สบายในบุษบรร	อะ	กน	อะ	กน	บัน	w2p	บัน	w2p	บั้น(อะ/กน)	mattra_family	N	N	-	khobut#khobut_1:13	tricky-rhyme positive
pos_010390	positive	r2_w2_w3	HP_tricky	w3	แมน->แม่น	พี่เมตตาจะช่วยพาไปเมืองแมน	พี่เมตตาจะช่วยพาไปเมืองแม่น	แอ	กน	แอ	กน	แมน	w2p	แม่น	w2p	แสน(แอ/กน)	mattra_family	N	N	-	khobut#khobut_1:20	tricky-rhyme positive
pos_010391	positive	r2_w2_w3	HP_tricky	w3	ลา->วาต์	เทพทั้งตั้งโห่เป็นโกลา	เทพทั้งตั้งโห่เป็นโกวาต์	อา	กา	อา	กา	ลา	override	วา	w2p	ษา(อา/กา)	karun	N	Y	-	khobut#khobut_1:24	tricky-rhyme positive
pos_010392	positive	r2_w2_w3	HP_tricky	w3	ดง->สงส์	เวลาจวนเราจะด่วนไปอัสดง	เวลาจวนเราจะด่วนไปอัสสงส์	โอะ	กง	โอะ	กง	ดง	override	สง	w2p	สงค์(โอะ/กง)	karun	N	Y	-	khobut#khobut_1:44	tricky-rhyme positive
pos_010393	positive	r2_w2_w3	HP_tricky	w3	เย็น->เพ็ญ	อันลูกข้าทารกแม้นอยู่เย็น	อันลูกข้าทารกแม้นอยู่เพ็ญ	เอะ	กน	เอะ	กน	เย็น	override	เพ็น	w2p	เข็ญ(เอะ/กน)	mattra_family	N	N	-	khobut#khobut_1:46	tricky-rhyme positive
pos_010394	positive	r2_w2_w3	HP_tricky	w3	ลัย->อวัย	พระสงสารราชบุตรสุดอาลัย	พระสงสารราชบุตรสุดอาอวัย	อะ	เกย	อะ	เกย	ลัย	w2p	อะไว	w2p	ไห้(ไอ/กา)	sara_norm|true_final	Y	N	-	khobut#khobut_1:48	tricky-rhyme positive
pos_010395	positive	r2_w2_w3	HP_tricky	w3	ชัย->ซัย	กำลังเจ็ดช้างสารอันชาญชัย	กำลังเจ็ดช้างสารอันชาญซัย	อะ	เกย	อะ	เกย	ไช	override	ไซ	w2p	ใส(ไอ/กา)	sara_norm|true_final	Y	N	-	khobut#khobut_1:50	tricky-rhyme positive
pos_010396	positive	r2_w2_w3	HP_tricky	w3	ปราณ->คราญ	แม้นบุญส่งคงสบายไม่วายปราณ	แม้นบุญส่งคงสบายไม่วายคราญ	อา	กน	อา	กน	ปราน	w2p	คราน	w2p	ขาร(อา/กน)	mattra_family	N	Y	-	khobut#khobut_1:69	tricky-rhyme positive
pos_010397	positive	r2_w2_w3	HP_tricky	w3	รมย์->ซม	ครองพาราณสีบูรีรมย์	ครองพาราณสีบูรีซม	โอะ	กม	โอะ	กม	รม	w2p	ซม	w2p	สนม(โอะ/กม)	karun	N	Y	-	khobut#khobut_2:0	tricky-rhyme positive
pos_010398	positive	r2_w2_w3	HP_tricky	w3	ณรงค์->ซง	ชื่ออรุณกุมารชาญณรงค์	ชื่ออรุณกุมารชาญซง	โอะ	กง	โอะ	กง	นะรง	override	ซง	w2p	หง(โอะ/กง)	karun	N	Y	-	khobut#khobut_2:2	tricky-rhyme positive
pos_010399	positive	r2_w2_w3	HP_tricky	w3	แพง->แกล้ง	เอาปืนใหญ่ยิงประดังพังกำแพง	เอาปืนใหญ่ยิงประดังพังกำแกล้ง	แอ	กง	แอ	กง	แพง	w2p	แกล้ง	override	แหง(แอ/กง)	mattra_family	N	N	-	khobut#khobut_2:7	tricky-rhyme positive
pos_010400	positive	r2_w2_w3	HP_tricky	w3	องค์->ดงค์	เห็นไม้พุ่มอุ้มลูกเข้าแอบองค์	เห็นไม้พุ่มอุ้มลูกเข้าแอบดงค์	โอะ	กง	โอะ	กง	อง	override	ดง	w2p	ผง(โอะ/กง)	karun	N	Y	-	khobut#khobut_2:12	tricky-rhyme positive
pos_010401	positive	r2_w2_w3	HP_tricky	w3	เลย->เฮ่ย	พากันไปอย่าอาลัยถึงแม่เลย	พากันไปอย่าอาลัยถึงแม่เฮ่ย	เออ	เกย	เออ	เกย	เลย	override	เต่ย	w2p	เอ๋ย(เออ/เกย)	mattra_family	N	N	-	khobut#khobut_2:14	tricky-rhyme positive
pos_010402	positive	r2_w2_w3	HP_tricky	w3	ลาน->วาลย์	กลั้นสะอื้นขืนใจอาลัยลาน	กลั้นสะอื้นขืนใจอาลัยวาลย์	อา	กน	อา	กน	ลาน	override	วาน	w2p	สาร(อา/กน)	karun	N	N	-	khobut#khobut_2:18	tricky-rhyme positive
pos_010403	positive	r2_w2_w3	HP_tricky	w3	พง->ชงฆ์	ทุกก้านกอช่อไม้ในไพรพง	ทุกก้านกอช่อไม้ในไพรชงฆ์	โอะ	กง	โอะ	กง	พง	w2p	ชง	w2p	หง(โอะ/กง)	karun	N	Y	-	khobut#khobut_2:32	tricky-rhyme positive
pos_010404	positive	r2_w2_w3	HP_tricky	w3	ริน->ษิณ	ทั้งฝักดอกจอกกระจับในวาริน	ทั้งฝักดอกจอกกระจับในวาษิณ	อิ	กน	อิ	กน	ริน	override	สินะ	w2p	สินธุ์(อิ/กน)	mattra_family	N	Y	-	khobut#khobut_2:34	tricky-rhyme positive
pos_010405	positive	r2_w2_w3	HP_tricky	w3	ชล->ผล	จะกล่าวถึงยักษ์ร้ายในสายชล	จะกล่าวถึงยักษ์ร้ายในสายผล	โอะ	กน	โอะ	กน	ชล	override	ผล	override	ผล(โอะ/กน)	mattra_family	N	N	-	khobut#khobut_2:36	tricky-rhyme positive
pos_010406	positive	r2_w2_w3	HP_tricky	w3	บน->ฉงน	พระลอยแลมาแต่โพยมบน	พระลอยแลมาแต่โพยมฉงน	โอะ	กน	โอะ	กน	บน	override	ฉะหงน	w2p	สณฑ์(โอะ/กน)	mattra_family	N	Y	-	khobut#khobut_3:0	tricky-rhyme positive
pos_010407	positive	r2_w2_w3	HP_tricky	w3	วาย->ทราย	ทินกรร้อนรนกระวนกระวาย	ทินกรร้อนรนกระวนกระทราย	อา	เกย	อา	เกย	วาย	override	ซาย	override	ถวาย(อา/เกย)	mattra_family	N	N	-	khobut#khobut_3:4	tricky-rhyme positive
pos_010408	positive	r2_w2_w3	HP_tricky	w3	นาม->ผลาม	ถึงจะฆ่าทารกไม่ลือนาม	ถึงจะฆ่าทารกไม่ลือผลาม	อา	กม	อา	กม	นาม	override	ผลาม	w2p	ขาม(อา/กม)	mattra_family	N	N	-	khobut#khobut_3:7	tricky-rhyme positive
pos_010409	positive	r2_w2_w3	HP_tricky	w3	ลัง->ฟัง	ได้กินนมราชสีห์มีกำลัง	ได้กินนมราชสีห์มีกำฟัง	อะ	กง	อะ	กง	ลัง	w2p	ฟัง	override	หลัง(อะ/กง)	mattra_family	N	N	-	khobut#khobut_3:13	tricky-rhyme positive
pos_010410	positive	r2_w2_w3	HP_tricky	w3	ยาม->ห้าม	ขอรองบาทมุลิกาพยายาม	ขอรองบาทมุลิกาพยาห้าม	อา	กม	อา	กม	ยาม	override	ห้าม	override	หยาม(อา/กม)	mattra_family	N	N	-	khobut#khobut_3:25	tricky-rhyme positive
pos_010411	positive	r2_w2_w3	HP_tricky	w3	นี->ครี	จะแก้ไขให้สองราคืนธานี	จะแก้ไขให้สองราคืนธาครี	อี	กา	อี	กา	นี	override	ครี	w2p	ษี(อี/กา)	mattra_family	N	N	-	khobut#khobut_3:28	tricky-rhyme positive
pos_010412	positive	r2_w2_w3	HP_tricky	w3	ยงค์->ลง	หันเหียนตะเคียนคางยางประยงค์	หันเหียนตะเคียนคางยางประลง	โอะ	กง	โอะ	กง	ยง	w2p	ลง	override	หงส์(โอะ/กง)	karun	N	Y	-	khobut#khobut_3:35	tricky-rhyme positive
pos_010413	positive	r2_w2_w3	HP_tricky	w3	ลิง->ดิ้งส์	กาลิงเลี้ยวไล่หานางกาลิง	กาลิงเลี้ยวไล่หานางกาดิ้งส์	อิ	กง	อิ	กง	ลิง	w2p	ดิ้ง	w2p	สิง(อิ/กง)	karun	N	N	-	khobut#khobut_3:36	tricky-rhyme positive
pos_010414	positive	r2_w2_w3	HP_tricky	w3	วัง->ตรัง	สองพระองค์ปลดปลงชีวาวัง	สองพระองค์ปลดปลงชีวาตรัง	อะ	กง	อะ	กง	วัง	override	ตรัง	w2p	หลัง(อะ/กง)	mattra_family	N	N	-	khobut#khobut_3:45	tricky-rhyme positive
pos_010415	positive	r2_w2_w3	HP_tricky	w3	นาย->ป้าย	บ้างหวีดหวาดผาดแลเห็นเจ้านาย	บ้างหวีดหวาดผาดแลเห็นเจ้าป้าย	อา	เกย	อา	เกย	นาย	override	ป้าย	w2p	หาย(อา/เกย)	mattra_family	N	N	-	khobut#khobut_3:50	tricky-rhyme positive
pos_010416	positive	r2_w2_w3	HP_tricky	w3	นินทร์->จิน	สมบัติของบิดาในธานินทร์	สมบัติของบิดาในธาจิน	อิ	กน	อิ	กน	นิน	w2p	จิน	w2p	ถวิล(อิ/กน)	karun	N	N	-	khobut#khobut_3:56	tricky-rhyme positive
pos_010417	positive	r2_w2_w3	HP_tricky	w3	วรณ์->ปล้อน	พ่อเอ็นดูบิดาให้อาวรณ์	พ่อเอ็นดูบิดาให้อาปล้อน	ออ	กน	ออ	กน	วอน	w2p	ปล้อน	w2p	สร(ออ/กน)	karun	N	Y	-	khobut#khobut_3:69	tricky-rhyme positive
pos_010418	positive	r2_w2_w3	HP_tricky	w3	ณี->อี้	จะเที่ยวดูเสียให้ทั่วทั้งธรณี	จะเที่ยวดูเสียให้ทั่วทั้งธรอี้	อี	กา	อี	กา	นี	w2p	อี้	w2p	ศรี(อี/กา)	mattra_family	N	N	-	khobut#khobut_3:71	tricky-rhyme positive
pos_010419	positive	r2_w2_w3	HP_tricky	w3	ยำ->ครำ	บีบขมับขับเฆี่ยนเจียนระยำ	บีบขมับขับเฆี่ยนเจียนระครำ	อำ	กา	อำ	กา	ยำ	w2p	ครำ	w2p	ขำ(อำ/กา)	mattra_family	N	N	-	khobut#khobut_3:74	tricky-rhyme positive
pos_010420	positive	r2_w2_w3	HP_tricky	w3	ดัง->หนัง	ตะโหงกคอข้อมือขื่อประดัง	ตะโหงกคอข้อมือขื่อประหนัง	อะ	กง	อะ	กง	ดัง	override	หนัง	override	สั่ง(อะ/กง)	mattra_family	N	N	-	khobut#khobut_3:77	tricky-rhyme positive
pos_010421	positive	r2_w2_w3	HP_tricky	w3	ปี->หมี่	ลูกอยู่กับบิดามากว่าปี	ลูกอยู่กับบิดามากว่าหมี่	อี	กา	อี	กา	ปี	override	หมี่	w2p	ศรี(อี/กา)	mattra_family	N	N	-	khobut#khobut_3:83	tricky-rhyme positive
pos_010422	positive	r2_w2_w3	HP_tricky	w3	เชย->เงย	ดวงมณีที่พี่ให้เอาไว้เชย	ดวงมณีที่พี่ให้เอาไว้เงย	เออ	เกย	เออ	เกย	เชย	override	เงย	w2p	เสวย(เออ/เกย)	mattra_family	N	N	-	khobut#khobut_3:92	tricky-rhyme positive
pos_010423	positive	r2_w2_w3	HP_tricky	w3	ลวง->ห้วง	พงศ์กระษัตริย์ตรัสล้อแล้วล่อลวง	พงศ์กระษัตริย์ตรัสล้อแล้วล่อห้วง	อัว	กง	อัว	กง	ลวง	override	หว้ง	w2p	หลวง(อัว/กง)	mattra_family	N	N	-	khobut#khobut_3:100	tricky-rhyme positive
pos_010424	positive	r2_w2_w3	HP_tricky	w3	รอน->ยอห์น	ที่เหลือตายรายรอบเข้าราญรอน	ที่เหลือตายรายรอบเข้าราญยอห์น	ออ	กน	ออ	กน	รอน	override	ยอน	w2p	ขร(ออ/กน)	karun	N	N	-	khobut#khobut_4:3	tricky-rhyme positive
pos_010425	positive	r2_w2_w3	HP_tricky	w3	ไท->ทัย	ยอมถวายกายเป็นเช่นข้าไท	ยอมถวายกายเป็นเช่นข้าทัย	ไอ	กา	อะ	เกย	ไท	override	ไท	w2p	ไสว(ไอ/กา)	sara_norm|true_final	N	N	-	khobut#khobut_4:9	tricky-rhyme positive
pos_010426	positive	r2_w2_w3	HP_tricky	w3	ชนม์->ตน	พระยกโทษโปรดไว้ไม่วายชนม์	พระยกโทษโปรดไว้ไม่วายตน	โอะ	กน	โอะ	กน	ชน	w2p	ตน	override	ผล(โอะ/กน)	karun	N	Y	-	khobut#khobut_4:15	tricky-rhyme positive
pos_010427	positive	r2_w2_w3	HP_tricky	w3	พร->พอน	พระสยมภูวญาณประทานพร	พระสยมภูวญาณประทานพอน	ออ	กน	ออ	กน	พร	override	พอน	w2p	ขร(ออ/กน)	mattra_family	N	N	-	khobut#khobut_4:32	tricky-rhyme positive
pos_010428	positive	r2_w2_w3	HP_tricky	w3	ที->กีย์	ถึงฟากฝั่งยมนาท่านที	ถึงฟากฝั่งยมนาท่านกีย์	อี	กา	อี	กา	ที	override	กี	w2p	ศี(อี/กา)	karun	N	Y	-	khobut#khobut_4:34	tricky-rhyme positive
pos_010429	positive	r2_w2_w3	HP_tricky	w3	วี->ฎี	หมายเขม้นเข่นฆ่าเข้าราวี	หมายเขม้นเข่นฆ่าเข้าราฎี	อี	กา	อี	กา	วี	w2p	ดีเดีย	w2p	ศรี(อี/กา)	mattra_family	N	N	-	khobut#khobut_4:38	tricky-rhyme positive
pos_010430	positive	r2_w2_w3	HP_tricky	w3	การ์->ฮา	จึ่งเปลื้องเครื่องรัดองค์อลงการ์	จึ่งเปลื้องเครื่องรัดองค์อลงฮา	อา	กา	อา	กา	กา	w2p	ฮา	w2p	หนา(อา/กา)	karun	N	Y	-	khobut#khobut_4:78	tricky-rhyme positive
pos_010431	positive	r2_w2_w3	HP_tricky	w3	พู->รู	สองพระองค์พงศ์กระษัตริย์ฉัตรชมพู	สองพระองค์พงศ์กระษัตริย์ฉัตรชมรู	อู	กา	อู	กา	พู	w2p	รู	w2p	สู(อู/กา)	mattra_family	N	N	-	khobut#khobut_4:103	tricky-rhyme positive
pos_010432	positive	r2_w2_w3	HP_tricky	w3	ดาล->ข่าน	โอ้เสียดายคูหาในบาดาล	โอ้เสียดายคูหาในบาข่าน	อา	กน	อา	กน	ดาน	w2p	ข่าน	w2p	สาร(อา/กน)	mattra_family	N	N	-	khobut#khobut_4:115	tricky-rhyme positive
pos_010433	positive	r2_w2_w3	HP_tricky	w3	ชร->จอนห์	บุปผชาติอันสะอาดอรชร	บุปผชาติอันสะอาดอรจอนห์	ออ	กน	ออ	กน	ชอน	w2p	จอน	w2p	ขร(ออ/กน)	karun	N	Y	-	khobut#khobut_4:122	tricky-rhyme positive
pos_010434	positive	r2_w2_w3	HP_tricky	w3	เนียง->เสียง	ดุริยางค์เย็นเสนาะเพราะสำเนียง	ดุริยางค์เย็นเสนาะเพราะสำเสียง	เอีย	กง	เอีย	กง	เนียง	w2p	เสียง	override	เสียง(เอีย/กง)	mattra_family	N	N	-	khobut#khobut_4:131	tricky-rhyme positive
pos_010435	positive	r2_w2_w3	HP_tricky	w3	ทัย->ไทย	ดังปี่แก้วแว่ววับจับพระทัย	ดังปี่แก้วแว่ววับจับพระไทย	อะ	เกย	ไอ	กา	ไท	w2p	ไท	override	ใส(ไอ/กา)	sara_norm|true_final	N	N	-	khobut#khobut_4:154	tricky-rhyme positive
pos_010436	positive	r2_w2_w3	HP_tricky	w3	กัง->ญังค์	ล้มถลาซวนเซอยู่เก้กัง	ล้มถลาซวนเซอยู่เก้ญังค์	อะ	กง	อะ	กง	กัง	w2p	ยัง	w2p	ปั๋ง(อะ/กง)	karun	N	N	-	khobut#khobut_5:1	tricky-rhyme positive
pos_010437	positive	r2_w2_w3	HP_tricky	w3	ชม->นม	อสุรียิ่งทวีสวาทชม	อสุรียิ่งทวีสวาทนม	โอะ	กม	โอะ	กม	ชม	override	นม	override	ปฐม(โอะ/กม)	mattra_family	N	N	-	khobut#khobut_5:28	tricky-rhyme positive
pos_010438	positive	r2_w2_w3	HP_tricky	w3	ทวี->ยีส์	พระฟังคำซ้ำแค้นแสนทวี	พระฟังคำซ้ำแค้นแสนยีส์	อี	กา	อี	กา	ทะวี	override	ยี	w2p	ศรี(อี/กา)	karun	N	Y	-	khobut#khobut_5:44	tricky-rhyme positive
pos_010439	positive	r2_w2_w3	HP_tricky	w3	ตี->สี่	โลดถลาถาโถมเข้าโจมตี	โลดถลาถาโถมเข้าโจมสี่	อี	กา	อี	กา	ตี	override	สี่	override	ศรี(อี/กา)	mattra_family	N	N	-	khobut#khobut_5:49	tricky-rhyme positive
pos_010440	positive	r2_w2_w3	HP_tricky	w3	ชัน->ถรรพ์	หยุดพักเพิงเชิงผาศิลาชัน	หยุดพักเพิงเชิงผาศิลาถรรพ์	อะ	กน	อะ	กน	ชัน	w2p	ถัน	w2p	สัณฑ์(อะ/กน)	karun	N	N	-	khobut#khobut_5:63	tricky-rhyme positive
pos_010441	positive	r2_w2_w3	HP_tricky	w3	โพรง->โขยง	กาฝากแฝงกล้วยไม้ขึ้นในโพรง	กาฝากแฝงกล้วยไม้ขึ้นในโขยง	โอ	กง	โอ	กง	โพรง	w2p	ขะโหยง	override	โขง(โอ/กง)	mattra_family	N	N	-	khobut#khobut_5:65	tricky-rhyme positive
pos_010442	positive	r2_w2_w3	HP_tricky	w3	รินทร์->ศิลป์	พอถึงองค์ทรงฤทธิ์บนคิรินทร์	พอถึงองค์ทรงฤทธิ์บนคิศิลป์	อิ	กน	อิ	กน	ริน	w2p	สิน	w2p	ดิ้น(อิ/กน)	karun	N	N	-	khobut#khobut_6:1	tricky-rhyme positive
pos_010443	positive	r2_w2_w3	HP_tricky	w3	คล->มนตร์	ทูลกระหม่อมจอมเมืองมิ่งมงคล	ทูลกระหม่อมจอมเมืองมิ่งมงมนตร์	โอะ	กน	โอะ	กน	คน	w2p	มน	w2p	สน(โอะ/กน)	karun	N	Y	-	khobut#khobut_6:25	tricky-rhyme positive
pos_010444	positive	r2_w2_w3	HP_tricky	w3	งอน->กล่อน	ชื่ออำพันมาลาพะงางอน	ชื่ออำพันมาลาพะงากล่อน	ออ	กน	ออ	กน	งอน	w2p	กล่อน	w2p	สมร(ออ/กน)	mattra_family	N	N	-	khobut#khobut_6:26	tricky-rhyme positive
pos_010445	positive	r2_w2_w3	HP_tricky	w3	คลึง->ผึง	เหมือนรูปพ่อเห็นพอจะคล้ายคลึง	เหมือนรูปพ่อเห็นพอจะคล้ายผึง	อึ	กง	อึ	กง	คลึง	w2p	ผึง	w2p	ถึง(อึ/กง)	mattra_family	N	N	-	khobut#khobut_6:27	tricky-rhyme positive
pos_010446	positive	r2_w2_w3	HP_tricky	w3	เร->เซ่	ปะเลาะเลียบเลียมชวนให้รวนเร	ปะเลาะเลียบเลียมชวนให้รวนเซ่	เอ	กา	เอ	กา	เร	override	เซ่	w2p	เล่ห์(เอ/กา)	mattra_family	N	Y	-	khobut#khobut_7:1	tricky-rhyme positive
pos_010447	positive	r2_w2_w3	HP_tricky	w3	กรง->ปรง	จะจับเจ้าไว้ทำไมที่ในกรง	จะจับเจ้าไว้ทำไมที่ในปรง	โอะ	กง	โอะ	กง	กรง	w2p	ปรง	w2p	หลง(โอะ/กง)	mattra_family	N	N	-	khobut#khobut_7:16	tricky-rhyme positive
pos_010448	positive	r2_w2_w3	HP_tricky	w3	ทาน->น่าน	พอค่ำไปเช้ากลับมารับประทาน	พอค่ำไปเช้ากลับมารับประน่าน	อา	กน	อา	กน	ทาน	w2p	น่าน	w2p	หวาน(อา/กน)	mattra_family	N	N	-	khobut#khobut_7:18	tricky-rhyme positive
pos_010449	positive	r2_w2_w3	HP_tricky	w3	ปรา->จาห์	อย่าบอกเล่าว่าเข้ามาปรางค์ปรา	อย่าบอกเล่าว่าเข้ามาปรางค์จาห์	อา	กา	อา	กา	ปรา	w2p	จิ	w2p	ษา(อา/กา)	karun	N	Y	-	khobut#khobut_7:40	tricky-rhyme positive
pos_010450	positive	r2_w2_w3	HP_tricky	w3	งาน->ปราน	ไม่เล่นด้วยสาวสนมพนักงาน	ไม่เล่นด้วยสาวสนมพนักปราน	อา	กน	อา	กน	งาน	w2p	ปราน	w2p	สาร(อา/กน)	mattra_family	N	N	-	khobut#khobut_7:49	tricky-rhyme positive
pos_010451	positive	r2_w2_w3	HP_tricky	w3	แวม->แอ้ม	ดังสัตตบุษย์ผุดปริ่มคงคาแวม	ดังสัตตบุษย์ผุดปริ่มคงคาแอ้ม	แอ	กม	แอ	กม	แวม	w2p	แอ้ม	w2p	แฉล้ม(แอ/กม)	mattra_family	N	N	-	khobut#khobut_7:55	tricky-rhyme positive
pos_010452	positive	r2_w2_w3	HP_tricky	w3	แรง->แบง	ยิ่งกลัดกลุ้มรุ่มร้อนดังเพลิงแรง	ยิ่งกลัดกลุ้มรุ่มร้อนดังเพลิงแบง	แอ	กง	แอ	กง	แรง	override	แบง	w2p	แหนง(แอ/กง)	mattra_family	N	N	-	khobut#khobut_7:61	tricky-rhyme positive
pos_010453	positive	r2_w2_w3	HP_tricky	w3	โชย->ขโมย	รื่นรื่นชื่นอารมณ์เมื่อลมโชย	รื่นรื่นชื่นอารมณ์เมื่อลมขโมย	โอ	เกย	โอ	เกย	โชย	w2p	ขะโมย	w2p	โหย(โอ/เกย)	mattra_family	N	N	-	khobut#khobut_7:65	tricky-rhyme positive
pos_010454	positive	r2_w2_w3	HP_tricky	w3	บล->สน	ขี้ปดพ่อว่าไปเกลือกกลีบอุบล	ขี้ปดพ่อว่าไปเกลือกกลีบอุสน	โอะ	กน	โอะ	กน	บน	w2p	สน	w2p	หน(โอะ/กน)	mattra_family	N	N	-	khobut#khobut_7:77	tricky-rhyme positive
pos_010455	positive	r2_w2_w3	HP_tricky	w3	กลาง->หลาง	บ้างขาวขำดำเกลี้ยงเป็นปานกลาง	บ้างขาวขำดำเกลี้ยงเป็นปานหลาง	อา	กง	อา	กง	กลาง	override	หลาง	w2p	ขนาง(อา/กง)	mattra_family	N	N	-	khobut#khobut_8:8	tricky-rhyme positive
pos_010456	positive	r2_w2_w3	HP_tricky	w3	นม->ชม	ลางนางหลับสนิทไม่ปิดนม	ลางนางหลับสนิทไม่ปิดชม	โอะ	กม	โอะ	กม	นม	override	ชม	override	ผม(โอะ/กม)	mattra_family	N	N	-	khobut#khobut_8:9	tricky-rhyme positive
pos_010457	positive	r2_w2_w3	HP_tricky	w3	เทิ้น->เธิร์น	เสียวกระสันหวั่นไหวพระทัยสะเทิ้น	เสียวกระสันหวั่นไหวพระทัยสะเธิร์น	เออ	กน	เออ	กน	เทิ้น	w2p	เทิน	w2p	เขิน(เออ/กน)	karun	N	N	-	khobut#khobut_8:22	tricky-rhyme positive
pos_010458	positive	r2_w2_w3	HP_tricky	w3	เกลียว->เรียว	จนเขาขับแล้วยังจับอยู่กลมเกลียว	จนเขาขับแล้วยังจับอยู่กลมเรียว	เอีย	เกอว	เอีย	เกอว	เกลียว	w2p	เรียว	w2p	เขียว(เอีย/เกอว)	mattra_family	N	N	-	khobut#khobut_8:28	tricky-rhyme positive
pos_010459	positive	r2_w2_w3	HP_tricky	w3	ตัง->ผนัง	เสียงปืนตึงผึงตามกันสามตัง	เสียงปืนตึงผึงตามกันสามผนัง	อะ	กง	อะ	กง	ตัง	w2p	ผะหนัง	override	สังข์(อะ/กง)	mattra_family	N	N	-	khobut#khobut_8:31	tricky-rhyme positive
pos_010460	positive	r2_w2_w3	HP_tricky	w3	สตรี->ซี้ส์	น้องโฉดเขลาเบาจิตผิดสตรี	น้องโฉดเขลาเบาจิตผิดซี้ส์	อี	กา	อี	กา	สะตรี	override	ซี้	w2p	ศรี(อี/กา)	karun	N	N	-	khobut#khobut_8:37	tricky-rhyme positive
pos_010461	positive	r2_w2_w3	HP_tricky	w3	เด็น->เบ็น	นี่จำใจจำลาน้ำตากระเด็น	นี่จำใจจำลาน้ำตากระเบ็น	เอะ	กน	เอะ	กน	เด็น	w2p	เบ็น	w2p	เห็น(เอะ/กน)	mattra_family	N	N	-	khobut#khobut_8:38	tricky-rhyme positive
pos_010462	positive	r2_w2_w3	HP_tricky	w3	ธยา->จ้า	แต่คิดเร่งสุริยนให้สนธยา	แต่คิดเร่งสุริยนให้สนจ้า	อา	กา	อา	กา	ทะยา	w2p	จ้า	w2p	ษา(อา/กา)	mattra_family	N	N	-	khobut#khobut_8:64	tricky-rhyme positive
pos_010463	positive	r2_w2_w3	HP_tricky	w3	เวง->เป่ง	พระโคบุตรนุชนางให้วังเวง	พระโคบุตรนุชนางให้วังเป่ง	เอ	กง	เอ	กง	เวง	w2p	เป่ง	w2p	เหมง(เอ/กง)	mattra_family	N	N	-	khobut#khobut_8:72	tricky-rhyme positive
pos_010464	positive	r2_w2_w3	HP_tricky	w3	แจ->แคร่	คนหนึ่งตั้งคนหนึ่งต่อออกจอแจ	คนหนึ่งตั้งคนหนึ่งต่อออกจอแคร่	แอ	กา	แอ	กา	แจ	w2p	แคร่	w2p	แซ่(แอ/กา)	mattra_family	N	Y	-	khobut#khobut_9:20	tricky-rhyme positive
pos_010465	positive	r2_w2_w3	HP_tricky	w3	พล->ฉล	เวลารุ่งพรุ่งนี้จะกรีพล	เวลารุ่งพรุ่งนี้จะกรีฉล	โอะ	กน	โอะ	กน	พล	override	ฉะหละ	w2p	ย่น(โอะ/กน)	mattra_family	N	N	-	khobut#khobut_9:23	tricky-rhyme positive
pos_010466	positive	r2_w2_w3	HP_tricky	w3	คราม->กราม	ซึ่งพระทัยของพระองค์จะสงคราม	ซึ่งพระทัยของพระองค์จะสงกราม	อา	กม	อา	กม	คราม	w2p	กราม	w2p	สยาม(อา/กม)	mattra_family	N	N	-	khobut#khobut_9:28	tricky-rhyme positive
pos_010467	positive	r2_w2_w3	HP_tricky	w3	ทราย->หน่าย	นรสิงห์ลิงโลดละมั่งทราย	นรสิงห์ลิงโลดละมั่งหน่าย	อา	เกย	อา	เกย	ซาย	override	หน่าย	w2p	ผาย(อา/เกย)	mattra_family	N	N	-	khobut#khobut_9:38	tricky-rhyme positive
pos_010468	positive	r2_w2_w3	HP_tricky	w3	ลุ->ปรุ	เสือถูกพุงทลายควายทะลุ	เสือถูกพุงทลายควายทะปรุ	อุ	กา	อุ	กา	ลุ	w2p	ปรุ	w2p	ดุ(อุ/กา)	mattra_family	N	N	-	khobut#khobut_9:40	tricky-rhyme positive
pos_010469	positive	r2_w2_w3	HP_tricky	w3	รงค์->ฮง	ซึ่งลูกรักหากคิดถึงบิตุรงค์	ซึ่งลูกรักหากคิดถึงบิตุฮง	โอะ	กง	โอะ	กง	รง	override	ฮง	w2p	สงค์(โอะ/กง)	karun	N	Y	-	khobut#khobut_10:4	tricky-rhyme positive
pos_010470	positive	r2_w2_w3	HP_tricky	w3	โพยม->โทม	เจริญงามยามคล้อยลอยโพยม	เจริญงามยามคล้อยลอยโทม	โอ	กม	โอ	กม	พะโยม	override	โทม	w2p	โฉม(โอ/กม)	mattra_family	N	N	-	khobut#khobut_10:16	tricky-rhyme positive
pos_010471	positive	r2_w2_w3	HP_tricky	w3	แนว->แจ๋ว	มีทางเดินจรดลถนนแนว	มีทางเดินจรดลถนนแจ๋ว	แอ	เกอว	แอ	เกอว	แนว	w2p	แจ๋ว	w2p	แก้ว(แอ/เกอว)	mattra_family	N	N	-	khobut#khobut_10:20	tricky-rhyme positive
pos_010472	positive	r2_w2_w3	HP_tricky	w3	ลาว->ซาวน์	ประชาชนเวียงไชยทั้งไทยลาว	ประชาชนเวียงไชยทั้งไทยซาวน์	อา	เกอว	อา	เกอว	ลาว	w2p	ซาว	w2p	ฉาว(อา/เกอว)	karun	N	N	-	khobut#khobut_10:45	tricky-rhyme positive
pos_010473	positive	r2_w2_w3	HP_tricky	w3	เคียง->เตียง	พระโคบุตรอยู่กลางสองนางเคียง	พระโคบุตรอยู่กลางสองนางเตียง	เอีย	กง	เอีย	กง	เคียง	override	เตียง	override	เฉลียง(เอีย/กง)	mattra_family	N	N	-	khobut#khobut_10:51	tricky-rhyme positive
pos_010474	positive	r2_w2_w3	HP_tricky	w3	คาว->ยาว	แม้นปากชั่วตัวจะดีก็มีคาว	แม้นปากชั่วตัวจะดีก็มียาว	อา	เกอว	อา	เกอว	คาว	override	ยาว	override	ฉาว(อา/เกอว)	mattra_family	N	N	-	khobut#khobut_10:71	tricky-rhyme positive
pos_010475	positive	r2_w2_w3	HP_tricky	w3	เทียม->เอี้ยม	หรืออายพักตร์ว่าศักดิ์พี่ไม่เทียม	หรืออายพักตร์ว่าศักดิ์พี่ไม่เอี้ยม	เอีย	กม	เอีย	กม	เทียม	w2p	เอี้ยม	w2p	เหนียม(เอีย/กม)	mattra_family	N	N	-	khobut#khobut_10:86	tricky-rhyme positive
pos_010476	positive	r2_w2_w3	HP_tricky	w3	พาน->พาล	เกษมสุขสองกระษัตริย์สัมผัสพาน	เกษมสุขสองกระษัตริย์สัมผัสพาล	อา	กน	อา	กน	พาน	override	พาน	override	หวาน(อา/กน)	mattra_family	N	N	-	khobut#khobut_10:90	tricky-rhyme positive
pos_010477	positive	r2_w2_w3	HP_tricky	w3	คราญ->พราน	แล้วนางถอดธำมรงค์ของนงคราญ	แล้วนางถอดธำมรงค์ของนงพราน	อา	กน	อา	กน	คราน	w2p	พราน	w2p	สาร(อา/กน)	mattra_family	N	N	-	khobut#khobut_11:14	tricky-rhyme positive
pos_010478	positive	r2_w2_w3	HP_tricky	w3	จารย์->ง่าน	นางชาววังวันทาพระอาจารย์	นางชาววังวันทาพระอาง่าน	อา	กน	อา	กน	จาน	w2p	ง่าน	w2p	สาร(อา/กน)	karun	N	N	-	khobut#khobut_11:20	tricky-rhyme positive
pos_010479	positive	r2_w2_w3	HP_tricky	w3	ครวญ->ยวน	ให้ฉุกคิดถึงอำพันกระสันครวญ	ให้ฉุกคิดถึงอำพันกระสันยวน	อัว	กน	อัว	กน	ครวน	override	ยวน	w2p	หวน(อัว/กน)	mattra_family	N	N	-	khobut#khobut_11:51	tricky-rhyme positive
pos_010480	positive	r2_w2_w3	HP_tricky	w3	นึง->อึ่ง	น้องเจียมตัวกลัวผิดคิดคะนึง	น้องเจียมตัวกลัวผิดคิดคะอึ่ง	อึ	กง	อึ	กง	นึง	w2p	อึ่ง	w2p	หึง(อึ/กง)	mattra_family	N	N	-	khobut#khobut_11:61	tricky-rhyme positive
pos_010481	positive	r2_w2_w3	HP_tricky	w3	มือ->บือ	พี่ผิดแล้วนฤมลแต่ต้นมือ	พี่ผิดแล้วนฤมลแต่ต้นบือ	อือ	กา	อือ	กา	มือ	override	บือ	w2p	หรือ(อือ/กา)	mattra_family	N	N	-	khobut#khobut_11:62	tricky-rhyme positive
pos_010482	positive	r2_w2_w3	HP_tricky	w3	พลอย->รอยค์	ผู้ดีว่าขี้ข้าไม่ควรพลอย	ผู้ดีว่าขี้ข้าไม่ควรรอยค์	ออ	เกย	ออ	เกย	พลอย	override	รอย	w2p	ถ้อย(ออ/เกย)	karun	N	Y	-	khobut#khobut_11:76	tricky-rhyme positive
pos_010483	positive	r2_w2_w3	HP_tricky	w3	ปราน->หารย์	หรือน้องนี้มีโทษไม่โปรดปราน	หรือน้องนี้มีโทษไม่โปรดหารย์	อา	กน	อา	กน	ปราน	w2p	หาน	w2p	สมาน(อา/กน)	karun	N	N	-	khobut#khobut_11:85	tricky-rhyme positive
pos_010484	positive	r2_w2_w3	HP_tricky	w3	รวย->ก๊วย	จึ่งลอยหน้าขึ้นมาท้าคารมรวย	จึ่งลอยหน้าขึ้นมาท้าคารมก๊วย	อัว	เกย	อัว	เกย	รวย	w2p	ก๊วย	w2p	ช่วย(อัว/เกย)	true_final	N	N	-	khobut#khobut_11:96	tricky-rhyme positive
pos_010485	positive	r2_w2_w3	HP_tricky	w3	มึง->ลึงค์	พระคลุ้มคลั่งตั้งหน้ามาหามึง	พระคลุ้มคลั่งตั้งหน้ามาหาลึงค์	อึ	กง	อึ	กง	มึง	override	ลึง	w2p	หึง(อึ/กง)	karun	N	N	-	khobut#khobut_11:111	tricky-rhyme positive
pos_010486	positive	r2_w2_w3	HP_tricky	w3	เตียง->เคียง	ดูน้ำใจจะไม่ให้ลงจากเตียง	ดูน้ำใจจะไม่ให้ลงจากเคียง	เอีย	กง	เอีย	กง	เตียง	override	เคียง	override	เสียง(เอีย/กง)	mattra_family	N	N	-	khobut#khobut_11:117	tricky-rhyme positive
pos_010487	positive	r2_w2_w3	HP_tricky	w3	ทัน->อนันต์	พระเห็นนกยกไม้ยังไม่ทัน	พระเห็นนกยกไม้ยังไม่อนันต์	อะ	กน	อะ	กน	ทัน	override	อะนัน	override	หัน(อะ/กน)	karun	N	N	-	khobut#khobut_11:122	tricky-rhyme positive
pos_010488	positive	r2_w2_w3	HP_tricky	w3	ออม->บอมบ์	ถึงชอบผิดคิดงดจงอดออม	ถึงชอบผิดคิดงดจงอดบอมบ์	ออ	กม	ออ	กม	ออม	w2p	บอม	w2p	หม่อม(ออ/กม)	karun	N	Y	-	khobut#khobut_11:128	tricky-rhyme positive
pos_010489	positive	r2_w2_w3	HP_tricky	w3	แวว->แผ้ว	แต่วันนั้นจนวันนี้ไม่มีแวว	แต่วันนั้นจนวันนี้ไม่มีแผ้ว	แอ	เกอว	แอ	เกอว	แวว	override	แพ่ว	w2p	แก้ว(แอ/เกอว)	mattra_family	N	N	-	khobut#khobut_11:145	tricky-rhyme positive
pos_010490	positive	r2_w2_w3	HP_tricky	w3	ดวง->ทวง	พ่อมาเยือนเหมือนได้จินดาดวง	พ่อมาเยือนเหมือนได้จินดาทวง	อัว	กง	อัว	กง	ดวง	override	ทวง	w2p	หลวง(อัว/กง)	mattra_family	N	N	-	khobut#khobut_11:146	tricky-rhyme positive
pos_010491	positive	r2_w2_w3	HP_tricky	w3	ชิง->ลิง	จะยุ่งหยาบจาบจ้วงด้วยช่วงชิง	จะยุ่งหยาบจาบจ้วงด้วยช่วงลิง	อิ	กง	อิ	กง	ชิง	override	ลิง	w2p	หญิง(อิ/กง)	mattra_family	N	N	-	khobut#khobut_12:17	tricky-rhyme positive
pos_010492	positive	r2_w2_w3	HP_tricky	w3	พยาน->ราณ	แม้นเธอหมางจะได้อ้างเป็นพยาน	แม้นเธอหมางจะได้อ้างเป็นราณ	อา	กน	อา	กน	พะยาน	w2p	ราน	w2p	ฐาน(อา/กน)	mattra_family	N	Y	-	khobut#khobut_12:26	tricky-rhyme positive
pos_010493	positive	r2_w2_w3	HP_tricky	w3	เมา->เทา	ทำพระองค์หลงรักจนมัวเมา	ทำพระองค์หลงรักจนมัวเทา	เอา	กา	เอา	กา	เมา	override	เทา	w2p	เฒ่า(เอา/กา)	mattra_family	N	N	-	khobut#khobut_12:70	tricky-rhyme positive
pos_010494	positive	r2_w2_w3	HP_tricky	w3	ลอย->ล่อย	จนปีกแปล้แลเปิดดูเลิศลอย	จนปีกแปล้แลเปิดดูเลิศล่อย	ออ	เกย	ออ	เกย	ลอย	override	ล่อย	w2p	สอย(ออ/เกย)	mattra_family	N	N	-	khobut#khobut_12:78	tricky-rhyme positive
pos_010495	positive	r2_w2_w3	HP_tricky	w3	เพลาะ->เหยาะ	นึกนึกว่าจะสึกออกซัดเพลาะ	นึกนึกว่าจะสึกออกซัดเหยาะ	เอาะ	กา	เอาะ	กา	เพลาะ	w2p	เหยาะ	w2p	เหมาะ(เอาะ/กา)	mattra_family	N	N	-	khobut#khobut_12:88	tricky-rhyme positive
pos_010496	positive	r2_w2_w3	HP_tricky	w3	พราง->จาง	เวลาค่ำจึ่งจะทำไม่อำพราง	เวลาค่ำจึ่งจะทำไม่อำจาง	อา	กง	อา	กง	พราง	w2p	จาง	w2p	หมาง(อา/กง)	mattra_family	N	N	-	khobut#khobut_12:92	tricky-rhyme positive
pos_010497	positive	r2_w2_w3	HP_tricky	w3	ฎี->วี	ให้เถรแก่แดดิ้นอยู่กุฎี	ให้เถรแก่แดดิ้นอยู่กุวี	อี	กา	อี	กา	ดีเดีย	w2p	วี	w2p	ศรี(อี/กา)	mattra_family	N	N	-	khobut#khobut_12:93	tricky-rhyme positive
pos_010498	positive	r2_w2_w3	HP_tricky	w3	ยน->ขน	สองตาแดงดังแสงพระสุริยน	สองตาแดงดังแสงพระสุริขน	โอะ	กน	โอะ	กน	ยน	w2p	ขน	override	ฝน(โอะ/กน)	mattra_family	N	N	-	khobut#khobut_12:97	tricky-rhyme positive
pos_010499	positive	r2_w2_w3	HP_tricky	w3	โก่ง->โง้ง	แหกตาหลอกกลอกคางทำหางโก่ง	แหกตาหลอกกลอกคางทำหางโง้ง	โอ	กง	โอ	กง	โก่ง	w2p	โง้ง	w2p	โขยง(โอ/กง)	mattra_family	N	N	-	khobut#khobut_12:100	tricky-rhyme positive
pos_010500	positive	r2_w2_w3	HP_tricky	w3	พาย->ขยาย	ทั้งตำราผ้าห่อผูกคอตะพาย	ทั้งตำราผ้าห่อผูกคอตะขยาย	อา	เกย	อา	เกย	พาย	override	ขะหยาย	w2p	ถวาย(อา/เกย)	mattra_family	N	N	-	khobut#khobut_12:103	tricky-rhyme positive
pos_010501	positive	r2_w2_w3	HP_tricky	w3	ชัย->ไช	พามาเฝ้าพระองค์ผู้ทรงชัย	พามาเฝ้าพระองค์ผู้ทรงไช	อะ	เกย	ไอ	กา	ไช	override	ไช	w2p	ได้(ไอ/กา)	sara_norm|true_final	N	N	-	khobut#khobut_12:110	tricky-rhyme positive
pos_010502	positive	r2_w2_w3	HP_tricky	w3	เจียว->เลี่ยว	เจ้ามารยากาลีอย่างนี้เจียว	เจ้ามารยากาลีอย่างนี้เลี่ยว	เอีย	เกอว	เอีย	เกอว	เจียว	override	เลี่ยว	w2p	เฉียว(เอีย/เกอว)	mattra_family	N	N	-	khobut#khobut_13:12	tricky-rhyme positive
pos_010503	positive	r2_w2_w3	HP_tricky	w3	กี->ดีย์	คิดว่าหงส์หลงพลัดเป็นกากี	คิดว่าหงส์หลงพลัดเป็นกาดีย์	อี	กา	อี	กา	กี	w2p	ดี	w2p	สี(อี/กา)	karun	N	Y	-	khobut#khobut_13:13	tricky-rhyme positive
pos_010504	positive	r2_w2_w3	HP_tricky	w3	ดูร->กูร	อันรบรุกนัคราไม่อาดูร	อันรบรุกนัคราไม่อากูร	อู	กน	อู	กน	ดูน	w2p	กูน	w2p	สูร(อู/กน)	mattra_family	N	N	-	khobut#khobut_13:19	tricky-rhyme positive
pos_010505	positive	r2_w2_w3	HP_tricky	w3	ราณ->จาห์น	ขอพระองค์ทรงดำริเรื่องโบราณ	ขอพระองค์ทรงดำริเรื่องโบจาห์น	อา	กน	อา	กน	ราน	w2p	จาน	w2p	หาร(อา/กน)	karun	N	Y	-	khobut#khobut_13:32	tricky-rhyme positive
pos_010506	positive	r2_w2_w3	HP_tricky	w3	กูล->อสูร	ขอพระองค์ทรงพระอนุกูล	ขอพระองค์ทรงพระอนุอสูร	อู	กน	อู	กน	กูน	w2p	อะสูน	override	สูร(อู/กน)	mattra_family	N	N	-	khobut#khobut_13:35	tricky-rhyme positive
pos_010507	positive	r2_w2_w3	HP_tricky	w3	แจง->แซงค์	มิเสียทีสี่นายช่างจัดแจง	มิเสียทีสี่นายช่างจัดแซงค์	แอ	กง	แอ	กง	แจง	w2p	แซง	w2p	แถลง(แอ/กง)	karun	N	Y	-	khobut#khobut_13:41	tricky-rhyme positive
pos_010508	positive	r2_w2_w3	HP_tricky	w3	ฟัน->มหันต์	พ่อขอไว้อย่าให้เขาฆ่าฟัน	พ่อขอไว้อย่าให้เขาฆ่ามหันต์	อะ	กน	อะ	กน	ฟัน	override	มะหัน	w2p	สัญ(อะ/กน)	karun	N	N	-	khobut#khobut_13:54	tricky-rhyme positive
pos_010509	positive	r2_w2_w3	HP_tricky	w3	ลม->รมณ์	จะกล่าวถึงขุนทองเที่ยวล่องลม	จะกล่าวถึงขุนทองเที่ยวล่องรมณ์	โอะ	กม	โอะ	กม	ลม	override	รม	w2p	สนม(โอะ/กม)	karun	N	Y	-	khobut#khobut_13:68	tricky-rhyme positive
pos_010510	positive	r2_w2_w3	HP_tricky	w3	วัย->นัยน์	แบ่งลำดวนส่วนถวายนางทรามวัย	แบ่งลำดวนส่วนถวายนางทรามนัยน์	อะ	เกย	อะ	เกย	ไว	w2p	ไน	w2p	ไหว้(ไอ/กา)	karun|sara_norm|true_final	Y	N	-	khobut#khobut_13:71	tricky-rhyme positive
pos_010511	positive	r2_w2_w3	HP_tricky	w3	ค่อย->วอยซ์	อรุณรับขุนทองประคองค่อย	อรุณรับขุนทองประคองวอยซ์	ออ	เกย	ออ	เกย	ค่อย	override	วอย	w2p	สอย(ออ/เกย)	karun	N	Y	-	khobut#khobut_13:73	tricky-rhyme positive
pos_010512	positive	r2_w2_w3	HP_tricky	w3	ทาย->กายส์	แล้วทำเชือนเบือนพักตร์ไม่ทักทาย	แล้วทำเชือนเบือนพักตร์ไม่ทักกายส์	อา	เกย	อา	เกย	ทาย	override	กาด	w2p	ง่าย(อา/เกย)	karun	N	N	-	khobut#khobut_13:98	tricky-rhyme positive
pos_010513	positive	r2_w2_w3	HP_tricky	w3	คาญ->รานท์	จะทูลนักจักเคืองเรื่องรำคาญ	จะทูลนักจักเคืองเรื่องรำรานท์	อา	กน	อา	กน	คาน	w2p	ราน	w2p	สมาน(อา/กน)	karun	N	N	-	khobut#khobut_14:6	tricky-rhyme positive
pos_010514	positive	r2_w2_w3	HP_tricky	w3	จุณ->บุ่น	ชีวิตพี่นี้เห็นจะเป็นจุณ	ชีวิตพี่นี้เห็นจะเป็นบุ่น	อุ	กน	อุ	กน	จุน	w2p	บุ่น	w2p	ฉุน(อุ/กน)	mattra_family	N	Y	-	khobut#khobut_14:11	tricky-rhyme positive
pos_010515	positive	r2_w2_w3	HP_tricky	w3	ทลาย->พลาย	ไม้รวกเสียบกายทะลวงเลือดทลาย	ไม้รวกเสียบกายทะลวงเลือดพลาย	อา	เกย	อา	เกย	ทะลาย	w2p	พลาย	w2p	หมาย(อา/เกย)	mattra_family	N	N	-	khobut#khobut_14:16	tricky-rhyme positive
pos_010516	positive	r2_w2_w3	HP_tricky	w3	ยี->มีร์	ไม่ควรคบเถรชราทำยายี	ไม่ควรคบเถรชราทำยามีร์	อี	กา	อี	กา	ยี	w2p	มี	w2p	ศรี(อี/กา)	karun	N	Y	-	khobut#khobut_14:21	tricky-rhyme positive
pos_010517	positive	r2_w2_w3	HP_tricky	w3	เยาว์->เต่า	แล้วกลิ้งเกลือกเสือกองค์นางนงเยาว์	แล้วกลิ้งเกลือกเสือกองค์นางนงเต่า	เอา	กา	เอา	กา	เยา	override	เต่า	w2p	เกล้า(เอา/กา)	karun	N	Y	-	khobut#khobut_14:32	tricky-rhyme positive
pos_010518	positive	r2_w2_w3	HP_tricky	w3	พงศ์->ทรง	ไม่คิดถึงซึ่งเหล่าเผ่าพงศ์	ไม่คิดถึงซึ่งเหล่าเผ่าทรง	โอะ	กง	โอะ	กง	พง	override	ทรง	override	หลง(โอะ/กง)	karun	N	Y	-	khunChangKhunPhaen#khunChangKhunPhaen_1:14	tricky-rhyme positive
pos_010519	positive	r2_w2_w3	HP_tricky	w3	กรรจ์->ขวัญ	ทนทุกข์เวทนาสากรรจ์	ทนทุกข์เวทนาสาขวัญ	อะ	กน	อะ	กน	กัน	w2p	ขวัน	override	นั่น(อะ/กน)	karun	N	N	-	khunChangKhunPhaen#khunChangKhunPhaen_1:17	tricky-rhyme positive
pos_010520	positive	r2_w2_w3	HP_tricky	w3	เจียน->เขียน	โคตรแม่มึงช่างมาให้อาเจียน	โคตรแม่มึงช่างมาให้อาเขียน	เอีย	กน	เอีย	กน	เจียน	w2p	เขียน	override	เหียน(เอีย/กน)	mattra_family	N	N	-	khunChangKhunPhaen#khunChangKhunPhaen_1:26	tricky-rhyme positive
pos_010521	positive	r2_w2_w3	HP_tricky	w3	นัยน์->วัย	นิมิตฝันนั้นว่าท้าวสหัสนัยน์	นิมิตฝันนั้นว่าท้าวสหัสวัย	อะ	เกย	อะ	เกย	ไน	w2p	ไว	w2p	ใหญ่(ไอ/กา)	karun|sara_norm|true_final	Y	N	-	khunChangKhunPhaen#khunChangKhunPhaen_1:27	tricky-rhyme positive
pos_010522	positive	r2_w2_w3	HP_tricky	w3	เบา->เถ้า	ให้เมียรู้ประจักษ์ว่าหนักเบา	ให้เมียรู้ประจักษ์ว่าหนักเถ้า	เอา	กา	เอา	กา	เบา	override	เถ้า	w2p	เจ้า(เอา/กา)	mattra_family	N	N	-	khunChangKhunPhaen#khunChangKhunPhaen_1:37	tricky-rhyme positive
pos_010523	positive	r2_w2_w3	HP_tricky	w3	รัว->นัว	ขุนศรีวิชัยนั้นตัวสั่นรัว	ขุนศรีวิชัยนั้นตัวสั่นนัว	อัว	กา	อัว	กา	รัว	w2p	นัว	w2p	หัว(อัว/กา)	true_final	N	N	-	khunChangKhunPhaen#khunChangKhunPhaen_1:47	tricky-rhyme positive
pos_010524	positive	r2_w2_w3	HP_tricky	w3	เรือน->เฟือน	เลี้ยงมันไว้ไยอายเพื่อนเรือน	เลี้ยงมันไว้ไยอายเพื่อนเฟือน	เอือ	กน	เอือ	กน	เรือน	override	เฟือน	w2p	เปื้อน(เอือ/กน)	mattra_family	N	N	-	khunChangKhunPhaen#khunChangKhunPhaen_1:51	tricky-rhyme positive
pos_010525	positive	r2_w2_w3	HP_tricky	w3	บัว->อั้ว	ภาวนาบูชาด้วยดอกบัว	ภาวนาบูชาด้วยดอกอั้ว	อัว	กา	อัว	กา	บัว	w2p	อั้ว	w2p	หัว(อัว/กา)	true_final	N	N	-	khunChangKhunPhaen#khunChangKhunPhaen_1:65	tricky-rhyme positive
pos_010526	positive	r2_w2_w3	HP_tricky	w3	ดู->กู่	ฝ่าตาตะแกเป็นหมอดู	ฝ่าตาตะแกเป็นหมอกู่	อู	กา	อู	กา	ดู	override	กู่	w2p	ปู่(อู/กา)	mattra_family	N	N	-	khunChangKhunPhaen#khunChangKhunPhaen_1:71	tricky-rhyme positive
pos_010527	positive	r2_w2_w3	HP_tricky	w3	โค้ง->โหย่ง	ศรีประจันเจ็บท้องร้องโก้งโค้ง	ศรีประจันเจ็บท้องร้องโก้งโหย่ง	โอ	กง	โอ	กง	โค้ง	w2p	โหย่ง	w2p	โต้ง(โอ/กง)	mattra_family	N	N	-	khunChangKhunPhaen#khunChangKhunPhaen_1:88	tricky-rhyme positive
pos_010528	positive	r2_w2_w3	HP_tricky	w3	ไทย->ทัย	พลายแก้วนั้นเป็นสมภารไทย	พลายแก้วนั้นเป็นสมภารทัย	ไอ	กา	อะ	เกย	ไท	override	ไท	w2p	ใหญ่(ไอ/กา)	sara_norm|true_final	N	N	-	khunChangKhunPhaen#khunChangKhunPhaen_1:101	tricky-rhyme positive
pos_010529	positive	r2_w2_w3	HP_tricky	w3	ลาม->ด้าม	พอทันพวกพลายแก้วแล้วเลยลาม	พอทันพวกพลายแก้วแล้วเลยด้าม	อา	กม	อา	กม	ลาม	w2p	ด้าม	w2p	ขาม(อา/กม)	mattra_family	N	N	-	khunChangKhunPhaen#khunChangKhunPhaen_1:108	tricky-rhyme positive
pos_010530	positive	r2_w2_w3	HP_tricky	w3	งัน->ชยันต์	ชายหญิงวิ่งหัวร่ออยู่งองัน	ชายหญิงวิ่งหัวร่ออยู่งอชยันต์	อะ	กน	อะ	กน	งัน	w2p	ชะยัน	w2p	ปั้น(อะ/กน)	karun	N	N	-	khunChangKhunPhaen#khunChangKhunPhaen_1:122	tricky-rhyme positive
pos_010531	positive	r2_w2_w3	HP_tricky	w3	คร้าม->มาม	สะดุ้งฟื้นตื่นขึ้นให้ครั่นคร้าม	สะดุ้งฟื้นตื่นขึ้นให้ครั่นมาม	อา	กม	อา	กม	คร้าม	w2p	มาม	w2p	หวาม(อา/กม)	mattra_family	N	N	-	khunChangKhunPhaen#khunChangKhunPhaen_2:18	tricky-rhyme positive
pos_010532	positive	r2_w2_w3	HP_tricky	w3	เช้า->เซาท์	ลุกขึ้นทำไมยังไม่เช้า	ลุกขึ้นทำไมยังไม่เซาท์	เอา	กา	เอา	กา	เช้า	override	เซา	w2p	เล่า(เอา/กา)	karun	N	Y	-	khunChangKhunPhaen#khunChangKhunPhaen_2:23	tricky-rhyme positive
pos_010533	positive	r2_w2_w3	HP_tricky	w3	พลาย->ทลาย	แต่ล้วนช้างพระที่นั่งทั้งพังพลาย	แต่ล้วนช้างพระที่นั่งทั้งพังทลาย	อา	เกย	อา	เกย	พลาย	w2p	ทะลาย	w2p	ข่าย(อา/เกย)	mattra_family	N	N	-	khunChangKhunPhaen#khunChangKhunPhaen_2:39	tricky-rhyme positive
pos_010534	positive	r2_w2_w3	HP_tricky	w3	ม้า->สปาร์	นายม้าจูงประคองทั้งสองม้า	นายม้าจูงประคองทั้งสองสปาร์	อา	กา	อา	กา	ม้า	override	สะปา	w2p	ษา(อา/กา)	karun	N	Y	-	khunChangKhunPhaen#khunChangKhunPhaen_2:50	tricky-rhyme positive
pos_010535	positive	r2_w2_w3	HP_tricky	w3	นวน->ล้วน	หัวพันเที่ยวสำรวจตรวจจำนวน	หัวพันเที่ยวสำรวจตรวจจำล้วน	อัว	กน	อัว	กน	นวน	w2p	ล้วน	override	ถ้วน(อัว/กน)	mattra_family	N	N	-	khunChangKhunPhaen#khunChangKhunPhaen_2:51	tricky-rhyme positive
pos_010536	positive	r2_w2_w3	HP_tricky	w3	แซง->แขวง	พลทวนถือทวนกระบวนแซง	พลทวนถือทวนกระบวนแขวง	แอ	กง	แอ	กง	แซง	override	แขวง	w2p	แสง(แอ/กง)	mattra_family	N	N	-	khunChangKhunPhaen#khunChangKhunPhaen_2:64	tricky-rhyme positive
pos_010537	positive	r2_w2_w3	HP_tricky	w3	บิน->ตฤณ	นกหกตกใจผวาบิน	นกหกตกใจผวาตฤณ	อิ	กน	อิ	กน	บิน	override	ตริน	w2p	สิ้น(อิ/กน)	rue	N	Y	-	khunChangKhunPhaen#khunChangKhunPhaen_2:66	tricky-rhyme positive
pos_010538	positive	r2_w2_w3	HP_tricky	w3	นาว->ห้าว	ตื่นวิ่งตกใจไปเป็นระนาว	ตื่นวิ่งตกใจไปเป็นระห้าว	อา	เกอว	อา	เกอว	นาว	w2p	ห้ว	w2p	ขวาว(อา/เกอว)	mattra_family	N	N	-	khunChangKhunPhaen#khunChangKhunPhaen_2:83	tricky-rhyme positive
pos_010539	positive	r2_w2_w3	HP_tricky	w3	ควาย->สยาย	มึงไว้ใจแต่ไพร่ให้ไล่ควาย	มึงไว้ใจแต่ไพร่ให้ไล่สยาย	อา	เกย	อา	เกย	ควาย	w2p	สะหยาย	w2p	ค่าย(อา/เกย)	mattra_family	N	N	-	khunChangKhunPhaen#khunChangKhunPhaen_2:96	tricky-rhyme positive
pos_010540	positive	r2_w2_w3	HP_tricky	w3	หม่าน->ถาร	มันไล่ขวิดผู้คนอลหม่าน	มันไล่ขวิดผู้คนอลถาร	อา	กน	อา	กน	หม่าน	w2p	ถาน	w2p	หาญ(อา/กน)	mattra_family	N	N	-	khunChangKhunPhaen#khunChangKhunPhaen_2:98	tricky-rhyme positive
pos_010541	positive	r2_w2_w3	HP_tricky	w3	ขึ้ง->อนึ่ง	พ่อไม่ถือโทษโกรธขึ้ง	พ่อไม่ถือโทษโกรธอนึ่ง	อึ	กง	อึ	กง	ขึ้ง	w2p	อะหนึ่ง	override	ถึง(อึ/กง)	mattra_family	N	N	-	khunChangKhunPhaen#khunChangKhunPhaen_2:145	tricky-rhyme positive
pos_010542	positive	r2_w2_w3	HP_tricky	w3	แมว->แจ๋ว	สองมือแหกช่องทางล่องแมว	สองมือแหกช่องทางล่องแจ๋ว	แอ	เกอว	แอ	เกอว	แมว	w2p	แจ๋ว	w2p	แหยว(แอ/เกอว)	mattra_family	N	N	-	khunChangKhunPhaen#khunChangKhunPhaen_2:151	tricky-rhyme positive
pos_010543	positive	r2_w2_w3	HP_tricky	w3	เดือน->เฝื่อน	จูงลูกหลบแลงตามแสงเดือน	จูงลูกหลบแลงตามแสงเฝื่อน	เอือ	กน	เอือ	กน	เดือน	override	เฝื่อน	w2p	เปื้อน(เอือ/กน)	mattra_family	N	N	-	khunChangKhunPhaen#khunChangKhunPhaen_2:152	tricky-rhyme positive
pos_010544	positive	r2_w2_w3	HP_tricky	w3	กลัว->สัว	ลูกตามแม่มาก็น่ากลัว	ลูกตามแม่มาก็น่าสัว	อัว	กา	อัว	กา	กลัว	override	สัว	w2p	ทั่ว(อัว/กา)	true_final	N	N	-	khunChangKhunPhaen#khunChangKhunPhaen_2:162	tricky-rhyme positive
pos_010545	positive	r2_w2_w3	HP_tricky	w3	เปลว->เอว	แผ่นดินร้อนเหลือใจดังไฟเปลว	แผ่นดินร้อนเหลือใจดังไฟเอว	เอ	เกอว	เอ	เกอว	เปลว	w2p	เอว	w2p	เหลว(เอ/เกอว)	mattra_family	N	N	-	khunChangKhunPhaen#khunChangKhunPhaen_2:186	tricky-rhyme positive
pos_010546	positive	r2_w2_w3	HP_tricky	w3	บ่า->ราร์	ครั้นเมื่อยเข้าก็เอาขึ้นบนบ่า	ครั้นเมื่อยเข้าก็เอาขึ้นบนราร์	อา	กา	อา	กา	บ่า	w2p	รา	w2p	หน้า(อา/กา)	karun	N	Y	-	khunChangKhunPhaen#khunChangKhunPhaen_2:187	tricky-rhyme positive
pos_010547	positive	r2_w2_w3	HP_tricky	w3	เคย->เฮ้ย	ในเมืองนี้มีคนที่คุ้นเคย	ในเมืองนี้มีคนที่คุ้นเฮ้ย	เออ	เกย	เออ	เกย	เคย	override	เฮ้	w2p	เอ๋ย(เออ/เกย)	mattra_family	N	N	-	khunChangKhunPhaen#khunChangKhunPhaen_2:190	tricky-rhyme positive
pos_010548	positive	r2_w2_w3	HP_tricky	w3	ตึง->ดึ่ง	ถูกใครไม่เข้าเปล่าทุกตึง	ถูกใครไม่เข้าเปล่าทุกดึ่ง	อึ	กง	อึ	กง	ตึง	override	ดึ่ง	w2p	ผึง(อึ/กง)	mattra_family	N	N	-	khunChangKhunPhaen#khunChangKhunPhaen_2:197	tricky-rhyme positive
pos_010549	positive	r2_w2_w3	HP_tricky	w3	ปึง->ดึงส์	อ้ายเสือเอาวาปาปืนปึง	อ้ายเสือเอาวาปาปืนดึงส์	อึ	กง	อึ	กง	ปึง	w2p	ดึง	w2p	ผึง(อึ/กง)	karun	N	N	-	khunChangKhunPhaen#khunChangKhunPhaen_2:212	tricky-rhyme positive
pos_010550	positive	r2_w2_w3	HP_tricky	w3	อึง->หึง	ชาวบ้านตื่นแตกแหกรั้วอึง	ชาวบ้านตื่นแตกแหกรั้วหึง	อึ	กง	อึ	กง	อึง	override	หึง	override	ผึง(อึ/กง)	mattra_family	N	N	-	khunChangKhunPhaen#khunChangKhunPhaen_2:216	tricky-rhyme positive
pos_010551	positive	r2_w2_w3	HP_tricky	w3	รั้ว->ยัวส์	ยายเต่าวิ่งวนอยู่ก้นรั้ว	ยายเต่าวิ่งวนอยู่ก้นยัวส์	อัว	กา	อัว	กา	รั้ว	w2p	ยัว	w2p	ผัว(อัว/กา)	karun|true_final	N	N	-	khunChangKhunPhaen#khunChangKhunPhaen_2:218	tricky-rhyme positive
pos_010552	positive	r2_w2_w3	HP_tricky	w3	ง้อ->รอร์	ลูกยอหล่นถูกหลังนั่งวอนง้อ	ลูกยอหล่นถูกหลังนั่งวอนรอร์	ออ	กา	ออ	กา	ง้อ	w2p	รอ	w2p	หลอ(ออ/กา)	karun	N	Y	-	khunChangKhunPhaen#khunChangKhunPhaen_2:222	tricky-rhyme positive
pos_010553	positive	r2_w2_w3	HP_tricky	w3	ล้ม->อม	อ้ายขโมยว่าเอ๊ะปะเตะล้ม	อ้ายขโมยว่าเอ๊ะปะเตะอม	โอะ	กม	โอะ	กม	ล้ม	override	อม	w2p	ส้ม(โอะ/กม)	mattra_family	N	N	-	khunChangKhunPhaen#khunChangKhunPhaen_2:223	tricky-rhyme positive
pos_010554	positive	r2_w2_w3	HP_tricky	w3	พอ->พอร์	ยั่นกูอีเถ้าเอาให้พอ	ยั่นกูอีเถ้าเอาให้พอร์	ออ	กา	ออ	กา	พอ	override	พ	w2p	หลอ(ออ/กา)	karun	N	Y	-	khunChangKhunPhaen#khunChangKhunPhaen_2:225	tricky-rhyme positive
pos_010555	positive	r2_w2_w3	HP_tricky	w3	รวด->รวจ	มิเชื่อกูลองดูเล่นสักรวด	มิเชื่อกูลองดูเล่นสักรวจ	อัว	กด	อัว	กด	รวด	w2p	รวด	w2p	หนวด(อัว/กด)	mattra_family	N	N	-	khunChangKhunPhaen#khunChangKhunPhaen_2:232	tricky-rhyme positive
pos_010556	positive	r2_w2_w3	HP_tricky	w3	โมน->โงน	ขุนช้างไม่นิ่งตละลิงทะโมน	ขุนช้างไม่นิ่งตละลิงทะโงน	โอ	กน	โอ	กน	โมน	w2p	โงน	w2p	โขน(โอ/กน)	mattra_family	N	N	-	khunChangKhunPhaen#khunChangKhunPhaen_2:236	tricky-rhyme positive
pos_010557	positive	r2_w2_w3	HP_tricky	w3	ร้อย->นอยส์	พร้อมกันนั่งกองสักสองร้อย	พร้อมกันนั่งกองสักสองนอยส์	ออ	เกย	ออ	เกย	ร้อย	override	นอย	w2p	ถอย(ออ/เกย)	karun	N	Y	-	khunChangKhunPhaen#khunChangKhunPhaen_2:237	tricky-rhyme positive
pos_010558	positive	r2_w2_w3	HP_tricky	w3	วาม->อร่าม	ยิงปืนสำทับอยู่วับวาม	ยิงปืนสำทับอยู่วับอร่าม	อา	กม	อา	กม	วาม	w2p	อะหร่าม	override	ง่าม(อา/กม)	mattra_family	N	N	-	khunChangKhunPhaen#khunChangKhunPhaen_2:241	tricky-rhyme positive
pos_010559	positive	r2_w2_w3	HP_tricky	w3	คว้า->สมา	กระโชกไล่ชาวบ้านทะยานคว้า	กระโชกไล่ชาวบ้านทะยานสมา	อา	กา	อา	กา	คว้า	override	สะมา	w2p	หวา(อา/กา)	mattra_family	N	N	-	khunChangKhunPhaen#khunChangKhunPhaen_2:243	tricky-rhyme positive
pos_010560	positive	r2_w2_w3	HP_tricky	w3	ราน->มาลย์	เรี่ยวแรงแทงปะทะระราน	เรี่ยวแรงแทงปะทะระมาลย์	อา	กน	อา	กน	ราน	w2p	มาน	w2p	หาญ(อา/กน)	karun	N	N	-	khunChangKhunPhaen#khunChangKhunPhaen_2:247	tricky-rhyme positive
pos_010561	positive	r2_w2_w3	HP_tricky	w3	เหี่ย->เคลีย	สงสารลูกน้อยละห้อยละเหี่ย	สงสารลูกน้อยละห้อยละเคลีย	เอีย	กา	เอีย	กา	เหี่ย	w2p	เคลีย	w2p	เสีย(เอีย/กา)	mattra_family	N	N	-	khunChangKhunPhaen#khunChangKhunPhaen_2:267	tricky-rhyme positive
pos_010562	positive	r2_w2_w3	HP_tricky	w3	ตำ->หล่ำ	แกอาบนํ้าลูกยาทาขมิ้นตำ	แกอาบนํ้าลูกยาทาขมิ้นหล่ำ	อำ	กา	อำ	กา	ตำ	w2p	หล่ำ	w2p	ถ้ำ(อำ/กา)	mattra_family	N	N	-	khunChangKhunPhaen#khunChangKhunPhaen_3:16	tricky-rhyme positive
pos_010563	positive	r2_w2_w3	HP_tricky	w3	คง->ลง	กับขุนไกรรักใคร่กันมั่นคง	กับขุนไกรรักใคร่กันมั่นลง	โอะ	กง	โอะ	กง	คง	override	ลง	override	ส่ง(โอะ/กง)	mattra_family	N	N	-	khunChangKhunPhaen#khunChangKhunPhaen_3:38	tricky-rhyme positive
pos_010564	positive	r2_w2_w3	HP_tricky	w3	เพล->เอน	ให้พอเพียงเลี้ยงเจ้าทั้งเช้าเพล	ให้พอเพียงเลี้ยงเจ้าทั้งเช้าเอน	เอ	กน	เอ	กน	เพน	w2p	เอน	override	เขม้น(เอ/กน)	mattra_family	N	N	-	khunChangKhunPhaen#khunChangKhunPhaen_3:40	tricky-rhyme positive
pos_010565	positive	r2_w2_w3	HP_tricky	w3	เตือน->เฟือน	หมั่นหมักภักดีมิให้เตือน	หมั่นหมักภักดีมิให้เฟือน	เอือ	กน	เอือ	กน	เตือน	override	เฟือน	w2p	เหมือน(เอือ/กน)	mattra_family	N	N	-	khunChangKhunPhaen#khunChangKhunPhaen_3:49	tricky-rhyme positive
pos_010566	positive	r2_w2_w3	HP_tricky	w3	ชู้->บรู	รักทั้งเรียนเสกเป่าเป็นเจ้าชู้	รักทั้งเรียนเสกเป่าเป็นเจ้าบรู	อู	กา	อู	กา	ชู้	w2p	บรู	w2p	สู้(อู/กา)	mattra_family	N	N	-	khunChangKhunPhaen#khunChangKhunPhaen_3:53	tricky-rhyme positive
pos_010567	positive	r2_w2_w3	HP_tricky	w3	กลวง->วงษ์	ของแสลงมันแกล้งให้ตากลวง	ของแสลงมันแกล้งให้ตาวงษ์	อัว	กง	อัว	กง	กลลวง	w2p	วง	w2p	หลวง(อัว/กง)	karun	N	Y	-	khunChangKhunPhaen#khunChangKhunPhaen_3:61	tricky-rhyme positive
pos_010568	positive	r2_w2_w3	HP_tricky	w3	วู->ฟูร์	ร้อนรุ่มกลุ้มใจดังไฟวู	ร้อนรุ่มกลุ้มใจดังไฟฟูร์	อู	กา	อู	กา	วู	w2p	ฟู	w2p	อยู่(อู/กา)	karun	N	Y	-	khunChangKhunPhaen#khunChangKhunPhaen_3:64	tricky-rhyme positive
pos_010569	positive	r2_w2_w3	HP_tricky	w3	โม->โส	ไส้กรอกปลาแห้งแตงโม	ไส้กรอกปลาแห้งแตงโส	โอ	กา	โอ	กา	โม	w2p	โส	w2p	โข(โอ/กา)	mattra_family	N	Y	-	khunChangKhunPhaen#khunChangKhunPhaen_3:81	tricky-rhyme positive
pos_010570	positive	r2_w2_w3	HP_tricky	w3	เอา->เมา	เขาใส่ให้อักโขพาโลเอา	เขาใส่ให้อักโขพาโลเมา	เอา	กา	เอา	กา	เอา	override	เมา	override	เปล่า(เอา/กา)	mattra_family	N	N	-	khunChangKhunPhaen#khunChangKhunPhaen_3:84	tricky-rhyme positive
pos_010571	positive	r2_w2_w3	HP_tricky	w3	นำ->ห่ำ	เสียงแซ่ซ้องบ้างร้องเป็นลำนำ	เสียงแซ่ซ้องบ้างร้องเป็นลำห่ำ	อำ	กา	อำ	กา	นำ	override	ห่ำ	w2p	คล่ำ(อำ/กา)	mattra_family	N	N	-	khunChangKhunPhaen#khunChangKhunPhaen_3:87	tricky-rhyme positive
pos_010572	positive	r2_w2_w3	HP_tricky	w3	โกน->โจนส์	ศรีประจันเร่งของร้องตะโกน	ศรีประจันเร่งของร้องตะโจนส์	โอ	กน	โอ	กน	โกน	w2p	โจน	w2p	โขน(โอ/กน)	karun	N	Y	-	khunChangKhunPhaen#khunChangKhunPhaen_3:107	tricky-rhyme positive
pos_010573	positive	r2_w2_w3	HP_tricky	w3	แหละ->แทะ	นางเมืองบอกพลันว่าอีฉันแหละ	นางเมืองบอกพลันว่าอีฉันแทะ	แอะ	กา	แอะ	กา	แหละ	w2p	แทะ	w2p	แคะ(แอะ/กา)	mattra_family	N	N	-	khunChangKhunPhaen#khunChangKhunPhaen_3:113	tricky-rhyme positive
pos_010574	positive	r2_w2_w3	HP_tricky	w3	เฟื้อง->เงื่อง	ราคาไม่มากมายก็หลายเฟื้อง	ราคาไม่มากมายก็หลายเงื่อง	เอือ	กง	เอือ	กง	เฟื้อง	w2p	เงื่อง	w2p	เหลือง(เอือ/กง)	mattra_family	N	N	-	khunChangKhunPhaen#khunChangKhunPhaen_3:116	tricky-rhyme positive
pos_010575	positive	r2_w2_w3	HP_tricky	w3	งู->ทู่	นิ้วก้อยใส่รังแตนแหวนงู	นิ้วก้อยใส่รังแตนแหวนทู่	อู	กา	อู	กา	งู	w2p	ทู่	w2p	อยู่(อู/กา)	mattra_family	N	N	-	khunChangKhunPhaen#khunChangKhunPhaen_3:131	tricky-rhyme positive
pos_010576	positive	r2_w2_w3	HP_tricky	w3	เม็ด->เข็ด	แหวนเครื่องของบิดายอดห้าเม็ด	แหวนเครื่องของบิดายอดห้าเข็ด	เอะ	กด	เอะ	กด	เม็ด	w2p	เข็ด	override	เร็จ(เอะ/กด)	mattra_family	N	N	-	khunChangKhunPhaen#khunChangKhunPhaen_3:132	tricky-rhyme positive
pos_010577	positive	r2_w2_w3	HP_tricky	w3	โว->โคลส์	ที่บางคนพูดมากปากโว	ที่บางคนพูดมากปากโคลส์	โอ	กา	โอ	กา	โว	w2p	โคน	w2p	โอ้(โอ/กา)	karun	N	Y	-	khunChangKhunPhaen#khunChangKhunPhaen_3:137	tricky-rhyme positive
pos_010578	positive	r2_w2_w3	HP_tricky	w3	แดง->แขนง	นุ่งยกลายกระหนกพื้นแดง	นุ่งยกลายกระหนกพื้นแขนง	แอ	กง	แอ	กง	แดง	override	ขะแหนง	override	แสง(แอ/กง)	mattra_family	N	N	-	khunChangKhunPhaen#khunChangKhunPhaen_3:145	tricky-rhyme positive
pos_010579	positive	r2_w2_w3	HP_tricky	w3	ภีร์->สกี้	จบจับรับเอาห่อคัมภีร์	จบจับรับเอาห่อคัมสกี้	อี	กา	อี	กา	พี	w2p	สะกี้	w2p	สี(อี/กา)	karun	N	Y	-	khunChangKhunPhaen#khunChangKhunPhaen_3:159	tricky-rhyme positive
pos_010580	positive	r2_w2_w3	HP_tricky	w3	กลืน->ครืน	รักนางพ่างเพียงจะกลํ้ากลืน	รักนางพ่างเพียงจะกลํ้าครืน	อือ	กน	อือ	กน	กลืน	override	ครืน	w2p	อื้น(อือ/กน)	mattra_family	N	N	-	khunChangKhunPhaen#khunChangKhunPhaen_3:187	tricky-rhyme positive
pos_010581	positive	r2_w2_w3	HP_tricky	w3	เพรียว->เยียว	แขนอ่อนท่อนท้ายแม่พริ้งเพรียว	แขนอ่อนท่อนท้ายแม่พริ้งเยียว	เอีย	เกอว	เอีย	เกอว	เพรียว	w2p	เยียว	w2p	เขียว(เอีย/เกอว)	mattra_family	N	N	-	khunChangKhunPhaen#khunChangKhunPhaen_3:205	tricky-rhyme positive
pos_010582	positive	r2_w2_w3	HP_tricky	w3	จำ->กรรม	พูดไว้ฉันใดจงจดจำ	พูดไว้ฉันใดจงจดกรรม	อำ	กา	อำ	กม	จำ	override	กำ	override	ถัมภ์(อะ/กม)	sara_norm	N	N	-	khunChangKhunPhaen#khunChangKhunPhaen_4:40	tricky-rhyme positive
pos_010583	positive	r2_w2_w3	HP_tricky	w3	เอน->เพล	ไปว่าวอนเกลือกหล่อนไม่อ่อนเอน	ไปว่าวอนเกลือกหล่อนไม่อ่อนเพล	เอ	กน	เอ	กน	เอน	override	เพน	w2p	เขน(เอ/กน)	mattra_family	N	N	-	khunChangKhunPhaen#khunChangKhunPhaen_4:42	tricky-rhyme positive
pos_010584	positive	r2_w2_w3	HP_tricky	w3	กิน->ตฤณ	แต่ชั้นชั่วถึงว่าตัวมิได้กิน	แต่ชั้นชั่วถึงว่าตัวมิได้ตฤณ	อิ	กน	อิ	กน	กิน	override	ตริน	w2p	สิ้น(อิ/กน)	rue	N	Y	-	khunChangKhunPhaen#khunChangKhunPhaen_4:51	tricky-rhyme positive
pos_010585	positive	r2_w2_w3	HP_tricky	w3	ชวน->ฉนวน	ปรานีน้องสายทองช่วยชักชวน	ปรานีน้องสายทองช่วยชักฉนวน	อัว	กน	อัว	กน	ชวน	override	ฉะหนวน	w2p	ส่วน(อัว/กน)	mattra_family	N	N	-	khunChangKhunPhaen#khunChangKhunPhaen_4:53	tricky-rhyme positive
pos_010586	positive	r2_w2_w3	HP_tricky	w3	ยวง->ดวง	ผ่องแสงแจ้งงามดังเงินยวง	ผ่องแสงแจ้งงามดังเงินดวง	อัว	กง	อัว	กง	ยวง	w2p	ดวง	override	ช่วง(อัว/กง)	mattra_family	N	N	-	khunChangKhunPhaen#khunChangKhunPhaen_4:59	tricky-rhyme positive
pos_010587	positive	r2_w2_w3	HP_tricky	w3	ครืน->กลืน	อยู่ไม่ได้ดังไก่อันไกลครืน	อยู่ไม่ได้ดังไก่อันไกลกลืน	อือ	กน	อือ	กน	ครืน	w2p	กลืน	override	ดื่น(อือ/กน)	mattra_family	N	N	-	khunChangKhunPhaen#khunChangKhunPhaen_4:95	tricky-rhyme positive
pos_010588	positive	r2_w2_w3	HP_tricky	w3	ซม->รมย์	จึงบุกบิณฑบาตมาซานซม	จึงบุกบิณฑบาตมาซานรมย์	โอะ	กม	โอะ	กม	ซม	w2p	รม	w2p	สม(โอะ/กม)	karun	N	Y	-	khunChangKhunPhaen#khunChangKhunPhaen_4:100	tricky-rhyme positive
pos_010589	positive	r2_w2_w3	HP_tricky	w3	มาลย์->ราน	พู่กลิ่นย้อยห้อยพวงสุมามาลย์	พู่กลิ่นย้อยห้อยพวงสุมาราน	อา	กน	อา	กน	มาน	w2p	ราน	w2p	อ้าน(อา/กน)	karun	N	N	-	khunChangKhunPhaen#khunChangKhunPhaen_4:132	tricky-rhyme positive
pos_010590	positive	r2_w2_w3	HP_tricky	w3	ออย->สอย	จนพิมปลงหลงคำด้วยสำออย	จนพิมปลงหลงคำด้วยสำสอย	ออ	เกย	ออ	เกย	ออย	w2p	สอย	w2p	บ่อย(ออ/เกย)	mattra_family	N	N	-	khunChangKhunPhaen#khunChangKhunPhaen_4:140	tricky-rhyme positive
pos_010591	positive	r2_w2_w3	HP_tricky	w3	ทำ->จำ	กลัวไยใช่พี่จะหยามทำ	กลัวไยใช่พี่จะหยามจำ	อำ	กา	อำ	กา	ทำ	override	จำ	override	ขำ(อำ/กา)	mattra_family	N	N	-	khunChangKhunPhaen#khunChangKhunPhaen_4:186	tricky-rhyme positive
pos_010592	positive	r2_w2_w3	HP_tricky	w3	งง->ชง	คำวอนอ่อนระทวยให้งวยงง	คำวอนอ่อนระทวยให้งวยชง	โอะ	กง	โอะ	กง	งง	w2p	ชง	w2p	หลง(โอะ/กง)	mattra_family	N	N	-	khunChangKhunPhaen#khunChangKhunPhaen_4:205	tricky-rhyme positive
pos_010593	positive	r2_w2_w3	HP_tricky	w3	เจือ->เหยื่อ	ถึงจะเย็บตะเข็บขาดไม่พาดเจือ	ถึงจะเย็บตะเข็บขาดไม่พาดเหยื่อ	เอือ	กา	เอือ	กา	เจือ	w2p	เหยื่อ	w2p	เหลือ(เอือ/กา)	mattra_family	N	N	-	khunChangKhunPhaen#khunChangKhunPhaen_4:213	tricky-rhyme positive
pos_010594	positive	r2_w2_w3	HP_tricky	w3	จล->มณฑ์	ดุจความเสนหาจลาจล	ดุจความเสนหาจลามณฑ์	โอะ	กน	โอะ	กน	จน	w2p	มน	w2p	ต้น(โอะ/กน)	karun	N	Y	-	khunChangKhunPhaen#khunChangKhunPhaen_4:227	tricky-rhyme positive
pos_010595	positive	r2_w2_w3	HP_tricky	w3	ริม->ปิ่ม	น้ำตาคลอเปี่ยมอยู่เรียมริม	น้ำตาคลอเปี่ยมอยู่เรียมปิ่ม	อิ	กม	อิ	กม	ริม	override	ปิ่ม	w2p	นิ่ม(อิ/กม)	mattra_family	N	N	-	khunChangKhunPhaen#khunChangKhunPhaen_4:245	tricky-rhyme positive
pos_010596	positive	r2_w2_w3	HP_tricky	w3	เป็น->เร็นจ์	พ่อจะมาฆ่าน้องเสียทั้งเป็น	พ่อจะมาฆ่าน้องเสียทั้งเร็นจ์	เอะ	กน	เอะ	กน	เป็น	override	เร็บ	w2p	เห็น(เอะ/กน)	karun	N	N	-	khunChangKhunPhaen#khunChangKhunPhaen_4:252	tricky-rhyme positive
pos_010597	positive	r2_w2_w3	HP_tricky	w3	เกรียว->เสียว	อีพวกข้าแบกฝ้ายตามนายเกรียว	อีพวกข้าแบกฝ้ายตามนายเสียว	เอีย	เกอว	เอีย	เกอว	เกรียว	w2p	เสียว	w2p	เขียว(เอีย/เกอว)	mattra_family	N	N	-	khunChangKhunPhaen#khunChangKhunPhaen_4:258	tricky-rhyme positive
pos_010598	positive	r2_w2_w3	HP_tricky	w3	ยาง->ภางค์	ยังสั่งซ้ำทำเผื่อเป็นเยื่อยาง	ยังสั่งซ้ำทำเผื่อเป็นเยื่อภางค์	อา	กง	อา	กง	ยาง	w2p	พาง	w2p	หลาง(อา/กง)	karun	N	N	-	khunChangKhunPhaen#khunChangKhunPhaen_4:267	tricky-rhyme positive
pos_010599	positive	r2_w2_w3	HP_tricky	w3	กีย์->วลี	อันใจหญิงถึงกำหนดในโลกีย์	อันใจหญิงถึงกำหนดในโลวลี	อี	กา	อี	กา	กี	w2p	วะลี	w2p	พี่(อี/กา)	karun	N	Y	-	khunChangKhunPhaen#khunChangKhunPhaen_4:272	tricky-rhyme positive
pos_010600	positive	r3_w3_w4	HP_tricky	w3	แชง->แวงค์	สำรากก้องร้องแรกแหกกระแชง	สำรากก้องร้องแรกแหกกระแวงค์	แอ	กง	แอ	กง	แชง	w2p	แวง	w2p	ตะ(อะ/กา);คอก(ออ/กก);แกล้ง(แอ/กง);ข่ม(โอะ/กม);ขี่(อี/กา)	karun	N	Y	-	SuphasaetSonYing#SuphasaetSonYing_1:188	tricky-rhyme positive
pos_010601	positive	r3_w3_w4	HP_tricky	w3	แคง->แพลงก์	ปะหน้าสีกาพิมยิ้มตะแคง	ปะหน้าสีกาพิมยิ้มตะแพลงก์	แอ	กง	แอ	กง	แคง	w2p	แพลง	w2p	สี(อี/กา);กา(อา/กา);นี้(อี/กา);มิ(อิ/กา);แกล้ง(แอ/กง)	karun	N	Y	-	khunChangKhunPhaen#khunChangKhunPhaen_3:82	tricky-rhyme positive
pos_010602	positive	r3_w3_w4	HP_tricky	w3	กรรม->สัม	ศรีประจันครั้นมองร้องกรรมกรรม	ศรีประจันครั้นมองร้องกรรมสัม	อำ	กม	อะ	กม	กำ	override	สัม	w2p	ผลัด(อะ/กด);ผ้า(อา/กา);ตา(อา/กา);ราง(อา/กง);ดำ(อำ/กา)	sara_norm	Y	Y	-	khunChangKhunPhaen#khunChangKhunPhaen_3:150	tricky-rhyme positive
pos_010603	positive	r3_w3_w4	HP_tricky	w3	ธรรม->จัม	ได้ชมนางแต่เมื่อกลางสำแดงธรรม	ได้ชมนางแต่เมื่อกลางสำแดงจัม	อำ	กม	อะ	กม	ทำ	override	จำ	w2p	อ้าย(อา/เกย);ขุน(อุ/กน);ช้าง(อา/กง);เจ้า(เอา/กา);กรรม(อำ/กม)	sara_norm	Y	Y	-	khunChangKhunPhaen#khunChangKhunPhaen_3:189	tricky-rhyme positive
pos_010604	positive	r3_w3_w4	HP_tricky	w3	จำ->ชำ	พูดไว้ฉันใดจงจดจำ	พูดไว้ฉันใดจงจดชำ	อำ	กา	อำ	กา	จำ	override	ชำ	w2p	กำ(อำ/กา);หนด(โอะ/กด);แน่(แอ/กา);อยู่(อู/กา);ไม่(ไอ/กา)	mattra_family	N	N	-	khunChangKhunPhaen#khunChangKhunPhaen_4:40	tricky-rhyme positive
pos_010605	positive	r3_w3_w4	HP_tricky	w3	ปืน->รื่น	จากพิมปิ้มพี่นี้ต้องปืน	จากพิมปิ้มพี่นี้ต้องรื่น	อือ	กน	อือ	กน	ปืน	override	รื่น	override	ขยับ(อะ/กบ);ยืน(อือ/กน);ส่ง(โอะ/กง);พี่(อี/กา);พอ(ออ/กา)	mattra_family	N	N	-	khunChangKhunPhaen#khunChangKhunPhaen_4:333	tricky-rhyme positive
pos_010606	positive	r3_w3_w4	HP_tricky	w3	พุง->บุง	กอดจูบลูบท้องประคองพุง	กอดจูบลูบท้องประคองบุง	อุ	กง	อุ	กง	พุง	w2p	บุง	w2p	จะ(อะ/กา);สะ(อะ/กา);ดุ้ง(อุ/กง);กระ(อะ/กา);เดื่อง(เอือ/กง)	mattra_family	N	N	-	khunChangKhunPhaen#khunChangKhunPhaen_5:8	tricky-rhyme positive
pos_010607	positive	r3_w3_w4	HP_tricky	w3	พิม->ปริ่ม	ตั้งจิตรคิดเอาว่าเจ้าพิม	ตั้งจิตรคิดเอาว่าเจ้าปริ่ม	อิ	กม	อิ	กม	พิม	w2p	ปริ่ม	w2p	นอน(ออ/กน);ยิ้ม(อิ/กม);อยู่(อู/กา);ใน(ไอ/กา);มุ้ง(อุ/กง)	mattra_family	N	N	-	khunChangKhunPhaen#khunChangKhunPhaen_5:15	tricky-rhyme positive
pos_010608	positive	r3_w3_w4	HP_tricky	w3	ยก->ฉก	ความรักความกลัวที่ชั่วยก	ความรักความกลัวที่ชั่วฉก	โอะ	กก	โอะ	กก	ยก	override	ฉก	w2p	จะ(อะ/กา);วิ(อิ/กา);ตก(โอะ/กก);ข้อ(ออ/กา);นั้น(อะ/กน)	mattra_family	N	N	-	khunChangKhunPhaen#khunChangKhunPhaen_5:39	tricky-rhyme positive
pos_010609	positive	r3_w3_w4	HP_tricky	w3	กรรม->อัม	กูจะนิ่งทรมาทารกรรม	กูจะนิ่งทรมาทารอัม	อำ	กม	อะ	กม	กำ	override	อัม	w2p	นอน(ออ/กน);คว่ำ(อำ/กา);อยู่(อู/กา);ไย(ไอ/กา);ไม่(ไอ/กา)	sara_norm	Y	Y	-	khunChangKhunPhaen#khunChangKhunPhaen_5:53	tricky-rhyme positive
pos_010610	positive	r3_w3_w4	HP_tricky	w3	ลน->หล่น	นุ่งยกห่มส่านเข้าลานลน	นุ่งยกห่มส่านเข้าลานหล่น	โอะ	กน	โอะ	กน	ลน	w2p	หล่น	w2p	น้ำ(อำ/กา);มัน(อะ/กน);จันทน์(อะ/กด);ทา(อา/กา);ตน(โอะ/กน)	mattra_family	N	Y	-	khunChangKhunPhaen#khunChangKhunPhaen_5:57	tricky-rhyme positive
pos_010611	positive	r3_w3_w4	HP_tricky	w3	แก->แพร	โคลงตัวคลุกคลุกเหมือนตุ๊กแก	โคลงตัวคลุกคลุกเหมือนตุ๊กแพร	แอ	กา	แอ	กา	แก	override	แพร	w2p	สิ(อิ/กา);แม่(แอ/กา);เอ๋ย(เออ/เกย);วัน(อะ/กน);นี้(อี/กา)	mattra_family	N	Y	-	khunChangKhunPhaen#khunChangKhunPhaen_5:75	tricky-rhyme positive
pos_010612	positive	r3_w3_w4	HP_tricky	w3	ตอง->ฟอง	ตัวข้าอุปมาเหมือนใบตอง	ตัวข้าอุปมาเหมือนใบฟอง	ออ	กง	ออ	กง	ตอง	w2p	ฟอง	w2p	ประ(อะ/กา);คอง(ออ/กง);ห่อ(ออ/กา);หุ้ม(อุ/กม);ขนม(โอะ/กม)	mattra_family	N	N	-	khunChangKhunPhaen#khunChangKhunPhaen_5:164	tricky-rhyme positive
pos_010613	positive	r3_w3_w4	HP_tricky	w3	โพง->โทง	แกหวดด้วยไม้เท้าวิ่งตะโพง	แกหวดด้วยไม้เท้าวิ่งตะโทง	โอ	กง	โอ	กง	โพง	w2p	โทง	w2p	อ้าย(อา/เกย);ตาย(อา/เกย);โหง(โอ/กง);อี(อี/กา);ตาย(อา/เกย)	mattra_family	N	N	-	khunChangKhunPhaen#khunChangKhunPhaen_5:174	tricky-rhyme positive
pos_010614	positive	r3_w3_w4	HP_tricky	w3	ราว->คราวน์	ไม่ทันล่วงราตรีให้หนีกราว	ไม่ทันล่วงราตรีให้หนีกคราวน์	อา	เกอว	อา	เกอว	ราว	w2p	คราว	w2p	กลัว(อัว/กา);จะ(อะ/กา);ยก(โอะ/กก);ธง(โอะ/กง);ขาว(อา/เกอว)	karun	N	N	-	khunChangKhunPhaen#khunChangKhunPhaen_5:199	tricky-rhyme positive
pos_010615	positive	r3_w3_w4	HP_tricky	w3	แดน->แตน	สู้ศึกได้สิ้นทั้งดินแดน	สู้ศึกได้สิ้นทั้งดินแตน	แอ	กน	แอ	กน	แดน	override	แตน	w2p	มหา(อา/กา);ละ(อะ/กา);ลวย(อัว/เกย);สุด(อุ/กด);แสน(แอ/กน)	mattra_family	N	N	-	khunChangKhunPhaen#khunChangKhunPhaen_5:215	tricky-rhyme positive
pos_010616	positive	r3_w3_w4	HP_tricky	w3	ซัว->ปัว	เอาเขม่าเข้ามอมอยู่มัวซัว	เอาเขม่าเข้ามอมอยู่มัวปัว	อัว	กา	อัว	กา	ซัว	w2p	ปัว	w2p	แป้ง(แอ/กง);ชโลม(โอ/กม);โซม(โอ/กม);ตัว(อัว/กา);ทั่ว(อัว/กา)	true_final	N	N	-	khunChangKhunPhaen#khunChangKhunPhaen_6:7	tricky-rhyme positive
pos_010617	positive	r3_w3_w4	HP_tricky	w3	พิมพ์->ดิม	งามละม่อมดุจหลอมด้วยลายพิมพ์	งามละม่อมดุจหลอมด้วยลายดิม	อิ	กม	อิ	กม	พิม	w2p	ดิม	w2p	พึ่ง(อึ/กง);ปริ(อิ/กา);ปริ่ม(อิ/กม);บุษ(อุ/กด);บัน(อะ/กน)	karun	N	N	-	khunChangKhunPhaen#khunChangKhunPhaen_6:63	tricky-rhyme positive
pos_010618	positive	r3_w3_w4	HP_tricky	w3	ทรวง->ท่วง	ดังกองเพลิงเริงรุมเข้าสุมทรวง	ดังกองเพลิงเริงรุมเข้าสุมท่วง	อัว	กง	อัว	กง	ซวง	override	ท่วง	w2p	มัน(อะ/กน);ให้(ไอ/กา);ง่วง(อัว/กง);เหงาง(เอา/กง);ม(อะ/กา)	mattra_family	N	N	-	khunChangKhunPhaen#khunChangKhunPhaen_6:73	tricky-rhyme positive
pos_010619	positive	r3_w3_w4	HP_tricky	w3	ตรึง->ขึง	ต้องจองจำโซ่ตรวนเขาตรากตรึง	ต้องจองจำโซ่ตรวนเขาตรากขึง	อึ	กง	อึ	กง	ตรึง	w2p	ขึง	override	อา(อา/กา);ยุ(อุ/กา);สี่(อี/กา);สิบ(อิ/กบ);มึง(อึ/กง)	mattra_family	N	N	-	khunChangKhunPhaen#khunChangKhunPhaen_6:84	tricky-rhyme positive
pos_010620	positive	r3_w3_w4	HP_tricky	w3	พราว->คราว	แล้วจุดเทียนสว่างกระจ่างพราว	แล้วจุดเทียนสว่างกระจ่างคราว	อา	เกอว	อา	เกอว	พราว	w2p	คราว	override	ทิ้ง(อิ/กง);สาย(อา/เกย);สิญจน์(อิ/กน);ก้าว(อา/เกอว);สะ(อะ/กา)	mattra_family	N	N	-	khunChangKhunPhaen#khunChangKhunPhaen_6:90	tricky-rhyme positive
pos_010621	positive	r3_w3_w4	HP_tricky	w3	ตรง->หลง	ถูกกายผีพรายไม่ยืนตรง	ถูกกายผีพรายไม่ยืนหลง	โอะ	กง	โอะ	กง	ตรง	override	หลง	override	ก็(เอาะ/กา);ยอบ(ออ/กบ);ลง(โอะ/กง);ตัว(อัว/กา);เล็ก(เอะ/กก)	mattra_family	N	N	-	khunChangKhunPhaen#khunChangKhunPhaen_6:96	tricky-rhyme positive
pos_010622	positive	r3_w3_w4	HP_tricky	w3	คะ->บ๊ะ	พาให้พบเสียอีกคืนเถิดพี่คะ	พาให้พบเสียอีกคืนเถิดพี่บ๊ะ	อะ	กา	อะ	กา	คะ	w2p	บ๊ะ	w2p	พรุ่ง(อุ/กง);นี้(อี/กา);เถิด(เออ/กด);ฉัน(อะ/กน);จะ(อะ/กา)	mattra_family	N	N	-	khunChangKhunPhaen#khunChangKhunPhaen_6:111	tricky-rhyme positive
pos_010623	positive	r3_w3_w4	HP_tricky	w3	วิง->สปริง	วานอย่าทำแสนงอนค่อนประวิง	วานอย่าทำแสนงอนค่อนประสปริง	อิ	กง	อิ	กง	วิง	w2p	สะปริง	w2p	หนาว(อา/เกอว);จริง(อิ/กง);อาบ(อา/กบ);เท่า(เอา/กา);นั้น(อะ/กน)	mattra_family	N	N	-	khunChangKhunPhaen#khunChangKhunPhaen_6:139	tricky-rhyme positive
pos_010624	positive	r3_w3_w4	HP_tricky	w3	แยะ->แปะ	เต้าเคร่งเต่งตั้งดังจะแยะ	เต้าเคร่งเต่งตั้งดังจะแปะ	แอะ	กา	แอะ	กา	แยะ	w2p	แปะ	w2p	เลียม(เอีย/กม);และ(แอะ/กา);โลม(โอ/กม);ลูบ(อู/กบ);ให้(ไอ/กา)	mattra_family	N	N	-	khunChangKhunPhaen#khunChangKhunPhaen_6:154	tricky-rhyme positive
pos_010625	positive	r3_w3_w4	HP_tricky	w3	เครง->เฮง	ไหนจะกล้าร้องขึ้นให้ครื้นเครง	ไหนจะกล้าร้องขึ้นให้ครื้นเฮง	เอ	กง	เอ	กง	เครง	w2p	เฮง	w2p	ด้วย(อัว/เกย);ตัว(อัว/กา);เอง(เอ/กง);ชัก(อะ/กก);เรา(เอา/กา)	mattra_family	N	N	-	khunChangKhunPhaen#khunChangKhunPhaen_6:157	tricky-rhyme positive
pos_010626	positive	r3_w3_w4	HP_tricky	w3	เทือน->เรื้อน	ลงจากเตียงเสียงตีนเดินสะเทือน	ลงจากเตียงเสียงตีนเดินสะเรื้อน	เอือ	กน	เอือ	กน	เทือน	w2p	เรื้อน	w2p	พิม(อิ/กม);เบือน(เอือ/กน);ก็(เอาะ/กา);ขยับ(อะ/กบ);กลับ(อะ/กบ)	mattra_family	N	N	-	khunChangKhunPhaen#khunChangKhunPhaen_6:158	tricky-rhyme positive
pos_010627	positive	r3_w3_w4	HP_tricky	w3	แงะ->แขวะ	ฉวยแม่พิมรู้ความไม่งามแงะ	ฉวยแม่พิมรู้ความไม่งามแขวะ	แอะ	กา	แอะ	กา	แงะ	w2p	แขวะ	w2p	ว่า(อา/กา);นัด(อะ/กด);แนะ(แอะ/กา);ให้(ไอ/กา);เข้า(เอา/กา)	mattra_family	N	N	-	khunChangKhunPhaen#khunChangKhunPhaen_6:169	tricky-rhyme positive
pos_010628	positive	r3_w3_w4	HP_tricky	w3	แย->แก	ให้สาใจที่มาล่อทำตอแย	ให้สาใจที่มาล่อทำตอแก	แอ	กา	แอ	กา	แย	w2p	แก	override	จะ(อะ/กา);ไป(ไอ/กา);บอก(ออ/กก);หม่อม(ออ/กม);แม่(แอ/กา)	mattra_family	N	Y	-	khunChangKhunPhaen#khunChangKhunPhaen_6:175	tricky-rhyme positive
pos_010629	positive	r3_w3_w4	HP_tricky	w3	เอียง->เกรียง	ลมพัดซัดคลื่นสำเภาเอียง	ลมพัดซัดคลื่นสำเภาเกรียง	เอีย	กง	เอีย	กง	เอียง	w2p	เกรียง	w2p	ค่อย(ออ/เกย);หลีก(อี/กก);เลี่ยง(เอีย/กง);แล่น(แอ/กน);เลียบ(เอีย/กบ)	mattra_family	N	N	-	khunChangKhunPhaen#khunChangKhunPhaen_6:188	tricky-rhyme positive
pos_010630	positive	r3_w3_w4	HP_tricky	w3	รึง->ผลึ่ง	กลุ้มกลัดขัดใจดังไฟรึง	กลุ้มกลัดขัดใจดังไฟผลึ่ง	อึ	กง	อึ	กง	รึง	w2p	ผลึ่ง	w2p	ลง(โอะ/กง);ตีน(อี/กน);ตึง(อึ/กง);ตึง(อึ/กง);ถึง(อึ/กง)	mattra_family	N	N	-	khunChangKhunPhaen#khunChangKhunPhaen_6:200	tricky-rhyme positive
pos_010631	positive	r3_w3_w4	HP_tricky	w3	คัก->จักษณ์	ฟังเพราะน่าหัวเราะให้คักคัก	ฟังเพราะน่าหัวเราะให้คักจักษณ์	อะ	กก	อะ	กก	คัก	w2p	จัก	w2p	เสีย(เอีย/กา);แรง(แอ/กง);ที่(อี/กา);พี่(อี/กา);รัก(อะ/กก)	karun	N	N	-	khunChangKhunPhaen#khunChangKhunPhaen_6:216	tricky-rhyme positive
pos_010632	positive	r3_w3_w4	HP_tricky	w3	ทิม->คิม	ห้าชั่งพลางห่อสีทับทิม	ห้าชั่งพลางห่อสีทับคิม	อิ	กม	อิ	กม	ทิม	w2p	คิม	w2p	นี่(อี/กา);ของ(ออ/กง);พิม(อิ/กม);ให้(ไอ/กา);พ่อ(ออ/กา)	mattra_family	N	N	-	khunChangKhunPhaen#khunChangKhunPhaen_6:250	tricky-rhyme positive
pos_010633	positive	r3_w3_w4	HP_tricky	w3	โกร่ง->โหวง	บ้างแบกบ้างวางอยู่กร่างโกร่ง	บ้างแบกบ้างวางอยู่กร่างโหวง	โอ	กง	โอ	กง	โกร่ง	w2p	หวง	w2p	เสียง(เอีย/กง);โปก(โอ/กก);โป้ง(โอ/กง);เจาะ(เอาะ/กา);ขุด(อุ/กด)	mattra_family	N	N	-	khunChangKhunPhaen#khunChangKhunPhaen_7:34	tricky-rhyme positive
pos_010634	positive	r3_w3_w4	HP_tricky	w3	กลม->กม	ป่วนปั่นกระสันเสียวเกลียวกลม	ป่วนปั่นกระสันเสียวเกลียวกม	โอะ	กม	โอะ	กม	กลม	w2p	กม	w2p	ก็(เอาะ/กา);เกิด(เออ/กด);ลม(โอะ/กม);พา(อา/กา);ยุ(อุ/กา)	mattra_family	N	Y	-	khunChangKhunPhaen#khunChangKhunPhaen_7:52	tricky-rhyme positive
pos_010635	positive	r3_w3_w4	HP_tricky	w3	วน->ท้วน	ศรีประจันว่าฉันมีทำวน	ศรีประจันว่าฉันมีทำท้วน	อัว	กน	อัว	กน	วน	override	ท้วน	w2p	อา(อา/กา);ราธ(อา/กด);นา(อา/กา);สวน(อัว/กน);มนต์(โอะ/กน)	mattra_family	N	N	-	khunChangKhunPhaen#khunChangKhunPhaen_7:94	tricky-rhyme positive
pos_010636	positive	r3_w3_w4	HP_tricky	w3	แทง->แสร้ง	กูเอาไม้เท้าง่ามไล่ตามแทง	กูเอาไม้เท้าง่ามไล่ตามแสร้ง	แอ	กง	แอ	กง	แทง	override	แส้ง	w2p	เกลียด(เอีย/กด);น้ำ(อำ/กา);หน้า(อา/กา);ด่า(อา/กา);แช่ง(แอ/กง)	mattra_family	N	N	-	khunChangKhunPhaen#khunChangKhunPhaen_7:97	tricky-rhyme positive
pos_010637	positive	r3_w3_w4	HP_tricky	w3	พลู->อู๋	เคี้ยวเล่นไบ่ไบ่ได้แต่พลู	เคี้ยวเล่นไบ่ไบ่ได้แต่อู๋	อู	กา	อู	กา	พลู	w2p	อู๋	w2p	เพื่อน(เอือ/กน);บ่าว(อา/เกอว);เขา(เอา/กา);รู้(อู/กา);หัว(อัว/กา)	mattra_family	N	N	-	khunChangKhunPhaen#khunChangKhunPhaen_7:126	tricky-rhyme positive
pos_010638	positive	r3_w3_w4	HP_tricky	w3	แพว->แนว	แม่เลี้ยงไว้มิให้อันใดแพว	แม่เลี้ยงไว้มิให้อันใดแนว	แอ	เกอว	แอ	เกอว	แพวะ	w2p	แนว	w2p	แต่(แอ/กา);แนว(แอ/เกอว);ไม้(ไอ/กา);เปรี(เอีย/กา);ยะ(อะ/กา)	mattra_family	N	N	-	khunChangKhunPhaen#khunChangKhunPhaen_7:139	tricky-rhyme positive
pos_010639	positive	r3_w3_w4	HP_tricky	w3	ไช->ชัย	สะกิดสะเกาเซ้าซี้เฝ้าจี้ไช	สะกิดสะเกาเซ้าซี้เฝ้าจี้ชัย	ไอ	กา	อะ	เกย	ไช	w2p	ไช	override	ไป(ไอ/กา);นอน(ออ/กน);เถิด(เออ/กด);ฉัน(อะ/กน);ไซ(ไอ/กา)	sara_norm|true_final	N	N	-	khunChangKhunPhaen#khunChangKhunPhaen_7:151	tricky-rhyme positive
pos_010640	positive	r3_w3_w4	HP_tricky	w3	ยวน->นวณ	กอดเคล้าเย้าหยอกเฝ้ายียวน	กอดเคล้าเย้าหยอกเฝ้ายีนวณ	อัว	กน	อัว	กน	ยวน	w2p	นะวะ	w2p	เอา(เอา/กา);แป้ง(แอ/กง);ประ(อะ/กา);อก(โอะ/กก);อวล(อัว/กน)	mattra_family	N	Y	-	khunChangKhunPhaen#khunChangKhunPhaen_7:160	tricky-rhyme positive
pos_010641	positive	r3_w3_w4	HP_tricky	w3	เดา->เง่า	ไหนเหงื่อนี่ขาช่างว่าเดา	ไหนเหงื่อนี่ขาช่างว่าเง่า	เอา	กา	เอา	กา	เดา	w2p	เง่า	w2p	ส่อง(ออ/กง);กระ(อะ/กา);จก(โอะ/กก);ดู(อู/กา);เอา(เอา/กา)	mattra_family	N	N	-	khunChangKhunPhaen#khunChangKhunPhaen_7:163	tricky-rhyme positive
pos_010642	positive	r3_w3_w4	HP_tricky	w3	เคือง->เหลือง	เมืองน้อยนบนอบไม่ขุ่นเคือง	เมืองน้อยนบนอบไม่ขุ่นเหลือง	เอือ	กง	เอือ	กง	เคือง	override	เหลือง	override	ถวาย(อา/เกย);เครื่อง(เอือ/กง);สุ(อุ/กา);วรรณ(อะ/กน);บรร(อะ/กน)	mattra_family	N	N	-	khunChangKhunPhaen#khunChangKhunPhaen_8:1	tricky-rhyme positive
pos_010643	positive	r3_w3_w4	HP_tricky	w3	ซบ->ลบ	แม้นจะตีเวียงใต้ให้บัดซบ	แม้นจะตีเวียงใต้ให้บัดลบ	โอะ	กบ	โอะ	กบ	ซบ	override	ลบ	w2p	จะ(อะ/กา);อา(อา/กา);สา(อา/กา);สู้(อู/กา);รบ(โอะ/กบ)	mattra_family	N	N	-	khunChangKhunPhaen#khunChangKhunPhaen_8:24	tricky-rhyme positive
pos_010644	positive	r3_w3_w4	HP_tricky	w3	กวี->ณีย์	ข้าทูลละอองบาทราชกวี	ข้าทูลละอองบาทราชณีย์	อี	กา	อี	กา	กะวี	override	นี	w2p	เส(เอ/กา);นี(อี/กา);น้อย(ออ/เกย);ใหญ่(ไอ/กา);ถวาย(อา/เกย)	karun	N	Y	-	khunChangKhunPhaen#khunChangKhunPhaen_8:57	tricky-rhyme positive
pos_010645	positive	r3_w3_w4	HP_tricky	w3	ปรุง->ยุง	พริกส้มข่าตะไคร้ใส่ปรุง	พริกส้มข่าตะไคร้ใส่ยุง	อุ	กง	อุ	กง	ปรุง	w2p	ยุง	w2p	แกง(แอ/กง);อ่อม(ออ/กม);หอม(ออ/กม);ฟุ้ง(อุ/กง);ทั้ง(อะ/กง)	mattra_family	N	N	-	khunChangKhunPhaen#khunChangKhunPhaen_8:97	tricky-rhyme positive
pos_010646	positive	r3_w3_w4	HP_tricky	w3	เพลีย->เหี้ย	นํ้าตาตกอกสะท้อนอ่อนเพลีย	นํ้าตาตกอกสะท้อนอ่อนเหี้ย	เอีย	กา	เอีย	กา	เพลีย	w2p	เหี้ย	w2p	แต่(แอ/กา);งัว(อัว/กา);เงีย(เอีย/กา);อยู่(อู/กา);ไม่(ไอ/กา)	mattra_family	N	N	-	khunChangKhunPhaen#khunChangKhunPhaen_8:161	tricky-rhyme positive
pos_010647	positive	r3_w3_w4	HP_tricky	w3	ภัพ->ตับ	เนื้อแท้วาสนาลูกอาภัพ	เนื้อแท้วาสนาลูกอาตับ	อะ	กบ	อะ	กบ	พับ	w2p	ตับ	w2p	นับ(อะ/กบ);ได้(ไอ/กา);สาม(อา/กม);วัน(อะ/กน);มา(อา/กา)	mattra_family	N	N	-	khunChangKhunPhaen#khunChangKhunPhaen_8:177	tricky-rhyme positive
pos_010648	positive	r3_w3_w4	HP_tricky	w3	พบ->ศพ	การร้อนเป็นไฟหาไม่พบ	การร้อนเป็นไฟหาไม่ศพ	โอะ	กบ	โอะ	กบ	พบ	override	สบ	override	หลบ(โอะ/กบ);หัว(อัว/กา);เสีย(เอีย/กา);ที(อี/กา);เดียว(เอีย/เกอว)	mattra_family	N	N	-	khunChangKhunPhaen#khunChangKhunPhaen_8:192	tricky-rhyme positive
pos_010649	positive	r3_w3_w4	HP_tricky	w3	ติง->กริ่ง	ผัวมีที่ไปไม่ไหวติง	ผัวมีที่ไปไม่ไหวกริ่ง	อิ	กง	อิ	กง	ติง	w2p	กริ่ง	w2p	ช่วย(อัว/เกย);กัน(อะ/กน);วิ่ง(อิ/กง);กัน(อะ/กน);เต้น(เอ/กน)	mattra_family	N	N	-	khunChangKhunPhaen#khunChangKhunPhaen_8:202	tricky-rhyme positive
pos_010650	positive	r3_w3_w4	HP_tricky	w3	รวม->กวม	หมากพลูดูหยิบรีบรวบรวม	หมากพลูดูหยิบรีบรวบกวม	อัว	กม	อัว	กม	รวม	w2p	กวม	w2p	ใส่(ไอ/กา);ล่วม(อัว/กม);เหลือ(เอือ/กา);ยัด(อะ/กด);ย่าม(อา/กม)	mattra_family	N	N	-	khunChangKhunPhaen#khunChangKhunPhaen_8:213	tricky-rhyme positive
pos_010651	positive	r3_w3_w4	HP_tricky	w3	ยุง->ลุ้ง	แม่ออกเรือก่อนนอนพ้นยุง	แม่ออกเรือก่อนนอนพ้นลุ้ง	อุ	กง	อุ	กง	ยุง	w2p	ลุ้ง	w2p	พรุ่ง(อุ/กง);นี้(อี/กา);ลูก(อู/กก);จึง(อึ/กง);จะ(อะ/กา)	mattra_family	N	N	-	khunChangKhunPhaen#khunChangKhunPhaen_8:225	tricky-rhyme positive
pos_010652	positive	r3_w3_w4	HP_tricky	w3	เรือ->เงื้อ	มันต่อยระยำทั้งลำเรือ	มันต่อยระยำทั้งลำเงื้อ	เอือ	กา	เอือ	กา	เรือ	override	เงื้อ	w2p	ทอง(ออ/กง);ประ(อะ/กา);ศรี(อี/กา);เลิก(เออ/กก);เสื่อ(เอือ/กา)	mattra_family	N	N	-	khunChangKhunPhaen#khunChangKhunPhaen_8:229	tricky-rhyme positive
pos_010653	positive	r3_w3_w4	HP_tricky	w3	พลี->มีร์	ธงเทียวเถือกทุ่งลุมพลี	ธงเทียวเถือกทุ่งลุมมีร์	อี	กา	อี	กา	พลี	w2p	มี	w2p	ฆ้อง(ออ/กง);ตี(อี/กา);หึ่ง(อึ/กง);โห่(โอ/กา);สนั่น(อะ/กน)	karun	N	Y	-	khunChangKhunPhaen#khunChangKhunPhaen_9:9	tricky-rhyme positive
pos_010654	positive	r3_w3_w4	HP_tricky	w3	แค->แด	คับแคทำรังบนต้นแค	คับแคทำรังบนต้นแด	แอ	กา	แอ	กา	แค	w2p	แด	w2p	พี่(อี/กา);ห่าง(อา/กง);แหหอ(แอ/กา);เหิน(เออ/กน);มา(อา/กา)	mattra_family	N	Y	-	khunChangKhunPhaen#khunChangKhunPhaen_9:46	tricky-rhyme positive
pos_010655	positive	r3_w3_w4	HP_tricky	w3	รู->พู	กระแตตามกระรอกมาเข้าคารู	กระแตตามกระรอกมาเข้าคาพู	อู	กา	อู	กา	รู	w2p	พู	w2p	งู(อู/กา);เขียว(เอีย/เกอว);เลี้ยว(เอีย/เกอว);ไล่(ไอ/กา);ตลอด(ออ/กด)	mattra_family	N	N	-	khunChangKhunPhaen#khunChangKhunPhaen_9:54	tricky-rhyme positive
pos_010656	positive	r3_w3_w4	HP_tricky	w3	เซิง->เจิง	รุงรังรุกรุยเป็นปุยเซิง	รุงรังรุกรุยเป็นปุยเจิง	เออ	กง	เออ	กง	เซิง	w2p	เจิง	w2p	กะ(อะ/กา);พะ(อะ/กา);กะ(อะ/กา);เพิง(เออ/กง);พัน(อะ/กน)	mattra_family	N	N	-	khunChangKhunPhaen#khunChangKhunPhaen_9:56	tricky-rhyme positive
pos_010657	positive	r3_w3_w4	HP_tricky	w3	โยง->โพลง	เถาวัลย์พันย้อยดังแกล้งโยง	เถาวัลย์พันย้อยดังแกล้งโพลง	โอ	กง	โอ	กง	โยง	w2p	โพลง	override	โจง(โอ/กง);โคร่ง(โอ/กง);ครือ(อือ/กา);คระ(อะ/กา);อยู่(อู/กา)	mattra_family	N	N	-	khunChangKhunPhaen#khunChangKhunPhaen_9:58	tricky-rhyme positive
pos_010658	positive	r3_w3_w4	HP_tricky	w3	ทวน->ป่วน	แสงดาบปลาบแวบแปลบปลายทวน	แสงดาบปลาบแวบแปลบปลายป่วน	อัว	กน	อัว	กน	ทวน	override	ป่วน	w2p	จ(อะ/กา);วน(อัว/กน);ถึง(อึ/กง);ค่าย(อา/เกย);ไทย(ไอ/กา)	mattra_family	N	N	-	khunChangKhunPhaen#khunChangKhunPhaen_9:108	tricky-rhyme positive
pos_010659	positive	r3_w3_w4	HP_tricky	w3	เล็ด->เป็ต	ฟันถูกฟ้าลั่นหันขี้เล็ด	ฟันถูกฟ้าลั่นหันขี้เป็ต	เอะ	กด	เอะ	กด	เล็ด	w2p	เป็ด	w2p	หัว(อัว/กา);เด็ด(เอะ/กด);ตก(โอะ/กก);ม้า(อา/กา);ลง(โอะ/กง)	mattra_family	N	N	-	khunChangKhunPhaen#khunChangKhunPhaen_9:147	tricky-rhyme positive
pos_010660	positive	r3_w3_w4	HP_tricky	w3	โรม->โสมย์	ศึกเสือเหนือใต้มาไล่โรม	ศึกเสือเหนือใต้มาไล่โสมย์	โอ	กม	โอ	กม	โรม	override	โสม	w2p	ข้าว(อา/เกอว);ยาก(อา/กก);หมาก(อา/กก);โทรม(โอ/กม);ทุก(อุ/กก)	karun	N	Y	-	khunChangKhunPhaen#khunChangKhunPhaen_10:13	tricky-rhyme positive
pos_010661	positive	r3_w3_w4	HP_tricky	w3	เตียน->เพียร	อย่าให้เราหญ้าแพรกนี่แหลกเตียน	อย่าให้เราหญ้าแพรกนี่แหลกเพียร	เอีย	กน	เอีย	กน	เตียน	w2p	เพียน	w2p	เจ้า(เอา/กา);ดัง(อะ/กง);หนึ่ง(อึ/กง);เทียน(เอีย/กน);ประ(อะ/กา)	mattra_family	N	N	-	khunChangKhunPhaen#khunChangKhunPhaen_10:19	tricky-rhyme positive
pos_010662	positive	r3_w3_w4	HP_tricky	w3	เซา->เรา	ยิ่งคิดไปใจเสียอยู่ซบเซา	ยิ่งคิดไปใจเสียอยู่ซบเรา	เอา	กา	เอา	กา	เซา	w2p	เรา	override	เกิด(เออ/กด);มา(อา/กา);เสีย(เอีย/กา);เปล่า(เอา/กา);ไม่(ไอ/กา)	mattra_family	N	N	-	khunChangKhunPhaen#khunChangKhunPhaen_10:43	tricky-rhyme positive
pos_010663	positive	r3_w3_w4	HP_tricky	w3	ราม->พล่าม	คืนไปได้คงกับองค์ราม	คืนไปได้คงกับองค์พล่าม	อา	กม	อา	กม	ราม	w2p	พล่าม	w2p	อย่า(อา/กา);ครั่น(อะ/กน);คร้าม(อา/กม);เลย(เออ/เกย);จะ(อะ/กา)	mattra_family	N	N	-	khunChangKhunPhaen#khunChangKhunPhaen_10:47	tricky-rhyme positive
pos_010664	positive	r3_w3_w4	HP_tricky	w3	จันทน์->พัตร	ผลัดผ้าลูบทากระแจะจันทน์	ผลัดผ้าลูบทากระแจะพัตร	อะ	กด	อะ	กด	จัน	w2p	พัด	w2p	ผัด(อะ/กด);หน้า(อา/กา);ผิว(อิ/เกอว);พรรณ(อะ/กน);เป็น(เอะ/กน)	karun	N	Y	-	khunChangKhunPhaen#khunChangKhunPhaen_10:50	tricky-rhyme positive
pos_010665	positive	r3_w3_w4	HP_tricky	w3	ดอม->ตรอม	พ่อแม่เป็นผู้ใหญ่จะไปดอม	พ่อแม่เป็นผู้ใหญ่จะไปตรอม	ออ	กม	ออ	กม	ดอม	w2p	ตรอม	w2p	ข้า(อา/กา);ไท(ไอ/กา);แวด(แอ/กด);ล้อม(ออ/กม);กัน(อะ/กน)	mattra_family	N	N	-	khunChangKhunPhaen#khunChangKhunPhaen_10:53	tricky-rhyme positive
pos_010666	positive	r3_w3_w4	HP_tricky	w3	พับ->หับ	นั่งไหว้เสงี่ยมเฟี้ยมพับ	นั่งไหว้เสงี่ยมเฟี้ยมหับ	อะ	กบ	อะ	กบ	พับ	w2p	หับ	w2p	เจ้า(เอา/กา);พลาย(อา/เกย);รับ(อะ/กบ);ไหว้(ไอ/กา);ท่าน(อา/กน)	mattra_family	N	N	-	khunChangKhunPhaen#khunChangKhunPhaen_10:59	tricky-rhyme positive
pos_010667	positive	r3_w3_w4	HP_tricky	w3	ครัว->ถั่ว	จึงปกป้องครองทรัพย์และครอบครัว	จึงปกป้องครองทรัพย์และครอบถั่ว	อัว	กา	อัว	กา	ครัว	w2p	ถั่ว	w2p	หนี(อี/กา);ไป(ไอ/กา);ก็(เอาะ/กา);กลัว(อัว/กา);จะ(อะ/กา)	true_final	N	N	-	khunChangKhunPhaen#khunChangKhunPhaen_10:121	tricky-rhyme positive
pos_010668	positive	r3_w3_w4	HP_tricky	w3	เทียน->เลียน	เอาด้ายดำผูกมือรื้อดับเทียน	เอาด้ายดำผูกมือรื้อดับเลียน	เอีย	กน	เอีย	กน	เทียน	override	เลียน	w2p	เปลี่ยน(เอีย/กน);พิม(อิ/กม);ผลัด(อะ/กด);ชื่อ(อือ/กา);วัน(อะ/กน)	mattra_family	N	N	-	khunChangKhunPhaen#khunChangKhunPhaen_11:29	tricky-rhyme positive
pos_010669	positive	r3_w3_w4	HP_tricky	w3	เลีย->เมีย	อย่าให้เกิดความใหญ่เป็นไฟเลีย	อย่าให้เกิดความใหญ่เป็นไฟเมีย	เอีย	กา	เอีย	กา	เลีย	w2p	เมีย	override	ไกล่(ไอ/กา);เกลี่ย(เอีย/กา);เสีย(เอีย/กา);เถิด(เออ/กด);แต่(แอ/กา)	mattra_family	N	N	-	khunChangKhunPhaen#khunChangKhunPhaen_11:76	tricky-rhyme positive
pos_010670	positive	r3_w3_w4	HP_tricky	w3	ทูด->ฉูด	ชาติอีโกหกนกทิ้งทูด	ชาติอีโกหกนกทิ้งฉูด	อู	กด	อู	กด	ทูด	w2p	ฉูด	w2p	อี(อี/กา);ผัก(อะ/กก);กูด(อู/กด);ต้ม(โอะ/กม);กะ(อะ/กา)	mattra_family	N	N	-	khunChangKhunPhaen#khunChangKhunPhaen_11:95	tricky-rhyme positive
pos_010671	positive	r3_w3_w4	HP_tricky	w3	ซน->ปน	ขอดค่อนเจรจาว่าซุกซน	ขอดค่อนเจรจาว่าซุกปน	โอะ	กน	โอะ	กน	ซน	w2p	ปน	override	ขึ้น(อึ/กน);บน(โอะ/กน);หอ(ออ/กา);พลัน(อะ/กน);งก(โอะ/กก)	mattra_family	N	N	-	khunChangKhunPhaen#khunChangKhunPhaen_11:144	tricky-rhyme positive
pos_010672	positive	r3_w3_w4	HP_tricky	w3	ฮา->การ์	ดีแต่จะโว้เว้เฮฮา	ดีแต่จะโว้เว้เฮการ์	อา	กา	อา	กา	ฮา	w2p	กา	w2p	กู(อู/กา);ปา(อา/กา);ลง(โอะ/กง);ด้วย(อัว/เกย);ถ่อ(ออ/กา)	karun	N	Y	-	khunChangKhunPhaen#khunChangKhunPhaen_11:170	tricky-rhyme positive
pos_010673	positive	r3_w3_w4	HP_tricky	w3	ซิก->วิก	นานนานถอนใจเหงื่อไหลซิก	นานนานถอนใจเหงื่อไหลวิก	อิ	กก	อิ	กก	ซิก	w2p	วิก	w2p	แน่(แอ/กา);นิ่ง(อิ/กง);อยู่(อู/กา);ไม่(ไอ/กา);พลิก(อิ/กก)	mattra_family	N	N	-	khunChangKhunPhaen#khunChangKhunPhaen_11:181	tricky-rhyme positive
pos_010674	positive	r3_w3_w4	HP_tricky	w3	ฟอง->พล่อง	น้ำตาอาบหน้าอยู่ฟูมฟอง	น้ำตาอาบหน้าอยู่ฟูมพล่อง	ออ	กง	ออ	กง	ฟอง	w2p	พล่อง	w2p	กอด(ออ/กด);ลูก(อู/กก);ร้อง(ออ/กง);ไห้(ไอ/กา);อก(โอะ/กก)	mattra_family	N	N	-	khunChangKhunPhaen#khunChangKhunPhaen_11:184	tricky-rhyme positive
pos_010675	positive	r3_w3_w4	HP_tricky	w3	วะ->ยะ	พิษฐานให้ผัวมาเร็ววะ	พิษฐานให้ผัวมาเร็วยะ	อะ	กา	อะ	กา	วะ	w2p	ยะ	w2p	ขอ(ออ/กา);ให้(ไอ/กา);ได้(ไอ/กา);ปะ(อะ/กา);กัน(อะ/กน)	mattra_family	N	N	-	khunChangKhunPhaen#khunChangKhunPhaen_11:234	tricky-rhyme positive
pos_010676	positive	r3_w3_w4	HP_tricky	w3	อินทร์->รินทร์	ราวกับวิมานทองของพระอินทร์	ราวกับวิมานทองของพระรินทร์	อิ	กน	อิ	กน	อิน	w2p	ริน	w2p	ศรี(อี/กา);ประ(อะ/กา);จัน(อะ/กน);ได้(ไอ/กา);ยิน(อิ/กน)	karun	N	N	-	khunChangKhunPhaen#khunChangKhunPhaen_12:5	tricky-rhyme positive
pos_010677	positive	r3_w3_w4	HP_tricky	w3	ช้าง->ราง	พี่น้องกับบ่าวเจ้าขุนช้าง	พี่น้องกับบ่าวเจ้าขุนราง	อา	กง	อา	กง	ช้าง	override	ราง	w2p	วาง(อา/กง);เข้า(เอา/กา);รื้อ(อือ/กา);หอ(ออ/กา);แบก(แอ/กก)	mattra_family	N	N	-	khunChangKhunPhaen#khunChangKhunPhaen_12:17	tricky-rhyme positive
pos_010678	positive	r3_w3_w4	HP_tricky	w3	ธง->ด้ง	ผ้าผ่อนสารพัดตัดทำธง	ผ้าผ่อนสารพัดตัดทำด้ง	โอะ	กง	โอะ	กง	ธง	override	ด้ง	w2p	หอ(ออ/กา);ห้าง(อา/กง);รื้อ(อือ/กา);ส่ง(โอะ/กง);ถวาย(อา/เกย)	mattra_family	N	Y	-	khunChangKhunPhaen#khunChangKhunPhaen_12:30	tricky-rhyme positive
pos_010679	positive	r3_w3_w4	HP_tricky	w3	แตง->แลงจ์	ปะตัวพันโชติกำนันแตง	ปะตัวพันโชติกำนันแลงจ์	แอ	กง	แอ	กง	แตง	w2p	แลง	w2p	ชี้(อี/กา);แจง(แอ/กง);ความ(อา/กม);เล่า(เอา/กา);ให้(ไอ/กา)	karun	N	Y	-	khunChangKhunPhaen#khunChangKhunPhaen_12:50	tricky-rhyme positive
pos_010680	positive	r3_w3_w4	HP_tricky	w3	ลวน->วน	ฉวยเกิดถ้อยความลามลวน	ฉวยเกิดถ้อยความลามวน	อัว	กน	อัว	กน	ลวน	w2p	วน	override	จะ(อะ/กา);ต้อง(ออ/กง);กวน(อัว/กน);ข้า(อา/กา);เจ้า(เอา/กา)	mattra_family	N	N	-	khunChangKhunPhaen#khunChangKhunPhaen_12:57	tricky-rhyme positive
pos_010681	positive	r3_w3_w4	HP_tricky	w3	นัว->ทั่ว	พวกแต่งเด็กจัดแจงแต่งกันนัว	พวกแต่งเด็กจัดแจงแต่งกันทั่ว	อัว	กา	อัว	กา	นัว	w2p	ทั่ว	override	พร้อม(ออ/กม);ทั่ว(อัว/กา);ขัน(อะ/กน);หมาก(อา/กก);ยก(โอะ/กก)	true_final	N	N	-	khunChangKhunPhaen#khunChangKhunPhaen_12:82	tricky-rhyme positive
pos_010682	positive	r3_w3_w4	HP_tricky	w3	โกง->โมงค์	ขุนช้างขัดใจว่าไอ้โกง	ขุนช้างขัดใจว่าไอ้โมงค์	โอ	กง	โอ	กง	โกง	w2p	โมง	w2p	อ้าย(อา/เกย);ล้าน(อา/กน);ตาย(อา/เกย);โหง(โอ/กง);มา(อา/กา)	karun	N	Y	-	khunChangKhunPhaen#khunChangKhunPhaen_12:96	tricky-rhyme positive
pos_010683	positive	r3_w3_w4	HP_tricky	w3	นน->ฉงน	ขนมจีนน้ำยาห้าคะนน	ขนมจีนน้ำยาห้าคะฉงน	โอะ	กน	โอะ	กน	นน	w2p	ฉะหงน	w2p	ชี(อี/กา);ต้น(โอะ/กน);ฉัน(อะ/กน);ได้(ไอ/กา);ใส่(ไอ/กา)	mattra_family	N	Y	-	khunChangKhunPhaen#khunChangKhunPhaen_12:113	tricky-rhyme positive
pos_010684	positive	r3_w3_w4	HP_tricky	w3	ชิม->ฟิล์ม	เมื่อไรจะให้มาเชยชิม	เมื่อไรจะให้มาเชยฟิล์ม	อิ	กม	อิ	กม	ชิม	w2p	ฟิม	w2p	เจ้า(เอา/กา);ขนม(โอะ/กม);ปลา(อา/กา);กริม(อิ/กม);ของ(ออ/กง)	karun	N	N	-	khunChangKhunPhaen#khunChangKhunPhaen_12:118	tricky-rhyme positive
pos_010685	positive	r3_w3_w4	HP_tricky	w3	ไพล->สไปซ์	สายทองรีบร้นไปฝนไพล	สายทองรีบร้นไปฝนสไปซ์	ไอ	กา	ไอ	กา	ไพล	w2p	สะไป	w2p	ทา(อา/กา);หลัง(อะ/กง);ไหล่(ไอ/กา);ลูบ(อู/กบ);ที่(อี/กา)	karun	N	N	-	khunChangKhunPhaen#khunChangKhunPhaen_12:128	tricky-rhyme positive
pos_010686	positive	r3_w3_w4	HP_tricky	w3	ปลิว->พลิ้ว	ลมพัดธงชายปลายปลิว	ลมพัดธงชายปลายพลิ้ว	อิ	เกอว	อิ	เกอว	ปลิว	w2p	พลิ้ว	w2p	พระ(อะ/กา);ยา(อา/กา);ฉิว(อิ/เกอว);โชย(โอ/เกย);กลิ่น(อิ/กน)	mattra_family	N	N	-	khunChangKhunPhaen#khunChangKhunPhaen_13:5	tricky-rhyme positive
pos_010687	positive	r3_w3_w4	HP_tricky	w3	โลน->โคลน	บอกให้ลาวทองมองลิงโลน	บอกให้ลาวทองมองลิงโคลน	โอ	กน	โอ	กน	โลน	w2p	โคลน	w2p	นาง(อา/กง);อาย(อา/เกย);โอน(โอ/กน);ตัว(อัว/กา);แอบ(แอ/กบ)	mattra_family	N	N	-	khunChangKhunPhaen#khunChangKhunPhaen_13:13	tricky-rhyme positive
pos_010688	positive	r3_w3_w4	HP_tricky	w3	โมง->โจง	ครั้นสุริยาสูงส่องขึ้นสองโมง	ครั้นสุริยาสูงส่องขึ้นสองโจง	โอ	กง	โอ	กง	โมง	w2p	โจง	w2p	เสด็จ(เอะ/กด);ออก(ออ/กก);ท้อง(ออ/กง);พระ(อะ/กา);โรง(โอ/กง)	mattra_family	N	N	-	khunChangKhunPhaen#khunChangKhunPhaen_13:19	tricky-rhyme positive
pos_010689	positive	r3_w3_w4	HP_tricky	w3	ทูล->พูน	จงโปรดเกล้าข้าพเจ้ามากราบทูล	จงโปรดเกล้าข้าพเจ้ามากราบพูน	อู	กน	อู	กน	ทูน	override	พูน	override	เดิม(เออ/กม);มูล(อู/กน);มี(อี/กา);ศึก(อึ/กก);เชียง(เอีย/กง)	mattra_family	N	N	-	khunChangKhunPhaen#khunChangKhunPhaen_13:23	tricky-rhyme positive
pos_010690	positive	r3_w3_w4	HP_tricky	w3	ฉก->ยก	กาเหยี่ยวมิได้เฉี่ยวฉวยฉก	กาเหยี่ยวมิได้เฉี่ยวฉวยยก	โอะ	กก	โอะ	กก	ฉก	w2p	ยก	override	พ่อ(ออ/กา);จาก(อา/กก);อก(โอะ/กก);เมีย(เอีย/กา);ไป(ไอ/กา)	mattra_family	N	N	-	khunChangKhunPhaen#khunChangKhunPhaen_13:59	tricky-rhyme positive
pos_010691	positive	r3_w3_w4	HP_tricky	w3	กำ->กรรม	ล้มไข้เพราะใจเจ็บระกำ	ล้มไข้เพราะใจเจ็บระกรรม	อำ	กา	อำ	กม	กำ	override	กำ	override	ปิ้ม(อิ/กม);ป้ำ(อำ/กา);ประ(อะ/กา);หนึ่ง(อึ/กง);จะ(อะ/กา)	sara_norm	N	N	-	khunChangKhunPhaen#khunChangKhunPhaen_13:64	tricky-rhyme positive
pos_010692	positive	r3_w3_w4	HP_tricky	w3	บอย->นอยส์	เห็นไฟลุกฟืนซุกเสือกตะบอย	เห็นไฟลุกฟืนซุกเสือกตะนอยส์	ออ	เกย	ออ	เกย	บอย	w2p	นอย	w2p	ทิ้ง(อิ/กง);ฝุ่น(อุ/กน);ฝอย(ออ/เกย);เข้า(เอา/กา);ไป(ไอ/กา)	karun	N	Y	-	khunChangKhunPhaen#khunChangKhunPhaen_13:99	tricky-rhyme positive
pos_010693	positive	r3_w3_w4	HP_tricky	w3	รื้อ->ลือ	ไม่หยั่งรู้ตื้นลึกรึกรื้อ	ไม่หยั่งรู้ตื้นลึกรึกลือ	อือ	กา	อือ	กา	รื้อ	w2p	ลือ	override	ชื่อ(อือ/กา);เสียง(เอีย/กง);หม่อม(ออ/กม);เมีย(เอีย/กา);นั้น(อะ/กน)	mattra_family	N	N	-	khunChangKhunPhaen#khunChangKhunPhaen_13:101	tricky-rhyme positive
pos_010694	positive	r3_w3_w4	HP_tricky	w3	ปลิง->ริงก์	หน้าเปรี้ยวตละเคี้ยวตลิงปลิง	หน้าเปรี้ยวตละเคี้ยวตลิงริงก์	อิ	กง	อิ	กง	ปลิง	w2p	ริง	w2p	มา(อา/กา);ชัก(อะ/กก);ชิง(อิ/กง);ดุ้น(อุ/กน);ไฟ(ไอ/กา)	karun	N	N	-	khunChangKhunPhaen#khunChangKhunPhaen_13:108	tricky-rhyme positive
pos_010695	positive	r3_w3_w4	HP_tricky	w3	แปลก->แกรก	จึงผลัดชื่อโกนหัวให้ผัวแปลก	จึงผลัดชื่อโกนหัวให้ผัวแกรก	แอ	กก	แอ	กก	แปลก	override	แกรก	w2p	ถึง(อึ/กง);แม้น(แอ/กน);แตก(แอ/กก);ก็(เอาะ/กา);จะ(อะ/กา)	mattra_family	N	N	-	khunChangKhunPhaen#khunChangKhunPhaen_13:118	tricky-rhyme positive
pos_010696	positive	r3_w3_w4	HP_tricky	w3	จีน->รีน	สายทองกับอีปลีทั้งอีจีน	สายทองกับอีปลีทั้งอีรีน	อี	กน	อี	กน	จีน	override	รีน	w2p	ปีน(อี/กน);เรือ(เอือ/กา);ลง(โอะ/กง);มา(อา/กา);ด้วย(อัว/เกย)	mattra_family	N	N	-	khunChangKhunPhaen#khunChangKhunPhaen_13:120	tricky-rhyme positive
pos_010697	positive	r3_w3_w4	HP_tricky	w3	ฮือ->ฤา	ยิ่งห้ามยิ่งลามดังไฟฮือ	ยิ่งห้ามยิ่งลามดังไฟฤา	อือ	กา	อือ	กา	ฮือ	w2p	พรึ	w2p	ดี(อี/กา);ก็(เอาะ/กา);ดื้อ(อือ/กา);เข้า(เอา/กา);มา(อา/กา)	rue	N	N	-	khunChangKhunPhaen#khunChangKhunPhaen_13:126	tricky-rhyme positive
pos_010698	positive	r3_w3_w4	HP_tricky	w3	ลด->สถ	เจ้าท่อนจันทน์ขวัญตาพิลาลด	เจ้าท่อนจันทน์ขวัญตาพิลาสถ	โอะ	กด	โอะ	กด	ลด	override	สะถอด	w2p	แต่(แอ/กา);พี่(อี/กา);อด(โอะ/กด);มา(อา/กา);ครัน(อะ/กน)	mattra_family	N	N	-	khunChangKhunPhaen#khunChangKhunPhaen_13:180	tricky-rhyme positive
pos_010699	positive	r3_w3_w4	HP_tricky	w3	ทะ->นะ	ดูดขันจมวนก้นกะทะ	ดูดขันจมวนก้นกะนะ	อะ	กา	อะ	กา	ทะ	w2p	นะ	override	ขอ(ออ/กา);ให้(ไอ/กา);ปะ(อะ/กา);เจ้า(เอา/กา);สัก(อะ/กก)	mattra_family	N	N	-	khunChangKhunPhaen#khunChangKhunPhaen_13:181	tricky-rhyme positive
pos_010700	positive	r3_w3_w4	HP_tricky	w3	แอ->แล่	นํ้าตานํ้ามูกดังลูกกะแอ	นํ้าตานํ้ามูกดังลูกกะแล่	แอ	กา	แอ	กา	แอ	w2p	แล่	w2p	แยง(แอ/กง);แย่(แอ/กา);มือ(อือ/กา);ลาก(อา/กก);กระ(อะ/กา)	mattra_family	N	Y	-	khunChangKhunPhaen#khunChangKhunPhaen_13:194	tricky-rhyme positive
pos_010701	positive	r3_w3_w4	HP_tricky	w3	ชาม->สาม	มาถึงไม้เลียบเหยียบถูกชาม	มาถึงไม้เลียบเหยียบถูกสาม	อา	กม	อา	กม	ชาม	w2p	สาม	override	ชาม(อา/กม);แตก(แอ/กก);มัน(อะ/กน);ก็(เอาะ/กา);ปาม(อา/กม)	mattra_family	N	N	-	khunChangKhunPhaen#khunChangKhunPhaen_13:200	tricky-rhyme positive
pos_010702	positive	r3_w3_w4	HP_tricky	w3	พัก->หมัก	ไปไหนก็มิให้เจ้าเหนื่อยพัก	ไปไหนก็มิให้เจ้าเหนื่อยหมัก	อะ	กก	อะ	กก	พัก	override	หมัก	w2p	ขี่(อี/กา);คอ(ออ/กา);ผัว(อัว/กา);รัก(อะ/กก);ต่าง(อา/กง)	mattra_family	N	N	-	khunChangKhunPhaen#khunChangKhunPhaen_13:217	tricky-rhyme positive
pos_010703	positive	r3_w3_w4	HP_tricky	w3	แยก->แบกซ์	สะเดาะดาลหน้าต่างให้กว้างแยก	สะเดาะดาลหน้าต่างให้กว้างแบกซ์	แอ	กก	แอ	กก	แยก	override	แบก	w2p	ข้าว(อา/เกอว);สาร(อา/กน);แทรก(แอ/กก);กระ(อะ/กา);ดูก(อู/กก)	karun	N	Y	-	khunChangKhunPhaen#khunChangKhunPhaen_14:24	tricky-rhyme positive
pos_010704	positive	r3_w3_w4	HP_tricky	w3	มูก->ผูก	หกล้มลงกำลังสั่งขี้มูก	หกล้มลงกำลังสั่งขี้ผูก	อู	กก	อู	กก	มูก	w2p	ผูก	override	ลูก(อู/กก);เอ๋ย(เออ/เกย);สาย(อา/เกย);ทอง(ออ/กง);มา(อา/กา)	mattra_family	N	N	-	khunChangKhunPhaen#khunChangKhunPhaen_14:79	tricky-rhyme positive
pos_010705	positive	r3_w3_w4	HP_tricky	w3	พวน->มวล	ปลูกเผือกปลูกมันนั้นรดพวน	ปลูกเผือกปลูกมันนั้นรดมวล	อัว	กน	อัว	กน	พวน	w2p	มวน	w2p	จน(โอะ/กน);จวน(อัว/กน);จะ(อะ/กา);ตาย(อา/เกย);ห่า(อา/กา)	mattra_family	N	N	-	khunChangKhunPhaen#khunChangKhunPhaen_14:110	tricky-rhyme positive
pos_010706	positive	r3_w3_w4	HP_tricky	w3	ปาม->ชาม	อียายสายายกลอยพลอยลามปาม	อียายสายายกลอยพลอยลามชาม	อา	กม	อา	กม	ปาม	w2p	ชาม	w2p	เขา(เอา/กา);จะ(อะ/กา);ผูก(อู/กก);แหล่ง(แอ/กง);ล่าม(อา/กม)	mattra_family	N	N	-	khunChangKhunPhaen#khunChangKhunPhaen_14:111	tricky-rhyme positive
pos_010707	positive	r3_w3_w4	HP_tricky	w3	พยัก->ศักดิ์	สายแล้วไปเถิดพเยิดพยัก	สายแล้วไปเถิดพเยิดศักดิ์	อะ	กก	อะ	กก	พะยัก	override	สัก	override	เบา(เอา/กา);หนัก(อะ/กก);เป็น(เอะ/กน);อย่าง(อา/กง);ไร(ไอ/กา)	karun	N	N	-	khunChangKhunPhaen#khunChangKhunPhaen_14:115	tricky-rhyme positive
pos_010708	positive	r3_w3_w4	HP_tricky	w3	โพน->โมน	เมื่อรักรำก็ให้ทำกลองตะโพน	เมื่อรักรำก็ให้ทำกลองตะโมน	โอ	กน	โอ	กน	โพน	w2p	โมน	w2p	ครั้น(อะ/กน);รัก(อะ/กก);โลน(โอ/กน);เล่น(เอ/กน);โลน(โอ/กน)	mattra_family	N	N	-	khunChangKhunPhaen#khunChangKhunPhaen_14:209	tricky-rhyme positive
pos_010709	positive	r3_w3_w4	HP_tricky	w3	จำ->ธำ	วันนี้มาหานางวางประจำ	วันนี้มาหานางวางประธำ	อำ	กา	อำ	กา	จำ	override	ทำ	w2p	กลับ(อะ/กบ);ไป(ไอ/กา);โรง(โอ/กง);จะ(อะ/กา);ทำ(อำ/กา)	mattra_family	N	N	-	khunChangKhunPhaen#khunChangKhunPhaen_14:212	tricky-rhyme positive
pos_010710	positive	r3_w3_w4	HP_tricky	w3	แคล้ว->แล้ว	ถ้าประมาทราชภัยมักไม่แคล้ว	ถ้าประมาทราชภัยมักไม่แล้ว	แอ	เกอว	แอ	เกอว	แคล้ว	w2p	แล้ว	override	ลูก(อู/กก);แก้ว(แอ/เกอว);จง(โอะ/กง);จำ(อำ/กา);คำ(อำ/กา)	mattra_family	N	N	-	khunChangKhunPhaen#khunChangKhunPhaen_15:20	tricky-rhyme positive
pos_010711	positive	r3_w3_w4	HP_tricky	w3	อือ->ขื่อ	ร้องเรียกเท่าไรก็ไม่อือ	ร้องเรียกเท่าไรก็ไม่ขื่อ	อือ	กา	อือ	กา	อือ	w2p	ขื่อ	w2p	จะ(อะ/กา);นิ่ง(อิ/กง);ดื้อ(อือ/กา);อยู่(อู/กา);ได้(ไอ/กา)	mattra_family	N	N	-	khunChangKhunPhaen#khunChangKhunPhaen_15:39	tricky-rhyme positive
pos_010712	positive	r3_w3_w4	HP_tricky	w3	ยุค->ทุก	จนสิ้นมิคสัญญีกลียุค	จนสิ้นมิคสัญญีกลีทุก	อุ	กก	อุ	กก	ยุก	w2p	ทุก	override	จะ(อะ/กา);เฝ้า(เอา/กา);ปลุก(อุ/กก);ปล(โอะ/กน);ํ้า(อะ/กา)	mattra_family	N	N	-	khunChangKhunPhaen#khunChangKhunPhaen_15:126	tricky-rhyme positive
pos_010713	positive	r3_w3_w4	HP_tricky	w3	พรวน->ชนวน	หนุ่มสาวบ่าวหลามตามเป็นพรวน	หนุ่มสาวบ่าวหลามตามเป็นชนวน	อัว	กน	อัว	กน	พรวน	w2p	ชะนะวน	w2p	ไป(ไอ/กา);รด(โอะ/กด);พวน(อัว/กน);ผัก(อะ/กก);ผล(โอะ/กน)	mattra_family	N	N	-	khunChangKhunPhaen#khunChangKhunPhaen_16:24	tricky-rhyme positive
pos_010714	positive	r3_w3_w4	HP_tricky	w3	เทา->เม้าส์	ขุนแผนทำกลัวหมอบพินอบพิเทา	ขุนแผนทำกลัวหมอบพินอบพิเม้าส์	เอา	กา	เอา	กา	เทา	w2p	เม้า	w2p	แกล้ง(แอ/กง);ลง(โอะ/กง);เข่า(เอา/กา);ลง(โอะ/กง);ศอก(ออ/กก)	karun	N	N	-	khunChangKhunPhaen#khunChangKhunPhaen_16:59	tricky-rhyme positive
pos_010715	positive	r3_w3_w4	HP_tricky	w3	แกว->แซว	ท่านผู้หญิงก็เอ็นดูไม่รู้แกว	ท่านผู้หญิงก็เอ็นดูไม่รู้แซว	แอ	เกอว	แอ	เกอว	แกว	w2p	แซว	w2p	ไม่(ไอ/กา);เห็น(เอะ/กน);แวว(แอ/เกอว);โว้(โอ/กา);เว้(เอ/กา)	mattra_family	N	N	-	khunChangKhunPhaen#khunChangKhunPhaen_16:61	tricky-rhyme positive
pos_010716	positive	r3_w3_w4	HP_tricky	w3	ลำ->พล้ำ	กระสุนสามบาทชาติพันลำ	กระสุนสามบาทชาติพันพล้ำ	อำ	กา	อำ	กา	ลำ	override	พล้ำ	w2p	แบก(แอ/กก);นำ(อำ/กา);หน้า(อา/กา);ตรง(โอะ/กง);เข้า(เอา/กา)	mattra_family	N	N	-	khunChangKhunPhaen#khunChangKhunPhaen_16:64	tricky-rhyme positive
pos_010717	positive	r3_w3_w4	HP_tricky	w3	ควัน->จันต์	ยิงผิดวัวขวิดมาสวนควัน	ยิงผิดวัวขวิดมาสวนจันต์	อะ	กน	อะ	กน	ควัน	override	จัน	w2p	หมื่น(อือ/กน);หาญ(อา/กน);หัน(อะ/กน);ล้ม(โอะ/กม);ผาง(อา/กง)	karun	N	N	-	khunChangKhunPhaen#khunChangKhunPhaen_16:67	tricky-rhyme positive
pos_010718	positive	r3_w3_w4	HP_tricky	w3	เกียง->เฉลียง	ด้วยกระจ่างแจ่มแจ้งแสงตะเกียง	ด้วยกระจ่างแจ่มแจ้งแสงตะเฉลียง	เอีย	กง	เอีย	กง	เกียง	w2p	ฉะเหลียง	override	นาง(อา/กง);ค่อย(ออ/เกย);เมียง(เอีย/กง);มาร(อา/กน);ดา(อา/กา)	mattra_family	N	N	-	khunChangKhunPhaen#khunChangKhunPhaen_16:104	tricky-rhyme positive
pos_010719	positive	r3_w3_w4	HP_tricky	w3	บึง->ซึ้ง	ยิงแล้วยัดใหม่ใส่ตะบึง	ยิงแล้วยัดใหม่ใส่ตะซึ้ง	อึ	กง	อึ	กง	บึง	w2p	ซึ้ง	w2p	อึง(อึ/กง);คะ(อะ/กา);นึง(อึ/กง);ไป(ไอ/กา);ทั้ง(อะ/กง)	mattra_family	N	N	-	khunChangKhunPhaen#khunChangKhunPhaen_16:152	tricky-rhyme positive
pos_010720	positive	r3_w3_w4	HP_tricky	w3	มนตร์->ก่น	เจ้าพลายฉวยชักมีดหมอมนตร์	เจ้าพลายฉวยชักมีดหมอก่น	โอะ	กน	โอะ	กน	มน	w2p	ก่น	w2p	แทง(แอ/กง);ปั๋ง(อะ/กง);หนัง(อะ/กง);ย่น(โอะ/กน);ไม่(ไอ/กา)	karun	N	N	-	khunChangKhunPhaen#khunChangKhunPhaen_16:247	tricky-rhyme positive
pos_010721	positive	r3_w3_w4	HP_tricky	w3	ฟาง->ค่าง	หน้าร้อนร้อนใจดังไฟฟาง	หน้าร้อนร้อนใจดังไฟค่าง	อา	กง	อา	กง	ฟาง	w2p	ค่าง	w2p	หน้า(อา/กา);ฝน(โอะ/กน);ฟ้า(อา/กา);คราง(อา/กง);รำ(อำ/กา)	mattra_family	N	N	-	khunChangKhunPhaen#khunChangKhunPhaen_17:2	tricky-rhyme positive
pos_010722	positive	r3_w3_w4	HP_tricky	w3	กรุง->พุ้ง	ปานฉะนี้ลาวทองน้องอยู่กรุง	ปานฉะนี้ลาวทองน้องอยู่พุ้ง	อุ	กง	อุ	กง	กรุง	override	พุ้ง	w2p	จะ(อะ/กา);สะ(อะ/กา);ดุ้ง(อุ/กง);ตื่น(อือ/กน);ตั้ง(อะ/กง)	mattra_family	N	N	-	khunChangKhunPhaen#khunChangKhunPhaen_17:9	tricky-rhyme positive
pos_010723	positive	r3_w3_w4	HP_tricky	w3	ลึก->ฝึก	จะแสนคิดเช้าคํ่าเฝ้ารำลึก	จะแสนคิดเช้าคํ่าเฝ้ารำฝึก	อึ	กก	อึ	กก	ลึก	override	ฝึก	w2p	ตรึก(อึ/กก);แล้ว(แอ/เกอว);เคือง(เอือ/กง);ขุ่น(อุ/กน);ให้(ไอ/กา)	mattra_family	N	N	-	khunChangKhunPhaen#khunChangKhunPhaen_17:13	tricky-rhyme positive
pos_010724	positive	r3_w3_w4	HP_tricky	w3	โอย->โบ้ย	ผูกคอโยนโจนเจ็บสะอื้นโอย	ผูกคอโยนโจนเจ็บสะอื้นโบ้ย	โอ	เกย	โอ	เกย	โอย	w2p	โบ้ย	w2p	ระ(อะ/กา);บม(โอะ/กม);โบย(โอ/เกย);เจ็บ(เอะ/กบ);ชํ้า(อะ/กา)	mattra_family	N	N	-	khunChangKhunPhaen#khunChangKhunPhaen_17:29	tricky-rhyme positive
pos_010725	positive	r3_w3_w4	HP_tricky	w3	มิตร->คิดส์	ถ้าแม้นข้าเสียสัตย์วิบัติมิตร	ถ้าแม้นข้าเสียสัตย์วิบัติคิดส์	อิ	กด	อิ	กด	มิด	override	คิด	w2p	ขอ(ออ/กา);อย่า(อา/กา);ให้(ไอ/กา);สม(โอะ/กม);คิด(อิ/กด)	karun	N	N	-	khunChangKhunPhaen#khunChangKhunPhaen_17:44	tricky-rhyme positive
pos_010726	positive	r3_w3_w4	HP_tricky	w3	ครึก->ปรึก	แรกรักจะรำพันให้ครั่นครึก	แรกรักจะรำพันให้ครั่นปรึก	อึ	กก	อึ	กก	ครึก	w2p	ปรึก	w2p	เหลือ(เอือ/กา);ลึก(อึ/กก);แล้ว(แอ/เกอว);ที่(อี/กา);ลม(โอะ/กม)	mattra_family	N	N	-	khunChangKhunPhaen#khunChangKhunPhaen_17:61	tricky-rhyme positive
pos_010727	positive	r3_w3_w4	HP_tricky	w3	คลำ->ถลำ	ผู้คนบ่นเพ้อมะเมอคลำ	ผู้คนบ่นเพ้อมะเมอถลำ	อำ	กา	อำ	กา	คลำ	w2p	ถะหลำ	w2p	ซ้ำ(อำ/กา);ซัด(อะ/กด);มะ(อะ/กา);นาว(อา/เกอว);ทิ้ง(อิ/กง)	mattra_family	N	N	-	khunChangKhunPhaen#khunChangKhunPhaen_17:76	tricky-rhyme positive
pos_010728	positive	r3_w3_w4	HP_tricky	w3	เฟือน->เตือน	กอดวันทองฝันอยู่ฟั่นเฟือน	กอดวันทองฝันอยู่ฟั่นเตือน	เอือ	กน	เอือ	กน	เฟือน	w2p	เตือน	override	ก็(เอาะ/กา);เขยื้อน(เอือ/กน);เหยียบ(เอีย/กบ);ไม้(ไอ/กา);ขึ้น(อึ/กน)	mattra_family	N	N	-	khunChangKhunPhaen#khunChangKhunPhaen_17:77	tricky-rhyme positive
pos_010729	positive	r3_w3_w4	HP_tricky	w3	เมียง->เสี่ยง	พี่คิดว่าวันทองเฝ้ามองเมียง	พี่คิดว่าวันทองเฝ้ามองเสี่ยง	เอีย	กง	เอีย	กง	เมียง	override	เสี่ยง	w2p	ต่อ(ออ/กา);นั่ง(อะ/กง);เคียง(เอีย/กง);ลง(โอะ/กง);จึง(อึ/กง)	mattra_family	N	N	-	khunChangKhunPhaen#khunChangKhunPhaen_17:100	tricky-rhyme positive
pos_010730	positive	r3_w3_w4	HP_tricky	w3	เปลือง->เทือง	สารพัดวิชาสง่าเปลือง	สารพัดวิชาสง่าเทือง	เอือ	กง	เอือ	กง	เปลือง	w2p	เทือง	w2p	เจ้า(เอา/กา);เนื้อ(เอือ/กา);เหลือง(เอือ/กง);ดัง(อะ/กง);ทอง(ออ/กง)	mattra_family	N	N	-	khunChangKhunPhaen#khunChangKhunPhaen_17:123	tricky-rhyme positive
pos_010731	positive	r3_w3_w4	HP_tricky	w3	เรียว->เชี่ยว	รุกขชาติดาษใบระบัดเรียว	รุกขชาติดาษใบระบัดเชี่ยว	เอีย	เกอว	เอีย	เกอว	เรียว	w2p	เชี่ยว	w2p	พริ้ง(อิ/กง);เพรียว(เอีย/เกอว);ดอกด(ออ/กด);กระ(อะ/กา);ดะ(อะ/กา)	mattra_family	N	N	-	khunChangKhunPhaen#khunChangKhunPhaen_17:151	tricky-rhyme positive
pos_010732	positive	r3_w3_w4	HP_tricky	w3	พวง->รวง	แผ่หางกางปีกเป็นพุ่มพวง	แผ่หางกางปีกเป็นพุ่มรวง	อัว	กง	อัว	กง	พวง	override	รวง	w2p	ชะ(อะ/กา);นี(อี/กา);หน่วง(อัว/กง);เหนี่ยว(เอีย/เกอว);ไม้(ไอ/กา)	mattra_family	N	N	-	khunChangKhunPhaen#khunChangKhunPhaen_17:152	tricky-rhyme positive
pos_010733	positive	r3_w3_w4	HP_tricky	w3	ซิว->ลิ่ว	เอามินหม้อล่อทาเป็นปลาซิว	เอามินหม้อล่อทาเป็นปลาลิ่ว	อิ	เกอว	อิ	เกอว	ซิว	w2p	ลิ่ว	w2p	เขียน(เอีย/กน);กริว(อิ/เกอว);ขึ้น(อึ/กน);ขี่(อี/กา);ที่(อี/กา)	mattra_family	N	N	-	khunChangKhunPhaen#khunChangKhunPhaen_17:185	tricky-rhyme positive
pos_010734	positive	r3_w3_w4	HP_tricky	w3	เอว->เปลว	เตะขุนช้างผางเข้าหว่างเอว	เตะขุนช้างผางเข้าหว่างเปลว	เอ	เกอว	เอ	เกอว	เอว	w2p	เปลว	w2p	อ้าย(อา/เกย);ลิง(อิ/กง);เลว(เอ/เกอว);ดี(อี/กา);แล้ว(แอ/เกอว)	mattra_family	N	N	-	khunChangKhunPhaen#khunChangKhunPhaen_17:189	tricky-rhyme positive
pos_010735	positive	r3_w3_w4	HP_tricky	w3	อ้อน->ยอห์น	หลงเชิงขุนช้างช่างชะอ้อน	หลงเชิงขุนช้างช่างชะยอห์น	ออ	กน	ออ	กน	อ้น	w2p	ยอน	w2p	กอด(ออ/กด);ท่อน(ออ/กน);ซุง(อุ/กง);สัก(อะ/กก);สำ(อำ/กา)	karun	N	N	-	khunChangKhunPhaen#khunChangKhunPhaen_17:210	tricky-rhyme positive
pos_010736	positive	r3_w3_w4	HP_tricky	w3	ยิง->ซิงต์	เจ็บจิตรตละพิษปืนยายิง	เจ็บจิตรตละพิษปืนยาซิงต์	อิ	กง	อิ	กง	ยิง	override	ซิง	w2p	ช่าง(อา/กง);ค่อน(ออ/กน);ติง(อิ/กง);เสียด(เอีย/กด);ซ้ำ(อำ/กา)	karun	N	N	-	khunChangKhunPhaen#khunChangKhunPhaen_17:212	tricky-rhyme positive
pos_010737	positive	r3_w3_w4	HP_tricky	w3	พำ->รำ	ไม่ตามใจขัดใจจึงเพ้อพำ	ไม่ตามใจขัดใจจึงเพ้อรำ	อำ	กา	อำ	กา	พำ	w2p	รำ	override	นี่(อี/กา);อด(โอะ/กด);น้ำ(อำ/กา);แล้ว(แอ/เกอว);สิ(อิ/กา)	mattra_family	N	N	-	khunChangKhunPhaen#khunChangKhunPhaen_17:232	tricky-rhyme positive
pos_010738	positive	r3_w3_w4	HP_tricky	w3	ทบ->นบ	รื้อเรื่องความหลังตั้งสมทบ	รื้อเรื่องความหลังตั้งสมนบ	โอะ	กบ	โอะ	กบ	ทบ	w2p	นบ	w2p	ข้า(อา/กา);เรียก(เอีย/กก);ให้(ไอ/กา);ใคร(ไอ/กา);ตบ(โอะ/กบ)	mattra_family	N	N	-	khunChangKhunPhaen#khunChangKhunPhaen_17:235	tricky-rhyme positive
pos_010739	positive	r3_w3_w4	HP_tricky	w3	เพาะ->เหนาะ	พี่เหมือนคนธรรพ์สรรจำเพาะ	พี่เหมือนคนธรรพ์สรรจำเหนาะ	เอาะ	กา	เอาะ	กา	เพาะ	w2p	เหนาะ	w2p	อย่า(อา/กา);ฉอ(ออ/กา);เลาะ(เอาะ/กา);เลย(เออ/เกย);เจ้า(เอา/กา)	mattra_family	N	N	-	khunChangKhunPhaen#khunChangKhunPhaen_17:244	tricky-rhyme positive
pos_010740	positive	r3_w3_w4	HP_tricky	w3	โจร->โฮลท์	สีดาเดียวเปลี่ยวใจไปกับโจร	สีดาเดียวเปลี่ยวใจไปกับโฮลท์	โอ	กน	โอ	กน	โจน	override	โฮด	w2p	พระ(อะ/กา);ราม(อา/กม);โทน(โอ/กน);เที่ยว(เอีย/เกอว);ท่อง(ออ/กง)	karun	N	Y	-	khunChangKhunPhaen#khunChangKhunPhaen_17:248	tricky-rhyme positive
pos_010741	positive	r3_w3_w4	HP_tricky	w3	รุด->สุด	ปะแม่ตีรํ่ากระหนํ่ารุด	ปะแม่ตีรํ่ากระหนํ่าสุด	อุ	กด	อุ	กด	รุด	w2p	สุด	override	อี(อี/กา);พราย(อา/เกย);มุด(อุ/กด);เข้า(เอา/กา);มา(อา/กา)	mattra_family	N	N	-	khunChangKhunPhaen#khunChangKhunPhaen_17:282	tricky-rhyme positive
pos_010742	positive	r3_w3_w4	HP_tricky	w3	เงย->เชย	ว่าพลางย่างไปมิได้เงย	ว่าพลางย่างไปมิได้เชย	เออ	เกย	เออ	เกย	เงย	w2p	เชย	override	ก็(เอาะ/กา);ล่วง(อัว/กง);เลย(เออ/เกย);ลัด(อะ/กด);ออก(ออ/กก)	mattra_family	N	N	-	khunChangKhunPhaen#khunChangKhunPhaen_18:6	tricky-rhyme positive
pos_010743	positive	r3_w3_w4	HP_tricky	w3	ตรอม->กรอม	วันทองคลี่คลายค่อยวายตรอม	วันทองคลี่คลายค่อยวายกรอม	ออ	กม	ออ	กม	ตรอม	w2p	กรอำ	w2p	กอด(ออ/กด);หม่อม(ออ/กม);ขุน(อุ/กน);แผน(แอ/กน);แขน(แอ/กน)	mattra_family	N	N	-	khunChangKhunPhaen#khunChangKhunPhaen_18:34	tricky-rhyme positive
pos_010744	positive	r3_w3_w4	HP_tricky	w3	แซะ->แผละ	ตอตำเข้าฤๅไรน้ำไหลแซะ	ตอตำเข้าฤๅไรน้ำไหลแผละ	แอะ	กา	แอะ	กา	แซะ	w2p	แผละ	w2p	เหยียบ(เอีย/กบ);สอง(ออ/กง);แคม(แอ/กม);แบะ(แอะ/กา);แล้ว(แอ/เกอว)	mattra_family	N	N	-	khunChangKhunPhaen#khunChangKhunPhaen_18:42	tricky-rhyme positive
pos_010745	positive	r3_w3_w4	HP_tricky	w3	พลิก->กิ๊กส์	จะผ่าอกยกกายหงายพลิก	จะผ่าอกยกกายหงายกิ๊กส์	อิ	กก	อิ	กก	พลิก	override	กิ๊ก	w2p	จิก(อิ/กก);สับ(อะ/กบ);ฟัน(อะ/กน);ซ้ำ(อำ/กา);ให้(ไอ/กา)	karun	N	N	-	khunChangKhunPhaen#khunChangKhunPhaen_18:63	tricky-rhyme positive
pos_010746	positive	r3_w3_w4	HP_tricky	w3	อภัย->จัย	อย่าถือโทษเลยหนอขออภัย	อย่าถือโทษเลยหนอขอจัย	อะ	เกย	อะ	เกย	อะไพ	override	จัย	w2p	พี่(อี/กา);เคลิ้ม(เออ/กม);ไป(ไอ/กา);จริง(อิ/กง);จริง(อิ/กง)	sara_norm|true_final	Y	N	-	khunChangKhunPhaen#khunChangKhunPhaen_18:70	tricky-rhyme positive
pos_010747	positive	r3_w3_w4	HP_tricky	w3	ชุม->คุมพ์	ไฉนนกอย่างนี้จึงมีชุม	ไฉนนกอย่างนี้จึงมีคุมพ์	อุ	กม	อุ	กม	ชุม	w2p	คุม	w2p	มัน(อะ/กน);เที่ยว(เอีย/เกอว);สุ่ม(อุ/กม);กุ้ง(อุ/กง);กิน(อิ/กน)	karun	N	N	-	khunChangKhunPhaen#khunChangKhunPhaen_18:88	tricky-rhyme positive
pos_010748	positive	r3_w3_w4	HP_tricky	w3	คลอ->ขอ	แสนสบายว่ายรี่เฝ้าคลีคลอ	แสนสบายว่ายรี่เฝ้าคลีขอ	ออ	กา	ออ	กา	คลอ	w2p	ขอ	override	ระ(อะ/กา);ริ(อิ/กา);กรี้(อี/กา);หัว(อัว/กา);ร่อ(ออ/กา)	mattra_family	N	Y	-	khunChangKhunPhaen#khunChangKhunPhaen_18:111	tricky-rhyme positive
pos_010749	positive	r3_w3_w4	HP_tricky	w3	เกา->เล้า	มิใช่การวานอย่ามาแกะเกา	มิใช่การวานอย่ามาแกะเล้า	เอา	กา	เอา	กา	เกา	w2p	เล้า	w2p	เปล่า(เอา/กา);ดอก(ออ/กก);นั่น(อะ/กน);ผง(โอะ/กง);ฤๅ(อือ/กา)	mattra_family	N	N	-	khunChangKhunPhaen#khunChangKhunPhaen_18:112	tricky-rhyme positive
pos_010750	positive	r3_w3_w4	HP_tricky	w3	ยิบ->ซิบ	ต้องใบไทรย้อยหยอยหยอยยิบ	ต้องใบไทรย้อยหยอยหยอยซิบ	อิ	กบ	อิ	กบ	ยิบ	w2p	ซิบ	w2p	แชก(แอ/กก);ซิบ(อิ/กบ);ซึม(อึ/กม);ชุ่ม(อุ/กม);ชอุ่ม(อุ/กม)	mattra_family	N	N	-	khunChangKhunPhaen#khunChangKhunPhaen_18:124	tricky-rhyme positive
pos_010751	positive	r3_w3_w4	HP_tricky	w3	เพลิน->เฉิน	ไปจากกันนานช้าน่าจะเพลิน	ไปจากกันนานช้าน่าจะเฉิน	เออ	กน	เออ	กน	เพลิน	override	เฉิน	w2p	หมาง(อา/กง);เมิน(เออ/กน);ลูก(อู/กก);เมีย(เอีย/กา);เขา(เอา/กา)	mattra_family	N	N	-	khunChangKhunPhaen#khunChangKhunPhaen_18:145	tricky-rhyme positive
pos_010752	positive	r3_w3_w4	HP_tricky	w3	ราง->สอางค์	ผูกตัวเข้าเป็นพรวนล้วนเครื่องราง	ผูกตัวเข้าเป็นพรวนล้วนเครื่องสอางค์	อา	กง	อา	กง	ราง	w2p	สะอาง	w2p	พระ(อะ/กา);ปรอท(ออ/กด);ขอด(ออ/กด);หว่าง(อา/กง);มง(โอะ/กง)	karun	N	N	-	khunChangKhunPhaen#khunChangKhunPhaen_19:33	tricky-rhyme positive
pos_010753	positive	r3_w3_w4	HP_tricky	w3	งม->พนม	เสียงเรไรหริ่งร้องก้องระงม	เสียงเรไรหริ่งร้องก้องระพนม	โอะ	กม	โอะ	กม	งม	w2p	พะนม	w2p	ฟื้น(อือ/กน);สม(โอะ/กม);ประ(อะ/กา);ดี(อี/กา);ด้วย(อัว/เกย)	mattra_family	N	Y	-	khunChangKhunPhaen#khunChangKhunPhaen_19:48	tricky-rhyme positive
pos_010754	positive	r3_w3_w4	HP_tricky	w3	เกง->เป้ง	เสื้อหมวกย้อมว่านยาผ้ากางเกง	เสื้อหมวกย้อมว่านยาผ้ากางเป้ง	เอ	กง	เอ	กง	เกง	w2p	เป้ง	w2p	เกรง(เอ/กง);แต่(แอ/กา);จะ(อะ/กา);ขึ้น(อึ/กน);ม้า(อา/กา)	mattra_family	N	N	-	khunChangKhunPhaen#khunChangKhunPhaen_19:60	tricky-rhyme positive
pos_010755	positive	r3_w3_w4	HP_tricky	w3	ทราม->ปาล์ม	เกี่ยวเนื้อปอกไปเลือดไหลทราม	เกี่ยวเนื้อปอกไปเลือดไหลปาล์ม	อา	กม	อา	กม	ซาม	w2p	ปาม	w2p	อา(อา/กา);ราม(อา/กม);กลัว(อัว/กา);มุด(อุ/กด);ไป(ไอ/กา)	karun	N	N	-	khunChangKhunPhaen#khunChangKhunPhaen_19:84	tricky-rhyme positive
pos_010756	positive	r3_w3_w4	HP_tricky	w3	กำ->ค่ำ	รู้แล้วว่าเจ้าเจ็บกองระกำ	รู้แล้วว่าเจ้าเจ็บกองระค่ำ	อำ	กา	อำ	กา	กำ	override	ค่ำ	override	ด้วย(อัว/เกย);เจ้า(เอา/กา);ทำ(อำ/กา);สง(โอะ/กง);คราม(อา/กม)	mattra_family	N	N	-	khunChangKhunPhaen#khunChangKhunPhaen_19:109	tricky-rhyme positive
pos_010757	positive	r3_w3_w4	HP_tricky	w3	โบย->โรย	พระพายชายพัดระบัดโบย	พระพายชายพัดระบัดโรย	โอ	เกย	โอ	เกย	โบย	w2p	โรย	override	ที่(อี/กา);กลีบ(อี/กบ);โรย(โอ/เกย);หล่น(โอะ/กน);ลง(โอะ/กง)	mattra_family	N	N	-	khunChangKhunPhaen#khunChangKhunPhaen_19:113	tricky-rhyme positive
pos_010758	positive	r3_w3_w4	HP_tricky	w3	ตม->ปม	บ้างก็แอบแฝงฝั่งบ้างกินตม	บ้างก็แอบแฝงฝั่งบ้างกินปม	โอะ	กม	โอะ	กม	ตม	w2p	ปม	w2p	ชม(โอะ/กม);พลาง(อา/กง);ทาง(อา/กง);ลง(โอะ/กง);เล่นน(เอ/กน)	mattra_family	N	N	-	khunChangKhunPhaen#khunChangKhunPhaen_19:116	tricky-rhyme positive
pos_010759	positive	r3_w3_w4	HP_tricky	w3	พนัน->พันธ์	ขุนแผนชวนให้ไล่พนัน	ขุนแผนชวนให้ไล่พันธ์	อะ	กน	อะ	กน	พะนัน	override	พัน	w2p	วัน(อะ/กน);ทอง(ออ/กง);ร้อง(ออ/กง);ว่า(อา/กา);ฉัน(อะ/กน)	karun	N	N	-	khunChangKhunPhaen#khunChangKhunPhaen_19:117	tricky-rhyme positive
pos_010760	positive	r3_w3_w4	HP_tricky	w3	แฟง->แหล่ง	ที่ยอดเขาล้วนเหล่าไร่ฟักแฟง	ที่ยอดเขาล้วนเหล่าไร่ฟักแหล่ง	แอ	กง	แอ	กง	แฟง	w2p	แหล่ง	w2p	มะ(อะ/กา);เขือ(เอือ/กา);พริก(อิ/กก);กล้าย(อา/เกย);แห้ง(แอ/กง)	mattra_family	N	N	-	khunChangKhunPhaen#khunChangKhunPhaen_19:154	tricky-rhyme positive
pos_010761	positive	r3_w3_w4	HP_tricky	w3	เนื้อ->เสื้อ	ทาขมิ้นเหลืองจ้อยลอยผิวเนื้อ	ทาขมิ้นเหลืองจ้อยลอยผิวเสื้อ	เอือ	กา	เอือ	กา	เนื้อ	override	เสื้อ	override	เป็น(เอะ/กน);ชาติ(อา/กด);เชื้อ(เอือ/กา);ชาว(อา/เกอว);ป่า(อา/กา)	mattra_family	N	N	-	khunChangKhunPhaen#khunChangKhunPhaen_19:155	tricky-rhyme positive
pos_010762	positive	r3_w3_w4	HP_tricky	w3	พลุก->ตุ๊ก	ข้าไทในบ้านออกพล่านพลุก	ข้าไทในบ้านออกพล่านตุ๊ก	อุ	กก	อุ	กก	พลุก	w2p	ตุ๊ก	w2p	ฤๅ(อือ/กา);อะ(อะ/กา);ไร(ไอ/กา);ไม่(ไอ/กา);สนุก(อุ/กก)	mattra_family	N	N	-	khunChangKhunPhaen#khunChangKhunPhaen_19:176	tricky-rhyme positive
pos_010763	positive	r3_w3_w4	HP_tricky	w3	โคลง->โปร่ง	ขุนช้างทำเมินเดินหัวโคลง	ขุนช้างทำเมินเดินหัวโปร่ง	โอ	กง	โอ	กง	โคลง	w2p	โปร่ง	w2p	ดุ่ม(อุ/กม);โด่ง(โอ/กง);เข้า(เอา/กา);มา(อา/กา);ศา(อา/กา)	mattra_family	N	N	-	khunChangKhunPhaen#khunChangKhunPhaen_19:211	tricky-rhyme positive
pos_010764	positive	r3_w3_w4	HP_tricky	w3	ชก->ตลก	มันขี่ม้าหมอกออกไล่ชก	มันขี่ม้าหมอกออกไล่ตลก	โอะ	กก	โอะ	กก	ชก	w2p	ตะหลก	w2p	ยก(โอะ/กก);ศาล(อา/กน);ขึ้น(อึ/กน);ไว้(ไอ/กา);ใกล้(ไอ/กา)	mattra_family	N	Y	-	khunChangKhunPhaen#khunChangKhunPhaen_20:14	tricky-rhyme positive
pos_010765	positive	r3_w3_w4	HP_tricky	w3	ยุด->รุษ	บัตรหมายให้ประแดงแย่งยุด	บัตรหมายให้ประแดงแย่งรุษ	อุ	กด	อุ	กด	ยุด	override	รุด	w2p	ฉุด(อุ/กด);ลูก(อู/กก);เมีย(เอีย/กา);มา(อา/กา);อยู่(อู/กา)	mattra_family	N	N	-	khunChangKhunPhaen#khunChangKhunPhaen_20:34	tricky-rhyme positive
pos_010766	positive	r3_w3_w4	HP_tricky	w3	แพร->แก	ม้าช้างวางวงจ่ายธงแพร	ม้าช้างวางวงจ่ายธงแก	แอ	กา	แอ	กา	แพร	w2p	แก	override	แล(แอ/กา);ดู(อู/กา);หอก(ออ/กก);ดาบ(อา/กบ);ออก(ออ/กก)	mattra_family	N	Y	-	khunChangKhunPhaen#khunChangKhunPhaen_20:35	tricky-rhyme positive
pos_010767	positive	r3_w3_w4	HP_tricky	w3	ตราย->ต่าย	วิปริตเห็นนิมิตเป็นอันตราย	วิปริตเห็นนิมิตเป็นอันต่าย	อา	เกย	อา	เกย	ตราย	w2p	ต่าย	w2p	นาง(อา/กง);ฟาย(อา/เกย);น้ำ(อำ/กา);ตา(อา/กา);เข้า(เอา/กา)	mattra_family	N	N	-	khunChangKhunPhaen#khunChangKhunPhaen_20:45	tricky-rhyme positive
pos_010768	positive	r3_w3_w4	HP_tricky	w3	ชับ->อับ	ศรพระยาขี่คอขอกระชับ	ศรพระยาขี่คอขอกระอับ	อะ	กบ	อะ	กบ	ชับ	w2p	อับ	w2p	ราท(อา/กด);ยา(อา/กา);นั่ง(อะ/กง);ขับ(อะ/กบ);ข้าง(อา/กง)	mattra_family	N	N	-	khunChangKhunPhaen#khunChangKhunPhaen_20:62	tricky-rhyme positive
pos_010769	positive	r3_w3_w4	HP_tricky	w3	โครม->โคม	อ้ายคนนี้แลมันตีม้าล่อโครม	อ้ายคนนี้แลมันตีม้าล่อโคม	โอ	กม	โอ	กม	โครม	w2p	โคม	override	ฤๅ(อือ/กา);ใคร(ไอ/กา);จับ(อะ/กบ);อ้าย(อา/เกย);โสม(โอ/กม)	mattra_family	N	N	-	khunChangKhunPhaen#khunChangKhunPhaen_20:116	tricky-rhyme positive
pos_010770	positive	r3_w3_w4	HP_tricky	w3	คด->อด	เหม่อ้ายแผนอาจจิตรคิดคด	เหม่อ้ายแผนอาจจิตรคิดอด	โอะ	กด	โอะ	กด	คด	w2p	อด	override	เป็น(เอะ/กน);ขบถ(โอะ/กด);จะ(อะ/กา);เอา(เอา/กา);แผ่น(แอ/กน)	mattra_family	N	Y	-	khunChangKhunPhaen#khunChangKhunPhaen_20:150	tricky-rhyme positive
pos_010771	positive	r3_w3_w4	HP_tricky	w3	มุ้ย->หลุยส์	ช้างตรงเข้าในดงหมามุ้ย	ช้างตรงเข้าในดงหมาหลุยส์	อุ	เกย	อุ	เกย	มุ้ย	w2p	หลุย	w2p	ศร(ออ/กน);พระ(อะ/กา);ยา(อา/กา);ร้อง(ออ/กง);อุย(อุ/เกย)	karun	N	N	-	khunChangKhunPhaen#khunChangKhunPhaen_20:167	tricky-rhyme positive
pos_010772	positive	r3_w3_w4	HP_tricky	w3	เช็ด->เพ็ด	ดาบล้วนเลือดฝาดเหมือนชาดเช็ด	ดาบล้วนเลือดฝาดเหมือนชาดเพ็ด	เอะ	กด	เอะ	กด	เช็ด	w2p	เพ็ด	w2p	กลับ(อะ/กบ);ขึ้น(อึ/กน);ม้า(อา/กา);ระ(อะ/กา);เห็จ(เอะ/กด)	mattra_family	N	N	-	khunChangKhunPhaen#khunChangKhunPhaen_20:173	tricky-rhyme positive
pos_010773	positive	r3_w3_w4	HP_tricky	w3	เตง->เปล่ง	หัวแตกเลือดย้อยห้อยโตงเตง	หัวแตกเลือดย้อยห้อยโตงเปล่ง	เอ	กง	เอ	กง	เตง	w2p	เปล่ง	w2p	ปีน(อี/กน);ช้าง(อา/กง);เหยง(เอ/กง);เหยง(เอ/กง);แทบ(แอ/กบ)	mattra_family	N	N	-	khunChangKhunPhaen#khunChangKhunPhaen_20:177	tricky-rhyme positive
pos_010774	positive	r3_w3_w4	HP_tricky	w3	จุย->กรุย	ฉมันแล่นโลดโดดกระจุย	ฉมันแล่นโลดโดดกระกรุย	อุ	เกย	อุ	เกย	จุย	w2p	กะเรุย	w2p	ตะ(อะ/กา);กุย(อุ/เกย);คุ้ย(อุ/เกย);ควบ(อัว/กบ);ขึ้น(อึ/กน)	mattra_family	N	N	-	khunChangKhunPhaen#khunChangKhunPhaen_20:208	tricky-rhyme positive
pos_010775	positive	r3_w3_w4	HP_tricky	w3	ทิพย์->ศิลป	หนาวลมห่มเนื้อวันทองทิพย์	หนาวลมห่มเนื้อวันทองศิลป	อิ	กบ	อิ	กบ	ทิบ	w2p	สินละปะ	w2p	ซุบ(อุ/กบ);ซิบ(อิ/กบ);ชื่น(อือ/กน);ชม(โอะ/กม);เมื่อ(เอือ/กา)	karun	N	N	-	khunChangKhunPhaen#khunChangKhunPhaen_20:213	tricky-rhyme positive
pos_010776	positive	r3_w3_w4	HP_tricky	w3	เกวียน->เทียน	พ่อแม่ก็จะแผ่ลงเป็นเกวียน	พ่อแม่ก็จะแผ่ลงเป็นเทียน	เอีย	กน	เอีย	กน	เกวียน	w2p	เทียน	override	ไม่(ไอ/กา);ต้อง(ออ/กง);พัก(อะ/กก);หา(อา/กา);เทียน(เอีย/กน)	mattra_family	N	N	-	khunChangKhunPhaen#khunChangKhunPhaen_20:217	tricky-rhyme positive
pos_010777	positive	r3_w3_w4	HP_tricky	w3	ลุก->ศุกร์	บ้างลมจับพับไปมิได้ลุก	บ้างลมจับพับไปมิได้ศุกร์	อุ	กก	อุ	กก	ลุก	override	สุก	w2p	นวด(อัว/กด);คลำ(อำ/กา);ปล้ำ(อำ/กา);ปลุก(อุ/กก);กัน(อะ/กน)	karun	N	N	-	khunChangKhunPhaen#khunChangKhunPhaen_20:233	tricky-rhyme positive
pos_010778	positive	r3_w3_w4	HP_tricky	w3	เวียน->เจี๋ยน	เขาเขตจะสังเกตเป็นม่านเวียน	เขาเขตจะสังเกตเป็นม่านเจี๋ยน	เอีย	กน	เอีย	กน	เวียน	override	เจี๋ยน	w2p	ดิน(อิ/กน);เตียน(เอีย/กน);ต่าง(อา/กง);ตะ(อะ/กา);กอน(ออ/กน)	mattra_family	N	N	-	khunChangKhunPhaen#khunChangKhunPhaen_20:246	tricky-rhyme positive
pos_010779	positive	r3_w3_w4	HP_tricky	w3	คุก->ฟลุ้ค	ชอบแต่เฆี่ยนส่งลงไปคุก	ชอบแต่เฆี่ยนส่งลงไปฟลุ้ค	อุ	กก	อุ	กก	คุก	w2p	ฟลุ้ค	w2p	ยัง(อะ/กง);มี(อี/กา);หน้า(อา/กา);วิ่ง(อิ/กง);บุก(อุ/กก)	mattra_family	N	N	-	khunChangKhunPhaen#khunChangKhunPhaen_20:280	tricky-rhyme positive
pos_010780	positive	r3_w3_w4	HP_tricky	w3	ทม->มม	มาซ้ำท้องสองทุกข์เข้าระทม	มาซ้ำท้องสองทุกข์เข้าระมม	โอะ	กม	โอะ	กม	ทม	w2p	มะมะ	w2p	ยิ่ง(อิ/กง);ทุกข์(อุ/กก);แล้ว(แอ/เกอว);ยิ่ง(อิ/กง);ถม(โอะ/กม)	mattra_family	N	N	-	khunChangKhunPhaen#khunChangKhunPhaen_21:14	tricky-rhyme positive
pos_010781	positive	r3_w3_w4	HP_tricky	w3	เทิน->เขิน	มือถือสายหยกยกสะเทิน	มือถือสายหยกยกสะเขิน	เออ	กน	เออ	กน	เทิน	w2p	เขิน	override	พลั้ง(อะ/กง);เท้า(เอา/กา);ก้าว(อา/เกอว);เกิน(เออ/กน);ก็(เอาะ/กา)	mattra_family	N	N	-	khunChangKhunPhaen#khunChangKhunPhaen_21:156	tricky-rhyme positive
pos_010782	positive	r3_w3_w4	HP_tricky	w3	ทด->คต	ว่าขุนช้างทำแค้นจึงแทนทด	ว่าขุนช้างทำแค้นจึงแทนคต	โอะ	กด	โอะ	กด	ทด	w2p	คด	w2p	มิ(อิ/กา);ได้(ไอ/กา);คิด(อิ/กด);ทร(ออ/กน);ยศ(โอะ/กด)	mattra_family	N	N	-	khunChangKhunPhaen#khunChangKhunPhaen_22:7	tricky-rhyme positive
pos_010783	positive	r3_w3_w4	HP_tricky	w3	ฟืน->ยื่น	วันนั้นฝันว่าไปตัดฟืน	วันนั้นฝันว่าไปตัดยื่น	อือ	กน	อือ	กน	ฟืน	override	ยื่น	w2p	น้ำ(อำ/กา);ตื้น(อือ/กน);ลุย(อุ/เกย);ปะ(อะ/กา);สระ(อะ/กา)	mattra_family	N	N	-	khunChangKhunPhaen#khunChangKhunPhaen_22:28	tricky-rhyme positive
pos_010784	positive	r3_w3_w4	HP_tricky	w3	เฮ้ย->เคย	พระหมื่นศรีร้องมาว่าฮ้าเฮ้ย	พระหมื่นศรีร้องมาว่าฮ้าเคย	เออ	เกย	เออ	เกย	เฮ้	w2p	เคย	override	เฉย(เออ/เกย);เสีย(เอีย/กา);ที(อี/กา);เดียว(เอีย/เกอว);เจียว(เอีย/เกอว)	mattra_family	N	N	-	khunChangKhunPhaen#khunChangKhunPhaen_22:72	tricky-rhyme positive
pos_010785	positive	r3_w3_w4	HP_tricky	w3	นุม->ชุม	ผลักออกจากศาลาหน้าชุมนุม	ผลักออกจากศาลาหน้าชุมชุม	อุ	กม	อุ	กม	นุม	w2p	ชุม	w2p	วิ่ง(อิ/กง);กุม(อุ/กม);เรี่ย(เอีย/กา);ราด(อา/กด);พรูด(อู/กด)	mattra_family	N	N	-	khunChangKhunPhaen#khunChangKhunPhaen_22:73	tricky-rhyme positive
pos_010786	positive	r3_w3_w4	HP_tricky	w3	นัย->ฉัย	ตามแต่สินไหมแลพินัย	ตามแต่สินไหมแลพิฉัย	อะ	เกย	อะ	เกย	ไน	w2p	ฉัย	w2p	จะ(อะ/กา);โปรด(โอ/กด);ปรับ(อะ/กบ);อย่าง(อา/กง);ไร(ไอ/กา)	sara_norm|true_final	Y	N	-	khunChangKhunPhaen#khunChangKhunPhaen_22:131	tricky-rhyme positive
pos_010787	positive	r3_w3_w4	HP_tricky	w3	ปรวน->กวน	ลูกโซ่โย้เย่เปรปรวน	ลูกโซ่โย้เย่เปรกวน	อัว	กน	อัว	กน	ปรวน	w2p	กวน	w2p	พยัก(อะ/กก);ชวน(อัว/กน);เฮ้ย(เออ/เกย);ออ(ออ/กา);เจ้า(เอา/กา)	mattra_family	N	N	-	khunChangKhunPhaen#khunChangKhunPhaen_23:91	tricky-rhyme positive
pos_010788	positive	r3_w3_w4	HP_tricky	w3	ปาง->อาง	โอ้ว่าเจ้าโฉมเฉิดเลิศปาง	โอ้ว่าเจ้าโฉมเฉิดเลิศอาง	อา	กง	อา	กง	ปาง	override	อาง	w2p	ไป(ไอ/กา);ครอง(ออ/กง);ปรางค์(อา/กง);เถิด(เออ/กด);เทพ(เอ/กบ)	mattra_family	N	N	-	khunChangKhunPhaen#khunChangKhunPhaen_23:146	tricky-rhyme positive
pos_010789	positive	r3_w3_w4	HP_tricky	w3	ยอ->ดอร์	ให้ไปรับยายสายกับยายยอ	ให้ไปรับยายสายกับยายดอร์	ออ	กา	ออ	กา	ยอ	w2p	ดอ	w2p	แต่(แอ/กา);ล้วน(อัว/กน);หมอ(ออ/กา);ตำ(อำ/กา);แย(แอ/กา)	karun	N	Y	-	khunChangKhunPhaen#khunChangKhunPhaen_24:5	tricky-rhyme positive
pos_010790	positive	r3_w3_w4	HP_tricky	w3	โวย->โหย	พอหลุดมือรื้อร้องวันทองโวย	พอหลุดมือรื้อร้องวันทองโหย	โอ	เกย	โอ	เกย	โวย	w2p	โหย	override	หม่อม(ออ/กม);พ่อ(ออ/กา);โบย(โอ/เกย);ตี(อี/กา);ฉัน(อะ/กน)	mattra_family	N	N	-	khunChangKhunPhaen#khunChangKhunPhaen_24:19	tricky-rhyme positive
pos_010791	positive	r3_w3_w4	HP_tricky	w3	เลือน->เสมือน	แล้วเป่าแก้แผลหายละลายเลือน	แล้วเป่าแก้แผลหายละลายเสมือน	เอือ	กน	เอือ	กน	เลือน	w2p	สะเหมือน	w2p	เจ้า(เอา/กา);พลาย(อา/เกย);เคลื่อน(เอือ/กน);คลาย(อา/เกย);ฟื้น(อือ/กน)	mattra_family	N	N	-	khunChangKhunPhaen#khunChangKhunPhaen_24:25	tricky-rhyme positive
pos_010792	positive	r3_w3_w4	HP_tricky	w3	มิ->พลิ	แล้วว่าเจ้าเล่าก็ช่างนั่งมึนมิ	แล้วว่าเจ้าเล่าก็ช่างนั่งมึนพลิ	อิ	กา	อิ	กา	มิ	override	พะลิ	w2p	ว่า(อา/กา);แล้ว(แอ/เกอว);สิ(อิ/กา);อย่า(อา/กา);ให้(ไอ/กา)	mattra_family	N	N	-	khunChangKhunPhaen#khunChangKhunPhaen_24:76	tricky-rhyme positive
pos_010793	positive	r3_w3_w4	HP_tricky	w3	ย้อย->รอยท์	แล้วนั่งนึกตรึกตราน้ำตาย้อย	แล้วนั่งนึกตรึกตราน้ำตารอยท์	ออ	เกย	ออ	เกย	ย้อย	w2p	รอย	w2p	รำ(อำ/กา);คาญ(อา/กน);คอย(ออ/เกย);สุ(อุ/กา);ริ(อิ/กา)	karun	N	Y	-	khunChangKhunPhaen#khunChangKhunPhaen_24:84	tricky-rhyme positive
pos_010794	positive	r3_w3_w4	HP_tricky	w3	กรรม->คัมน์	มามีลูกลูกก็จากวิบากกรรม	มามีลูกลูกก็จากวิบากคัมน์	อำ	กม	อะ	กม	กำ	override	คำ	w2p	สะ(อะ/กา);อื้น(อือ/กน);ร่ำ(อำ/กา);รัน(อะ/กน);ทด(โอะ/กด)	karun|sara_norm	Y	Y	-	khunChangKhunPhaen#khunChangKhunPhaen_24:100	tricky-rhyme positive
pos_010795	positive	r3_w3_w4	HP_tricky	w3	พื้น->ลื่น	ออกหลังบ้านตาลตะคุ่มเป็นพุ่มพื้น	ออกหลังบ้านตาลตะคุ่มเป็นพุ่มลื่น	อือ	กน	อือ	กน	พื้น	override	ลื่น	w2p	ร่ม(โอะ/กม);รื่น(อือ/กน);รัง(อะ/กง);เรียง(เอีย/กง);เคียง(เอีย/กง)	mattra_family	N	N	-	khunChangKhunPhaen#khunChangKhunPhaen_24:111	tricky-rhyme positive
pos_010796	positive	r3_w3_w4	HP_tricky	w3	พือ->สือ	พบนกยูงฝูงใหญ่ไล่กระพือ	พบนกยูงฝูงใหญ่ไล่กระสือ	อือ	กา	อือ	กา	พือ	w2p	สือ	w2p	มัน(อะ/กน);บิน(อิ/กน);หวือ(อือ/กา);โห่(โอ/กา);ร้อง(ออ/กง)	mattra_family	N	N	-	khunChangKhunPhaen#khunChangKhunPhaen_24:114	tricky-rhyme positive
pos_010797	positive	r3_w3_w4	HP_tricky	w3	รม->บม	ระวังตัวกลัวยายเถ้าเจ้าคารม	ระวังตัวกลัวยายเถ้าเจ้าคาบม	โอะ	กม	โอะ	กม	รม	override	บม	w2p	เก็บ(เอะ/กบ);มะ(อะ/กา);ยม(โอะ/กม);ซุบ(อุ/กบ);ซิบ(อิ/กบ)	mattra_family	N	N	-	khunChangKhunPhaen#khunChangKhunPhaen_24:128	tricky-rhyme positive
pos_010798	positive	r3_w3_w4	HP_tricky	w3	เพียง->เฉวียง	ชกโคตรเค้าเหล่ากอเอาพอเพียง	ชกโคตรเค้าเหล่ากอเอาพอเฉวียง	เอีย	กง	เอีย	กง	เพียง	override	ฉะเหวียง	override	พอ(ออ/กา);แว่ว(แอ/เกอว);เสียง(เอีย/กง);อยู่(อู/กา);บน(โอะ/กน)	mattra_family	N	N	-	khunChangKhunPhaen#khunChangKhunPhaen_24:132	tricky-rhyme positive
pos_010799	positive	r3_w3_w4	HP_tricky	w3	พ้อม->อ้อม	ข้าวเหนียวเต็มพ้อม	ข้าวเหนียวเต็มอ้อม	ออ	กม	ออ	กม	พ้อม	w2p	อ้อม	override	ข้าว(อา/เกอว);ป้อม(ออ/กม);เต็ม(เอะ/กม);ป่า(อา/กา)	mattra_family	N	N	-	khunChangKhunPhaen#khunChangKhunPhaen_24:159	tricky-rhyme positive
pos_010800	positive	r3_w3_w4	HP_tricky	w3	เทิง->เลิง	มวยบามาขวัญจงบันเทิง	มวยบามาขวัญจงบันเลิง	เออ	กง	เออ	กง	เทิง	w2p	เลิง	w2p	จะ(อะ/กา);เปิง(เออ/กง);ยี่(อี/กา);อิ(อิ/กา);กะ(อะ/กา)	mattra_family	N	N	-	khunChangKhunPhaen#khunChangKhunPhaen_24:161	tricky-rhyme positive
pos_010801	positive	r3_w3_w4	HP_tricky	w3	ควาญ->ทาร	อ้ายกุลาตาหลอเป็นหมอควาญ	อ้ายกุลาตาหลอเป็นหมอทาร	อา	กน	อา	กน	ควาน	w2p	ทาน	w2p	แล้ว(แอ/เกอว);พา(อา/กา);หลาน(อา/กน);ขึ้น(อึ/กน);ช้าง(อา/กง)	mattra_family	N	N	-	khunChangKhunPhaen#khunChangKhunPhaen_24:168	tricky-rhyme positive
pos_010802	positive	r3_w3_w4	HP_tricky	w3	อาง->กร่าง	อยู่หับเผยเคยสะอาดขาดสำอาง	อยู่หับเผยเคยสะอาดขาดสำกร่าง	อา	กง	อา	กง	อาง	w2p	กร่าง	w2p	จน(โอะ/กน);ผอม(ออ/กม);ซูบ(อู/กบ);รูป(อู/กบ);ร่าง(อา/กง)	mattra_family	N	N	-	khunChangKhunPhaen#khunChangKhunPhaen_24:170	tricky-rhyme positive
pos_010803	positive	r3_w3_w4	HP_tricky	w3	เตรียม->เจียม	อัฒจันทร์ชั้นพระก็ตระเตรียม	อัฒจันทร์ชั้นพระก็ตระเจียม	เอีย	กม	เอีย	กม	เตรียม	override	เจียม	w2p	ตาม(อา/กม);ธรรม(อำ/กม);เนียม(เอีย/กม);ฆ้อง(ออ/กง);กลอง(ออ/กง)	mattra_family	N	N	-	khunChangKhunPhaen#khunChangKhunPhaen_24:208	tricky-rhyme positive
pos_010804	positive	r3_w3_w4	HP_tricky	w3	งวย->มวย	แต่อ้ายนี่ขี้หลงจะงงงวย	แต่อ้ายนี่ขี้หลงจะงงมวย	อัว	เกย	อัว	เกย	งวย	w2p	มวย	w2p	ต้อง(ออ/กง);ถูก(อู/กก);ด้วย(อัว/เกย);ละ(อะ/กา);โมบ(โอ/กบ)	true_final	N	N	-	khunChangKhunPhaen#khunChangKhunPhaen_24:218	tricky-rhyme positive
pos_010805	positive	r3_w3_w4	HP_tricky	w3	เธอ->เร่อ	ขุนแผนพาลูกไปนั่งไหว้เธอ	ขุนแผนพาลูกไปนั่งไหว้เร่อ	เออ	กา	เออ	กา	เทอ	override	เร่อ	w2p	ถาม(อา/กม);ว่า(อา/กา);เออ(เออ/กา);นั่น(อะ/กน);ใคร(ไอ/กา)	mattra_family	N	N	-	khunChangKhunPhaen#khunChangKhunPhaen_24:241	tricky-rhyme positive
pos_010806	positive	r3_w3_w4	HP_tricky	w3	ควร->ชวร	ราชาศัพท์รับสั่งให้บังควร	ราชาศัพท์รับสั่งให้บังชวร	อัว	กน	อัว	กน	ควน	override	ชวน	w2p	รู้(อู/กา);จง(โอะ/กง);ถ้วน(อัว/กน);ถี่(อี/กา);ไว้(ไอ/กา)	mattra_family	N	N	-	khunChangKhunPhaen#khunChangKhunPhaen_24:255	tricky-rhyme positive
pos_010807	positive	r3_w3_w4	HP_tricky	w3	ฬาร->สานต์	สถิตแท่นแว่นฟ้าโอฬาฬาร	สถิตแท่นแว่นฟ้าโอฬาสานต์	อา	กน	อา	กน	ลาน	w2p	สาน	w2p	ดัง(อะ/กง);วิ(อิ/กา);มาน(อา/กน);เมือง(เอือ/กง);ฟ้า(อา/กา)	karun	N	N	-	khunChangKhunPhaen#khunChangKhunPhaen_24:267	tricky-rhyme positive
pos_010808	positive	r3_w3_w4	HP_tricky	w3	พร้อย->พอยต์	ด้ามประดับเพชรรัตน์จำรัสพร้อย	ด้ามประดับเพชรรัตน์จำรัสพอยต์	ออ	เกย	ออ	เกย	พร้อย	w2p	พอย	w2p	ระ(อะ/กา);ยับ(อะ/กบ);ย้อย(ออ/เกย);วับ(อะ/กบ);วาม(อา/กม)	karun	N	Y	-	khunChangKhunPhaen#khunChangKhunPhaen_25:169	tricky-rhyme positive
pos_010809	positive	r3_w3_w4	HP_tricky	w3	ดิ->บริ	เหมือนจะให้เราไปสามิภักดิ	เหมือนจะให้เราไปสามิภักบริ	อิ	กา	อิ	กา	ดิ	w2p	บอริ	w2p	เห็น(เอะ/กน);เสีย(เอีย/กา);ศัก(อะ/กก);ดิ(อิ/กา);เธอ(เออ/กา)	mattra_family	N	N	-	khunChangKhunPhaen#khunChangKhunPhaen_26:54	tricky-rhyme positive
pos_010810	positive	r3_w3_w4	HP_tricky	w3	เน->เดย์	พอเราหลงปลงอารมณ์สมคะเน	พอเราหลงปลงอารมณ์สมคะเดย์	เอ	กา	เอ	กา	เน	w2p	เด	w2p	ก็(เอาะ/กา);ถ่าย(อา/เกย);เท(เอ/กา);เอา(เอา/กา);ทรัพย์(อะ/กบ)	karun	N	Y	-	khunChangKhunPhaen#khunChangKhunPhaen_26:76	tricky-rhyme positive
pos_010811	positive	r3_w3_w4	HP_tricky	w3	รือ->ลื้อ	เอาเป็นที่ปรึกษาหารือ	เอาเป็นที่ปรึกษาหาลื้อ	อือ	กา	อือ	กา	รือ	w2p	ลื้อ	w2p	เขา(เอา/กา);สัตย์(อะ/กด);ซื่อ(อือ/กา);เห็น(เอะ/กน);ใจ(ไอ/กา)	mattra_family	N	N	-	khunChangKhunPhaen#khunChangKhunPhaen_26:93	tricky-rhyme positive
pos_010812	positive	r3_w3_w4	HP_tricky	w3	ฆ้อง->ป่อง	ขุนโหรสั่งพลันให้ลั่นฆ้อง	ขุนโหรสั่งพลันให้ลั่นป่อง	ออ	กง	ออ	กง	ค้อง	override	ป่อง	w2p	เสียง(เอีย/กง);ประ(อะ/กา);โคม(โอ/กม);กึก(อึ/กก);ก้อง(ออ/กง)	mattra_family	N	N	-	khunChangKhunPhaen#khunChangKhunPhaen_26:146	tricky-rhyme positive
pos_010813	positive	r3_w3_w4	HP_tricky	w3	เซ็น->เข็ญ	น้ำค้างค้างใบไม้ไหลกระเซ็น	น้ำค้างค้างใบไม้ไหลกระเข็ญ	เอะ	กน	เอะ	กน	เซ็น	w2p	เข็น	override	หน(โอะ/กน);ทาง(อา/กง);เป็น(เอะ/กน);ร่อง(ออ/กง);เซาะ(เอาะ/กา)	mattra_family	N	N	-	khunChangKhunPhaen#khunChangKhunPhaen_26:166	tricky-rhyme positive
pos_010814	positive	r3_w3_w4	HP_tricky	w3	พัว->หัว	ล้วนแต่เหล่าเถาวัลย์ขึ้นพันพัว	ล้วนแต่เหล่าเถาวัลย์ขึ้นพันหัว	อัว	กา	อัว	กา	พัว	w2p	หัว	override	ดู(อู/กา);น่า(อา/กา);กลัว(อัว/กา);นาง(อา/กง);ประ(อะ/กา)	true_final	N	N	-	khunChangKhunPhaen#khunChangKhunPhaen_26:167	tricky-rhyme positive
pos_010815	positive	r3_w3_w4	HP_tricky	w3	มูล->มูร	ค่ำเข้าเขตเถินเดินพร้อมมูล	ค่ำเข้าเขตเถินเดินพร้อมมูร	อู	กน	อู	กน	มูน	w2p	มูน	w2p	แสง(แอ/กง);จันทร์(อะ/กน);จำ(อำ/กา);รูญ(อู/กน);จำ(อำ/กา)	mattra_family	N	N	-	khunChangKhunPhaen#khunChangKhunPhaen_27:14	tricky-rhyme positive
pos_010816	positive	r3_w3_w4	HP_tricky	w3	รั้ง->กรังด์	สามวันดั้นมาไม่รอรั้ง	สามวันดั้นมาไม่รอกรังด์	อะ	กง	อะ	กง	รั้ง	override	กรัง	w2p	จน(โอะ/กน);กระ(อะ/กา);ทั่ง(อะ/กง);ถึง(อึ/กง);ด่าน(อา/กน)	karun	N	N	-	khunChangKhunPhaen#khunChangKhunPhaen_27:16	tricky-rhyme positive
pos_010817	positive	r3_w3_w4	HP_tricky	w3	กราว->ง้าว	ตะละเล่มเต็มเหนี่ยวเสียงเกรียวกราว	ตะละเล่มเต็มเหนี่ยวเสียงเกรียวง้าว	อา	เกอว	อา	เกอว	กราว	w2p	ง้าว	override	โห่(โอ/กา);ฉ่าว(อา/เกอว);ฉ่า(อา/กา);ลั่น(อะ/กน);สนั่น(อะ/กน)	mattra_family	N	N	-	khunChangKhunPhaen#khunChangKhunPhaen_27:34	tricky-rhyme positive
pos_010818	positive	r3_w3_w4	HP_tricky	w3	ซ่า->วรา	เข้าพิจิตรวังจันทร์น้ำดันซ่า	เข้าพิจิตรวังจันทร์น้ำดันวรา	อา	กา	อา	กา	ซ่า	w2p	วะรา	w2p	รับ(อะ/กบ);วา(อา/กา);เฮ้ย(เออ/เกย);โขน(โอ/กน);โดน(โอ/กน)	mattra_family	N	N	-	khunChangKhunPhaen#khunChangKhunPhaen_27:36	tricky-rhyme positive
pos_010819	positive	r3_w3_w4	HP_tricky	w3	เริง->เลิง	ทำกรีดกรายชายตาร่าเริง	ทำกรีดกรายชายตาร่าเลิง	เออ	กง	เออ	กง	เริง	w2p	เลิง	w2p	หลง(โอะ/กง);ละ(อะ/กา);เลิง(เออ/กง);ลด(โอะ/กด);เลี้ยว(เอีย/เกอว)	mattra_family	N	N	-	khunChangKhunPhaen#khunChangKhunPhaen_27:40	tricky-rhyme positive
pos_010820	positive	r3_w3_w4	HP_tricky	w3	ฑูรย์->มูน	สถิตในห้องแก้วแพรวไพฑูรย์	สถิตในห้องแก้วแพรวไพมูน	อู	กน	อู	กน	ทูน	w2p	มูน	w2p	ไพ(ไอ/กา);บูลย์(อู/กน);พูน(อู/กน);สุข(อุ/กก);ทุก(อุ/กก)	karun	N	N	-	khunChangKhunPhaen#khunChangKhunPhaen_27:47	tricky-rhyme positive
pos_010821	positive	r3_w3_w4	HP_tricky	w3	บูลย์->ตูน	บารมีทรงบำเพ็ญเห็นไพบูลย์	บารมีทรงบำเพ็ญเห็นไพตูน	อู	กน	อู	กน	บูน	w2p	ตูน	w2p	จะ(อะ/กา);เพิ่ม(เออ/กม);พูน(อู/กน);ปร(ออ/กน);โยชน์(โอ/กด)	karun	N	N	-	khunChangKhunPhaen#khunChangKhunPhaen_27:87	tricky-rhyme positive
pos_010822	positive	r3_w3_w4	HP_tricky	w3	เพียร->เตียน	จะเสียทีที่ลำบากพากเพียร	จะเสียทีที่ลำบากพากเตียน	เอีย	กน	เอีย	กน	เพียน	w2p	เตียน	w2p	ไป(ไอ/กา);พลั้ง(อะ/กง);พลาด(อา/กด);แล้ว(แอ/เกอว);เจียน(เอีย/กน)	mattra_family	N	N	-	khunChangKhunPhaen#khunChangKhunPhaen_27:120	tricky-rhyme positive
pos_010823	positive	r3_w3_w4	HP_tricky	w3	เยี่ยว->เซียว	แทงถูกอีชังกำลังเยี่ยว	แทงถูกอีชังกำลังเซียว	เอีย	เกอว	เอีย	เกอว	เยี่ยว	w2p	เซียว	w2p	ปาก(อา/กก);เบี้ยว(เอีย/เกอว);ล้ม(โอะ/กม);หงาย(อา/เกย);น้ำ(อำ/กา)	mattra_family	N	N	-	khunChangKhunPhaen#khunChangKhunPhaen_27:186	tricky-rhyme positive
pos_010824	positive	r3_w3_w4	HP_tricky	w3	เณร->เรล	ขึ้นย่องเบาเอาบาตรผ้าพาดเณร	ขึ้นย่องเบาเอาบาตรผ้าพาดเรล	เอ	กน	เอ	กน	เนน	w2p	เร	w2p	ทุบ(อุ/กบ);ตา(อา/กา);เถน(เอ/กน);แล้ว(แอ/เกอว);ซ้ำ(อำ/กา)	mattra_family	N	N	-	khunChangKhunPhaen#khunChangKhunPhaen_27:191	tricky-rhyme positive
pos_010825	positive	r3_w3_w4	HP_tricky	w3	เหี้ย->เพลีย	ถัดไปไอ้กร่างอยู่บางเหี้ย	ถัดไปไอ้กร่างอยู่บางเพลีย	เอีย	กา	เอีย	กา	เหี้ย	w2p	เพลีย	w2p	หา(อา/กา);เมีย(เอีย/กา);มิ(อิ/กา);ได้(ไอ/กา);ไล่(ไอ/กา)	mattra_family	N	N	-	khunChangKhunPhaen#khunChangKhunPhaen_27:199	tricky-rhyme positive
pos_010826	positive	r3_w3_w4	HP_tricky	w3	เกลือ->เกื้อ	อ้ายเภาผัวอีพานบ้านนาเกลือ	อ้ายเภาผัวอีพานบ้านนาเกื้อ	เอือ	กา	เอือ	กา	เกลือ	override	เกื้อ	w2p	เอา(เอา/กา);ยา(อา/กา);เบื่อ(เอือ/กา);หลวง(อัว/กง);โช(โอ/กา)	mattra_family	N	N	-	khunChangKhunPhaen#khunChangKhunPhaen_27:200	tricky-rhyme positive
pos_010827	positive	r3_w3_w4	HP_tricky	w3	เล็ก->เต็ก	ถัดมานั้นอ้ายสานกเล็ก	ถัดมานั้นอ้ายสานกเต็ก	เอะ	กก	เอะ	กก	เล็ก	override	เต็ก	w2p	อยู่(อู/กา);คุ้ง(อุ/กง);ถลุง(อุ/กง);เหล็ก(เอะ/กก);ผัว(อัว/กา)	mattra_family	N	N	-	khunChangKhunPhaen#khunChangKhunPhaen_27:204	tricky-rhyme positive
pos_010828	positive	r3_w3_w4	HP_tricky	w3	โอ->โล่	นางสีนางพรมแม่ส้มโอ	นางสีนางพรมแม่ส้มโล่	โอ	กา	โอ	กา	โอ	w2p	โล่	override	เพื่อน(เอือ/กน);ฝูง(อู/กง);อัก(อะ/กก);โข(โอ/กา);จะ(อะ/กา)	mattra_family	N	Y	-	khunChangKhunPhaen#khunChangKhunPhaen_27:232	tricky-rhyme positive
pos_010829	positive	r3_w3_w4	HP_tricky	w3	ลื้อ->รือ	ไทยจีนมอญพม่าข่าลาวลื้อ	ไทยจีนมอญพม่าข่าลาวรือ	อือ	กา	อือ	กา	ลื้อ	w2p	รือ	w2p	จูง(อู/กง);มือ(อือ/กา);ลูก(อู/กก);หลาน(อา/กน);ซาน(อา/กน)	mattra_family	N	N	-	khunChangKhunPhaen#khunChangKhunPhaen_27:249	tricky-rhyme positive
pos_010830	positive	r3_w3_w4	HP_tricky	w3	เซียว->เคี้ยว	จับตัวได้ใส่คาทำหน้าเซียว	จับตัวได้ใส่คาทำหน้าเคี้ยว	เอีย	เกอว	เอีย	เกอว	เซียว	w2p	เคี้ยว	w2p	ที่(อี/กา);เลี่ยง(เอีย/กง);เลี้ยว(เอีย/เกอว);หลบ(โอะ/กบ);ได้(ไอ/กา)	mattra_family	N	N	-	khunChangKhunPhaen#khunChangKhunPhaen_27:251	tricky-rhyme positive
pos_010831	positive	r3_w3_w4	HP_tricky	w3	เลือง->เชื่อง	บ้างยงโย่แยงแย่แลชำเลือง	บ้างยงโย่แยงแย่แลชำเชื่อง	เอือ	กง	เอือ	กง	เลือง	w2p	เชื่อง	w2p	บ้าง(อา/กง);ยัก(อะ/กก);เยื้อง(เอือ/กง);หยุก(อุ/กก);หยิก(อิ/กก)	mattra_family	N	N	-	khunChangKhunPhaen#khunChangKhunPhaen_27:256	tricky-rhyme positive
pos_010832	positive	r3_w3_w4	HP_tricky	w3	กรรม->กำ	นายคงเคราเข้านั่งบริกรรม	นายคงเคราเข้านั่งบริกำ	อำ	กม	อำ	กา	กำ	override	กำ	override	ให้(ไอ/กา);เอา(เอา/กา);หอก(ออ/กก);กรอก(ออ/กก);ตำ(อำ/กา)	sara_norm	N	N	-	khunChangKhunPhaen#khunChangKhunPhaen_27:259	tricky-rhyme positive
pos_010833	positive	r3_w3_w4	HP_tricky	w3	เราะ->เบาะ	เสียงอักอักพยักหน้านั่งหัวเราะ	เสียงอักอักพยักหน้านั่งหัวเบาะ	เอาะ	กา	เอาะ	กา	เราะ	w2p	เบาะ	w2p	จน(โอะ/กน);ด้าม(อา/กม);หอก(ออ/กก);หัก(อะ/กก);เดาะ(เอาะ/กา)	mattra_family	N	N	-	khunChangKhunPhaen#khunChangKhunPhaen_27:260	tricky-rhyme positive
pos_010834	positive	r3_w3_w4	HP_tricky	w3	กรู->ตู้	ที่คนดูลุกยืนตื่นกันกรู	ที่คนดูลุกยืนตื่นกันตู้	อู	กา	อู	กา	กรู	w2p	ตู้	w2p	คอย(ออ/เกย);ดู(อู/กา);พ่อ(ออ/กา);ลูก(อู/กก);จะ(อะ/กา)	mattra_family	N	N	-	khunChangKhunPhaen#khunChangKhunPhaen_27:269	tricky-rhyme positive
pos_010835	positive	r3_w3_w4	HP_tricky	w3	เกน->เชลล์	บริวารมากมายมาก่ายเกน	บริวารมากมายมาก่ายเชลล์	เอ	กน	เอ	กน	เกน	w2p	เชล	w2p	แผ่(แอ/กา);พัง(อะ/กง);พาน(อา/กน);พ่าน(อา/กน);เพ่น(เอ/กน)	karun	N	Y	-	khunChangKhunPhaen#khunChangKhunPhaen_27:277	tricky-rhyme positive
pos_010836	positive	r3_w3_w4	HP_tricky	w3	คว้าง->อ่าง	เงยแหงนแปร้นแปร๋มาคว้างคว้าง	เงยแหงนแปร้นแปร๋มาคว้างอ่าง	อา	กง	อา	กง	คว้าง	w2p	อ่าง	w2p	ขุน(อุ/กน);แผน(แอ/กน);ยืน(อือ/กน);ขวาง(อา/กง);รำ(อำ/กา)	mattra_family	N	N	-	khunChangKhunPhaen#khunChangKhunPhaen_27:282	tricky-rhyme positive
pos_010837	positive	r3_w3_w4	HP_tricky	w3	เออ->เพอร์	อ้ายคู่นี้ใช้ได้ไม่อมเออ	อ้ายคู่นี้ใช้ได้ไม่อมเพอร์	เออ	กา	เออ	กา	เออ	override	เพอ	w2p	ฤทธิ์(อิ/กด);เดช(เอ/กด);มัน(อะ/กน);เสมอ(เออ/กา);สมาน(อา/กน)	karun	N	Y	-	khunChangKhunPhaen#khunChangKhunPhaen_27:289	tricky-rhyme positive
pos_010838	positive	r3_w3_w4	HP_tricky	w3	ล้า->วาต์	ดูหน้านิ่วหิวเหนื่อยจะเลื่อยล้า	ดูหน้านิ่วหิวเหนื่อยจะเลื่อยวาต์	อา	กา	อา	กา	ล้า	w2p	วา	w2p	กิน(อิ/กน);ข้าว(อา/เกอว);ปลา(อา/กา);เสีย(เอีย/กา);ที(อี/กา)	karun	N	Y	-	khunChangKhunPhaen#khunChangKhunPhaen_27:293	tricky-rhyme positive
pos_010839	positive	r3_w3_w4	HP_tricky	w3	ชาน->ข่าน	ขนของขึ้นเรือนเกลื่อนนอกชาน	ขนของขึ้นเรือนเกลื่อนนอกข่าน	อา	กน	อา	กน	ชาน	override	ข่าน	w2p	ให้(ไอ/กา);ปลูก(อู/กก);ร้าน(อา/กน);พวก(อัว/กก);ไพร่(ไอ/กา)	mattra_family	N	N	-	khunChangKhunPhaen#khunChangKhunPhaen_27:314	tricky-rhyme positive
pos_010840	positive	r3_w3_w4	HP_tricky	w3	รักษ์->สังฆ	อีกพระไพรเจ้าป่าพนารักษ์	อีกพระไพรเจ้าป่าพนาสังฆ	อะ	กก	อะ	กก	รัก	w2p	สังคะ	w2p	พระ(อะ/กา);นา(อา/กา);รายณ์(อา/เกย);ทรง(โอะ/กง);จักร(อะ/กก)	karun	N	N	-	khunChangKhunPhaen#khunChangKhunPhaen_27:324	tricky-rhyme positive
pos_010841	positive	r3_w3_w4	HP_tricky	w3	โปรง->โตง	อยากหวานเมาง่วงล้วงกระโปรง	อยากหวานเมาง่วงล้วงกระโตง	โอ	กง	โอ	กง	โปรง	w2p	โตง	w2p	บ้าง(อา/กง);โก้ง(โอ/กง);โค้ง(โอ/กง);ค้น(โอะ/กน);หา(อา/กา)	mattra_family	N	N	-	khunChangKhunPhaen#khunChangKhunPhaen_27:410	tricky-rhyme positive
pos_010842	positive	r3_w3_w4	HP_tricky	w3	รวน->ตรวน	สิ้นเนื้อเหลือขี้ลงรีรวน	สิ้นเนื้อเหลือขี้ลงรีตรวน	อัว	กน	อัว	กน	รวน	w2p	ตรวน	w2p	จ(อะ/กา);วน(อัว/กน);หมด(โอะ/กด);อต(โอะ/กด);ส่าห์(อา/กา)	mattra_family	N	N	-	khunChangKhunPhaen#khunChangKhunPhaen_27:411	tricky-rhyme positive
pos_010843	positive	r3_w3_w4	HP_tricky	w3	ดน->ทนต์	อุตริทำนายทายสัปดน	อุตริทำนายทายสัปทนต์	โอะ	กน	โอะ	กน	ดน	w2p	นะทะ	w2p	ถึง(อึ/กง);ใคร(ไอ/กา);ใคร(ไอ/กา);ให้(ไอ/กา);จน(โอะ/กน)	karun	N	Y	-	khunChangKhunPhaen#khunChangKhunPhaen_28:12	tricky-rhyme positive
pos_010844	positive	r3_w3_w4	HP_tricky	w3	ดม->ล้ม	ร้านถ้วยชามรามไหมมีอุดม	ร้านถ้วยชามรามไหมมีอุล้ม	โอะ	กม	โอะ	กม	ดม	w2p	ล้ม	override	สะ(อะ/กา);สม(โอะ/กม);สิน(อิ/กน);ค้า(อา/กา);สาร(อา/กน)	mattra_family	N	Y	-	khunChangKhunPhaen#khunChangKhunPhaen_28:18	tricky-rhyme positive
pos_010845	positive	r3_w3_w4	HP_tricky	w3	รุง->มุ่ง	แต่ละหน้าหน้านวลชวนบำรุง	แต่ละหน้าหน้านวลชวนบำมุ่ง	อุ	กง	อุ	กง	รุง	w2p	มุ่ง	override	ใส่(ไอ/กา);กลิ่น(อิ/กน);หอม(ออ/กม);ฟุ้ง(อุ/กง);สอง(ออ/กง)	mattra_family	N	N	-	khunChangKhunPhaen#khunChangKhunPhaen_28:20	tricky-rhyme positive
pos_010846	positive	r3_w3_w4	HP_tricky	w3	เดิน->เทิร์น	นางอุทัจอัดใจมิใคร่เดิน	นางอุทัจอัดใจมิใคร่เทิร์น	เออ	กน	เออ	กน	เดิน	override	เทิน	w2p	ก้ม(โอะ/กม);สะ(อะ/กา);เทิ้น(เออ/กน);ทรุด(อุ/กด);นั่ง(อะ/กง)	karun	N	N	-	khunChangKhunPhaen#khunChangKhunPhaen_28:46	tricky-rhyme positive
pos_010847	positive	r3_w3_w4	HP_tricky	w3	เรียม->เซี่ยม	สองแก้มแย้มเหมือนจะยั่วเรียม	สองแก้มแย้มเหมือนจะยั่วเซี่ยม	เอีย	กม	เอีย	กม	เรียม	w2p	เซี่ยม	w2p	งาม(อา/กม);เสงี่ยม(เอีย/กม);รา(อา/กา);ศี(อี/กา);ผู้(อู/กา)	mattra_family	N	N	-	khunChangKhunPhaen#khunChangKhunPhaen_28:49	tricky-rhyme positive
pos_010848	positive	r3_w3_w4	HP_tricky	w3	แกง->แปลง	จัดสำรับอุดมทั้งต้มแกง	จัดสำรับอุดมทั้งต้มแปลง	แอ	กง	แอ	กง	แกง	w2p	แปลง	override	ฝา(อา/กา);ชี(อี/กา);แดง(แอ/กง);ปิด(อิ/กด);ปก(โอะ/กก)	mattra_family	N	N	-	khunChangKhunPhaen#khunChangKhunPhaen_28:62	tricky-rhyme positive
pos_010849	positive	r3_w3_w4	HP_tricky	w3	พึง->กึ่ง	ว่าน้องนี้มีจิตคิดรำพึง	ว่าน้องนี้มีจิตคิดรำกึ่ง	อึ	กง	อึ	กง	พึง	w2p	กึ่ง	w2p	ดัง(อะ/กง);ศร(ออ/กน);ตรึง(อึ/กง);ทรวง(อัว/กง);โศก(โอ/กก)	mattra_family	N	N	-	khunChangKhunPhaen#khunChangKhunPhaen_28:97	tricky-rhyme positive
pos_010850	positive	r3_w3_w4	HP_tricky	w3	ปาน->มารร์	เจ้านิทรามารยาทไม่มีปาน	เจ้านิทรามารยาทไม่มีมารร์	อา	กน	อา	กน	ปาน	w2p	มา	w2p	ยิ่ง(อิ/กง);คิด(อิ/กด);ก็(เอาะ/กา);ยิ่ง(อิ/กง);ซ่าน(อา/กน)	karun	N	N	-	khunChangKhunPhaen#khunChangKhunPhaen_28:142	tricky-rhyme positive
pos_010851	positive	r3_w3_w4	HP_tricky	w3	มุ้ง->ถุง	ฉันปัดมันพลัดลงจากมุ้ง	ฉันปัดมันพลัดลงจากถุง	อุ	กง	อุ	กง	มุ้ง	w2p	ถุง	w2p	ถูก(อู/กก);พุง(อุ/กง);เธอ(เออ/กา);จึง(อึ/กง);ร้อง(ออ/กง)	mattra_family	N	N	-	khunChangKhunPhaen#khunChangKhunPhaen_28:154	tricky-rhyme positive
pos_010852	positive	r3_w3_w4	HP_tricky	w3	นุง->ลุ้ง	ถ้าพ่อแม่รู้ความจะลามนุง	ถ้าพ่อแม่รู้ความจะลามลุ้ง	อุ	กง	อุ	กง	นุง	w2p	ลุ้ง	w2p	จะ(อะ/กา);โกรธ(โอ/กด);ยุ่ง(อุ/กง);ไม่(ไอ/กา);ให้(ไอ/กา)	mattra_family	N	N	-	khunChangKhunPhaen#khunChangKhunPhaen_28:180	tricky-rhyme positive
pos_010853	positive	r3_w3_w4	HP_tricky	w3	ซิบ->ขลิบ	ต่างพนึงคลึงเคล้าเฝ้ากระซิบ	ต่างพนึงคลึงเคล้าเฝ้ากระขลิบ	อิ	กบ	อิ	กบ	ซิบ	w2p	ขลิบ	w2p	งุบ(อุ/กบ);งิบ(อิ/กบ);กัน(อะ/กน);จน(โอะ/กน);ม่อย(ออ/เกย)	mattra_family	N	N	-	khunChangKhunPhaen#khunChangKhunPhaen_28:195	tricky-rhyme positive
pos_010854	positive	r3_w3_w4	HP_tricky	w3	ล้วง->พ่วง	เอ็งนี้จ้วงจาบละลาบละล้วง	เอ็งนี้จ้วงจาบละลาบละพ่วง	อัว	กง	อัว	กง	ล้วง	w2p	พ่วง	w2p	บัง(อะ/กง);อาจ(อา/กด);ล่วง(อัว/กง);ลูก(อู/กก);ท่าน(อา/กน)	mattra_family	N	N	-	khunChangKhunPhaen#khunChangKhunPhaen_28:213	tricky-rhyme positive
pos_010855	positive	r3_w3_w4	HP_tricky	w3	ทิ้ง->ยิง	มิรู้ที่จะสลัดตัดทิ้ง	มิรู้ที่จะสลัดตัดยิง	อิ	กง	อิ	กง	ทิ้ง	override	ยิง	override	ถ้า(อา/กา);ขืน(อือ/กน);นิ่ง(อิ/กง);ไป(ไอ/กา);ศึก(อึ/กก)	mattra_family	N	N	-	khunChangKhunPhaen#khunChangKhunPhaen_28:216	tricky-rhyme positive
pos_010856	positive	r3_w3_w4	HP_tricky	w3	กราม->คราม	เอาแต่ใจหนุ่มตะกรุมตะกราม	เอาแต่ใจหนุ่มตะกรุมตะคราม	อา	กม	อา	กม	กราม	w2p	คราม	w2p	เกิด(เออ/กด);ความ(อา/กม);แล้ว(แอ/เกอว);มา(อา/กา);ง้อ(ออ/กา)	mattra_family	N	N	-	khunChangKhunPhaen#khunChangKhunPhaen_28:222	tricky-rhyme positive
pos_010857	positive	r3_w3_w4	HP_tricky	w3	งาย->กายส์	พ่อแผนจะไปแต่ในงาย	พ่อแผนจะไปแต่ในกายส์	อา	เกย	อา	เกย	งาย	w2p	กาด	w2p	สาย(อา/เกย);แล้ว(แอ/เกอว);สำ(อำ/กา);รับ(อะ/กบ);ไม่(ไอ/กา)	karun	N	N	-	khunChangKhunPhaen#khunChangKhunPhaen_28:236	tricky-rhyme positive
pos_010858	positive	r3_w3_w4	HP_tricky	w3	แทน->แบนด์	ขอไปแม่จะได้ที่ไหนแทน	ขอไปแม่จะได้ที่ไหนแบนด์	แอ	กน	แอ	กน	แทน	override	แบน	w2p	พ่อ(ออ/กา);แผน(แอ/กน);ก็(เอาะ/กา);จำ(อำ/กา);เพาะ(เอาะ/กา)	karun	N	Y	-	khunChangKhunPhaen#khunChangKhunPhaen_28:256	tricky-rhyme positive
pos_010859	positive	r3_w3_w4	HP_tricky	w3	นะ->จระ	ไว้นอนเล่นเย็นเช้านะเจ้านะ	ไว้นอนเล่นเย็นเช้านะเจ้าจระ	อะ	กา	อะ	กา	นะ	override	จะระ	w2p	พี่(อี/กา);จะ(อะ/กา);เฝ้า(เอา/กา);ถนอม(ออ/กม);กล่อม(ออ/กม)	mattra_family	N	N	-	khunChangKhunPhaen#khunChangKhunPhaen_28:294	tricky-rhyme positive
pos_010860	positive	r3_w3_w4	HP_tricky	w3	นิล->ติน	บ้างใสสดหยดย้อยเหมือนพลอยนิล	บ้างใสสดหยดย้อยเหมือนพลอยติน	อิ	กน	อิ	กน	นิล	override	ติน	w2p	บ้าง(อา/กง);เหมือน(เอือ/กน);กลิ่น(อิ/กน);พู่(อู/กา);ร้อย(ออ/เกย)	mattra_family	N	N	-	khunChangKhunPhaen#khunChangKhunPhaen_28:339	tricky-rhyme positive
pos_010861	positive	r3_w3_w4	HP_tricky	w3	ลิบ->ลิปส์	บ้างปอดแป้วเป็นพูดูลิบลิบ	บ้างปอดแป้วเป็นพูดูลิบลิปส์	อิ	กบ	อิ	กบ	ลิบ	w2p	ลิบ	w2p	โล่ง(โอ/กง);ตลิบ(อิ/กบ);แล(แอ/กา);ตลอด(ออ/กด);ยอด(ออ/กด)	karun	N	N	-	khunChangKhunPhaen#khunChangKhunPhaen_28:342	tricky-rhyme positive
pos_010862	positive	r3_w3_w4	HP_tricky	w3	พนม->ชม	ตะวันชายบ่ายรังบังพนม	ตะวันชายบ่ายรังบังชม	โอะ	กม	โอะ	กม	พะนม	w2p	ชม	override	เพลา(เอา/กา);ลม(โอะ/กม);ตก(โอะ/กก);ตัด(อะ/กด);ออก(ออ/กก)	mattra_family	N	Y	-	khunChangKhunPhaen#khunChangKhunPhaen_28:353	tricky-rhyme positive
pos_010863	positive	r3_w3_w4	HP_tricky	w3	เอิญ->เขิน	เมื่อถึงวันจะบรรลัยให้บังเอิญ	เมื่อถึงวันจะบรรลัยให้บังเขิน	เออ	กน	เออ	กน	เอิน	w2p	เขิน	override	เจ้า(เอา/กา);ลูก(อู/กก);เพลิน(เออ/กน);รับ(อะ/กบ);ซอ(ออ/กา)	mattra_family	N	N	-	khunChangKhunPhaen#khunChangKhunPhaen_28:376	tricky-rhyme positive
pos_010864	positive	r3_w3_w4	HP_tricky	w3	มอม->หง่อม	ไม่ถูกน้ำเนื้อตัวก็มัวมอม	ไม่ถูกน้ำเนื้อตัวก็มัวหง่อม	ออ	กม	ออ	กม	มอม	w2p	หง่อม	w2p	ต้อง(ออ/กง);อด(โอะ/กด);ออม(ออ/กม);เฝ้า(เอา/กา);สะ(อะ/กา)	mattra_family	N	N	-	khunChangKhunPhaen#khunChangKhunPhaen_29:1	tricky-rhyme positive
pos_010865	positive	r3_w3_w4	HP_tricky	w3	โจม->โอม	ใส่ตุ้มหูห่มสไบไขว้กระโจม	ใส่ตุ้มหูห่มสไบไขว้กระโอม	โอ	กม	โอ	กม	โจม	w2p	โอม	w2p	ผ้า(อา/กา);ขาว(อา/เกอว);โขม(โอ/กม);พัตร(อะ/กด);นุ่ง(อุ/กง)	mattra_family	N	N	-	khunChangKhunPhaen#khunChangKhunPhaen_29:17	tricky-rhyme positive
pos_010866	positive	r3_w3_w4	HP_tricky	w3	ชะ->ฎะ	ผูกพันกระสันเครื่องเรืองเดชะ	ผูกพันกระสันเครื่องเรืองเดฎะ	อะ	กา	อะ	กา	ชะ	override	ดะ	w2p	เข็ม(เอะ/กม);ขัด(อะ/กด);ปะ(อะ/กา);ขมอง(ออ/กง);พราย(อา/เกย)	mattra_family	N	N	-	khunChangKhunPhaen#khunChangKhunPhaen_29:36	tricky-rhyme positive
pos_010867	positive	r3_w3_w4	HP_tricky	w3	คาน->ผ่าน	ฉวยไม้คานตีผลับแกจับคาน	ฉวยไม้คานตีผลับแกจับผ่าน	อา	กน	อา	กน	คาน	w2p	ผ่าน	override	พลัด(อะ/กด);ตก(โอะ/กก);ร้าน(อา/กน);ล้ม(โอะ/กม);เค้ลง(เอ/กง)	mattra_family	N	N	-	khunChangKhunPhaen#khunChangKhunPhaen_29:79	tricky-rhyme positive
pos_010868	positive	r3_w3_w4	HP_tricky	w3	อง->ฌงค์	เข็มขัดขมองโขมดคาดดูอาจอง	เข็มขัดขมองโขมดคาดดูอาจฌงค์	โอะ	กง	โอะ	กง	อง	w2p	ง่	w2p	แล้ว(แอ/เกอว);ประ(อะ/กา);จง(โอะ/กง);โพก(โอ/กก);ประ(อะ/กา)	karun	N	Y	-	khunChangKhunPhaen#khunChangKhunPhaen_29:94	tricky-rhyme positive
pos_010869	positive	r3_w3_w4	HP_tricky	w3	เทง->เผง	อ้ายบางคนแก้ผ้ามาโทงเทง	อ้ายบางคนแก้ผ้ามาโทงเผง	เอ	กง	เอ	กง	เทง	w2p	เผง	w2p	โรง(โอ/กง);กู(อู/กา);เอง(เอ/กง);ก็(เอาะ/กา);หาย(อา/เกย)	mattra_family	N	N	-	khunChangKhunPhaen#khunChangKhunPhaen_29:154	tricky-rhyme positive
pos_010870	positive	r3_w3_w4	HP_tricky	w3	คลาง->หว่าง	อ่านดูรู้แจ้งไม่แคลงคลาง	อ่านดูรู้แจ้งไม่แคลงหว่าง	อา	กง	อา	กง	คลาง	w2p	หว่าง	override	ก็(เอาะ/กา);แบก(แอ/กก);วาง(อา/กง);เข้า(เอา/กา);มา(อา/กา)	mattra_family	N	N	-	khunChangKhunPhaen#khunChangKhunPhaen_29:157	tricky-rhyme positive
pos_010871	positive	r3_w3_w4	HP_tricky	w3	โท->โซ่	สามสิบห้าถึงจะกล้าเป็นเอกโท	สามสิบห้าถึงจะกล้าเป็นเอกโซ่	โอ	กา	โอ	กา	โท	w2p	โซ่	w2p	อ้าย(อา/เกย);คน(โอะ/กน);โซ(โอ/กา);ก็(เอาะ/กา);จะ(อะ/กา)	mattra_family	N	N	-	khunChangKhunPhaen#khunChangKhunPhaen_29:187	tricky-rhyme positive
pos_010872	positive	r3_w3_w4	HP_tricky	w3	งัง->ครั้ง	สีข้างสักอักขระนะจังงัง	สีข้างสักอักขระนะจังครั้ง	อะ	กง	อะ	กง	งัง	w2p	ครั้ง	override	ศีร(อี/กน);ษะ(อะ/กา);ฝัง(อะ/กง);พลอย(ออ/เกย);นิล(อิ/กน)	mattra_family	N	N	-	khunChangKhunPhaen#khunChangKhunPhaen_29:209	tricky-rhyme positive
pos_010873	positive	r3_w3_w4	HP_tricky	w3	วาว->ขาว	คาดตะกรุดเครื่องรางปรอทวาว	คาดตะกรุดเครื่องรางปรอทขาว	อา	เกอว	อา	เกอว	วาว	w2p	ขาว	override	ใส่(ไอ/กา);แหวน(แอ/กน);เพชร(เอ/กด);เม็ด(เอะ/กด);พราว(อา/เกอว)	mattra_family	N	N	-	khunChangKhunPhaen#khunChangKhunPhaen_29:222	tricky-rhyme positive
pos_010874	positive	r3_w3_w4	HP_tricky	w3	กง->ฉง	กับเจ้าพลายท้ายน้ำกึงกำกง	กับเจ้าพลายท้ายน้ำกึงกำฉง	โอะ	กง	โอะ	กง	กง	w2p	ฉะหง	w2p	นั่ง(อะ/กง);ปรึก(อึ/กก);ษา(อา/กา);การ(อา/กน);ณรงค์(โอะ/กง)	mattra_family	N	N	-	khunChangKhunPhaen#khunChangKhunPhaen_29:251	tricky-rhyme positive
pos_010875	positive	r3_w3_w4	HP_tricky	w3	เบือ->เชื้อ	ฝีมือใครไพร่ลาวแหลกเป็นเบือ	ฝีมือใครไพร่ลาวแหลกเป็นเชื้อ	เอือ	กา	เอือ	กา	เบือ	w2p	เชื้อ	override	อย่า(อา/กา);หลง(โอะ/กง);เชื่อ(เอือ/กา);ว่า(อา/กา);ผู้(อู/กา)	mattra_family	N	N	-	khunChangKhunPhaen#khunChangKhunPhaen_29:300	tricky-rhyme positive
pos_010876	positive	r3_w3_w4	HP_tricky	w3	เชียร->เสมียน	แล้วรำท่ามังกรช้อนวิเชียร	แล้วรำท่ามังกรช้อนวิเสมียน	เอีย	กน	เอีย	กน	เชียน	w2p	สะเหมียน	w2p	ผลัด(อะ/กด);เปลี่ยน(เอีย/กน);ว่อง(ออ/กง);ไว(ไอ/กา);ไม่(ไอ/กา)	mattra_family	N	N	-	khunChangKhunPhaen#khunChangKhunPhaen_29:307	tricky-rhyme positive
pos_010877	positive	r3_w3_w4	HP_tricky	w3	ทุบ->ครุบ	เพชรกล้ากลับด้ำเข้าตำทุบ	เพชรกล้ากลับด้ำเข้าตำครุบ	อุ	กบ	อุ	กบ	ทุบ	w2p	ครุบ	w2p	ถูก(อู/กก);เนื้อ(เอือ/กา);ยุบ(อุ/กบ);พอ(ออ/กา);ขยาย(อา/เกย)	mattra_family	N	N	-	khunChangKhunPhaen#khunChangKhunPhaen_29:312	tricky-rhyme positive
pos_010878	positive	r3_w3_w4	HP_tricky	w3	แพ้->แท้	ต้องใช้มนตร์ทางในให้มันแพ้	ต้องใช้มนตร์ทางในให้มันแท้	แอ	กา	แอ	กา	แพ้	override	แท้	override	ก็(เอาะ/กา);ชัก(อะ/กก);ม้า(อา/กา);รา(อา/กา);แต้(แอ/กา)	mattra_family	N	Y	-	khunChangKhunPhaen#khunChangKhunPhaen_29:315	tricky-rhyme positive
pos_010879	positive	r3_w3_w4	HP_tricky	w3	เคาะ->เกาะ	พิษสงเหล็กในดังใครเคาะ	พิษสงเหล็กในดังใครเกาะ	เอาะ	กา	เอาะ	กา	เคาะ	w2p	เกาะ	override	ถูก(อู/กก);เหมาะ(เอาะ/กา);เหมาะ(เอาะ/กา);ล้ม(โอะ/กม);ทับ(อะ/กบ)	mattra_family	N	N	-	khunChangKhunPhaen#khunChangKhunPhaen_29:340	tricky-rhyme positive
pos_010880	positive	r3_w3_w4	HP_tricky	w3	ฟุบ->กรุบ	เหลือทนลุกล้มลงก้มฟุบ	เหลือทนลุกล้มลงก้มกรุบ	อุ	กบ	อุ	กบ	ฟุบ	w2p	กรุบ	w2p	โดด(โอ/กด);ผลุบ(อุ/กบ);ลง(โอะ/กง);ใน(ไอ/กา);น้ำ(อำ/กา)	mattra_family	N	N	-	khunChangKhunPhaen#khunChangKhunPhaen_29:341	tricky-rhyme positive
pos_010881	positive	r3_w3_w4	HP_tricky	w3	ปำ->อ้ำ	จนตีนหลุดจากชนักหัวปักปำ	จนตีนหลุดจากชนักหัวปักอ้ำ	อำ	กา	อำ	กา	ปำ	w2p	อ้ำ	w2p	ขุน(อุ/กน);แผน(แอ/กน);ซ้ำ(อำ/กา);ลง(โอะ/กง);อิก(อิ/กก)	mattra_family	N	N	-	khunChangKhunPhaen#khunChangKhunPhaen_29:370	tricky-rhyme positive
pos_010882	positive	r3_w3_w4	HP_tricky	w3	แตน->แลนด์	ไส้ทะลักหักแหกหัวแตกแตน	ไส้ทะลักหักแหกหัวแตกแลนด์	แอ	กน	แอ	กน	แตน	w2p	แลน	w2p	ช้าง(อา/กง);ลาว(อา/เกอว);แล่น(แอ/กน);หนี(อี/กา);ออก(ออ/กก)	karun	N	N	-	khunChangKhunPhaen#khunChangKhunPhaen_29:372	tricky-rhyme positive
pos_010883	positive	r3_w3_w4	HP_tricky	w3	ค้น->ชน	ให้นึกกลัวพวกไทยจะไล่ค้น	ให้นึกกลัวพวกไทยจะไล่ชน	โอะ	กน	โอะ	กน	ค้น	w2p	ชน	w2p	เอา(เอา/กา);ซุก(อุ/กก);ซน(โอะ/กน);ลง(โอะ/กง);ไว้(ไอ/กา)	mattra_family	N	Y	-	khunChangKhunPhaen#khunChangKhunPhaen_29:418	tricky-rhyme positive
pos_010884	positive	r3_w3_w4	HP_tricky	w3	เทห์->เอ	อุตส่าห์เฝ้าเอาใจใช้อุปเทห์	อุตส่าห์เฝ้าเอาใจใช้อุปเอ	เอ	กา	เอ	กา	เท	w2p	เอ	w2p	แก่(แอ/กา);ขี้(อี/กา);เหร่(เอ/กา);ดี(อี/กา);นัก(อะ/กก)	karun	N	Y	-	khunChangKhunPhaen#khunChangKhunPhaen_30:99	tricky-rhyme positive
pos_010885	positive	r3_w3_w4	HP_tricky	w3	ปราง->ห่าง	ดูสองแก้มแจ่มเจียนผิวมะปราง	ดูสองแก้มแจ่มเจียนผิวมะห่าง	อา	กง	อา	กง	ปราง	override	ห่าง	override	ล้วน(อัว/กน);แต่(แอ/กา);อย่าง(อา/กง);สาว(อา/เกอว);ใหญ่(ไอ/กา)	mattra_family	N	N	-	khunChangKhunPhaen#khunChangKhunPhaen_30:114	tricky-rhyme positive
pos_010886	positive	r3_w3_w4	HP_tricky	w3	ครัด->พัตถ์	ดังปทุมตูมเต่งเคร่งครัด	ดังปทุมตูมเต่งเคร่งพัตถ์	อะ	กด	อะ	กด	ครัด	w2p	พัด	w2p	จำ(อำ/กา);ปา(อา/กา);ทัด(อะ/กด);ถัน(อะ/กน);ได้(ไอ/กา)	karun	N	N	-	khunChangKhunPhaen#khunChangKhunPhaen_30:118	tricky-rhyme positive
pos_010887	positive	r3_w3_w4	HP_tricky	w3	เยิน->เงิน	ฝูงประชาก็ซ้ำระยำเยิน	ฝูงประชาก็ซ้ำระยำเงิน	เออ	กน	เออ	กน	เยิน	w2p	เงิน	w2p	ต้อง(ออ/กง);เป็น(เอะ/กน);ทุกข์(อุ/กก);ฉุก(อุ/กก);เฉิน(เออ/กน)	mattra_family	N	N	-	khunChangKhunPhaen#khunChangKhunPhaen_30:196	tricky-rhyme positive
pos_010888	positive	r3_w3_w4	HP_tricky	w3	แม->แปล	ทั้งลูกเล็กเด็กกระจอมอแม	ทั้งลูกเล็กเด็กกระจอมอแปล	แอ	กา	แอ	กา	แม	w2p	แปล	w2p	บ้าง(อา/กง);ท้อง(ออ/กง);แก่(แอ/กา);ไป(ไอ/กา);ไม่(ไอ/กา)	mattra_family	N	Y	-	khunChangKhunPhaen#khunChangKhunPhaen_31:73	tricky-rhyme positive
pos_010889	positive	r3_w3_w4	HP_tricky	w3	แปลง->แกง	ท้องพระโรงก็จะร้างเป็นกลางแปลง	ท้องพระโรงก็จะร้างเป็นกลางแกง	แอ	กง	แอ	กง	แปลง	override	แกง	w2p	ที่(อี/กา);นั่ง(อะ/กง);โถง(โอ/กง);โรง(โอ/กง);แสง(แอ/กง)	mattra_family	N	N	-	khunChangKhunPhaen#khunChangKhunPhaen_31:90	tricky-rhyme positive
pos_010890	positive	r3_w3_w4	HP_tricky	w3	โทรม->โฟม	เรือนสนมทุกตำหนักจะหักโทรม	เรือนสนมทุกตำหนักจะหักโฟม	โอ	กม	โอ	กม	โซม	w2p	โฟม	w2p	ทั้ง(อะ/กง);เสา(เอา/กา);โคม(โอ/กม);สี่(อี/กา);คัน(อะ/กน)	mattra_family	N	N	-	khunChangKhunPhaen#khunChangKhunPhaen_31:91	tricky-rhyme positive
pos_010891	positive	r3_w3_w4	HP_tricky	w3	ร้าว->ดาว	ดังกฤชกรดแกระทรวงให้ร่วงร้าว	ดังกฤชกรดแกระทรวงให้ร่วงดาว	อา	เกอว	อา	เกอว	ร้าว	w2p	ดาว	override	อา(อา/กา);รมณ์(โอะ/กม);ราว(อา/เกอว);จะ(อะ/กา);วิ(อิ/กา)	mattra_family	N	N	-	khunChangKhunPhaen#khunChangKhunPhaen_31:94	tricky-rhyme positive
pos_010892	positive	r3_w3_w4	HP_tricky	w3	ลัก->ภักษ์	ฉวยหม่อมพลายเผลอพล้ำละล่ำละลัก	ฉวยหม่อมพลายเผลอพล้ำละล่ำละภักษ์	อะ	กก	อะ	กก	ลัก	override	พัก	w2p	ทำ(อำ/กา);บุ้ย(อุ/เกย);ใบ้(ไอ/กา);ทาย(อา/เกย);ทัก(อะ/กก)	karun	N	N	-	khunChangKhunPhaen#khunChangKhunPhaen_31:162	tricky-rhyme positive
pos_010893	positive	r3_w3_w4	HP_tricky	w3	ซุก->หุก	บ้างนั่งมองบ้างเบียดเข้าเสียดซุก	บ้างนั่งมองบ้างเบียดเข้าเสียดหุก	อุ	กก	อุ	กก	ซุก	w2p	หุด	w2p	ฉุก(อุ/กก);ละ(อะ/กา);หุก(อุ/กก);เสียง(เอีย/กง);สนั่น(อะ/กน)	mattra_family	N	N	-	khunChangKhunPhaen#khunChangKhunPhaen_31:204	tricky-rhyme positive
pos_010894	positive	r3_w3_w4	HP_tricky	w3	นิ้ว->จิว	แหวนทับทิมวงใหม่เอาใส่นิ้ว	แหวนทับทิมวงใหม่เอาใส่จิว	อิ	เกอว	อิ	เกอว	นิ้ว	w2p	จิว	w2p	ถือ(อือ/กา);เช็ด(เอะ/กด);หน้า(อา/กา);ผ้า(อา/กา);ริ้ว(อิ/เกอว)	mattra_family	N	N	-	khunChangKhunPhaen#khunChangKhunPhaen_31:211	tricky-rhyme positive
pos_010895	positive	r3_w3_w4	HP_tricky	w3	เบือน->เพื่อน	นี่แก้วพี่หลับสนิทฤๅบิดเบือน	นี่แก้วพี่หลับสนิทฤๅบิดเพื่อน	เอือ	กน	เอือ	กน	เบือน	w2p	เพื่อน	override	อา(อา/กา);รมณ์(โอะ/กม);เตือน(เอือ/กน);นั่ง(อะ/กง);เคียง(เอีย/กง)	mattra_family	N	N	-	khunChangKhunPhaen#khunChangKhunPhaen_31:218	tricky-rhyme positive
pos_010896	positive	r3_w3_w4	HP_tricky	w3	ทนาย->หาย	ออกมาเรียกหาบ่าวเหล่าทนาย	ออกมาเรียกหาบ่าวเหล่าหาย	อา	เกย	อา	เกย	ทะยาน	w2p	หาย	override	แล้ว(แอ/เกอว);เยื้อง(เอือ/กง);กราย(อา/เกย);ตรง(โอะ/กง);มา(อา/กา)	mattra_family	N	N	-	khunChangKhunPhaen#khunChangKhunPhaen_31:256	tricky-rhyme positive
pos_010897	positive	r3_w3_w4	HP_tricky	w3	ชุด->วุด	พวกอาสาคุมมาเป็นชุดชุด	พวกอาสาคุมมาเป็นชุดวุด	อุ	กด	อุ	กด	ชุด	w2p	วุด	w2p	อุต(อุ/กด);ลุด(อุ/กด);ขับ(อะ/กบ);ต้อน(ออ/กน);ไม่(ไอ/กา)	mattra_family	N	N	-	khunChangKhunPhaen#khunChangKhunPhaen_31:261	tricky-rhyme positive
pos_010898	positive	r3_w3_w4	HP_tricky	w3	เปีย->เษียร์	อย่าใจเติบเกินตัวไปปัวเปีย	อย่าใจเติบเกินตัวไปปัวเษียร์	เอีย	กา	เอีย	กา	เปีย	w2p	เสีย	w2p	ละ(อะ/กา);ห้อย(ออ/เกย);ละ(อะ/กา);เหี่ย(เอีย/กา);ถึง(อึ/กง)	karun	N	N	-	khunChangKhunPhaen#khunChangKhunPhaen_31:280	tricky-rhyme positive
pos_010899	positive	r3_w3_w4	HP_tricky	w3	ทง->บ่ง	จะตรองตรึกนึกไว้ให้ทุกกระทง	จะตรองตรึกนึกไว้ให้ทุกกระบ่ง	โอะ	กง	โอะ	กง	ทง	w2p	บ่ง	w2p	อย่า(อา/กา);ลืม(อือ/กม);หลง(โอะ/กง);เค้า(เอา/กา);มูล(อู/กน)	mattra_family	N	Y	-	khunChangKhunPhaen#khunChangKhunPhaen_32:19	tricky-rhyme positive
pos_010900	positive	rX_inter	HP_tricky	w2	ผม->ต้ม	ขอประคองคุณใส่ไว้เหนือผม	ขอประคองคุณใส่ไว้เหนือต้ม	โอะ	กม	โอะ	กม	ผม	w2p	ต้ม	w2p	รมย์(โอะ/กม)	mattra_family	N	Y	-	SuphasaetSonYing#SuphasaetSonYing_1:1	tricky-rhyme positive
pos_010901	positive	rX_inter	HP_tricky	w2	หาง->คลาง	ดูเยี่ยงยูงแววยังมีที่วงหาง	ดูเยี่ยงยูงแววยังมีที่วงคลาง	อา	กง	อา	กง	หาง	override	คลาง	w2p	นาง(อา/กง)	mattra_family	N	N	-	SuphasaetSonYing#SuphasaetSonYing_1:5	tricky-rhyme positive
pos_010902	positive	rX_inter	HP_tricky	w2	หงส์->ดงค์	ว่าฉลาดแต่งร่างเหมือนอย่างหงส์	ว่าฉลาดแต่งร่างเหมือนอย่างดงค์	โอะ	กง	โอะ	กง	หง	override	ดง	w2p	ทรง(โอะ/กง)	karun	N	Y	-	SuphasaetSonYing#SuphasaetSonYing_1:8	tricky-rhyme positive
pos_010903	positive	rX_inter	HP_tricky	w2	สนาม->ลาม	ค่อยเยื้องยาตรยกย่างไปกลางสนาม	ค่อยเยื้องยาตรยกย่างไปกลางลาม	อา	กม	อา	กม	สะหนาม	override	ลาม	w2p	งาม(อา/กม)	mattra_family	N	N	-	SuphasaetSonYing#SuphasaetSonYing_1:9	tricky-rhyme positive
pos_010904	positive	rX_inter	HP_tricky	w2	ถือ->มือ	ผิดระบอบแบบกระบวนอย่าควรถือ	ผิดระบอบแบบกระบวนอย่าควรมือ	อือ	กา	อือ	กา	ถือ	override	มือ	override	รือ(อือ/กา)	mattra_family	N	N	-	SuphasaetSonYing#SuphasaetSonYing_1:11	tricky-rhyme positive
pos_010905	positive	rX_inter	HP_tricky	w2	แส->แผล	เหมือนทำนองแนะออกบอกกระแส	เหมือนทำนองแนะออกบอกกระแผล	แอ	กา	แอ	กา	แส	w2p	แผล	override	แล(แอ/กา)	mattra_family	N	Y	-	SuphasaetSonYing#SuphasaetSonYing_1:14	tricky-rhyme positive
pos_010906	positive	rX_inter	HP_tricky	w2	สม->ซม	มิใช่จักตัดทางที่สร้างสม	มิใช่จักตัดทางที่สร้างซม	โอะ	กม	โอะ	กม	สม	override	ซม	w2p	คม(โอะ/กม)	mattra_family	N	N	-	SuphasaetSonYing#SuphasaetSonYing_1:15	tricky-rhyme positive
pos_010907	positive	rX_inter	HP_tricky	w2	ผยอง->คล้อง	ก็นิราศแรมจรัลผันผยอง	ก็นิราศแรมจรัลผันคล้อง	ออ	กง	ออ	กง	ผะหยอง	override	คล้อง	w2p	ปอง(ออ/กง)	mattra_family	N	N	-	SuphasaetSonYing#SuphasaetSonYing_1:18	tricky-rhyme positive
pos_010908	positive	rX_inter	HP_tricky	w2	อย่าง->ล่าง	สารพัดเขาจะพูดนี้สุดอย่าง	สารพัดเขาจะพูดนี้สุดล่าง	อา	กง	อา	กง	อย่าง	override	ล่าง	w2p	พลาง(อา/กง)	mattra_family	N	N	-	SuphasaetSonYing#SuphasaetSonYing_1:21	tricky-rhyme positive
pos_010909	positive	rX_inter	HP_tricky	w2	โผง->โครง	ใครบนบานเข้าสักหน่อยก็พลอยโผง	ใครบนบานเข้าสักหน่อยก็พลอยโครง	โอ	กง	โอ	กง	โผง	w2p	โครง	w2p	โกง(โอ/กง)	mattra_family	N	N	-	SuphasaetSonYing#SuphasaetSonYing_1:24	tricky-rhyme positive
pos_010910	positive	rX_inter	HP_tricky	w2	ฉาว->หาว	ให้พอใจชกตีเขามี่ฉาว	ให้พอใจชกตีเขามี่หาว	อา	เกอว	อา	เกอว	ฉาว	w2p	หวาว	w2p	ราว(อา/เกอว)	mattra_family	N	N	-	SuphasaetSonYing#SuphasaetSonYing_1:28	tricky-rhyme positive
pos_010911	positive	rX_inter	HP_tricky	w2	เหลือง->เคือง	ครั้นได้คิดจิตตรอมออกผอมเหลือง	ครั้นได้คิดจิตตรอมออกผอมเคือง	เอือ	กง	เอือ	กง	เหลือง	override	เคือง	override	เมือง(เอือ/กง)	mattra_family	N	N	-	SuphasaetSonYing#SuphasaetSonYing_1:35	tricky-rhyme positive
pos_010912	positive	rX_inter	HP_tricky	w2	ขนม->ปฐม	หมายจะกองทุนสินกินขนม	หมายจะกองทุนสินกินปฐม	โอะ	กม	โอะ	กม	ขะหนม	w2p	ปะถม	w2p	ตม(โอะ/กม)	mattra_family	N	N	-	SuphasaetSonYing#SuphasaetSonYing_1:46	tricky-rhyme positive
pos_010913	positive	rX_inter	HP_tricky	w2	แจ๋->แค่	อย่าเที่ยวพล่านพูดผลอประจ๋อประแจ๋	อย่าเที่ยวพล่านพูดผลอประจ๋อประแค่	แอ	กา	แอ	กา	แจ๋	w2p	แค่	w2p	แช(แอ/กา)	mattra_family	N	Y	-	SuphasaetSonYing#SuphasaetSonYing_1:52	tricky-rhyme positive
pos_010914	positive	rX_inter	HP_tricky	w2	สงค์->บ่ง	อย่าให้ขาดสิ่งของต้องประสงค์	อย่าให้ขาดสิ่งของต้องประบ่ง	โอะ	กง	โอะ	กง	สง	w2p	บ่ง	w2p	ลง(โอะ/กง)	karun	N	Y	-	SuphasaetSonYing#SuphasaetSonYing_1:54	tricky-rhyme positive
pos_010915	positive	rX_inter	HP_tricky	w2	ถม->ขรม	ทำพูดแก้เกลื่อนกลับจะทับถม	ทำพูดแก้เกลื่อนกลับจะทับขรม	โอะ	กม	โอะ	กม	ถม	w2p	ขะหรม	w2p	รมณ์(โอะ/กม)	mattra_family	N	Y	-	SuphasaetSonYing#SuphasaetSonYing_1:60	tricky-rhyme positive
pos_010916	positive	rX_inter	HP_tricky	w2	หรณ์->หม่อน	เทพเจ้าท่านก็แช่งแสร้งสังหรณ์	เทพเจ้าท่านก็แช่งแสร้งสังหม่อน	ออ	กน	ออ	กน	หอน	w2p	หม่อน	w2p	ฟอน(ออ/กน)	karun	N	Y	-	SuphasaetSonYing#SuphasaetSonYing_1:62	tricky-rhyme positive
pos_010917	positive	rX_inter	HP_tricky	w2	สถุล->วุ่น	จะเสื่อมศักดิ์เสียเช่นเป็นสถุล	จะเสื่อมศักดิ์เสียเช่นเป็นวุ่น	อุ	กน	อุ	กน	สะถุน	override	วุ่น	override	รุณ(อุ/กน)	mattra_family	N	N	-	SuphasaetSonYing#SuphasaetSonYing_1:64	tricky-rhyme positive
pos_010918	positive	rX_inter	HP_tricky	w2	ถัง->ฟังก์	จงหลีกเลี่ยงเสียให้พ้นคนขี้ถัง	จงหลีกเลี่ยงเสียให้พ้นคนขี้ฟังก์	อะ	กง	อะ	กง	ถัง	w2p	ฟัง	w2p	จัง(อะ/กง)	karun	N	N	-	SuphasaetSonYing#SuphasaetSonYing_1:65	tricky-rhyme positive
pos_010919	positive	rX_inter	HP_tricky	w2	สุม->ตุ้ม	ให้พ้นคาวข่าวชั่วเข้ามั่วสุม	ให้พ้นคาวข่าวชั่วเข้ามั่วตุ้ม	อุ	กม	อุ	กม	สุม	w2p	ตุ้ม	w2p	กุม(อุ/กม)	mattra_family	N	N	-	SuphasaetSonYing#SuphasaetSonYing_1:66	tricky-rhyme positive
pos_010920	positive	rX_inter	HP_tricky	w2	หยาม->ฟาร์ม	อย่าโกรธเกรี้ยวโกรธาว่าหยาบหยาม	อย่าโกรธเกรี้ยวโกรธาว่าหยาบฟาร์ม	อา	กม	อา	กม	หยาม	w2p	ฟาม	w2p	ความ(อา/กม)	karun	N	N	-	SuphasaetSonYing#SuphasaetSonYing_1:71	tricky-rhyme positive
pos_010921	positive	rX_inter	HP_tricky	w2	สาง->ฎางค์	อย่าหลับไหลลืมกายจนสายสาง	อย่าหลับไหลลืมกายจนสายฎางค์	อา	กง	อา	กง	สาง	override	งาง	w2p	นาง(อา/กง)	karun	N	N	-	SuphasaetSonYing#SuphasaetSonYing_1:75	tricky-rhyme positive
pos_010922	positive	rX_inter	HP_tricky	w2	หัว->พัว	ไม่อาฌาเขาจะพากันยิ้มหัว	ไม่อาฌาเขาจะพากันยิ้มพัว	อัว	กา	อัว	กา	หัว	override	พัว	w2p	ตัว(อัว/กา)	true_final	N	N	-	SuphasaetSonYing#SuphasaetSonYing_1:76	tricky-rhyme positive
pos_010923	positive	rX_inter	HP_tricky	w2	สลาย->ยาย	อย่ายิ้มนักเสียสง่าพาสลาย	อย่ายิ้มนักเสียสง่าพายาย	อา	เกย	อา	เกย	สะหลาย	w2p	ยาย	override	สบาย(อา/เกย)	mattra_family	N	N	-	SuphasaetSonYing#SuphasaetSonYing_1:77	tricky-rhyme positive
pos_010924	positive	rX_inter	HP_tricky	w2	เหลิง->เปิง	อย่าทาแป้งจับกระเหม่าเข้าจนเหลิง	อย่าทาแป้งจับกระเหม่าเข้าจนเปิง	เออ	กง	เออ	กง	เหลิง	w2p	เปิง	w2p	เริง(เออ/กง)	mattra_family	N	N	-	SuphasaetSonYing#SuphasaetSonYing_1:78	tricky-rhyme positive
pos_010925	positive	rX_inter	HP_tricky	w2	เฉง->เค้ง	อย่าเอาอย่างหญิงโกงที่โฉงเฉง	อย่าเอาอย่างหญิงโกงที่โฉงเค้ง	เอ	กง	เอ	กง	เฉง	w2p	เค้ง	w2p	เกรง(เอ/กง)	mattra_family	N	N	-	SuphasaetSonYing#SuphasaetSonYing_1:83	tricky-rhyme positive
pos_010926	positive	rX_inter	HP_tricky	w2	เสริญ->เอิน	ค่อยผันผ่อนทีหลังเขาสรรเสริญ	ค่อยผันผ่อนทีหลังเขาสรรเอิน	เออ	กน	เออ	กน	เสิยน	w2p	เอิน	w2p	เกิน(เออ/กน)	mattra_family	N	N	-	SuphasaetSonYing#SuphasaetSonYing_1:85	tricky-rhyme positive
pos_010927	positive	rX_inter	HP_tricky	w2	เจ็บ->เห็บ	จะเอาขวานเข้าไปถากไม่อยากเจ็บ	จะเอาขวานเข้าไปถากไม่อยากเห็บ	เอะ	กบ	เอะ	กบ	เจ็บ	override	เห็บ	w2p	เล็บ(เอะ/กบ)	mattra_family	N	N	-	SuphasaetSonYing#SuphasaetSonYing_1:99	tricky-rhyme positive
pos_010928	positive	rX_inter	HP_tricky	w2	ผืน->ตื่น	จนชั้นผ้าไม่ติดตัวแต่สักผืน	จนชั้นผ้าไม่ติดตัวแต่สักตื่น	อือ	กน	อือ	กน	ผืน	w2p	ตื่น	override	คืน(อือ/กน)	mattra_family	N	N	-	SuphasaetSonYing#SuphasaetSonYing_1:102	tricky-rhyme positive
pos_010929	positive	rX_inter	HP_tricky	w2	จบ->ฉบบ	จำจะบวกบอกใส่เสียให้จบ	จำจะบวกบอกใส่เสียให้ฉบบ	โอะ	กบ	โอะ	กบ	จบ	override	ฉะบบ	w2p	คบ(โอะ/กบ)	mattra_family	N	Y	-	SuphasaetSonYing#SuphasaetSonYing_1:103	tricky-rhyme positive
pos_010930	positive	rX_inter	HP_tricky	w2	หอย->จอยท์	เขารู้ทันอยู่ว่าเช่นเจ้าเป็นหอย	เขารู้ทันอยู่ว่าเช่นเจ้าเป็นจอยท์	ออ	เกย	ออ	เกย	หอย	override	จอย	w2p	นอย(ออ/เกย)	karun	N	Y	-	SuphasaetSonYing#SuphasaetSonYing_1:107	tricky-rhyme positive
pos_010931	positive	rX_inter	HP_tricky	w2	สน->สณฑ์	เห็นหาง่ายสารพัดไม่ขัดสน	เห็นหาง่ายสารพัดไม่ขัดสณฑ์	โอะ	กน	โอะ	กน	สน	w2p	สน	w2p	ชน(โอะ/กน)	karun	N	Y	-	SuphasaetSonYing#SuphasaetSonYing_1:110	tricky-rhyme positive
pos_010932	positive	rX_inter	HP_tricky	w2	สาม->ชาม	ทรลักษณ์เหลือตัวชั่วซำสาม	ทรลักษณ์เหลือตัวชั่วซำชาม	อา	กม	อา	กม	สาม	override	ชาม	w2p	งาม(อา/กม)	mattra_family	N	N	-	SuphasaetSonYing#SuphasaetSonYing_1:117	tricky-rhyme positive
pos_010933	positive	rX_inter	HP_tricky	w2	เฉลียว->เกี้ยว	สมแก่ผู้ที่ไม่ตรึกนึกเฉลียว	สมแก่ผู้ที่ไม่ตรึกนึกเกี้ยว	เอีย	เกอว	เอีย	เกอว	ฉะเหลียว	override	เกี้ยว	override	เดียว(เอีย/เกอว)	mattra_family	N	N	-	SuphasaetSonYing#SuphasaetSonYing_1:118	tricky-rhyme positive
pos_010934	positive	rX_inter	HP_tricky	w2	สัน->สวรรค์	ทำให้ชายเคืองแค้นแสนกระสัน	ทำให้ชายเคืองแค้นแสนกระสวรรค์	อะ	กน	อะ	กน	สัน	w2p	สะหวัน	override	ฟัน(อะ/กน)	karun	N	N	-	SuphasaetSonYing#SuphasaetSonYing_1:122	tricky-rhyme positive
pos_010935	positive	rX_inter	HP_tricky	w2	โขน->โอลด์	จนฦๅดังข่าวก้องดังกลองโขน	จนฦๅดังข่าวก้องดังกลองโอลด์	โอ	กน	โอ	กน	โขน	w2p	โอน	w2p	โจร(โอ/กน)	karun	N	Y	-	SuphasaetSonYing#SuphasaetSonYing_1:123	tricky-rhyme positive
pos_010936	positive	rX_inter	HP_tricky	w2	เฉย->เวย	ต้องเป็นเรือขึ้นคานอยู่เฉยเฉย	ต้องเป็นเรือขึ้นคานอยู่เฉยเวย	เออ	เกย	เออ	เกย	เฉย	override	เวย	w2p	เชย(เออ/เกย)	mattra_family	N	N	-	SuphasaetSonYing#SuphasaetSonYing_1:124	tricky-rhyme positive
pos_010937	positive	rX_inter	HP_tricky	w2	ขน->ร่น	เป็นโรครักเกิดมารศีรษะขน	เป็นโรครักเกิดมารศีรษะร่น	โอะ	กน	โอะ	กน	ขน	override	ร่น	w2p	ตน(โอะ/กน)	mattra_family	N	Y	-	SuphasaetSonYing#SuphasaetSonYing_1:128	tricky-rhyme positive
pos_010938	positive	rX_inter	HP_tricky	w2	เหลือ->เบือ	เหมือนไม่เคยพบปะจะกละเหลือ	เหมือนไม่เคยพบปะจะกละเบือ	เอือ	กา	เอือ	กา	เหลือ	override	เบือ	w2p	เครือ(เอือ/กา)	mattra_family	N	N	-	SuphasaetSonYing#SuphasaetSonYing_1:133	tricky-rhyme positive
pos_010939	positive	rX_inter	HP_tricky	w2	เหง->เลง	เขาเฆี่ยนขับตีด่าว่าข่มเหง	เขาเฆี่ยนขับตีด่าว่าข่มเลง	เอ	กง	เอ	กง	เหง	w2p	เลง	w2p	เอง(เอ/กง)	mattra_family	N	N	-	SuphasaetSonYing#SuphasaetSonYing_1:142	tricky-rhyme positive
pos_010940	positive	rX_inter	HP_tricky	w2	ขัน->กันซ์	เขาจับได้ชายชู้ดูน่าขัน	เขาจับได้ชายชู้ดูน่ากันซ์	อะ	กน	อะ	กน	ขัน	override	กัน	w2p	ทัน(อะ/กน)	karun	N	N	-	SuphasaetSonYing#SuphasaetSonYing_1:143	tricky-rhyme positive
pos_010941	positive	rX_inter	HP_tricky	w2	มัย->วัย	ก็ไม่ชื่นชมชิดพิสมัย	ก็ไม่ชื่นชมชิดพิสวัย	อะ	เกย	อะ	เกย	ไม	w2p	ไว	w2p	ไป(ไอ/กา)	sara_norm|true_final	Y	N	-	SuphasaetSonYing#SuphasaetSonYing_1:145	tricky-rhyme positive
pos_010942	positive	rX_inter	HP_tricky	w2	ฝน->ลน	มันจึงเลยไหลฉ่ำดังน้ำฝน	มันจึงเลยไหลฉ่ำดังน้ำลน	โอะ	กน	โอะ	กน	ฝน	override	ลน	w2p	คน(โอะ/กน)	mattra_family	N	N	-	SuphasaetSonYing#SuphasaetSonYing_1:151	tricky-rhyme positive
pos_010943	positive	rX_inter	HP_tricky	w2	ขาว->ผ่าว	คงบอกเหตุรู้ว่าใช่กาขาว	คงบอกเหตุรู้ว่าใช่กาผ่าว	อา	เกอว	อา	เกอว	ขาว	override	ผ่าว	w2p	คาว(อา/เกอว)	mattra_family	N	N	-	SuphasaetSonYing#SuphasaetSonYing_1:153	tricky-rhyme positive
pos_010944	positive	rX_inter	HP_tricky	w2	ษัย->อัย	จนชีวีศรีสวัสดิ์เจ้าตัดษัย	จนชีวีศรีสวัสดิ์เจ้าตัดอัย	อะ	เกย	อะ	เกย	ไส	override	ไอ	w2p	ไร(ไอ/กา)	sara_norm|true_final	Y	N	-	SuphasaetSonYing#SuphasaetSonYing_1:163	tricky-rhyme positive
pos_010945	positive	rX_inter	HP_tricky	w2	มหันต์->ฟัน	เร่งเกรงผิดกลัวภัยใหญ่มหันต์	เร่งเกรงผิดกลัวภัยใหญ่ฟัน	อะ	กน	อะ	กน	มะหัน	w2p	ฟัน	override	ครัน(อะ/กน)	karun	N	N	-	SuphasaetSonYing#SuphasaetSonYing_1:165	tricky-rhyme positive
pos_010946	positive	rX_inter	HP_tricky	w2	สรรพ->ขลับ	น้ำล้างหน้าหาไว้ให้เสร็จสรรพ	น้ำล้างหน้าหาไว้ให้เสร็จขลับ	อะ	กบ	อะ	กบ	สับ	w2p	ขลับ	w2p	พยับ(อะ/กบ)	mattra_family	N	N	-	SuphasaetSonYing#SuphasaetSonYing_1:169	tricky-rhyme positive
pos_010947	positive	rX_inter	HP_tricky	w2	บ้วน->นวณ	ให้ผ่องใสสวยตาดูน่าบ้วน	ให้ผ่องใสสวยตาดูน่านวณ	อัว	กน	อัว	กน	บ้วน	w2p	นะวะ	w2p	นวล(อัว/กน)	mattra_family	N	Y	-	SuphasaetSonYing#SuphasaetSonYing_1:170	tricky-rhyme positive
pos_010948	positive	rX_inter	HP_tricky	w2	ศรัย->ขัย	เห็นเริงรื่นหัทยาจึงปราศรัย	เห็นเริงรื่นหัทยาจึงปราขัย	อะ	เกย	อะ	เกย	สะไร	w2p	ขัย	w2p	ใจ(ไอ/กา)	sara_norm|true_final	Y	N	-	SuphasaetSonYing#SuphasaetSonYing_1:180	tricky-rhyme positive
pos_010949	positive	rX_inter	HP_tricky	w2	เหมือน->เถื่อน	ประพฤติตามแบบแผนให้แม้นเหมือน	ประพฤติตามแบบแผนให้แม้นเถื่อน	เอือ	กน	เอือ	กน	เหมือน	override	เถื่อน	w2p	เรือน(เอือ/กน)	mattra_family	N	N	-	SuphasaetSonYing#SuphasaetSonYing_1:182	tricky-rhyme positive
pos_010950	positive	rX_inter	HP_tricky	w2	เขลา->เอาท์	รู้ปกปิดมิดโทษไม่โฉดเขลา	รู้ปกปิดมิดโทษไม่โฉดเอาท์	เอา	กา	เอา	กา	เขลา	w2p	เอา	w2p	เงา(เอา/กา)	karun	N	N	-	SuphasaetSonYing#SuphasaetSonYing_1:184	tricky-rhyme positive
pos_010951	positive	rX_inter	HP_tricky	w2	ขยิบ->คริปท์	ดูเหมือนเช่นปากว่าตาขยิบ	ดูเหมือนเช่นปากว่าตาคริปท์	อิ	กบ	อิ	กบ	ขะหยิบ	override	คะริบ	w2p	ซิบ(อิ/กบ)	karun	N	N	-	SuphasaetSonYing#SuphasaetSonYing_1:187	tricky-rhyme positive
pos_010952	positive	rX_inter	HP_tricky	w2	สู->ชู	นิ่งให้เมียเฆี่ยนด่าน่าอดสู	นิ่งให้เมียเฆี่ยนด่าน่าอดชู	อู	กา	อู	กา	สู	w2p	ชู	override	ดู(อู/กา)	mattra_family	N	N	-	SuphasaetSonYing#SuphasaetSonYing_1:191	tricky-rhyme positive
pos_010953	positive	rX_inter	HP_tricky	w2	รุษ->ยุด	ดูเหมือนไม่มีจิตผิดบุรุษ	ดูเหมือนไม่มีจิตผิดบุยุด	อุ	กด	อุ	กด	รุด	w2p	ยุด	override	ยุทธ์(อุ/กด)	mattra_family	N	N	-	SuphasaetSonYing#SuphasaetSonYing_1:192	tricky-rhyme positive
pos_010954	positive	rX_inter	HP_tricky	w2	เขียน->เจียน	ขี้เกียจจดเหน็ดเหนื่อยเมื่อยมือเขียน	ขี้เกียจจดเหน็ดเหนื่อยเมื่อยมือเจียน	เอีย	กน	เอีย	กน	เขียน	override	เจียน	w2p	เกียรณ์(เอีย/กน)	mattra_family	N	N	-	SuphasaetSonYing#SuphasaetSonYing_1:195	tricky-rhyme positive
pos_010955	positive	rX_inter	HP_tricky	w2	บั้น->หั่น	มาหาญหักปทุมมาศขาดสะบั้น	มาหาญหักปทุมมาศขาดสะหั่น	อะ	กน	อะ	กน	บั้น	w2p	หั่น	w2p	กัน(อะ/กน)	mattra_family	N	N	-	khobut#khobut_1:13	tricky-rhyme positive
pos_010956	positive	rX_inter	HP_tricky	w2	หาว->ฉาว	พระคุณนั้นล้ำฟ้าเวหาหาว	พระคุณนั้นล้ำฟ้าเวหาฉาว	อา	เกอว	อา	เกอว	หวาว	w2p	ฉาว	w2p	ราว(อา/เกอว)	mattra_family	N	N	-	khobut#khobut_1:19	tricky-rhyme positive
pos_010957	positive	rX_inter	HP_tricky	w2	เข็ญ->เซ็น	ช่วยปกเกศราชสีห์ไม่มีเข็ญ	ช่วยปกเกศราชสีห์ไม่มีเซ็น	เอะ	กน	เอะ	กน	เข็น	override	เซ็น	w2p	เย็น(เอะ/กน)	mattra_family	N	N	-	khobut#khobut_1:46	tricky-rhyme positive
pos_010958	positive	rX_inter	HP_tricky	w2	ฉัน->กรรณ์	ด้วยองค์ราชโอรสพระสุริย์ฉัน	ด้วยองค์ราชโอรสพระสุริย์กรรณ์	อะ	กน	อะ	กน	ฉัน	override	กัน	w2p	ยันต์(อะ/กน)	karun	N	N	-	khobut#khobut_1:49	tricky-rhyme positive
pos_010959	positive	rX_inter	HP_tricky	w2	ขาร->ลาน	ถ้าเว้นแต่ชีวังสิ้นสังขาร	ถ้าเว้นแต่ชีวังสิ้นสังลาน	อา	กน	อา	กน	ขาน	w2p	ลาน	override	ราญ(อา/กน)	mattra_family	N	N	-	khobut#khobut_1:69	tricky-rhyme positive
pos_010960	positive	rX_inter	HP_tricky	w2	สัญ->ถวัลย์	ไม่ม้วยมอดมรณาชีวาสัญ	ไม่ม้วยมอดมรณาชีวาถวัลย์	อะ	กน	อะ	กน	สัน	w2p	ถะหวัน	w2p	ครัน(อะ/กน)	karun	N	N	-	khobut#khobut_1:71	tricky-rhyme positive
pos_010961	positive	rX_inter	HP_tricky	w2	แหง->แอ้ง	อึกทึกฮึกหาญชาญกำแหง	อึกทึกฮึกหาญชาญกำแอ้ง	แอ	กง	แอ	กง	แหง	w2p	แ้้ง	w2p	แทง(แอ/กง)	mattra_family	N	N	-	khobut#khobut_2:7	tricky-rhyme positive
pos_010962	positive	rX_inter	HP_tricky	w2	ขวัญ->กรรจ์	สงสารสองบุตรีไม่มีขวัญ	สงสารสองบุตรีไม่มีกรรจ์	อะ	กน	อะ	กน	ขวัน	override	กัน	w2p	กัน(อะ/กน)	karun	N	N	-	khobut#khobut_2:19	tricky-rhyme positive
pos_010963	positive	rX_inter	HP_tricky	w2	ขาม->ผลาม	ใช่จะแกล้งมาข่มเหงไม่เกรงขาม	ใช่จะแกล้งมาข่มเหงไม่เกรงผลาม	อา	กม	อา	กม	ขาม	override	ผลาม	w2p	ความ(อา/กม)	mattra_family	N	N	-	khobut#khobut_3:7	tricky-rhyme positive
pos_010964	positive	rX_inter	HP_tricky	w2	ฝัน->รันซ์	ค่อยเคลิ้มจิตคลับคล้ายเหมือนใฝ่ฝัน	ค่อยเคลิ้มจิตคลับคล้ายเหมือนใฝ่รันซ์	อะ	กน	อะ	กน	ฝัน	override	รัน	w2p	พลัน(อะ/กน)	karun	N	N	-	khobut#khobut_3:53	tricky-rhyme positive
pos_010965	positive	rX_inter	HP_tricky	w2	สรง->ยงค์	หน่อนรินทร์พี่น้องทั้งสองสรง	หน่อนรินทร์พี่น้องทั้งสองยงค์	โอะ	กง	โอะ	กง	สง	override	ยง	w2p	พง(โอะ/กง)	karun	N	Y	-	khobut#khobut_4:125	tricky-rhyme positive
pos_010966	positive	rX_inter	HP_tricky	w2	หวน->ขวน	เสนาะล้ำสำเนียงร้องโหยหวน	เสนาะล้ำสำเนียงร้องโหยขวน	อัว	กน	อัว	กน	หวน	override	ขวน	w2p	บวน(อัว/กน)	mattra_family	N	N	-	khobut#khobut_4:135	tricky-rhyme positive
pos_010967	positive	rX_inter	HP_tricky	w2	ปั๋ง->หวัง	เสียงดังโปกเหวี่ยงปัดถูกหมัดปั๋ง	เสียงดังโปกเหวี่ยงปัดถูกหมัดหวัง	อะ	กง	อะ	กง	ปั๋ง	w2p	หวัง	override	ตัง(อะ/กง)	mattra_family	N	N	-	khobut#khobut_5:1	tricky-rhyme positive
pos_010968	positive	rX_inter	HP_tricky	w2	สิงห์->ลิงก์	กิเลนโจนไล่นางนรสิงห์	กิเลนโจนไล่นางนรลิงก์	อิ	กง	อิ	กง	สิง	override	ลิง	w2p	ปริง(อิ/กง)	karun	N	N	-	khobut#khobut_5:21	tricky-rhyme positive
pos_010969	positive	rX_inter	HP_tricky	w2	เนื่อง->เตื้อง	คนเกลื่อนกลาดเดินตามถนนเนื่อง	คนเกลื่อนกลาดเดินตามถนนเตื้อง	เอือ	กง	เอือ	กง	เนื่อง	override	เตื้อง	w2p	เนือง(เอือ/กง)	mattra_family	N	N	-	khobut#khobut_5:24	tricky-rhyme positive
pos_010970	positive	rX_inter	HP_tricky	w2	ปฐม->ขนม	ก็หลับเรื่อยไปแต่แรกยามปฐม	ก็หลับเรื่อยไปแต่แรกยามขนม	โอะ	กม	โอะ	กม	ปะถม	w2p	ขะหนม	w2p	รมณ์(โอะ/กม)	mattra_family	N	N	-	khobut#khobut_5:28	tricky-rhyme positive
pos_010971	positive	rX_inter	HP_tricky	w2	เขนย->เอ่ย	ไม่พลิกฟื้นทำนิ่งอิงเขนย	ไม่พลิกฟื้นทำนิ่งอิงเอ่ย	เออ	เกย	เออ	เกย	ขะเหนย	override	เอ่ย	w2p	เลย(เออ/เกย)	mattra_family	N	N	-	khobut#khobut_5:34	tricky-rhyme positive
pos_010972	positive	rX_inter	HP_tricky	w2	ศล->คณห์	จะบำหยัดบาปกรรมทำกุศล	จะบำหยัดบาปกรรมทำกุคณห์	โอะ	กน	โอะ	กน	สะละ	w2p	คะหน	w2p	ตน(โอะ/กน)	karun	N	Y	-	khobut#khobut_5:55	tricky-rhyme positive
pos_010973	positive	rX_inter	HP_tricky	w2	สมัย->หทัย	เป็นครู่พักรุ่งแจ้งปัจจุสมัย	เป็นครู่พักรุ่งแจ้งปัจจุหทัย	อะ	เกย	อะ	เกย	สะหมัย	override	หะไท	override	ลัย(อะ/เกย)	sara_norm|true_final	Y	N	-	khobut#khobut_5:56	tricky-rhyme positive
pos_010974	positive	rX_inter	HP_tricky	w2	โขง->โขลง	ใบแฉลบลับพุ่มปุ่มตะโขง	ใบแฉลบลับพุ่มปุ่มตะโขลง	โอ	กง	โอ	กง	โขง	w2p	โขลง	w2p	โรง(โอ/กง)	mattra_family	N	N	-	khobut#khobut_5:65	tricky-rhyme positive
pos_010975	positive	rX_inter	HP_tricky	w2	ดิ้น->คลินต์	เหยี่ยวประจบจับพลัดสะบัดดิ้น	เหยี่ยวประจบจับพลัดสะบัดคลินต์	อิ	กน	อิ	กน	ดิ้น	override	คลิน	w2p	กิน(อิ/กน)	karun	N	N	-	khobut#khobut_6:1	tricky-rhyme positive
pos_010976	positive	rX_inter	HP_tricky	w2	ขวาง->ฏางค์	ดีจริงแล้วคิดเหมือนใจไม่ขัดขวาง	ดีจริงแล้วคิดเหมือนใจไม่ขัดฏางค์	อา	กง	อา	กง	ขวาง	override	ตาง	w2p	นาง(อา/กง)	karun	N	N	-	khobut#khobut_7:2	tricky-rhyme positive
pos_010977	positive	rX_inter	HP_tricky	w2	ก้อง->ลอง	ไอกระแอมส่งเสียงสำเนียงก้อง	ไอกระแอมส่งเสียงสำเนียงลอง	ออ	กง	ออ	กง	ก้อง	override	ลอง	override	มอง(ออ/กง)	mattra_family	N	N	-	khobut#khobut_7:5	tricky-rhyme positive
pos_010978	positive	rX_inter	HP_tricky	w2	เฉลย->เชย	ได้ท่าทางก็ตอบสารเฉลย	ได้ท่าทางก็ตอบสารเชย	เออ	เกย	เออ	เกย	ฉะเหลย	override	เชย	override	เลย(เออ/เกย)	mattra_family	N	N	-	khobut#khobut_7:28	tricky-rhyme positive
pos_010979	positive	rX_inter	HP_tricky	w2	โหย->โวย	เรณูร่วงหอมหวนรัญจวนโหย	เรณูร่วงหอมหวนรัญจวนโวย	โอ	เกย	โอ	เกย	โหย	override	โวย	w2p	โปรย(โอ/เกย)	mattra_family	N	N	-	khobut#khobut_7:65	tricky-rhyme positive
pos_010980	positive	rX_inter	HP_tricky	w2	ล่ม->คมน์	พิศวาสใจเพียงจะเอียงล่ม	พิศวาสใจเพียงจะเอียงคมน์	โอะ	กม	โอะ	กม	ล่ม	w2p	คม	w2p	ทม(โอะ/กม)	karun	N	Y	-	khobut#khobut_8:13	tricky-rhyme positive
pos_010981	positive	rX_inter	HP_tricky	w2	เขียว->เคี้ยว	แม้นไม่คิดแล้วจะหยิกให้เนื้อเขียว	แม้นไม่คิดแล้วจะหยิกให้เนื้อเคี้ยว	เอีย	เกอว	เอีย	เกอว	เขียว	override	เคี้ยว	w2p	เดียว(เอีย/เกอว)	mattra_family	N	N	-	khobut#khobut_8:28	tricky-rhyme positive
pos_010982	positive	rX_inter	HP_tricky	w2	ขยาย->ค่าย	มณฑาทิพปทุมมาลย์บานขยาย	มณฑาทิพปทุมมาลย์บานค่าย	อา	เกย	อา	เกย	ขะหยาย	w2p	ค่าย	override	คาย(อา/เกย)	mattra_family	N	N	-	khobut#khobut_8:32	tricky-rhyme positive
pos_010983	positive	rX_inter	HP_tricky	w2	สยาม->ง่าม	มงกุฎเกศตรีภพจบสยาม	มงกุฎเกศตรีภพจบง่าม	อา	กม	อา	กม	สะหยาม	w2p	ง่าม	w2p	งาม(อา/กม)	mattra_family	N	N	-	khobut#khobut_9:28	tricky-rhyme positive
pos_010984	positive	rX_inter	HP_tricky	w2	เฉลียง->เกียง	ในขอบเขตเขาไม้ชายเฉลียง	ในขอบเขตเขาไม้ชายเกียง	เอีย	กง	เอีย	กง	ฉะเหลียง	override	เกียง	w2p	เคียง(เอีย/กง)	mattra_family	N	N	-	khobut#khobut_9:33	tricky-rhyme positive
pos_010985	positive	rX_inter	HP_tricky	w2	ขัง->ฟังค์	เป็นน้ำรินแผ่นผาคงคาขัง	เป็นน้ำรินแผ่นผาคงคาฟังค์	อะ	กง	อะ	กง	ขัง	override	ฟัง	w2p	รัง(อะ/กง)	karun	N	N	-	khobut#khobut_9:35	tricky-rhyme positive
pos_010986	positive	rX_inter	HP_tricky	w2	ดุ->พลุ	เสือสะบัดควายขวิดด้วยฤทธิ์ดุ	เสือสะบัดควายขวิดด้วยฤทธิ์พลุ	อุ	กา	อุ	กา	ดุ	w2p	พลุ	w2p	มุ(อุ/กา)	mattra_family	N	N	-	khobut#khobut_9:40	tricky-rhyme positive
pos_010987	positive	rX_inter	HP_tricky	w2	อัคร->วยัคฆ์	ก็ควรที่จะภิเษกเป็นเอกอัคร	ก็ควรที่จะภิเษกเป็นเอกวยัคฆ์	อะ	กก	อะ	กก	อักคระ	override	วะยัก	w2p	นัก(อะ/กก)	karun	N	Y	-	khobut#khobut_10:6	tricky-rhyme positive
pos_010988	positive	rX_inter	HP_tricky	w2	เฉลา->เสลา	ท่านให้ราชธิดาโฉมเฉลา	ท่านให้ราชธิดาโฉมเสลา	เอา	กา	เอา	กา	ฉะเหลา	w2p	สะเหลา	w2p	เรา(เอา/กา)	mattra_family	N	N	-	khobut#khobut_10:8	tricky-rhyme positive
pos_010989	positive	rX_inter	HP_tricky	w2	ขัณฑ์->จันต์	ภูเขาโขดล้อมรอบเป็นขอบขัณฑ์	ภูเขาโขดล้อมรอบเป็นขอบจันต์	อะ	กน	อะ	กน	ขัน	override	จัน	w2p	ครัน(อะ/กน)	karun	N	Y	-	khobut#khobut_10:21	tricky-rhyme positive
pos_010990	positive	rX_inter	HP_tricky	w2	เหนียม->เรี่ยม	เป็นยอดรักหนักจริงอย่าอายเหนียม	เป็นยอดรักหนักจริงอย่าอายเรี่ยม	เอีย	กม	เอีย	กม	เหนียม	w2p	เรี่ยม	w2p	เรียม(เอีย/กม)	mattra_family	N	N	-	khobut#khobut_10:86	tricky-rhyme positive
pos_010991	positive	rX_inter	HP_tricky	w2	วุ่น->สถุล	ไม่สบายในพระทัยให้ว้าวุ่น	ไม่สบายในพระทัยให้ว้าสถุล	อุ	กน	อุ	กน	วุ่น	override	สะถุน	override	คุณ(อุ/กน)	mattra_family	N	N	-	khobut#khobut_11:21	tricky-rhyme positive
pos_010992	positive	rX_inter	HP_tricky	w2	สึก->ปึก	มิใช่จะอยู่เป็นสงฆ์คงจะสึก	มิใช่จะอยู่เป็นสงฆ์คงจะปึก	อึ	กก	อึ	กก	สึก	w2p	ปึก	w2p	ลึก(อึ/กก)	mattra_family	N	N	-	khobut#khobut_11:26	tricky-rhyme positive
pos_010993	positive	rX_inter	HP_tricky	w2	ไสย->ไป	แล้วบินวู่ด้วยพระเวทข้างเพทไสย	แล้วบินวู่ด้วยพระเวทข้างเพทไป	ไอ	กา	ไอ	กา	ไสย	override	ไป	override	ไว้(ไอ/กา)	true_final	N	N	-	khobut#khobut_11:49	tricky-rhyme positive
pos_010994	positive	rX_inter	HP_tricky	w2	หัตถ์->กัด	เห็นเป็นเงามิใช่นางระคางหัตถ์	เห็นเป็นเงามิใช่นางระคางกัด	อะ	กด	อะ	กด	หัด	override	กัด	w2p	รัตน์(อะ/กด)	karun	N	N	-	khobut#khobut_11:53	tricky-rhyme positive
pos_010995	positive	rX_inter	HP_tricky	w2	หึง->อึง	แม่มณีสาครหล่อนจะหึง	แม่มณีสาครหล่อนจะอึง	อึ	กง	อึ	กง	หึง	override	อึง	override	คลึง(อึ/กง)	mattra_family	N	N	-	khobut#khobut_11:61	tricky-rhyme positive
pos_010996	positive	rX_inter	HP_tricky	w2	หรือ->ซื่อ	จะอาจหาญว่ากระไรพี่ได้หรือ	จะอาจหาญว่ากระไรพี่ได้ซื่อ	อือ	กา	อือ	กา	หรือ	override	ซื่อ	w2p	มือ(อือ/กา)	mattra_family	N	N	-	khobut#khobut_11:62	tricky-rhyme positive
pos_010997	positive	rX_inter	HP_tricky	w2	ขนาน->คาน	เดียรดาษพรั่งพร้อมล้อมขนาน	เดียรดาษพรั่งพร้อมล้อมคาน	อา	กน	อา	กน	ขะหนาน	w2p	คาน	w2p	การ(อา/กน)	mattra_family	N	N	-	khobut#khobut_11:79	tricky-rhyme positive
pos_010998	positive	rX_inter	HP_tricky	w2	หยุด->ชุต	ยังโต้ตอบเสียงดังไม่ยั้งหยุด	ยังโต้ตอบเสียงดังไม่ยั้งชุต	อุ	กด	อุ	กด	หยุด	override	ชุด	w2p	ภุช(อุ/กด)	mattra_family	N	N	-	khobut#khobut_11:119	tricky-rhyme positive
pos_010999	positive	rX_inter	HP_tricky	w2	หม่อม->ค่อม	ขอโทษเจ้าแม่คุณทูลกระหม่อม	ขอโทษเจ้าแม่คุณทูลกระค่อม	ออ	กม	ออ	กม	หม่อม	override	ค่อม	w2p	พร้อม(ออ/กม)	mattra_family	N	N	-	khobut#khobut_11:128	tricky-rhyme positive
pos_011000	positive	rX_inter	HP_tricky	w2	ศัย->กวัย	ขุนทองนึกเอกาลงอาศัย	ขุนทองนึกเอกาลงอากวัย	อะ	เกย	อะ	เกย	สัก	w2p	กะไว	w2p	ลัย(อะ/เกย)	sara_norm|true_final	Y	N	-	khobut#khobut_12:3	tricky-rhyme positive
pos_011001	positive	rX_inter	HP_tricky	w2	สอย->ออย	เลือดซิบซับก็ไม่ว่าอุตส่าห์สอย	เลือดซิบซับก็ไม่ว่าอุตส่าห์ออย	ออ	เกย	ออ	เกย	สอย	w2p	ออย	w2p	บอย(ออ/เกย)	mattra_family	N	N	-	khobut#khobut_12:78	tricky-rhyme positive
pos_011002	positive	rX_inter	HP_tricky	w2	เหมาะ->เลาะ	ส่ายซัดแขนกระเดียดขันขยันเหมาะ	ส่ายซัดแขนกระเดียดขันขยันเลาะ	เอาะ	กา	เอาะ	กา	เหมาะ	w2p	เลาะ	w2p	เพลาะ(เอาะ/กา)	mattra_family	N	N	-	khobut#khobut_12:79	tricky-rhyme positive
pos_011003	positive	rX_inter	HP_tricky	w2	โขยง->โพรง	ตาเถรพลัดไปเป็นลิงวิ่งโขยง	ตาเถรพลัดไปเป็นลิงวิ่งโพรง	โอ	กง	โอ	กง	ขะโหยง	override	โพรง	w2p	โพรง(โอ/กง)	mattra_family	N	N	-	khobut#khobut_12:100	tricky-rhyme positive
pos_011004	positive	rX_inter	HP_tricky	w2	สูร->จรูญ	ขจรจบปัถพินบดินทร์สูร	ขจรจบปัถพินบดินทร์จรูญ	อู	กน	อู	กน	สูน	w2p	จะรูน	w2p	มูล(อู/กน)	mattra_family	N	N	-	khobut#khobut_12:106	tricky-rhyme positive
pos_011005	positive	rX_inter	HP_tricky	w2	เลื่อง->เรื่อง	ปัจจามิตรต่างระบือออกลือเลื่อง	ปัจจามิตรต่างระบือออกลือเรื่อง	เอือ	กง	เอือ	กง	เลื่อง	w2p	เรื่อง	override	เมือง(เอือ/กง)	mattra_family	N	N	-	khobut#khobut_13:1	tricky-rhyme positive
pos_011006	positive	rX_inter	HP_tricky	w2	เฉียว->เคี่ยว	มาจี้จุดปุยนุ่นให้ฉุนเฉียว	มาจี้จุดปุยนุ่นให้ฉุนเคี่ยว	เอีย	เกอว	เอีย	เกอว	เฉียว	w2p	เคี่ยว	w2p	เดียว(เอีย/เกอว)	mattra_family	N	N	-	khobut#khobut_13:12	tricky-rhyme positive
pos_011007	positive	rX_inter	HP_tricky	w2	หงอน->ลอนช์	เล็บกระชากปากขยิกจิกเอาหงอน	เล็บกระชากปากขยิกจิกเอาลอนช์	ออ	กน	ออ	กน	หงอน	w2p	ลอน	w2p	ทร(ออ/กน)	karun	N	Y	-	khobut#khobut_13:37	tricky-rhyme positive
pos_011008	positive	rX_inter	HP_tricky	w2	ต่าง->กวาง	นำขุดเอารูปรอยได้ต่างต่าง	นำขุดเอารูปรอยได้ต่างกวาง	อา	กง	อา	กง	ต่าง	override	กวาง	w2p	นาง(อา/กง)	mattra_family	N	N	-	khobut#khobut_13:59	tricky-rhyme positive
pos_011009	positive	rX_inter	HP_tricky	w2	ตั้ง->ภัง	ย่อมหมายมาดขันตีเป็นที่ตั้ง	ย่อมหมายมาดขันตีเป็นที่ภัง	อะ	กง	อะ	กง	ตั้ง	override	พัง	w2p	จัง(อะ/กง)	mattra_family	N	N	-	khobut#khobut_13:64	tricky-rhyme positive
pos_011010	positive	rX_inter	HP_tricky	w2	หลอ->ลอว์	ลุกขึ้นลนลานตาปอหลอ	ลุกขึ้นลนลานตาปอลอว์	ออ	กา	ออ	กา	หลอ	w2p	ลอ	w2p	คอ(ออ/กา)	karun	N	Y	-	khunChangKhunPhaen#khunChangKhunPhaen_1:23	tricky-rhyme positive
pos_011011	positive	rX_inter	HP_tricky	w2	เหียน->เสียร	กุมท้องขย่อนไม่หายเหียน	กุมท้องขย่อนไม่หายเสียร	เอีย	กน	เอีย	กน	เหียน	w2p	เสียน	w2p	เกวียน(เอีย/กน)	mattra_family	N	N	-	khunChangKhunPhaen#khunChangKhunPhaen_1:26	tricky-rhyme positive
pos_011012	positive	rX_inter	HP_tricky	w2	ฝา->ว่า	เสียงผลุดนอนล้มไปจมฝา	เสียงผลุดนอนล้มไปจมว่า	อา	กา	อา	กา	ฝา	override	ว่า	override	มา(อา/กา)	mattra_family	N	N	-	khunChangKhunPhaen#khunChangKhunPhaen_1:49	tricky-rhyme positive
pos_011013	positive	rX_inter	HP_tricky	w2	เปื้อน->เฉือน	ชกโคตรแม่อ้ายหมาขี้เรื้อนเปื้อน	ชกโคตรแม่อ้ายหมาขี้เรื้อนเฉือน	เอือ	กน	เอือ	กน	เปื้อน	w2p	เฉือน	w2p	เดือน(เอือ/กน)	mattra_family	N	N	-	khunChangKhunPhaen#khunChangKhunPhaen_1:51	tricky-rhyme positive
pos_011014	positive	rX_inter	HP_tricky	w2	แว้->แปร์	ลูกนั้นเป็นชายร้องแว้แว้	ลูกนั้นเป็นชายร้องแว้แปร์	แอ	กา	แอ	กา	แว้	w2p	แป	w2p	แปร(แอ/กา)	karun	N	Y	-	khunChangKhunPhaen#khunChangKhunPhaen_1:68	tricky-rhyme positive
pos_011015	positive	rX_inter	HP_tricky	w2	ย่า->ขวา	พงศ์พันธุ์พร้อมอยู่ทั้งปู่ย่า	พงศ์พันธุ์พร้อมอยู่ทั้งปู่ขวา	อา	กา	อา	กา	ย่า	w2p	ขวา	override	ตา(อา/กา)	mattra_family	N	N	-	khunChangKhunPhaen#khunChangKhunPhaen_1:77	tricky-rhyme positive
pos_011016	positive	rX_inter	HP_tricky	w2	ท่อง->ปรอง	อย่าเที่ยวล่ากะเกณฑ์ตระเวนท่อง	อย่าเที่ยวล่ากะเกณฑ์ตระเวนปรอง	ออ	กง	ออ	กง	ท่อง	w2p	ปรอง	w2p	ทอง(ออ/กง)	mattra_family	N	N	-	khunChangKhunPhaen#khunChangKhunPhaen_1:79	tricky-rhyme positive
pos_011017	positive	rX_inter	HP_tricky	w2	โต้ง->โหง	ลุกขึ้นหลกผ้าอยู่โล้งโต้ง	ลุกขึ้นหลกผ้าอยู่โล้งโหง	โอ	กง	โอ	กง	โต้ง	w2p	โหง	w2p	โรง(โอ/กง)	mattra_family	N	N	-	khunChangKhunPhaen#khunChangKhunPhaen_1:88	tricky-rhyme positive
pos_011018	positive	rX_inter	HP_tricky	w2	คลั่ง->ครั้ง	พอเห็นเข้าก็หัวเราะราวจะคลั่ง	พอเห็นเข้าก็หัวเราะราวจะครั้ง	อะ	กง	อะ	กง	คลั่ง	override	ครั้ง	override	วัง(อะ/กง)	mattra_family	N	N	-	khunChangKhunPhaen#khunChangKhunPhaen_1:123	tricky-rhyme positive
pos_011019	positive	rX_inter	HP_tricky	w2	สานต์->ฬาร	บำเรอราชหฤทัยเกษมสานต์	บำเรอราชหฤทัยเกษมฬาร	อา	กน	อา	กน	สาน	w2p	ลาน	w2p	งาน(อา/กน)	karun	N	N	-	khunChangKhunPhaen#khunChangKhunPhaen_1:128	tricky-rhyme positive
pos_011020	positive	rX_inter	HP_tricky	w2	หวาม->ดาม	ความกลัวตัวสั่นตกใจหวาม	ความกลัวตัวสั่นตกใจดาม	อา	กม	อา	กม	หวาม	w2p	ดาม	w2p	ยาม(อา/กม)	mattra_family	N	N	-	khunChangKhunPhaen#khunChangKhunPhaen_2:18	tricky-rhyme positive
pos_011021	positive	rX_inter	HP_tricky	w2	ฤๅ->ฤา	สว่างแล้วยังไม่ตื่นขึ้นเจียวฤๅ	สว่างแล้วยังไม่ตื่นขึ้นเจียวฤา	อือ	กา	อือ	กา	รือ	override	พรึ	w2p	บือ(อือ/กา)	rue	N	Y	-	khunChangKhunPhaen#khunChangKhunPhaen_2:22	tricky-rhyme positive
pos_011022	positive	rX_inter	HP_tricky	w2	มี่->รี่	ข้าไทเกณฑ์ระดมอยู่อึงมี่	ข้าไทเกณฑ์ระดมอยู่อึงรี่	อี	กา	อี	กา	มี่	w2p	รี่	w2p	ดี(อี/กา)	mattra_family	N	N	-	khunChangKhunPhaen#khunChangKhunPhaen_2:44	tricky-rhyme positive
pos_011023	positive	rX_inter	HP_tricky	w2	หยี่->ปรีย์	วาบวับจับคลุมกำมะหยี่	วาบวับจับคลุมกำมะปรีย์	อี	กา	อี	กา	หยี่	w2p	ปรี	w2p	มี(อี/กา)	karun	N	Y	-	khunChangKhunPhaen#khunChangKhunPhaen_2:49	tricky-rhyme positive
pos_011024	positive	rX_inter	HP_tricky	w2	ถ้วน->บวน	เตรียมเสร็จตามที่ถี่ถ้วน	เตรียมเสร็จตามที่ถี่บวน	อัว	กน	อัว	กน	ถ้วน	override	บวน	w2p	บวน(อัว/กน)	mattra_family	N	N	-	khunChangKhunPhaen#khunChangKhunPhaen_2:51	tricky-rhyme positive
pos_011025	positive	rX_inter	HP_tricky	w2	จ้า->สตาร์	ปักก้อพองขนแล้วขันจ้า	ปักก้อพองขนแล้วขันสตาร์	อา	กา	อา	กา	จ้า	w2p	สะต้า	w2p	ปลา(อา/กา)	karun	N	Y	-	khunChangKhunPhaen#khunChangKhunPhaen_2:71	tricky-rhyme positive
pos_011026	positive	rX_inter	HP_tricky	w2	โล่->โคลต์	พวนขาดไม้ลัดเอาร้องโล่	พวนขาดไม้ลัดเอาร้องโคลต์	โอ	กา	โอ	กา	โล่	override	โคน	w2p	โล(โอ/กา)	karun	N	Y	-	khunChangKhunPhaen#khunChangKhunPhaen_2:84	tricky-rhyme positive
pos_011027	positive	rX_inter	HP_tricky	w2	ค่าย->ขยาย	เป็นไรมิต้อนให้เข้าค่าย	เป็นไรมิต้อนให้เข้าขยาย	อา	เกย	อา	เกย	ค่าย	override	ขะหยาย	w2p	วาย(อา/เกย)	mattra_family	N	N	-	khunChangKhunPhaen#khunChangKhunPhaen_2:96	tricky-rhyme positive
pos_011028	positive	rX_inter	HP_tricky	w2	สหาย->ขนาย	อันขุนไกรสามีเพื่อนสหาย	อันขุนไกรสามีเพื่อนขนาย	อา	เกย	อา	เกย	สะหาย	w2p	ขะหนาย	w2p	มาย(อา/เกย)	mattra_family	N	N	-	khunChangKhunPhaen#khunChangKhunPhaen_2:134	tricky-rhyme positive
pos_011029	positive	rX_inter	HP_tricky	w2	อ่าง->คว้าง	ครกสากใส่แพทั้งโอ่งอ่าง	ครกสากใส่แพทั้งโอ่งคว้าง	อา	กง	อา	กง	อ่าง	w2p	คว้าง	w2p	ช้าง(อา/กง)	mattra_family	N	N	-	khunChangKhunPhaen#khunChangKhunPhaen_2:172	tricky-rhyme positive
pos_011030	positive	rX_inter	HP_tricky	w2	ผึง->คลึง	ยิงกันอุตลุดอยู่ผางผึง	ยิงกันอุตลุดอยู่ผางคลึง	อึ	กง	อึ	กง	ผึง	w2p	คลึง	w2p	พรึง(อึ/กง)	mattra_family	N	N	-	khunChangKhunPhaen#khunChangKhunPhaen_2:197	tricky-rhyme positive
pos_011031	positive	rX_inter	HP_tricky	w2	ฮ่อ->คอ	เขนงดินเต้าชนวนทวนฮ่อ	เขนงดินเต้าชนวนทวนคอ	ออ	กา	ออ	กา	ฮ่อ	w2p	คอ	override	ท้อ(ออ/กา)	mattra_family	N	Y	-	khunChangKhunPhaen#khunChangKhunPhaen_2:201	tricky-rhyme positive
pos_011032	positive	rX_inter	HP_tricky	w2	ศาล->จาห์น	หอกดาบของตนขึ้นบนศาล	หอกดาบของตนขึ้นบนจาห์น	อา	กน	อา	กน	สาน	override	จาน	w2p	ดาน(อา/กน)	karun	N	N	-	khunChangKhunPhaen#khunChangKhunPhaen_2:204	tricky-rhyme positive
pos_011033	positive	rX_inter	HP_tricky	w2	สี่->พี้	กุเวรยักษ์ธตรฐทิศทั้งสี่	กุเวรยักษ์ธตรฐทิศทั้งพี้	อี	กา	อี	กา	สี่	override	พี้	w2p	ธี(อี/กา)	mattra_family	N	N	-	khunChangKhunPhaen#khunChangKhunPhaen_2:207	tricky-rhyme positive
pos_011034	positive	rX_inter	HP_tricky	w2	ส้ม->ทม	ฉวยข้อมือฉุดคร่าว่าตาส้ม	ฉวยข้อมือฉุดคร่าว่าตาทม	โอะ	กม	โอะ	กม	ส้ม	w2p	ทม	w2p	จม(โอะ/กม)	mattra_family	N	Y	-	khunChangKhunPhaen#khunChangKhunPhaen_2:223	tricky-rhyme positive
pos_011035	positive	rX_inter	HP_tricky	w2	หนวด->นวด	นิ่งอยู่กูจะตำให้กบหนวด	นิ่งอยู่กูจะตำให้กบนวด	อัว	กด	อัว	กด	หนวด	w2p	นวด	w2p	พรวด(อัว/กด)	mattra_family	N	N	-	khunChangKhunPhaen#khunChangKhunPhaen_2:232	tricky-rhyme positive
pos_011036	positive	rX_inter	HP_tricky	w2	ง่าม->ฟาร์ม	พวกโจรแซงไปเป็นสามง่าม	พวกโจรแซงไปเป็นสามฟาร์ม	อา	กม	อา	กม	ง่าม	w2p	ฟาม	w2p	ตาม(อา/กม)	karun	N	N	-	khunChangKhunPhaen#khunChangKhunPhaen_2:241	tricky-rhyme positive
pos_011037	positive	rX_inter	HP_tricky	w2	จิตร->ฟิส	ขุนศรีวิชัยก็ดับจิตร	ขุนศรีวิชัยก็ดับฟิส	อิ	กด	อิ	กด	จิด	w2p	ฟิด	w2p	คิด(อิ/กด)	mattra_family	N	N	-	khunChangKhunPhaen#khunChangKhunPhaen_2:252	tricky-rhyme positive
pos_011038	positive	rX_inter	HP_tricky	w2	ไข้->ไสย	เพื่อนไปค้าละว้ามาเป็นไข้	เพื่อนไปค้าละว้ามาเป็นไสย	ไอ	กา	ไอ	กา	ไข้	w2p	ไสย	override	ไว(ไอ/กา)	true_final	N	N	-	khunChangKhunPhaen#khunChangKhunPhaen_2:263	tricky-rhyme positive
pos_011039	positive	rX_inter	HP_tricky	w2	เลี่ยน->เดียน	เย็บลงฝีเข็มเหมือนเล็มเลี่ยน	เย็บลงฝีเข็มเหมือนเล็มเดียน	เอีย	กน	เอีย	กน	เลี่ยน	w2p	เดียน	w2p	เทียน(เอีย/กน)	mattra_family	N	N	-	khunChangKhunPhaen#khunChangKhunPhaen_3:9	tricky-rhyme positive
pos_011040	positive	rX_inter	HP_tricky	w2	เสี้ยว->เหมียว	รังดุมหูไหมใส่เย็บเสี้ยว	รังดุมหูไหมใส่เย็บเหมียว	เอีย	เกอว	เอีย	เกอว	เสี้ยว	w2p	เหมียว	w2p	เดียว(เอีย/เกอว)	mattra_family	N	N	-	khunChangKhunPhaen#khunChangKhunPhaen_3:10	tricky-rhyme positive
pos_011041	positive	rX_inter	HP_tricky	w2	รี่->มี่	พ้นทุกข์แล้วหนอหัวร่อรี่	พ้นทุกข์แล้วหนอหัวร่อมี่	อี	กา	อี	กา	รี่	w2p	มี่	w2p	ดี(อี/กา)	mattra_family	N	N	-	khunChangKhunPhaen#khunChangKhunPhaen_3:12	tricky-rhyme positive
pos_011042	positive	rX_inter	HP_tricky	w2	ล่าง->อย่าง	เอ็งนิมนต์พระสงฆ์ลงไปล่าง	เอ็งนิมนต์พระสงฆ์ลงไปอย่าง	อา	กง	อา	กง	ล่าง	w2p	อย่าง	override	คาง(อา/กง)	mattra_family	N	N	-	khunChangKhunPhaen#khunChangKhunPhaen_3:24	tricky-rhyme positive
pos_011043	positive	rX_inter	HP_tricky	w2	เต้ง->เอง	ดีฉันนี้เป็นหม้ายอยู่เท้งเต้ง	ดีฉันนี้เป็นหม้ายอยู่เท้งเอง	เอ	กง	เอ	กง	เต้ง	w2p	เอง	override	เอง(เอ/กง)	mattra_family	N	N	-	khunChangKhunPhaen#khunChangKhunPhaen_3:44	tricky-rhyme positive
pos_011044	positive	rX_inter	HP_tricky	w2	บิ่น->ศิลป์	ขรัวต่อยด้วยสากแทบหัวบิ่น	ขรัวต่อยด้วยสากแทบหัวศิลป์	อิ	กน	อิ	กน	บิ่น	w2p	สิน	w2p	กิน(อิ/กน)	karun	N	N	-	khunChangKhunPhaen#khunChangKhunPhaen_3:56	tricky-rhyme positive
pos_011045	positive	rX_inter	HP_tricky	w2	ค่อน->ฮอลล์	วุ่นวายให้ไปหาตาหมอค่อน	วุ่นวายให้ไปหาตาหมอฮอลล์	ออ	กน	ออ	กน	ค่อน	w2p	ฮอน	w2p	ร้อน(ออ/กน)	karun	N	Y	-	khunChangKhunPhaen#khunChangKhunPhaen_3:62	tricky-rhyme positive
pos_011046	positive	rX_inter	HP_tricky	w2	ซ่าน->ล้าน	น้ำใจกว้างขวางให้ฟุ้งซ่าน	น้ำใจกว้างขวางให้ฟุ้งล้าน	อา	กน	อา	กน	ซ่าน	w2p	ล้าน	w2p	การ(อา/กน)	mattra_family	N	N	-	khunChangKhunPhaen#khunChangKhunPhaen_3:99	tricky-rhyme positive
pos_011047	positive	rX_inter	HP_tricky	w2	บี้->คีย์	ฟั่นเทียนเรียงไว้อย่าให้บี้	ฟั่นเทียนเรียงไว้อย่าให้คีย์	อี	กา	อี	กา	บี้	w2p	คี	w2p	ดี(อี/กา)	karun	N	Y	-	khunChangKhunPhaen#khunChangKhunPhaen_3:105	tricky-rhyme positive
pos_011048	positive	rX_inter	HP_tricky	w2	แคะ->แหวะ	ช่างอยู่ที่ไหนไปแค่นแคะ	ช่างอยู่ที่ไหนไปแค่นแหวะ	แอะ	กา	แอะ	กา	แคะ	w2p	แหวะ	w2p	แกะ(แอะ/กา)	mattra_family	N	N	-	khunChangKhunPhaen#khunChangKhunPhaen_3:113	tricky-rhyme positive
pos_011049	positive	rX_inter	HP_tricky	w2	อื้อ->มื้อ	เอ็งยกเครื่องกัณฑ์ไปให้อึงอื้อ	เอ็งยกเครื่องกัณฑ์ไปให้อึงมื้อ	อือ	กา	อือ	กา	อื้อ	w2p	มื้อ	w2p	มือ(อือ/กา)	mattra_family	N	N	-	khunChangKhunPhaen#khunChangKhunPhaen_3:117	tricky-rhyme positive
pos_011050	positive	rX_inter	HP_tricky	w2	ขี้->ภี	ทุดหัวจัญไรเหมือนล่องขี้	ทุดหัวจัญไรเหมือนล่องภี	อี	กา	อี	กา	ขี้	w2p	พี	w2p	มี(อี/กา)	mattra_family	N	N	-	khunChangKhunPhaen#khunChangKhunPhaen_3:133	tricky-rhyme positive
pos_011051	positive	rX_inter	HP_tricky	w2	ร่อ->รอร์	ถ้าตรงเข้าพี่สายทองจะหัวร่อ	ถ้าตรงเข้าพี่สายทองจะหัวรอร์	ออ	กา	ออ	กา	ร่อ	w2p	รอ	w2p	ออ(ออ/กา)	karun	N	Y	-	khunChangKhunPhaen#khunChangKhunPhaen_3:202	tricky-rhyme positive
pos_011052	positive	rX_inter	HP_tricky	w2	ส่วน->รวน	จะแบ่งปันคนละครึ่งพอกึ่งส่วน	จะแบ่งปันคนละครึ่งพอกึ่งรวน	อัว	กน	อัว	กน	ส่วน	override	รวน	w2p	นวล(อัว/กน)	mattra_family	N	N	-	khunChangKhunPhaen#khunChangKhunPhaen_4:53	tricky-rhyme positive
pos_011053	positive	rX_inter	HP_tricky	w2	ช่วง->ขวง	ผิวพรรณไพโรจน์โชติช่วง	ผิวพรรณไพโรจน์โชติขวง	อัว	กง	อัว	กง	ช่วง	w2p	ขวง	w2p	ดวง(อัว/กง)	mattra_family	N	N	-	khunChangKhunPhaen#khunChangKhunPhaen_4:59	tricky-rhyme positive
pos_011054	positive	rX_inter	HP_tricky	w2	ขอ->ปอ	ไม่เทียมเพื่อนเห็นจะจนซึ่งคนขอ	ไม่เทียมเพื่อนเห็นจะจนซึ่งคนปอ	ออ	กา	ออ	กา	ขอ	override	ปอ	w2p	พอ(ออ/กา)	mattra_family	N	N	-	khunChangKhunPhaen#khunChangKhunPhaen_4:73	tricky-rhyme positive
pos_011055	positive	rX_inter	HP_tricky	w2	ห่าม->หนาม	ลูกไม้ฤๅจะสุกไปก่อนห่าม	ลูกไม้ฤๅจะสุกไปก่อนหนาม	อา	กม	อา	กม	ห่าม	w2p	หนาม	w2p	ตาม(อา/กม)	mattra_family	N	N	-	khunChangKhunPhaen#khunChangKhunPhaen_4:74	tricky-rhyme positive
pos_011056	positive	rX_inter	HP_tricky	w2	ดื่น->ครื้น	กาญจน์บุรีมีวัดอยู่ดาษดื่น	กาญจน์บุรีมีวัดอยู่ดาษครื้น	อือ	กน	อือ	กน	ดื่น	w2p	ครื้น	w2p	คืน(อือ/กน)	mattra_family	N	N	-	khunChangKhunPhaen#khunChangKhunPhaen_4:95	tricky-rhyme positive
pos_011057	positive	rX_inter	HP_tricky	w2	เถ้า->เป้า	ข้ามิร้องให้แซ่ถึงแม่เถ้า	ข้ามิร้องให้แซ่ถึงแม่เป้า	เอา	กา	เอา	กา	เถ้า	w2p	เป้า	w2p	เอา(เอา/กา)	mattra_family	N	N	-	khunChangKhunPhaen#khunChangKhunPhaen_4:118	tricky-rhyme positive
pos_011058	positive	rX_inter	HP_tricky	w2	กลิ่น->วินห์	ลอออ่อนรสสุคนธ์ตรลบกลิ่น	ลอออ่อนรสสุคนธ์ตรลบวินห์	อิ	กน	อิ	กน	กลิ่น	override	วิน	w2p	บิน(อิ/กน)	karun	N	N	-	khunChangKhunPhaen#khunChangKhunPhaen_4:142	tricky-rhyme positive
pos_011059	positive	rX_inter	HP_tricky	w2	ขรัว->ฮั่ว	ดูเณรน้องช่างสำรวมราวกับขรัว	ดูเณรน้องช่างสำรวมราวกับฮั่ว	อัว	กา	อัว	กา	ขรัว	override	ฮั่ว	w2p	ตัว(อัว/กา)	true_final	N	N	-	khunChangKhunPhaen#khunChangKhunPhaen_4:147	tricky-rhyme positive
pos_011060	positive	rX_inter	HP_tricky	w2	ห่าง->ปราง	สึกแล้วยังยืนอยู่ห่างห่าง	สึกแล้วยังยืนอยู่ห่างปราง	อา	กง	อา	กง	ห่าง	override	ปราง	override	นาง(อา/กง)	mattra_family	N	N	-	khunChangKhunPhaen#khunChangKhunPhaen_4:169	tricky-rhyme positive
pos_011061	positive	rX_inter	HP_tricky	w2	อื่น->มื่น	เร็วรวดรีบรัดไปวัดอื่น	เร็วรวดรีบรัดไปวัดมื่น	อือ	กน	อือ	กน	อื่น	override	มื่น	w2p	ฟืน(อือ/กน)	mattra_family	N	N	-	khunChangKhunPhaen#khunChangKhunPhaen_4:195	tricky-rhyme positive
pos_011062	positive	rX_inter	HP_tricky	w2	หลาง->ภางค์	อัปยศตายด้วยดาบทองหลาง	อัปยศตายด้วยดาบทองภางค์	อา	กง	อา	กง	หลาง	w2p	พาง	w2p	จาง(อา/กง)	karun	N	N	-	khunChangKhunPhaen#khunChangKhunPhaen_4:267	tricky-rhyme positive
pos_011063	positive	rX_inter	HP_tricky	w2	ง่วง->ควง	เป่าต้องน้องก็ฟื้นสงบง่วง	เป่าต้องน้องก็ฟื้นสงบควง	อัว	กง	อัว	กง	ง่วง	w2p	ควง	w2p	ทรวง(อัว/กง)	mattra_family	N	N	-	khunChangKhunPhaen#khunChangKhunPhaen_4:296	tricky-rhyme positive
pos_011064	positive	rX_inter	HP_tricky	w2	เฝื่อน->เตือน	ฟักฟูมฟายน้ำตาหน้าเฝื่อน	ฟักฟูมฟายน้ำตาหน้าเตือน	เอือ	กน	เอือ	กน	เฝื่อน	w2p	เตือน	override	เรือน(เอือ/กน)	mattra_family	N	N	-	khunChangKhunPhaen#khunChangKhunPhaen_4:334	tricky-rhyme positive
pos_011065	positive	rX_inter	HP_tricky	w2	กริ่ม->ลิมป์	หยอกเย้าเคล้าไปกระหยิ่มกริ่ม	หยอกเย้าเคล้าไปกระหยิ่มลิมป์	อิ	กม	อิ	กม	กริ่ม	w2p	ลิม	w2p	ริม(อิ/กม)	karun	N	N	-	khunChangKhunPhaen#khunChangKhunPhaen_5:15	tricky-rhyme positive
pos_011066	positive	rX_inter	HP_tricky	w2	ย่าม->ทราม	รูปเอ็งเหมือนผ้าละว้าย่าม	รูปเอ็งเหมือนผ้าละว้าทราม	อา	กม	อา	กม	ย่าม	w2p	ซาม	w2p	งาม(อา/กม)	mattra_family	N	N	-	khunChangKhunPhaen#khunChangKhunPhaen_5:33	tricky-rhyme positive
pos_011067	positive	rX_inter	HP_tricky	w2	ข้าม->กาม	ขุนช้างเอ๋ยเลี่ยนโล่งดังโขลงข้าม	ขุนช้างเอ๋ยเลี่ยนโล่งดังโขลงกาม	อา	กม	อา	กม	ข้าม	override	กาม	w2p	งาม(อา/กม)	mattra_family	N	N	-	khunChangKhunPhaen#khunChangKhunPhaen_5:51	tricky-rhyme positive
pos_011068	positive	rX_inter	HP_tricky	w2	ง่าน->จารย์	ลุกแหงนดูฟ้าอยู่งุ่นง่าน	ลุกแหงนดูฟ้าอยู่งุ่นจารย์	อา	กน	อา	กน	ง่าน	w2p	จาน	w2p	การ(อา/กน)	karun	N	N	-	khunChangKhunPhaen#khunChangKhunPhaen_5:56	tricky-rhyme positive
pos_011069	positive	rX_inter	HP_tricky	w2	นุ่ง->คลุ้ง	อลุฉุไม่สมกับผ้านุ่ง	อลุฉุไม่สมกับผ้าคลุ้ง	อุ	กง	อุ	กง	นุ่ง	w2p	คลุ้ง	w2p	ฟุ้ง(อุ/กง)	mattra_family	N	N	-	khunChangKhunPhaen#khunChangKhunPhaen_5:58	tricky-rhyme positive
pos_011070	positive	rX_inter	HP_tricky	w2	อี้->ณีย์	เห็นขุนช้างขยั้นทำอู้อี้	เห็นขุนช้างขยั้นทำอู้ณีย์	อี	กา	อี	กา	อี้	w2p	นี	w2p	ที(อี/กา)	karun	N	Y	-	khunChangKhunPhaen#khunChangKhunPhaen_5:90	tricky-rhyme positive
pos_011071	positive	rX_inter	HP_tricky	w2	ตู้->กรู	นี่อะไรเจ้าเณรเถนตู้	นี่อะไรเจ้าเณรเถนกรู	อู	กา	อู	กา	ตู้	w2p	กรู	w2p	ดู(อู/กา)	mattra_family	N	N	-	khunChangKhunPhaen#khunChangKhunPhaen_5:168	tricky-rhyme positive
pos_011072	positive	rX_inter	HP_tricky	w2	โอ่ง->โก่ง	จวนจนเข้าไปแอบอยู่ข้างโอ่ง	จวนจนเข้าไปแอบอยู่ข้างโก่ง	โอ	กง	โอ	กง	โอ่ง	w2p	โก่ง	w2p	โกรง(โอ/กง)	mattra_family	N	N	-	khunChangKhunPhaen#khunChangKhunPhaen_5:174	tricky-rhyme positive
pos_011073	positive	rX_inter	HP_tricky	w2	เหนียว->เดียว	กะจ้อยร่อยดูไม่น่าจะอดเหนียว	กะจ้อยร่อยดูไม่น่าจะอดเดียว	เอีย	เกอว	เอีย	เกอว	เหนียว	w2p	เดียว	override	เดียว(เอีย/เกอว)	mattra_family	N	N	-	khunChangKhunPhaen#khunChangKhunPhaen_5:201	tricky-rhyme positive
pos_011074	positive	rX_inter	HP_tricky	w2	เบี้ย->เปลี้ย	มึงไปตายเสียเถิดอ้ายห้าเบี้ย	มึงไปตายเสียเถิดอ้ายห้าเปลี้ย	เอีย	กา	เอีย	กา	เบี้ย	w2p	เปลี้ย	w2p	เปีย(เอีย/กา)	mattra_family	N	N	-	khunChangKhunPhaen#khunChangKhunPhaen_6:22	tricky-rhyme positive
pos_011075	positive	rX_inter	HP_tricky	w2	แถว->แมว	น้ำตาไหลตกเป็นแถวแถว	น้ำตาไหลตกเป็นแถวแมว	แอ	เกอว	แอ	เกอว	แถว	override	แมว	w2p	แนว(แอ/เกอว)	mattra_family	N	N	-	khunChangKhunPhaen#khunChangKhunPhaen_6:53	tricky-rhyme positive
pos_011076	positive	rX_inter	HP_tricky	w2	หนะ->สนะ	เอ็นดูน้องขอผัดหน่อยเถิดหนะ	เอ็นดูน้องขอผัดหน่อยเถิดสนะ	อะ	กา	อะ	กา	หนะ	w2p	สะหนะ	w2p	ละ(อะ/กา)	mattra_family	N	N	-	khunChangKhunPhaen#khunChangKhunPhaen_6:111	tricky-rhyme positive
pos_011077	positive	rX_inter	HP_tricky	w2	ก้ม->ข่ม	นางพิมเมียงเดินมานัยน์ตาก้ม	นางพิมเมียงเดินมานัยน์ตาข่ม	โอะ	กม	โอะ	กม	ก้ม	override	ข่ม	w2p	ชม(โอะ/กม)	mattra_family	N	N	-	khunChangKhunPhaen#khunChangKhunPhaen_6:120	tricky-rhyme positive
pos_011078	positive	rX_inter	HP_tricky	w2	เลื่อน->เบือน	ฝนปรอยฟ้าลั่นสนั่นเลื่อน	ฝนปรอยฟ้าลั่นสนั่นเบือน	เอือ	กน	เอือ	กน	เลื่อน	override	เบือน	w2p	เทือน(เอือ/กน)	mattra_family	N	N	-	khunChangKhunPhaen#khunChangKhunPhaen_6:129	tricky-rhyme positive
pos_011079	positive	rX_inter	HP_tricky	w2	หนอ->ญอ	ร้อนนักไปอาบน้ำบ้างเถิดหนอ	ร้อนนักไปอาบน้ำบ้างเถิดญอ	ออ	กา	ออ	กา	หนอ	override	ยอ	w2p	ตอ(ออ/กา)	mattra_family	N	Y	-	khunChangKhunPhaen#khunChangKhunPhaen_6:130	tricky-rhyme positive
pos_011080	positive	rX_inter	HP_tricky	w2	สิ่ง->ติงส์	มีแต่เง้าให้พี่ง้อไปทุกสิ่ง	มีแต่เง้าให้พี่ง้อไปทุกติงส์	อิ	กง	อิ	กง	สิ่ง	override	ติง	w2p	จริง(อิ/กง)	karun	N	N	-	khunChangKhunPhaen#khunChangKhunPhaen_6:139	tricky-rhyme positive
pos_011081	positive	rX_inter	HP_tricky	w2	ปริ่ม->พิม	สิบหกปีปีนี้พึ่งปริปริ่ม	สิบหกปีปีนี้พึ่งปริพิม	อิ	กม	อิ	กม	ปริ่ม	w2p	พิม	w2p	พิม(อิ/กม)	mattra_family	N	N	-	khunChangKhunPhaen#khunChangKhunPhaen_6:151	tricky-rhyme positive
pos_011082	positive	rX_inter	HP_tricky	w2	แจะ->แนะ	กอดชิดจูบถนอมหอมกระแจะ	กอดชิดจูบถนอมหอมกระแนะ	แอะ	กา	แอะ	กา	แจะ	w2p	แนะ	w2p	แคะ(แอะ/กา)	mattra_family	N	N	-	khunChangKhunPhaen#khunChangKhunPhaen_6:154	tricky-rhyme positive
pos_011083	positive	rX_inter	HP_tricky	w2	ฉ่าง->ลาง	เต้าตั้งเต่งโตอล่างฉ่าง	เต้าตั้งเต่งโตอล่างลาง	อา	กง	อา	กง	ฉ่าง	w2p	ลาง	w2p	นาง(อา/กง)	mattra_family	N	N	-	khunChangKhunPhaen#khunChangKhunPhaen_6:163	tricky-rhyme positive
pos_011084	positive	rX_inter	HP_tricky	w2	เด็ก->เร็กซ์	เป็นผู้ใหญ่ฤๅจะล่วงข่มเหงเด็ก	เป็นผู้ใหญ่ฤๅจะล่วงข่มเหงเร็กซ์	เอะ	กก	เอะ	กก	เด็ก	override	เร็ก	w2p	เล็ก(เอะ/กก)	karun	N	N	-	khunChangKhunPhaen#khunChangKhunPhaen_6:207	tricky-rhyme positive
pos_011085	positive	rX_inter	HP_tricky	w2	ดัก->ภักดิ์	จากกันไปหลายปีดีดัก	จากกันไปหลายปีดีภักดิ์	อะ	กก	อะ	กก	ดัก	w2p	พัก	w2p	ทัก(อะ/กก)	karun	N	N	-	khunChangKhunPhaen#khunChangKhunPhaen_7:68	tricky-rhyme positive
pos_011086	positive	rX_inter	HP_tricky	w2	ดื้อ->ขื่อ	พ่อเงาะวางฉันอย่าดันดื้อ	พ่อเงาะวางฉันอย่าดันขื่อ	อือ	กา	อือ	กา	ดื้อ	w2p	ขื่อ	w2p	มือ(อือ/กา)	mattra_family	N	N	-	khunChangKhunPhaen#khunChangKhunPhaen_7:128	tricky-rhyme positive
pos_011087	positive	rX_inter	HP_tricky	w2	สงฆ์->สงส์	เอาน้ำชามาประเคนให้พระสงฆ์	เอาน้ำชามาประเคนให้พระสงส์	โอะ	กง	โอะ	กง	สง	w2p	สง	w2p	ลง(โอะ/กง)	karun	N	N	-	khunChangKhunPhaen#khunChangKhunPhaen_7:129	tricky-rhyme positive
pos_011088	positive	rX_inter	HP_tricky	w2	ร่อย->น้อย	นางพิมเมียงแฝงแม่มาร่อยร่อย	นางพิมเมียงแฝงแม่มาร่อยน้อย	ออ	เกย	ออ	เกย	ร่อย	w2p	น้อย	override	น้อย(ออ/เกย)	mattra_family	N	N	-	khunChangKhunPhaen#khunChangKhunPhaen_7:144	tricky-rhyme positive
pos_011089	positive	rX_inter	HP_tricky	w2	ข้อง->ปล้อง	จะทำเป็นนบนอบไม่ขัดข้อง	จะทำเป็นนบนอบไม่ขัดปล้อง	ออ	กง	ออ	กง	ข้อง	w2p	ปล้อง	w2p	ทอง(ออ/กง)	mattra_family	N	N	-	khunChangKhunPhaen#khunChangKhunPhaen_8:23	tricky-rhyme positive
pos_011090	positive	rX_inter	HP_tricky	w2	ปี้->วลี	จะอาสาตีไทยให้ป่นปี้	จะอาสาตีไทยให้ป่นวลี	อี	กา	อี	กา	ปี้	w2p	วะลี	w2p	ดี(อี/กา)	mattra_family	N	N	-	khunChangKhunPhaen#khunChangKhunPhaen_8:27	tricky-rhyme positive
pos_011091	positive	rX_inter	HP_tricky	w2	บ้า->ราร์	ตันอกใจดังจะเป็นบ้า	ตันอกใจดังจะเป็นราร์	อา	กา	อา	กา	บ้า	w2p	รา	w2p	มา(อา/กา)	karun	N	Y	-	khunChangKhunPhaen#khunChangKhunPhaen_8:87	tricky-rhyme positive
pos_011092	positive	rX_inter	HP_tricky	w2	ครู่->ฟู่	ชะแง้เงยแหงนยิ้มอยู่เป็นครู่	ชะแง้เงยแหงนยิ้มอยู่เป็นฟู่	อู	กา	อู	กา	ครู่	w2p	ฟู่	w2p	ตู(อู/กา)	mattra_family	N	N	-	khunChangKhunPhaen#khunChangKhunPhaen_8:96	tricky-rhyme positive
pos_011093	positive	rX_inter	HP_tricky	w2	กุ้ง->มุ้ง	ทำสำรับสับสนทอดมันกุ้ง	ทำสำรับสับสนทอดมันมุ้ง	อุ	กง	อุ	กง	กุ้ง	w2p	มุ้ง	w2p	ยุง(อุ/กง)	mattra_family	N	N	-	khunChangKhunPhaen#khunChangKhunPhaen_8:97	tricky-rhyme positive
pos_011094	positive	rX_inter	HP_tricky	w2	คล่ำ->ย้ำ	ผู้หญิงวิ่งไขว่อยู่คลาคล่ำ	ผู้หญิงวิ่งไขว่อยู่คลาย้ำ	อำ	กา	อำ	กา	คล่ำ	w2p	ย้ำ	w2p	ยำ(อำ/กา)	mattra_family	N	N	-	khunChangKhunPhaen#khunChangKhunPhaen_8:98	tricky-rhyme positive
pos_011095	positive	rX_inter	HP_tricky	w2	ซื่อ->หรือ	พูดจาปราศรัยกันตามซื่อ	พูดจาปราศรัยกันตามหรือ	อือ	กา	อือ	กา	ซื่อ	w2p	หรือ	override	มือ(อือ/กา)	mattra_family	N	N	-	khunChangKhunPhaen#khunChangKhunPhaen_8:101	tricky-rhyme positive
pos_011096	positive	rX_inter	HP_tricky	w2	เสียว->เชี่ยว	จะเศร้าสร้อยเปล่าตรมอารมณ์เสียว	จะเศร้าสร้อยเปล่าตรมอารมณ์เชี่ยว	เอีย	เกอว	เอีย	เกอว	เสียว	w2p	เชี่ยว	w2p	เดียว(เอีย/เกอว)	mattra_family	N	N	-	khunChangKhunPhaen#khunChangKhunPhaen_8:150	tricky-rhyme positive
pos_011097	positive	rX_inter	HP_tricky	w2	พร่ำ->สม่ำ	ช่วยกันจัดแจงหวาแกด่าพร่ำ	ช่วยกันจัดแจงหวาแกด่าสม่ำ	อำ	กา	อำ	กา	พร่ำ	w2p	สะหม่ำ	w2p	รำ(อำ/กา)	mattra_family	N	N	-	khunChangKhunPhaen#khunChangKhunPhaen_8:191	tricky-rhyme positive
pos_011098	positive	rX_inter	HP_tricky	w2	ขบ->ลพ	กะไรชั่วชาติเหลืออีเสือขบ	กะไรชั่วชาติเหลืออีเสือลพ	โอะ	กบ	โอะ	กบ	ขบ	w2p	ลบ	w2p	ครบ(โอะ/กบ)	mattra_family	N	N	-	khunChangKhunPhaen#khunChangKhunPhaen_8:192	tricky-rhyme positive
pos_011099	positive	rX_inter	HP_tricky	w2	น่วม->นวม	อย่าว่าฟกเลยมันคงจะลงน่วม	อย่าว่าฟกเลยมันคงจะลงนวม	อัว	กม	อัว	กม	น่วม	w2p	นวม	w2p	บวม(อัว/กม)	mattra_family	N	N	-	khunChangKhunPhaen#khunChangKhunPhaen_8:213	tricky-rhyme positive
pos_011100	positive	rX_inter	HP_tricky	w2	เหี่ยว->เบี้ยว	อย่าให้พลูของพิมทันแห้งเหี่ยว	อย่าให้พลูของพิมทันแห้งเบี้ยว	เอีย	เกอว	เอีย	เกอว	เหี่ยว	w2p	เบี้ยว	w2p	เครียว(เอีย/เกอว)	mattra_family	N	N	-	khunChangKhunPhaen#khunChangKhunPhaen_8:214	tricky-rhyme positive
pos_011101	positive	rX_inter	HP_tricky	w2	เกี่ยว->เปรียว	เป็นเครือครุฑยุดกระชากนาคเกี่ยว	เป็นเครือครุฑยุดกระชากนาคเปรียว	เอีย	เกอว	เอีย	เกอว	เกี่ยว	w2p	เปรียว	w2p	เดียว(เอีย/เกอว)	mattra_family	N	N	-	khunChangKhunPhaen#khunChangKhunPhaen_8:217	tricky-rhyme positive
pos_011102	positive	rX_inter	HP_tricky	w2	อร่าม->วาม	ขอให้โพธิ์สุกใสเรืองอร่าม	ขอให้โพธิ์สุกใสเรืองวาม	อา	กม	อา	กม	อะหร่าม	override	วาม	w2p	ตาม(อา/กม)	mattra_family	N	N	-	khunChangKhunPhaen#khunChangKhunPhaen_9:22	tricky-rhyme positive
pos_011103	positive	rX_inter	HP_tricky	w2	พรั่ง->ดั้ง	พระพายพัดเอนลู่ดูสะพรั่ง	พระพายพัดเอนลู่ดูสะดั้ง	อะ	กง	อะ	กง	พรั่ง	w2p	ดั้ง	override	พัง(อะ/กง)	mattra_family	N	N	-	khunChangKhunPhaen#khunChangKhunPhaen_9:53	tricky-rhyme positive
pos_011104	positive	rX_inter	HP_tricky	w2	เหยิง->เจิ่ง	เขยอะขยะขยุกขยุยดูยุ่ยเหยิง	เขยอะขยะขยุกขยุยดูยุ่ยเจิ่ง	เออ	กง	เออ	กง	เหยิง	w2p	เจิ่ง	w2p	เซิง(เออ/กง)	mattra_family	N	N	-	khunChangKhunPhaen#khunChangKhunPhaen_9:56	tricky-rhyme positive
pos_011105	positive	rX_inter	HP_tricky	w2	สับ->สตัฟฟ์	ลูกเมียมัดมาเอาดาบสับ	ลูกเมียมัดมาเอาดาบสตัฟฟ์	อะ	กบ	อะ	กบ	สับ	w2p	สะตั๊ฟ	w2p	ทัพ(อะ/กบ)	karun	N	N	-	khunChangKhunPhaen#khunChangKhunPhaen_9:101	tricky-rhyme positive
pos_011106	positive	rX_inter	HP_tricky	w2	ตลบ->กรบ	แหกค่ายควันกลุ้มคลุ้มตลบ	แหกค่ายควันกลุ้มคลุ้มกรบ	โอะ	กบ	โอะ	กบ	ตะหลบ	override	กอบ	w2p	รบ(โอะ/กบ)	mattra_family	N	N	-	khunChangKhunPhaen#khunChangKhunPhaen_9:116	tricky-rhyme positive
pos_011107	positive	rX_inter	HP_tricky	w2	ฉงน->บน	เพื่อนนั้นสันบาดาลท่านอย่าฉงน	เพื่อนนั้นสันบาดาลท่านอย่าบน	โอะ	กน	โอะ	กน	ฉะหงน	w2p	บน	override	คน(โอะ/กน)	mattra_family	N	Y	-	khunChangKhunPhaen#khunChangKhunPhaen_9:139	tricky-rhyme positive
pos_011108	positive	rX_inter	HP_tricky	w2	ว่อง->หง๋อง	แทงสวนหลบได้ด้วยไวว่อง	แทงสวนหลบได้ด้วยไวหง๋อง	ออ	กง	ออ	กง	ว่อง	w2p	หง๋อง	w2p	กอง(ออ/กง)	mattra_family	N	N	-	khunChangKhunPhaen#khunChangKhunPhaen_9:145	tricky-rhyme positive
pos_011109	positive	rX_inter	HP_tricky	w2	เท่า->เซา	เขาจะทำอย่างไรไม่รู้เท่า	เขาจะทำอย่างไรไม่รู้เซา	เอา	กา	เอา	กา	เท่า	override	เซา	w2p	เรา(เอา/กา)	mattra_family	N	N	-	khunChangKhunPhaen#khunChangKhunPhaen_10:8	tricky-rhyme positive
pos_011110	positive	rX_inter	HP_tricky	w2	หั่น->ทัน	ห้ามเหล่าพวกไพร่ไม่หํ้าหั่น	ห้ามเหล่าพวกไพร่ไม่หํ้าทัน	อะ	กน	อะ	กน	หั่น	w2p	ทัน	override	นั้น(อะ/กน)	mattra_family	N	N	-	khunChangKhunPhaen#khunChangKhunPhaen_10:16	tricky-rhyme positive
pos_011111	positive	rX_inter	HP_tricky	w2	เสี้ยน->เยียน	ต้องผ่อนปรนดับความหนามเสี้ยน	ต้องผ่อนปรนดับความหนามเยียน	เอีย	กน	เอีย	กน	เสี้ยน	w2p	เยียน	w2p	เจียน(เอีย/กน)	mattra_family	N	N	-	khunChangKhunPhaen#khunChangKhunPhaen_10:19	tricky-rhyme positive
pos_011112	positive	rX_inter	HP_tricky	w2	หนาม->ห่าม	มืดมนอยู่ในป่าพนาหนาม	มืดมนอยู่ในป่าพนาห่าม	อา	กม	อา	กม	หนาม	w2p	ห่าม	w2p	ตาม(อา/กม)	mattra_family	N	N	-	khunChangKhunPhaen#khunChangKhunPhaen_10:20	tricky-rhyme positive
pos_011113	positive	rX_inter	HP_tricky	w2	ต้อย->จอยซ์	จะเหยียบขยี้ขยำให้ตํ่าต้อย	จะเหยียบขยี้ขยำให้ตํ่าจอยซ์	ออ	เกย	ออ	เกย	ต้อย	w2p	จอย	w2p	ย้อย(ออ/เกย)	karun	N	Y	-	khunChangKhunPhaen#khunChangKhunPhaen_10:42	tricky-rhyme positive
pos_011114	positive	rX_inter	HP_tricky	w2	ขยับ->ยับ	ขึ้นบนพรมลาวทองเลื่อนขยับ	ขึ้นบนพรมลาวทองเลื่อนยับ	อะ	กบ	อะ	กบ	ขะหยับ	w2p	ยับ	override	ทัพ(อะ/กบ)	mattra_family	N	N	-	khunChangKhunPhaen#khunChangKhunPhaen_10:59	tricky-rhyme positive
pos_011115	positive	rX_inter	HP_tricky	w2	เคี่ยว->เฉียว	เมตตาไม่จับขับเคี่ยว	เมตตาไม่จับขับเฉียว	เอีย	เกอว	เอีย	เกอว	เคี่ยว	w2p	เฉียว	w2p	เดียว(เอีย/เกอว)	mattra_family	N	N	-	khunChangKhunPhaen#khunChangKhunPhaen_10:118	tricky-rhyme positive
pos_011116	positive	rX_inter	HP_tricky	w2	ต่าย->ตราย	กระแตกระเต็นเต้นตุ่นกระต่าย	กระแตกระเต็นเต้นตุ่นกระตราย	อา	เกย	อา	เกย	ต่าย	w2p	ตราย	w2p	ดาย(อา/เกย)	mattra_family	N	N	-	khunChangKhunPhaen#khunChangKhunPhaen_11:28	tricky-rhyme positive
pos_011117	positive	rX_inter	HP_tricky	w2	ด่า->ฮาร์	โคตรแม่มึงกูขี้คร้านด่า	โคตรแม่มึงกูขี้คร้านฮาร์	อา	กา	อา	กา	ด่า	override	ฮ้า	w2p	มา(อา/กา)	karun	N	Y	-	khunChangKhunPhaen#khunChangKhunPhaen_11:66	tricky-rhyme positive
pos_011118	positive	rX_inter	HP_tricky	w2	ปลับ->ขับ	เอากระดูกใส่หม้อมาสับปลับ	เอากระดูกใส่หม้อมาสับขับ	อะ	กบ	อะ	กบ	ปลับ	w2p	ขับ	override	ทัพ(อะ/กบ)	mattra_family	N	N	-	khunChangKhunPhaen#khunChangKhunPhaen_11:68	tricky-rhyme positive
pos_011119	positive	rX_inter	HP_tricky	w2	ขันธ์->กรรณ์	ว่าใครกล้าอาสาไปทัพขันธ์	ว่าใครกล้าอาสาไปทัพกรรณ์	อะ	กน	อะ	กน	ขัน	w2p	กัน	w2p	จัน(อะ/กน)	karun	N	N	-	khunChangKhunPhaen#khunChangKhunPhaen_11:73	tricky-rhyme positive
pos_011120	positive	rX_inter	HP_tricky	w2	บึ้ง->นึ่ง	วันทองด่าวุ่นวายนั่งหน้าบึ้ง	วันทองด่าวุ่นวายนั่งหน้านึ่ง	อึ	กง	อึ	กง	บึ้ง	w2p	นึ่ง	w2p	นึง(อึ/กง)	mattra_family	N	N	-	khunChangKhunPhaen#khunChangKhunPhaen_11:92	tricky-rhyme positive
pos_011121	positive	rX_inter	HP_tricky	w2	ขูด->ฟู้ดส์	หัวหูดังกะลามะพร้าวขูด	หัวหูดังกะลามะพร้าวฟู้ดส์	อู	กด	อู	กด	ขูด	w2p	ฟู้ด	w2p	พูด(อู/กด)	karun	N	N	-	khunChangKhunPhaen#khunChangKhunPhaen_11:95	tricky-rhyme positive
pos_011122	positive	rX_inter	HP_tricky	w2	ร่น->ยล	จะกอดเข่าเหงาง่วงลงครางร่น	จะกอดเข่าเหงาง่วงลงครางยล	โอะ	กน	โอะ	กน	ร่น	w2p	ยน	w2p	คน(โอะ/กน)	mattra_family	N	Y	-	khunChangKhunPhaen#khunChangKhunPhaen_11:132	tricky-rhyme positive
pos_011123	positive	rX_inter	HP_tricky	w2	หม้าย->จ่าย	มีผัวประเดี๋ยวหนึ่งก็เป็นหม้าย	มีผัวประเดี๋ยวหนึ่งก็เป็นจ่าย	อา	เกย	อา	เกย	ม่าย	w2p	จ่าย	w2p	ตาย(อา/เกย)	mattra_family	N	N	-	khunChangKhunPhaen#khunChangKhunPhaen_11:190	tricky-rhyme positive
pos_011124	positive	rX_inter	HP_tricky	w2	เฆี่ยน->เหี้ยน	มึงอย่าให้สายนักจักถูกเฆี่ยน	มึงอย่าให้สายนักจักถูกเหี้ยน	เอีย	กน	เอีย	กน	เคี่ยน	w2p	เหี้ยน	w2p	เกวียน(เอีย/กน)	mattra_family	N	N	-	khunChangKhunPhaen#khunChangKhunPhaen_12:23	tricky-rhyme positive
pos_011125	positive	rX_inter	HP_tricky	w2	ตรู่->ฉู	พอรุ่งแสงทินกรขึ้นตรู่ตรู่	พอรุ่งแสงทินกรขึ้นตรู่ฉู	อู	กา	อู	กา	ตรู่	w2p	ฉู	w2p	กู(อู/กา)	mattra_family	N	N	-	khunChangKhunPhaen#khunChangKhunPhaen_12:24	tricky-rhyme positive
pos_011126	positive	rX_inter	HP_tricky	w2	ฉิม->ทิ่ม	โอ้ว่าเจ้าสาวแท้อีแม่ฉิม	โอ้ว่าเจ้าสาวแท้อีแม่ทิ่ม	อิ	กม	อิ	กม	ฉิม	w2p	ทิ่ม	w2p	พิม(อิ/กม)	mattra_family	N	N	-	khunChangKhunPhaen#khunChangKhunPhaen_12:118	tricky-rhyme positive
pos_011127	positive	rX_inter	HP_tricky	w2	ลิ่ว->ซิว	ควาญขับเข้าตรงดงละลิ่ว	ควาญขับเข้าตรงดงละซิว	อิ	เกอว	อิ	เกอว	ลิ่ว	w2p	ซิว	w2p	ทิว(อิ/เกอว)	mattra_family	N	N	-	khunChangKhunPhaen#khunChangKhunPhaen_13:5	tricky-rhyme positive
pos_011128	positive	rX_inter	HP_tricky	w2	แพร่->แค	ก็ยกเดินล่วงด่านน่านแพร่	ก็ยกเดินล่วงด่านน่านแค	แอ	กา	แอ	กา	แพร่	w2p	แค	w2p	แล(แอ/กา)	mattra_family	N	Y	-	khunChangKhunPhaen#khunChangKhunPhaen_13:14	tricky-rhyme positive
pos_011129	positive	rX_inter	HP_tricky	w2	โถง->โขยง	สถิตยังปรางค์มาศปราสาทโถง	สถิตยังปรางค์มาศปราสาทโขยง	โอ	กง	โอ	กง	โถง	w2p	ขะโหยง	override	โรง(โอ/กง)	mattra_family	N	N	-	khunChangKhunPhaen#khunChangKhunPhaen_13:19	tricky-rhyme positive
pos_011130	positive	rX_inter	HP_tricky	w2	ด่าน->มานน์	อยู่รักษาเขตแดนที่ปลายด่าน	อยู่รักษาเขตแดนที่ปลายมานน์	อา	กน	อา	กน	ด่าน	override	มาน	w2p	ทาน(อา/กน)	karun	N	N	-	khunChangKhunPhaen#khunChangKhunPhaen_13:39	tricky-rhyme positive
pos_011131	positive	rX_inter	HP_tricky	w2	ตก->ผก	รักษาไข่ไว้มิให้ตก	รักษาไข่ไว้มิให้ผก	โอะ	กก	โอะ	กก	ตก	override	ผก	w2p	นก(โอะ/กก)	mattra_family	N	N	-	khunChangKhunPhaen#khunChangKhunPhaen_13:59	tricky-rhyme positive
pos_011132	positive	rX_inter	HP_tricky	w2	เก่า->เหนา	จึงครอบครองทรัพย์สินมาดังเก่า	จึงครอบครองทรัพย์สินมาดังเหนา	เอา	กา	เอา	กา	เก่า	override	เหนา	w2p	เทา(เอา/กา)	mattra_family	N	N	-	khunChangKhunPhaen#khunChangKhunPhaen_13:67	tricky-rhyme positive
pos_011133	positive	rX_inter	HP_tricky	w2	ห้าง->สอางค์	รับให้มันจึงทำเป็นหอห้าง	รับให้มันจึงทำเป็นหอสอางค์	อา	กง	อา	กง	ห้าง	w2p	สะอาง	w2p	ช้าง(อา/กง)	karun	N	N	-	khunChangKhunPhaen#khunChangKhunPhaen_13:70	tricky-rhyme positive
pos_011134	positive	rX_inter	HP_tricky	w2	เสี่ยง->เที่ยง	ดังฟ้าผ่าหัวแตกสักเจ็ดเสี่ยง	ดังฟ้าผ่าหัวแตกสักเจ็ดเที่ยง	เอีย	กง	เอีย	กง	เสี่ยง	w2p	เที่ยง	w2p	เพรียง(เอีย/กง)	mattra_family	N	N	-	khunChangKhunPhaen#khunChangKhunPhaen_13:86	tricky-rhyme positive
pos_011135	positive	rX_inter	HP_tricky	w2	หยับ->ตับ	จะให้ขึ้นแคร่บินมาหยับหยับ	จะให้ขึ้นแคร่บินมาหยับตับ	อะ	กบ	อะ	กบ	หยับ	w2p	ตับ	w2p	รับ(อะ/กบ)	mattra_family	N	N	-	khunChangKhunPhaen#khunChangKhunPhaen_13:105	tricky-rhyme positive
pos_011136	positive	rX_inter	HP_tricky	w2	หนับ->ยัพ	เพราะพืชดินเหลวคว้างเป็นยางหนับ	เพราะพืชดินเหลวคว้างเป็นยางยัพ	อะ	กบ	อะ	กบ	หนับ	w2p	ยับ	w2p	ซับ(อะ/กบ)	mattra_family	N	N	-	khunChangKhunPhaen#khunChangKhunPhaen_13:114	tricky-rhyme positive
pos_011137	positive	rX_inter	HP_tricky	w2	แหลก->แวกซ์	แต่กระนั้นเจียนจักแหล่นแหลก	แต่กระนั้นเจียนจักแหล่นแวกซ์	แอ	กก	แอ	กก	แหลก	w2p	แวก	w2p	แทรก(แอ/กก)	karun	N	Y	-	khunChangKhunPhaen#khunChangKhunPhaen_13:118	tricky-rhyme positive
pos_011138	positive	rX_inter	HP_tricky	w2	ถลำ->หงำ	ป้ายถูกริมฝีปากถลากถลำ	ป้ายถูกริมฝีปากถลากหงำ	อำ	กา	อำ	กา	ถะหลำ	w2p	หงำ	w2p	ดำ(อำ/กา)	mattra_family	N	N	-	khunChangKhunPhaen#khunChangKhunPhaen_13:129	tricky-rhyme positive
pos_011139	positive	rX_inter	HP_tricky	w2	ถอง->ห้อง	ยังตั้งเรื่องประหนึ่งจะทุบถอง	ยังตั้งเรื่องประหนึ่งจะทุบห้อง	ออ	กง	ออ	กง	ถอง	w2p	ห้อง	override	ทอง(ออ/กง)	mattra_family	N	N	-	khunChangKhunPhaen#khunChangKhunPhaen_13:134	tricky-rhyme positive
pos_011140	positive	rX_inter	HP_tricky	w2	เก็ด->เพ็ชร	จะทิ้งไว้ให้แห้งเป็นสะเก็ด	จะทิ้งไว้ให้แห้งเป็นสะเพ็ชร	เอะ	กด	เอะ	กด	เก็ด	w2p	เพ็ด	w2p	เช็ด(เอะ/กด)	mattra_family	N	Y	-	khunChangKhunPhaen#khunChangKhunPhaen_13:137	tricky-rhyme positive
pos_011141	positive	rX_inter	HP_tricky	w2	ขม->ชมน์	จะกลายเป็นกาแล้วเพราะขื่นขม	จะกลายเป็นกาแล้วเพราะขื่นชมน์	โอะ	กม	โอะ	กม	ขม	w2p	ชม	w2p	ตม(โอะ/กม)	karun	N	Y	-	khunChangKhunPhaen#khunChangKhunPhaen_13:152	tricky-rhyme positive
pos_011142	positive	rX_inter	HP_tricky	w2	ห้าว->ฟาล์ว	หัวหูเหมือนลูกมะพร้าวห้าว	หัวหูเหมือนลูกมะพร้าวฟาล์ว	อา	เกอว	อา	เกอว	ห้ว	w2p	ฟาว	w2p	คราว(อา/เกอว)	karun	N	N	-	khunChangKhunPhaen#khunChangKhunPhaen_13:207	tricky-rhyme positive
pos_011143	positive	rX_inter	HP_tricky	w2	ผลุง->ผดุง	พลัดตกจากเตียงเสียงดังผลุง	พลัดตกจากเตียงเสียงดังผดุง	อุ	กง	อุ	กง	ผลุง	w2p	ผะดุง	override	มุ้ง(อุ/กง)	mattra_family	N	N	-	khunChangKhunPhaen#khunChangKhunPhaen_13:208	tricky-rhyme positive
pos_011144	positive	rX_inter	HP_tricky	w2	โหง->โปง	กูจุกขึ้นมาแล้วอ้ายตายโหง	กูจุกขึ้นมาแล้วอ้ายตายโปง	โอ	กง	โอ	กง	โหง	w2p	โปง	w2p	โปง(โอ/กง)	mattra_family	N	N	-	khunChangKhunPhaen#khunChangKhunPhaen_13:212	tricky-rhyme positive
pos_011145	positive	rX_inter	HP_tricky	w2	แฉก->แถก	ปลายเสาแตกยับเป็นสี่แฉก	ปลายเสาแตกยับเป็นสี่แถก	แอ	กก	แอ	กก	แฉก	w2p	แถก	w2p	แรก(แอ/กก)	mattra_family	N	N	-	khunChangKhunPhaen#khunChangKhunPhaen_14:24	tricky-rhyme positive
pos_011146	positive	rX_inter	HP_tricky	w2	ขึง->ตรึงษ์	เชือกกระสันพันเข้าให้นอนขึง	เชือกกระสันพันเข้าให้นอนตรึงษ์	อึ	กง	อึ	กง	ขึง	override	ตรีง	w2p	มึง(อึ/กง)	karun	N	N	-	khunChangKhunPhaen#khunChangKhunPhaen_14:35	tricky-rhyme positive
pos_011147	positive	rX_inter	HP_tricky	w2	ถูก->จมูก	ย่างเท้าก้าวไปก็ไม่ถูก	ย่างเท้าก้าวไปก็ไม่จมูก	อู	กก	อู	กก	ถูก	override	จะหมูก	override	ฟูก(อู/กก)	mattra_family	N	N	-	khunChangKhunPhaen#khunChangKhunPhaen_14:79	tricky-rhyme positive
pos_011148	positive	rX_inter	HP_tricky	w2	ทู่->งู	แลเห็นโตใหญ่อยู่มู่ทู่	แลเห็นโตใหญ่อยู่มู่งู	อู	กา	อู	กา	ทู่	w2p	งู	w2p	กู(อู/กา)	mattra_family	N	N	-	khunChangKhunPhaen#khunChangKhunPhaen_14:80	tricky-rhyme positive
pos_011149	positive	rX_inter	HP_tricky	w2	โม่ง->โล่ง	หัวเราะอึงอยู่ว่าอ้ายโม่ง	หัวเราะอึงอยู่ว่าอ้ายโล่ง	โอ	กง	โอ	กง	โม่ง	w2p	โล่ง	w2p	โครง(โอ/กง)	mattra_family	N	N	-	khunChangKhunPhaen#khunChangKhunPhaen_14:82	tricky-rhyme positive
pos_011150	positive	rX_inter	HP_tricky	w2	เฉ->เห่	พลัดตกบันไดเดินขาเฉ	พลัดตกบันไดเดินขาเห่	เอ	กา	เอ	กา	เฉ	w2p	เห่	w2p	เล(เอ/กา)	mattra_family	N	N	-	khunChangKhunPhaen#khunChangKhunPhaen_14:113	tricky-rhyme positive
pos_011151	positive	rX_inter	HP_tricky	w2	ล่อง->อ๋อง	ขอไปทีอีพ่อพลัดตกล่อง	ขอไปทีอีพ่อพลัดตกอ๋อง	ออ	กง	ออ	กง	ล่อง	override	อ๋อง	w2p	ทอง(ออ/กง)	mattra_family	N	N	-	khunChangKhunPhaen#khunChangKhunPhaen_14:114	tricky-rhyme positive
pos_011152	positive	rX_inter	HP_tricky	w2	เผง->เกง	กลอนโขกถูกหัวเข้าต้ำเผง	กลอนโขกถูกหัวเข้าต้ำเกง	เอ	กง	เอ	กง	เผง	w2p	เกง	w2p	เอง(เอ/กง)	mattra_family	N	N	-	khunChangKhunPhaen#khunChangKhunPhaen_14:128	tricky-rhyme positive
pos_011153	positive	rX_inter	HP_tricky	w2	หลาม->ราม	ทุกสิ่งสมบัติก็เหลือหลาม	ทุกสิ่งสมบัติก็เหลือราม	อา	กม	อา	กม	หลาม	override	ราม	w2p	ความ(อา/กม)	mattra_family	N	N	-	khunChangKhunPhaen#khunChangKhunPhaen_14:136	tricky-rhyme positive
pos_011154	positive	rX_inter	HP_tricky	w2	เฝ้า->เดา	ให้หาลูกนี้เข้าไปเฝ้า	ให้หาลูกนี้เข้าไปเดา	เอา	กา	เอา	กา	เฝ้า	override	เดา	w2p	เช้า(เอา/กา)	mattra_family	N	N	-	khunChangKhunPhaen#khunChangKhunPhaen_15:11	tricky-rhyme positive
pos_011155	positive	rX_inter	HP_tricky	w2	หม่น->ดน	แล้วมาหาลาวทองเห็นหมองหม่น	แล้วมาหาลาวทองเห็นหมองดน	โอะ	กน	โอะ	กน	หม่น	w2p	ดน	w2p	คน(โอะ/กน)	mattra_family	N	Y	-	khunChangKhunPhaen#khunChangKhunPhaen_15:30	tricky-rhyme positive
pos_011156	positive	rX_inter	HP_tricky	w2	ขมัว->กลัว	จนอุทัยใกล้รุ่งขมุกขมัว	จนอุทัยใกล้รุ่งขมุกกลัว	อัว	กา	อัว	กา	ขะหมัว	w2p	กลัว	override	กลัว(อัว/กา)	true_final	N	N	-	khunChangKhunPhaen#khunChangKhunPhaen_16:10	tricky-rhyme positive
pos_011157	positive	rX_inter	HP_tricky	w2	หรู->ญู	ไปเอาตัวมาบ้านกูดูหรู	ไปเอาตัวมาบ้านกูดูญู	อู	กา	อู	กา	หรูหระ	w2p	ยู	w2p	ตู(อู/กา)	mattra_family	N	N	-	khunChangKhunPhaen#khunChangKhunPhaen_16:50	tricky-rhyme positive
pos_011158	positive	rX_inter	HP_tricky	w2	เหล่า->เชาว์	ฉันชื่อแก้วอยู่กองข้างหกเหล่า	ฉันชื่อแก้วอยู่กองข้างหกเชาว์	เอา	กา	เอา	กา	เหล่า	override	เชา	w2p	เรา(เอา/กา)	karun	N	Y	-	khunChangKhunPhaen#khunChangKhunPhaen_16:54	tricky-rhyme positive
pos_011159	positive	rX_inter	HP_tricky	w2	แม่น->แวนท์	สอดเซิงซุ้มหวายแกหมายแม่น	สอดเซิงซุ้มหวายแกหมายแวนท์	แอ	กน	แอ	กน	แม่น	w2p	แวน	w2p	แพน(แอ/กน)	karun	N	Y	-	khunChangKhunPhaen#khunChangKhunPhaen_16:66	tricky-rhyme positive
pos_011160	positive	rX_inter	HP_tricky	w2	เข็ม->เค็ม	เหมือนหนึ่งด้ายร้อยสนเข้าก้นเข็ม	เหมือนหนึ่งด้ายร้อยสนเข้าก้นเค็ม	เอะ	กม	เอะ	กม	เข็ม	override	เค็ม	w2p	เต็ม(เอะ/กม)	mattra_family	N	N	-	khunChangKhunPhaen#khunChangKhunPhaen_16:99	tricky-rhyme positive
pos_011161	positive	rX_inter	HP_tricky	w2	เขย->เอ่ย	ดูอาการเจ้าพลายนายลูกเขย	ดูอาการเจ้าพลายนายลูกเอ่ย	เออ	เกย	เออ	เกย	เขย	override	เอ่ย	w2p	เคย(เออ/เกย)	mattra_family	N	N	-	khunChangKhunPhaen#khunChangKhunPhaen_16:125	tricky-rhyme positive
pos_011162	positive	rX_inter	HP_tricky	w2	หมิ่น->รินส์	ฟังหมื่นหาญบริภาษประมาทหมิ่น	ฟังหมื่นหาญบริภาษประมาทรินส์	อิ	กน	อิ	กน	หมิ่น	w2p	ริน	w2p	ดิน(อิ/กน)	karun	N	N	-	khunChangKhunPhaen#khunChangKhunPhaen_16:137	tricky-rhyme positive
pos_011163	positive	rX_inter	HP_tricky	w2	คั่ว->อั่ว	แย้ยำห่อหมกทั้งนกคั่ว	แย้ยำห่อหมกทั้งนกอั่ว	อัว	กา	อัว	กา	คั่ว	w2p	อั่ว	w2p	ครัว(อัว/กา)	true_final	N	N	-	khunChangKhunPhaen#khunChangKhunPhaen_16:189	tricky-rhyme positive
pos_011164	positive	rX_inter	HP_tricky	w2	เดี๋ยว->เลี้ยว	พอกลืนปับดิ้นปัดในบัดเดี๋ยว	พอกลืนปับดิ้นปัดในบัดเลี้ยว	เอีย	เกอว	เอีย	เกอว	เดี๋ยว	w2p	เลี้ยว	override	เดียว(เอีย/เกอว)	mattra_family	N	N	-	khunChangKhunPhaen#khunChangKhunPhaen_16:195	tricky-rhyme positive
pos_011165	positive	rX_inter	HP_tricky	w2	สิญจน์->พิน	ยันต์ปิดปักธงวงสายสิญจน์	ยันต์ปิดปักธงวงสายพิน	อิ	กน	อิ	กน	สิน	w2p	พิน	w2p	ดิน(อิ/กน)	karun	N	N	-	khunChangKhunPhaen#khunChangKhunPhaen_16:222	tricky-rhyme positive
pos_011166	positive	rX_inter	HP_tricky	w2	หนุน->ตุ่น	ให้เงินตราผ้าเสื้อได้เกื้อหนุน	ให้เงินตราผ้าเสื้อได้เกื้อตุ่น	อุ	กน	อุ	กน	หนุน	override	ตุ่น	w2p	คุณ(อุ/กน)	mattra_family	N	N	-	khunChangKhunPhaen#khunChangKhunPhaen_16:258	tricky-rhyme positive
pos_011167	positive	rX_inter	HP_tricky	w2	แร่->แคร์	เหล็กกำแพงน้ำพี้ทั้งเหล็กแร่	เหล็กกำแพงน้ำพี้ทั้งเหล็กแคร์	แอ	กา	แอ	กา	แร่	w2p	แค	w2p	แท้(แอ/กา)	karun	N	Y	-	khunChangKhunPhaen#khunChangKhunPhaen_16:271	tricky-rhyme positive
pos_011168	positive	rX_inter	HP_tricky	w2	หญ้า->ซ่า	ปล่อยม้าอุตลุดให้กินหญ้า	ปล่อยม้าอุตลุดให้กินซ่า	อา	กา	อา	กา	หญ้า	override	ซ่า	w2p	มา(อา/กา)	mattra_family	N	N	-	khunChangKhunPhaen#khunChangKhunPhaen_16:292	tricky-rhyme positive
pos_011169	positive	rX_inter	HP_tricky	w2	สยอง->ร้อง	ทุกทิศฦๅทั่วกลัวสยอง	ทุกทิศฦๅทั่วกลัวร้อง	ออ	กง	ออ	กง	สะหยอง	override	ร้อง	override	กอง(ออ/กง)	mattra_family	N	N	-	khunChangKhunPhaen#khunChangKhunPhaen_16:296	tricky-rhyme positive
pos_011170	positive	rX_inter	HP_tricky	w2	ต้าน->บารห์	ว่าใครคดก็เอาแข็งเข้าต่อต้าน	ว่าใครคดก็เอาแข็งเข้าต่อบารห์	อา	กน	อา	กน	ต้าน	w2p	บาน	w2p	ราน(อา/กน)	karun	N	N	-	khunChangKhunPhaen#khunChangKhunPhaen_17:17	tricky-rhyme positive
pos_011171	positive	rX_inter	HP_tricky	w2	รึก->ทึก	มากมายตามพรูอยู่มิตรึก	มากมายตามพรูอยู่มิตทึก	อึ	กก	อึ	กก	รึก	w2p	ทึก	w2p	นึก(อึ/กก)	mattra_family	N	N	-	khunChangKhunPhaen#khunChangKhunPhaen_17:61	tricky-rhyme positive
pos_011172	positive	rX_inter	HP_tricky	w2	เบี่ยง->เรียง	มันผิดเมียเสียน้ำสบถเบี่ยง	มันผิดเมียเสียน้ำสบถเรียง	เอีย	กง	เอีย	กง	เบี่ยง	w2p	เรียง	override	เลี้ยง(เอีย/กง)	mattra_family	N	N	-	khunChangKhunPhaen#khunChangKhunPhaen_17:100	tricky-rhyme positive
pos_011173	positive	rX_inter	HP_tricky	w2	ฝาง->สร่าง	พระลอแลน้ำแดงดังแสงฝาง	พระลอแลน้ำแดงดังแสงสร่าง	อา	กง	อา	กง	ฝาง	w2p	สร่าง	override	ลาง(อา/กง)	mattra_family	N	N	-	khunChangKhunPhaen#khunChangKhunPhaen_17:158	tricky-rhyme positive
pos_011174	positive	rX_inter	HP_tricky	w2	หิว->นิว	อ้ายตายโหงโล่งเปล่าอ้ายเหาหิว	อ้ายตายโหงโล่งเปล่าอ้ายเหานิว	อิ	เกอว	อิ	เกอว	หิว	w2p	นิว	w2p	นิ้ว(อิ/เกอว)	mattra_family	N	N	-	khunChangKhunPhaen#khunChangKhunPhaen_17:185	tricky-rhyme positive
pos_011175	positive	rX_inter	HP_tricky	w2	เหว->เทว	บีบระบมเอาแล้วอ้ายห่าเหว	บีบระบมเอาแล้วอ้ายห่าเทว	เอ	เกอว	เอ	เกอว	เหด	w2p	เทด	w2p	เปลว(เอ/เกอว)	mattra_family	N	N	-	khunChangKhunPhaen#khunChangKhunPhaen_17:189	tricky-rhyme positive
pos_011176	positive	rX_inter	HP_tricky	w2	ยุ่ง->สุง	ไหม้มากหลายตับลงยับยุ่ง	ไหม้มากหลายตับลงยับสุง	อุ	กง	อุ	กง	ยุ่ง	w2p	สุง	w2p	มุ้ง(อุ/กง)	mattra_family	N	N	-	khunChangKhunPhaen#khunChangKhunPhaen_17:194	tricky-rhyme positive
pos_011177	positive	rX_inter	HP_tricky	w2	ริ่ง->สมิง	ฟังว่าสะดุ้งใจไหวกริ่ง	ฟังว่าสะดุ้งใจไหวกสมิง	อิ	กง	อิ	กง	ริ่ง	w2p	สะมิง	w2p	จริง(อิ/กง)	mattra_family	N	N	-	khunChangKhunPhaen#khunChangKhunPhaen_17:212	tricky-rhyme positive
pos_011178	positive	rX_inter	HP_tricky	w2	แจ่ม->แฮมพ์	ผ่องดังเพชรรัตน์กระจัดแจ่ม	ผ่องดังเพชรรัตน์กระจัดแฮมพ์	แอ	กม	แอ	กม	แจ่ม	override	แตม	w2p	แมม(แอ/กม)	karun	N	Y	-	khunChangKhunPhaen#khunChangKhunPhaen_17:265	tricky-rhyme positive
pos_011179	positive	rX_inter	HP_tricky	w2	จุก->สุก	ที่สาวสาวจะเอามวยฤๅไรจุก	ที่สาวสาวจะเอามวยฤๅไรสุก	อุ	กก	อุ	กก	จุก	override	สุก	w2p	ทุกข์(อุ/กก)	mattra_family	N	N	-	khunChangKhunPhaen#khunChangKhunPhaen_17:269	tricky-rhyme positive
pos_011180	positive	rX_inter	HP_tricky	w2	ห้อย->ปล่อย	พอมนตร์เสื่อมนางกลับหวนละห้อย	พอมนตร์เสื่อมนางกลับหวนละปล่อย	ออ	เกย	ออ	เกย	ห้อย	w2p	ปล่อย	override	น้อย(ออ/เกย)	mattra_family	N	N	-	khunChangKhunPhaen#khunChangKhunPhaen_17:301	tricky-rhyme positive
pos_011181	positive	rX_inter	HP_tricky	w2	เห->เพย์	ทะยานถีบขุนช้างจนห่างเห	ทะยานถีบขุนช้างจนห่างเพย์	เอ	กา	เอ	กา	เหเห	w2p	เพ	w2p	เล(เอ/กา)	karun	N	Y	-	khunChangKhunPhaen#khunChangKhunPhaen_17:308	tricky-rhyme positive
pos_011182	positive	rX_inter	HP_tricky	w2	กิด->กฤษ	ขุนแผนพริ้มยิ้มหยอกศอกสะกิด	ขุนแผนพริ้มยิ้มหยอกศอกสะกฤษ	อิ	กด	อิ	กด	กิด	w2p	กริด	w2p	ชิด(อิ/กด)	rue	N	Y	-	khunChangKhunPhaen#khunChangKhunPhaen_18:32	tricky-rhyme positive
pos_011183	positive	rX_inter	HP_tricky	w2	ตื้น->ซืน	ครั้นจะว่ายน้ำลึกมิใช่ตื้น	ครั้นจะว่ายน้ำลึกมิใช่ซืน	อือ	กน	อือ	กน	ตื้น	w2p	ซืน	w2p	ยืน(อือ/กน)	mattra_family	N	N	-	khunChangKhunPhaen#khunChangKhunPhaen_18:37	tricky-rhyme positive
pos_011184	positive	rX_inter	HP_tricky	w2	แขะ->แฉะ	เรือจ้างติดตมแตมะแขะ	เรือจ้างติดตมแตมะแฉะ	แอะ	กา	แอะ	กา	แขะ	w2p	แฉะ	w2p	แนะ(แอะ/กา)	mattra_family	N	N	-	khunChangKhunPhaen#khunChangKhunPhaen_18:42	tricky-rhyme positive
pos_011185	positive	rX_inter	HP_tricky	w2	บัก->ภักษ์	โคลนฉูดกระจายปลายสะบัก	โคลนฉูดกระจายปลายสะภักษ์	อะ	กก	อะ	กก	บัก	w2p	พัก	w2p	นัก(อะ/กก)	karun	N	N	-	khunChangKhunPhaen#khunChangKhunPhaen_18:45	tricky-rhyme positive
pos_011186	positive	rX_inter	HP_tricky	w2	จ้าง->พลางค์	โจงกระเบนเสียก่อนเจ้าเรือจ้าง	โจงกระเบนเสียก่อนเจ้าเรือพลางค์	อา	กง	อา	กง	จ้าง	w2p	พลาง	w2p	ทาง(อา/กง)	karun	N	N	-	khunChangKhunPhaen#khunChangKhunPhaen_18:48	tricky-rhyme positive
pos_011187	positive	rX_inter	HP_tricky	w2	ร่วง->หลวง	อ่อนลออเกสรขจรร่วง	อ่อนลออเกสรขจรหลวง	อัว	กง	อัว	กง	ร่วง	w2p	หลวง	override	ดวง(อัว/กง)	mattra_family	N	N	-	khunChangKhunPhaen#khunChangKhunPhaen_18:74	tricky-rhyme positive
pos_011188	positive	rX_inter	HP_tricky	w2	กลุ้ม->คลุ้ม	หัวคนเช่นนี้ก็มีกลุ้ม	หัวคนเช่นนี้ก็มีคลุ้ม	อุ	กม	อุ	กม	กลุ้ม	override	คลุ้ม	w2p	กรุม(อุ/กม)	mattra_family	N	N	-	khunChangKhunPhaen#khunChangKhunPhaen_18:88	tricky-rhyme positive
pos_011189	positive	rX_inter	HP_tricky	w2	หน่าย->ตราย	เพราะไม่มีใครช่วยใช่หนีหน่าย	เพราะไม่มีใครช่วยใช่หนีตราย	อา	เกย	อา	เกย	หน่าย	w2p	ตราย	w2p	ตาย(อา/เกย)	mattra_family	N	N	-	khunChangKhunPhaen#khunChangKhunPhaen_19:11	tricky-rhyme positive
pos_011190	positive	rX_inter	HP_tricky	w2	ร่ม->กรม	ตะวันบ่ายชายคล้อยสำราญร่ม	ตะวันบ่ายชายคล้อยสำราญกรม	โอะ	กม	โอะ	กม	ร่ม	w2p	กอน	w2p	ลม(โอะ/กม)	mattra_family	N	N	-	khunChangKhunPhaen#khunChangKhunPhaen_19:48	tricky-rhyme positive
pos_011191	positive	rX_inter	HP_tricky	w2	หวาย->นาย	ช่วยกันตัดดงรามหนามหวาย	ช่วยกันตัดดงรามหนามนาย	อา	เกย	อา	เกย	หวาย	w2p	นาย	override	นาย(อา/เกย)	mattra_family	N	N	-	khunChangKhunPhaen#khunChangKhunPhaen_19:89	tricky-rhyme positive
pos_011192	positive	rX_inter	HP_tricky	w2	เป้า->เถ้า	ไล่ข้าขอให้พบปลาปักเป้า	ไล่ข้าขอให้พบปลาปักเถ้า	เอา	กา	เอา	กา	เป้า	w2p	เถ้า	w2p	เอา(เอา/กา)	mattra_family	N	N	-	khunChangKhunPhaen#khunChangKhunPhaen_19:119	tricky-rhyme positive
pos_011193	positive	rX_inter	HP_tricky	w2	พล่อย->รอยท์	กำลังฟังเพลินพลอดอยู่พล่อยพล่อย	กำลังฟังเพลินพลอดอยู่พล่อยรอยท์	ออ	เกย	ออ	เกย	พล่อย	w2p	รอย	w2p	น้อย(ออ/เกย)	karun	N	Y	-	khunChangKhunPhaen#khunChangKhunPhaen_19:149	tricky-rhyme positive
pos_011194	positive	rX_inter	HP_tricky	w2	เสื้อ->เนื้อ	สาวสาวทั้งนั้นล้วนใส่เสื้อ	สาวสาวทั้งนั้นล้วนใส่เนื้อ	เอือ	กา	เอือ	กา	เสื้อ	override	เนื้อ	override	เครือ(เอือ/กา)	mattra_family	N	N	-	khunChangKhunPhaen#khunChangKhunPhaen_19:155	tricky-rhyme positive
pos_011195	positive	rX_inter	HP_tricky	w2	ป้า->ล้า	เขาเกิดมาก่อนเป็นลูกป้า	เขาเกิดมาก่อนเป็นลูกล้า	อา	กา	อา	กา	ป้า	w2p	ล้า	w2p	ดา(อา/กา)	mattra_family	N	N	-	khunChangKhunPhaen#khunChangKhunPhaen_20:8	tricky-rhyme positive
pos_011196	positive	rX_inter	HP_tricky	w2	ลุด->กุฎ	ฉุดคร่าด่าเถียงกันอุตลุด	ฉุดคร่าด่าเถียงกันอุตกุฎ	อุ	กด	อุ	กด	ลุด	w2p	กุด	w2p	พุฒ(อุ/กด)	mattra_family	N	N	-	khunChangKhunPhaen#khunChangKhunPhaen_20:34	tricky-rhyme positive
pos_011197	positive	rX_inter	HP_tricky	w2	ศัพท์->ฉลับ	โห่ก้องปืนลั่นสนั่นศัพท์	โห่ก้องปืนลั่นสนั่นฉลับ	อะ	กบ	อะ	กบ	สับ	w2p	ฉะหลับ	w2p	ทัพ(อะ/กบ)	karun	N	N	-	khunChangKhunPhaen#khunChangKhunPhaen_20:60	tricky-rhyme positive
pos_011198	positive	rX_inter	HP_tricky	w2	หงับ->ยัพ	นั่งเจ่ามาในกูบหัวหงุบหงับ	นั่งเจ่ามาในกูบหัวหงุบยัพ	อะ	กบ	อะ	กบ	หงับ	w2p	ยับ	w2p	คับ(อะ/กบ)	mattra_family	N	N	-	khunChangKhunPhaen#khunChangKhunPhaen_20:62	tricky-rhyme positive
pos_011199	positive	rX_inter	HP_tricky	w2	โห่->โล่ห์	กินแล้วนอนหลับเช้าตั้งโห่	กินแล้วนอนหลับเช้าตั้งโล่ห์	โอ	กา	โอ	กา	โห่	override	โล่	w2p	โก้(โอ/กา)	karun	N	Y	-	khunChangKhunPhaen#khunChangKhunPhaen_20:66	tricky-rhyme positive
pos_011200	positive	r1_w1_w2	HP_oracle_blind	w1	อาด->กษัตรี	เป็นสาวแซ่แร่รวยสวยสะอาด	เป็นสาวแซ่แร่รวยสวยสะกษัตรี	อา	กด	ไอ	กา	อาด	w2p	กะสัดตรี	w2p	ก็(เอาะ/กา);หมาย(อา/เกย);มาด(อา/กด);เหมือน(เอือ/กน);มณี(อี/กา)	oracle_blind	N	N	-	SuphasaetSonYing#SuphasaetSonYing_1:4	oracle-blind (first_sara): real rhyme the oracle misses
pos_011201	positive	r1_w1_w2	HP_oracle_blind	w1	สูง->ศัตรู	อันตัวต่ำแล้วอย่าทำให้กายสูง	อันตัวต่ำแล้วอย่าทำให้กายศัตรู	อู	กง	ไอ	กา	สูง	w2p	สัดตรู	override	ดู(อู/กา);เยี่ยง(เอีย/กง);ยูง(อู/กง);แวว(แอ/เกอว);ยัง(อะ/กง)	oracle_blind	N	N	-	SuphasaetSonYing#SuphasaetSonYing_1:5	oracle-blind (first_sara): real rhyme the oracle misses
pos_011202	positive	r1_w1_w2	HP_oracle_blind	w1	พักตร์->กษัตรี	จะเก็บไรไว้ผมให้สมพักตร์	จะเก็บไรไว้ผมให้สมกษัตรี	อะ	กก	ไอ	กา	พัก	override	กะสัดตรี	w2p	บำ(อำ/กา);รุง(อุ/กง);ศักดิ์(อะ/กก);ตาม(อา/กม);ศรี(อี/กา)	oracle_blind	N	N	-	SuphasaetSonYing#SuphasaetSonYing_1:7	oracle-blind (first_sara): real rhyme the oracle misses
pos_011203	positive	r1_w1_w2	HP_oracle_blind	w1	นัก->ศัตรู	อนึ่งเนตรอย่าสังเกตให้เกินนัก	อนึ่งเนตรอย่าสังเกตให้เกินศัตรู	อะ	กก	ไอ	กา	นัก	override	สัดตรู	override	จง(โอะ/กง);รู้(อู/กา);จัก(อะ/กก);อา(อา/กา);การ(อา/กน)	oracle_blind	N	N	-	SuphasaetSonYing#SuphasaetSonYing_1:13	oracle-blind (first_sara): real rhyme the oracle misses
pos_011204	positive	r1_w1_w2	HP_oracle_blind	w1	เสีย->กษัตรี	มักเบียดเบียนบีฑาประดาเสีย	มักเบียดเบียนบีฑาประดากษัตรี	เอีย	กา	ไอ	กา	เสีย	override	กะสัดตรี	w2p	เหมือน(เอือ/กน);เลี้ยง(เอีย/กง);เหี้ย(เอีย/กา);อัป(อะ/กบ);รีย์(อี/กา)	oracle_blind	N	N	-	SuphasaetSonYing#SuphasaetSonYing_1:27	oracle-blind (first_sara): real rhyme the oracle misses
pos_011205	positive	r1_w1_w2	HP_oracle_blind	w1	ที่->กษัตรี	จะคิดทำอย่างไรก็ใช่ที่	จะคิดทำอย่างไรก็ใช่กษัตรี	อี	กา	ไอ	กา	ที่	override	กะสัดตรี	w2p	ต้อง(ออ/กง);รับ(อะ/กบ);หนี้(อี/กา);ยาก(อา/กก);แค้น(แอ/กน)	oracle_blind	N	N	-	SuphasaetSonYing#SuphasaetSonYing_1:33	oracle-blind (first_sara): real rhyme the oracle misses
pos_011206	positive	r1_w1_w2	HP_oracle_blind	w1	ผัว->กษัตรีย์	เป็นสตรีสุดดีแต่เพียงผัว	เป็นสตรีสุดดีแต่เพียงกษัตรีย์	อัว	กา	ไอ	กา	ผัว	override	กะสัดตรี	override	จะ(อะ/กา);ดี(อี/กา);ชั่ว(อัว/กา);ก็(เอาะ/กา);แต่(แอ/กา)	oracle_blind	N	N	-	SuphasaetSonYing#SuphasaetSonYing_1:36	oracle-blind (first_sara): real rhyme the oracle misses
pos_011207	positive	r1_w1_w2	HP_oracle_blind	w1	ร่ำ->กษัตรีย์	ข้างพ่อแม่ก็จะโกรธพิโรธร่ำ	ข้างพ่อแม่ก็จะโกรธพิโรธกษัตรีย์	อำ	กา	ไอ	กา	ร่ำ	override	กะสัดตรี	override	จะ(อะ/กา);จอง(ออ/กง);จำ(อำ/กา);ตี(อี/กา);โบย(โอ/เกย)	oracle_blind	N	N	-	SuphasaetSonYing#SuphasaetSonYing_1:43	oracle-blind (first_sara): real rhyme the oracle misses
pos_011208	positive	r1_w1_w2	HP_oracle_blind	w1	โทษ->กษัตรี	อย่าทำนอกลักษณะจะเป็นโทษ	อย่าทำนอกลักษณะจะเป็นกษัตรี	โอ	กด	ไอ	กา	โทด	override	กะสัดตรี	w2p	ตัด(อะ/กด);ประ(อะ/กา);โยชน์(โอ/กด);พี่(อี/กา);น้อง(ออ/กง)	oracle_blind	N	N	-	SuphasaetSonYing#SuphasaetSonYing_1:67	oracle-blind (first_sara): real rhyme the oracle misses
pos_011209	positive	r1_w1_w2	HP_oracle_blind	w1	ก่อน->กษัตรี	ค่อยเสงี่ยมเจียมตนจนเสียก่อน	ค่อยเสงี่ยมเจียมตนจนเสียกษัตรี	ออ	กน	ไอ	กา	ก่อน	override	กะสัดตรี	w2p	ค่อย(ออ/เกย);ผัน(อะ/กน);ผ่อน(ออ/กน);ที(อี/กา);หลัง(อะ/กง)	oracle_blind	N	N	-	SuphasaetSonYing#SuphasaetSonYing_1:85	oracle-blind (first_sara): real rhyme the oracle misses
pos_011210	positive	r1_w1_w2	HP_oracle_blind	w1	หลง->ศัตรู	นั่งพินิจพิศโฉมประโลมหลง	นั่งพินิจพิศโฉมประโลมศัตรู	โอะ	กง	ไอ	กา	หลง	override	สัดตรู	override	ดู(อู/กา);จน(โอะ/กน);ปลง(โอะ/กง);กรรม(อำ/กม);ฐาน(อา/กน)	oracle_blind	N	N	-	SuphasaetSonYing#SuphasaetSonYing_1:92	oracle-blind (first_sara): real rhyme the oracle misses
pos_011211	positive	r1_w1_w2	HP_oracle_blind	w1	พ้น->ศัตรู	ที่ส่วนตัวถึงจะชั่วออกล้นพ้น	ที่ส่วนตัวถึงจะชั่วออกล้นศัตรู	โอะ	กน	ไอ	กา	พ้น	override	สัดตรู	override	สู้(อู/กา);ปิด(อิ/กด);ปาก(อา/กก);ยก(โอะ/กก);ตน(โอะ/กน)	oracle_blind	N	N	-	SuphasaetSonYing#SuphasaetSonYing_1:97	oracle-blind (first_sara): real rhyme the oracle misses
pos_011212	positive	r1_w1_w2	HP_oracle_blind	w1	นั่น->ศัตรู	ถึงจะอวดอ้างไปที่ไหนนั่น	ถึงจะอวดอ้างไปที่ไหนศัตรู	อะ	กน	ไอ	กา	นั่น	w2p	สัดตรู	override	เขา(เอา/กา);รู้(อู/กา);ทัน(อะ/กน);อยู่(อู/กา);ว่า(อา/กา)	oracle_blind	N	N	-	SuphasaetSonYing#SuphasaetSonYing_1:107	oracle-blind (first_sara): real rhyme the oracle misses
pos_011213	positive	r1_w1_w2	HP_oracle_blind	w1	ทุกข์->ศัตรู	ที่บางคนจนยากไม่อยากทุกข์	ที่บางคนจนยากไม่อยากศัตรู	อุ	กก	ไอ	กา	ทุก	override	สัดตรู	override	ถือ(อือ/กา);ว่า(อา/กา);สุข(อุ/กก);อยู่(อู/กา);แก่(แอ/กา)	oracle_blind	N	N	-	SuphasaetSonYing#SuphasaetSonYing_1:109	oracle-blind (first_sara): real rhyme the oracle misses
pos_011214	positive	r1_w1_w2	HP_oracle_blind	w1	รู่->ศัตรู	เหมือนหิ่งห้อยน้อยสีหรี่หรุบรู่	เหมือนหิ่งห้อยน้อยสีหรี่หรุบศัตรู	อู	กา	ไอ	กา	รู่	w2p	สัดตรู	override	จะ(อะ/กา);แข่ง(แอ/กง);สู้(อู/กา);สุ(อุ/กา);ริ(อิ/กา)	oracle_blind	N	N	-	SuphasaetSonYing#SuphasaetSonYing_1:119	oracle-blind (first_sara): real rhyme the oracle misses
pos_011215	positive	r1_w1_w2	HP_oracle_blind	w1	ขัด->กษัตรี	บ้างลอบเล่นเพลงยาวเมื่อคราวขัด	บ้างลอบเล่นเพลงยาวเมื่อคราวกษัตรี	อะ	กด	ไอ	กา	ขัด	override	กะสัดตรี	w2p	ฝี(อี/กา);ปาก(อา/กก);จัด(อะ/กด);ตอบ(ออ/กบ);ต่อ(ออ/กา)	oracle_blind	N	N	-	SuphasaetSonYing#SuphasaetSonYing_1:125	oracle-blind (first_sara): real rhyme the oracle misses
pos_011216	positive	r1_w1_w2	HP_oracle_blind	w1	รับ->กษัตรีย์	ครั้นรู้ความถามไถ่ก็ไม่รับ	ครั้นรู้ความถามไถ่ก็ไม่กษัตรีย์	อะ	กบ	ไอ	กา	รับ	override	กะสัดตรี	override	เขา(เอา/กา);เฆี่ยน(เอีย/กน);ขับ(อะ/กบ);ตี(อี/กา);ด่า(อา/กา)	oracle_blind	N	N	-	SuphasaetSonYing#SuphasaetSonYing_1:142	oracle-blind (first_sara): real rhyme the oracle misses
pos_011217	positive	r1_w1_w2	HP_oracle_blind	w1	ยาก->กษัตรีย์	ที่ใครเห็นจะเมตตานั้นหายาก	ที่ใครเห็นจะเมตตานั้นหากษัตรีย์	อา	กก	ไอ	กา	ยาก	override	กะสัดตรี	override	มี(อี/กา);แต่(แอ/กา);ปาก(อา/กก);แช่ง(แอ/กง);อนงค์(โอะ/กง)	oracle_blind	N	N	-	SuphasaetSonYing#SuphasaetSonYing_1:149	oracle-blind (first_sara): real rhyme the oracle misses
pos_011218	positive	r1_w1_w2	HP_oracle_blind	w1	เขต->ศัตรู	ถึงบินออกนอกตำบลให้พ้นเขต	ถึงบินออกนอกตำบลให้พ้นศัตรู	เอ	กด	ไอ	กา	เขด	override	สัดตรู	override	คง(โอะ/กง);บอก(ออ/กก);เหตุ(เอ/กด);รู้(อู/กา);ว่า(อา/กา)	oracle_blind	N	N	-	SuphasaetSonYing#SuphasaetSonYing_1:153	oracle-blind (first_sara): real rhyme the oracle misses
pos_011219	positive	r1_w1_w2	HP_oracle_blind	w1	เขา->ศัตรู	แม้นชั่วช้าใครเขาว่าแล้วโกรธเขา	แม้นชั่วช้าใครเขาว่าแล้วโกรธศัตรู	เอา	กา	ไอ	กา	เขา	override	สัดตรู	override	เช่น(เอ/กน);ตัว(อัว/กา);เรา(เอา/กา);ผู้(อู/กา);แต่ง(แอ/กง)	oracle_blind	N	N	-	SuphasaetSonYing#SuphasaetSonYing_1:155	oracle-blind (first_sara): real rhyme the oracle misses
pos_011220	positive	r1_w1_w2	HP_oracle_blind	w1	มี->กษัตรีย์	จงซื่อต่อภัสดาสวามี	จงซื่อต่อภัสดาสวากษัตรีย์	อี	กา	ไอ	กา	มี	override	กะสัดตรี	override	จน(โอะ/กน);ชี(อี/กา);วี(อี/กา);ศรี(อี/กา);สวัสดิ์(อะ/กด)	oracle_blind	N	N	-	SuphasaetSonYing#SuphasaetSonYing_1:163	oracle-blind (first_sara): real rhyme the oracle misses
pos_011221	positive	r1_w1_w2	HP_oracle_blind	w1	เกล้า->ศัตรู	ถ้าผัวทำราชการพระผ่านเกล้า	ถ้าผัวทำราชการพระผ่านศัตรู	เอา	กา	ไอ	กา	เกล้า	override	สัดตรู	override	เคย(เออ/เกย);เข้า(เอา/กา);เฝ้า(เอา/กา);สู่(อู/กา);วัง(อะ/กง)	oracle_blind	N	N	-	SuphasaetSonYing#SuphasaetSonYing_1:174	oracle-blind (first_sara): real rhyme the oracle misses
pos_011222	positive	r1_w1_w2	HP_oracle_blind	w1	คิด->ศัตรู	จึงจะว่านารีมีความคิด	จึงจะว่านารีมีความศัตรู	อิ	กด	ไอ	กา	คิด	override	สัดตรู	override	รู้(อู/กา);ปก(โอะ/กก);ปิด(อิ/กด);มิด(อิ/กด);โทษ(โอ/กด)	oracle_blind	N	N	-	SuphasaetSonYing#SuphasaetSonYing_1:184	oracle-blind (first_sara): real rhyme the oracle misses
pos_011223	positive	r1_w1_w2	HP_oracle_blind	w1	หน้า->กษัตรีย์	บ้างทำกลัวตัวสั่นแต่ต่อหน้า	บ้างทำกลัวตัวสั่นแต่ต่อกษัตรีย์	อา	กา	ไอ	กา	หน้า	override	กะสัดตรี	override	ถึง(อึ/กง);ตี(อี/กา);ด่า(อา/กา);ก็(เอาะ/กา);สู้(อู/กา)	oracle_blind	N	N	-	SuphasaetSonYing#SuphasaetSonYing_1:186	oracle-blind (first_sara): real rhyme the oracle misses
pos_011224	positive	r1_w1_w2	HP_oracle_blind	w1	เวช->ศัตรู	ทรมานภัสดาน่าสังเวช	ทรมานภัสดาน่าสังศัตรู	เอ	กด	ไอ	กา	เวด	w2p	สัดตรู	override	ดู(อู/กา);เหมือน(เอือ/กน);เปรต(เอ/กด);เวท(เอ/กด);นา(อา/กา)	oracle_blind	N	N	-	SuphasaetSonYing#SuphasaetSonYing_1:190	oracle-blind (first_sara): real rhyme the oracle misses
pos_011225	positive	r1_w1_w2	HP_oracle_blind	w1	ตบ->ศัตรู	เหมือนเช่นเราแล้วไม่ต้องให้ตีตบ	เหมือนเช่นเราแล้วไม่ต้องให้ตีศัตรู	โอะ	กบ	ไอ	กา	ตบ	w2p	สัดตรู	override	คง(โอะ/กง);สู้(อู/กา);รบ(โอะ/กบ);โต้(โอ/กา);เต็ม(เอะ/กม)	oracle_blind	N	N	-	SuphasaetSonYing#SuphasaetSonYing_1:193	oracle-blind (first_sara): real rhyme the oracle misses
pos_011226	positive	r1_w1_w2	HP_oracle_blind	w1	นี้->กษัตรี	สุภาษิตซึ่งประดิษฐ์มาไว้นี้	สุภาษิตซึ่งประดิษฐ์มาไว้กษัตรี	อี	กา	ไอ	กา	นี้	override	กะสัดตรี	w2p	ล้วน(อัว/กน);แต่(แอ/กา);มี(อี/กา);เยี่ยง(เอีย/กง);อย่าง(อา/กง)	oracle_blind	N	N	-	SuphasaetSonYing#SuphasaetSonYing_1:194	oracle-blind (first_sara): real rhyme the oracle misses
pos_011227	positive	r1_w1_w2	HP_oracle_blind	w1	หมด->เพชร	จะร่ำไปสักเท่าไรก็ไม่หมด	จะร่ำไปสักเท่าไรก็ไม่เพชร	โอะ	กด	เอ	กด	หมด	override	เพ็ด	override	ขี้(อี/กา);เกียจ(เอีย/กด);จด(โอะ/กด);เหน็ด(เอะ/กด);เหนื่อย(เอือ/เกย)	oracle_blind	N	N	-	SuphasaetSonYing#SuphasaetSonYing_1:195	oracle-blind (silent_r): real rhyme the oracle misses
pos_011228	positive	r1_w1_w2	HP_oracle_blind	w1	โทษ->กษัตรีย์	พอเป็นเรื่องสำหรับดับทุกข์โทษ	พอเป็นเรื่องสำหรับดับทุกข์กษัตรีย์	โอ	กด	ไอ	กา	โทด	override	กะสัดตรี	override	เป็น(เอะ/กน);ประ(อะ/กา);โยชน์(โอ/กด);แก่(แอ/กา);สตรี(อี/กา)	oracle_blind	N	N	-	SuphasaetSonYing#SuphasaetSonYing_1:196	oracle-blind (first_sara): real rhyme the oracle misses
pos_011229	positive	r1_w1_w2	HP_oracle_blind	w1	สุข->ศัตรู	จะร่ำปางนางสวรรค์เสวยสุข	จะร่ำปางนางสวรรค์เสวยศัตรู	อุ	กก	ไอ	กา	สุก	override	สัดตรู	override	อยู่(อู/กา);ปรางค์(อา/กง);มุข(อุ/กก);พิ(อิ/กา);มาน(อา/กน)	oracle_blind	N	N	-	khobut#khobut_1:1	oracle-blind (first_sara): real rhyme the oracle misses
pos_011230	positive	r1_w1_w2	HP_oracle_blind	w1	ศรี->กษัตรีย์	นี่แน่เจ้าเยาวลักษณ์วิไลศรี	นี่แน่เจ้าเยาวลักษณ์วิไลกษัตรีย์	อี	กา	ไอ	กา	สี	override	กะสัดตรี	override	เสีย(เอีย/กา);แรง(แอ/กง);พี่(อี/กา);จง(โอะ/กง);รัก(อะ/กก)	oracle_blind	N	N	-	khobut#khobut_1:22	oracle-blind (first_sara): real rhyme the oracle misses
pos_011231	positive	r1_w1_w2	HP_oracle_blind	w1	กลับ->เกษตร	แต่เช้ามาสายัณห์แล้วคืนกลับ	แต่เช้ามาสายัณห์แล้วคืนเกษตร	อะ	กบ	เอ	กด	กลับ	override	กะเสด	w2p	กำ(อำ/กา);หนด(โอะ/กด);นับ(อะ/กบ);เจ็ด(เอะ/กด);วัน(อะ/กน)	oracle_blind	N	N	-	khobut#khobut_1:34	oracle-blind (silent_r): real rhyme the oracle misses
pos_011232	positive	r1_w1_w2	HP_oracle_blind	w1	สร->ศัตรู	แล้วผันแปรแลไปเห็นไกรสร	แล้วผันแปรแลไปเห็นไกรศัตรู	ออ	กน	ไอ	กา	สอระ	w2p	สัดตรู	override	แม่(แอ/กา);ลูก(อู/กก);อ่อน(ออ/กน);สถิต(อิ/กด);อยู่(อู/กา)	oracle_blind	N	N	-	khobut#khobut_1:42	oracle-blind (first_sara): real rhyme the oracle misses
pos_011233	positive	r1_w1_w2	HP_oracle_blind	w1	ดับ->เนตร	พระอาทิตย์นิรมิตเครื่องประดับ	พระอาทิตย์นิรมิตเครื่องประเนตร	อะ	กบ	เอ	กด	ดับ	override	เนด	override	ให้(ไอ/กา);เสร็จ(เอะ/กด);สรรพ(อะ/กบ);ล้วน(อัว/กน);เทพ(เอ/กบ)	oracle_blind	N	N	-	khobut#khobut_1:58	oracle-blind (silent_r): real rhyme the oracle misses
pos_011234	positive	r1_w1_w2	HP_oracle_blind	w1	คู่->ศัตรู	พ่อจะบอกมรคาไปหาคู่	พ่อจะบอกมรคาไปหาศัตรู	อู	กา	ไอ	กา	คู่	override	สัดตรู	override	นาง(อา/กง);นั้น(อะ/กน);อยู่(อู/กา);บู(อู/กา);รพา(อา/กา)	oracle_blind	N	N	-	khobut#khobut_1:62	oracle-blind (first_sara): real rhyme the oracle misses
pos_011235	positive	r1_w1_w2	HP_oracle_blind	w1	แม่->กษัตรีย์	ถึงลูกไปใช่จะลืมพระคุณแม่	ถึงลูกไปใช่จะลืมพระคุณกษัตรีย์	แอ	กา	ไอ	กา	แม่	override	กะสัดตรี	override	ถ้า(อา/กา);เว้น(เอ/กน);แต่(แอ/กา);ชี(อี/กา);วัง(อะ/กง)	oracle_blind	N	N	-	khobut#khobut_1:69	oracle-blind (first_sara): real rhyme the oracle misses
pos_011236	positive	r1_w1_w2	HP_oracle_blind	w1	แล้ว->ศัตรู	โอ้แม่เจ้าคราวนี้จะนานแล้ว	โอ้แม่เจ้าคราวนี้จะนานศัตรู	แอ	เกอว	ไอ	กา	แล้ว	override	สัดตรู	override	จง(โอะ/กง);อยู่(อู/กา);ครอง(ออ/กง);ห้อง(ออ/กง);แก้ว(แอ/เกอว)	oracle_blind	N	N	-	khobut#khobut_1:72	oracle-blind (first_sara): real rhyme the oracle misses
pos_011237	positive	r1_w1_w2	HP_oracle_blind	w1	ทัศ->เพชร	พระพี่ยาชันษาได้สิบทัศ	พระพี่ยาชันษาได้สิบเพชร	อะ	กด	เอ	กด	ทัด	w2p	เพ็ด	override	กุ(อุ/กา);มาร(อา/กน);ถัด(อะ/กด);เจ็ด(เอะ/กด);ขวบ(อัว/กบ)	oracle_blind	N	N	-	khobut#khobut_2:3	oracle-blind (silent_r): real rhyme the oracle misses
pos_011238	positive	r1_w1_w2	HP_oracle_blind	w1	ปิด->กษัตรี	ชำเลืองดูที่ทวารบานก็ปิด	ชำเลืองดูที่ทวารบานก็กษัตรี	อิ	กด	ไอ	กา	ปิด	override	กะสัดตรี	w2p	ดัง(อะ/กง);ชี(อี/กา);วิต(อิ/กด);นาง(อา/กง);จะ(อะ/กา)	oracle_blind	N	N	-	khobut#khobut_2:12	oracle-blind (first_sara): real rhyme the oracle misses
pos_011239	positive	r1_w1_w2	HP_oracle_blind	w1	เวศน์->กษัตรี	ก็รู้ว่าไม่อยู่ในนิเวศน์	ก็รู้ว่าไม่อยู่ในนิกษัตรี	เอ	กด	ไอ	กา	เวด	w2p	กะสัดตรี	w2p	สุด(อุ/กด);สัง(อะ/กง);เกต(เอ/กด);ที่(อี/กา);จะ(อะ/กา)	oracle_blind	N	N	-	khobut#khobut_2:25	oracle-blind (first_sara): real rhyme the oracle misses
pos_011240	positive	r1_w1_w2	HP_oracle_blind	w1	แสง->กษัตรีย์	พระพี่น้องสององค์ทรงกันแสง	พระพี่น้องสององค์ทรงกันกษัตรีย์	แอ	กง	ไอ	กา	แสง	override	กะสัดตรี	override	จน(โอะ/กน);สุด(อุ/กด);แรง(แอ/กง);ที่(อี/กา);จะ(อะ/กา)	oracle_blind	N	N	-	khobut#khobut_2:31	oracle-blind (first_sara): real rhyme the oracle misses
pos_011241	positive	r1_w1_w2	HP_oracle_blind	w1	เสียง->กษัตรีย์	สองพี่น้องร้องหวีดกราดกรีดเสียง	สองพี่น้องร้องหวีดกราดกรีดกษัตรีย์	เอีย	กง	ไอ	กา	เสียง	override	กะสัดตรี	override	ชี(อี/กา);วิต(อิ/กด);เพียง(เอีย/กง);จะ(อะ/กา);พิ(อิ/กา)	oracle_blind	N	N	-	khobut#khobut_2:39	oracle-blind (first_sara): real rhyme the oracle misses
pos_011242	positive	r1_w1_w2	HP_oracle_blind	w1	สั่ง->กษัตรี	พระถอดเทพสังวาลโองการสั่ง	พระถอดเทพสังวาลโองการกษัตรี	อะ	กง	ไอ	กา	สั่ง	override	กะสัดตรี	w2p	สัง(อะ/กง);วาล(อา/กน);ระ(อะ/กา);วัง(อะ/กง);พี่(อี/กา)	oracle_blind	N	N	-	khobut#khobut_3:10	oracle-blind (first_sara): real rhyme the oracle misses
pos_011243	positive	r1_w1_w2	HP_oracle_blind	w1	ชิด->กษัตรี	จึงเรียกสองกุมาราเข้ามาชิด	จึงเรียกสองกุมาราเข้ามากษัตรี	อิ	กด	ไอ	กา	ชิด	override	กะสัดตรี	w2p	พลาง(อา/กง);พิ(อิ/กา);นิจ(อิ/กด);พี่(อี/กา);น้อง(ออ/กง)	oracle_blind	N	N	-	khobut#khobut_3:17	oracle-blind (first_sara): real rhyme the oracle misses
pos_011244	positive	r1_w1_w2	HP_oracle_blind	w1	เรื่อง->ศัตรู	นี่แน่น้องสองเจ้าจงเล่าเรื่อง	นี่แน่น้องสองเจ้าจงเล่าศัตรู	เอือ	กง	ไอ	กา	เรื่อง	override	สัดตรู	override	อยู่(อู/กา);บ้าน(อา/กน);เมือง(เอือ/กง);แห่ง(แอ/กง);หน(โอะ/กน)	oracle_blind	N	N	-	khobut#khobut_3:19	oracle-blind (first_sara): real rhyme the oracle misses
pos_011245	positive	r1_w1_w2	HP_oracle_blind	w1	พี่->กษัตรี	เจ้ากุมแก้วแล้วเหาะไปตามพี่	เจ้ากุมแก้วแล้วเหาะไปตามกษัตรี	อี	กา	ไอ	กา	พี่	override	กะสัดตรี	w2p	ถึง(อึ/กง);บู(อู/กา);รี(อี/กา);เรือง(เอือ/กง);รัตน์(อะ/กด)	oracle_blind	N	N	-	khobut#khobut_3:31	oracle-blind (first_sara): real rhyme the oracle misses
pos_011246	positive	r1_w1_w2	HP_oracle_blind	w1	เรื่อง->กษัตรีย์	สองกุมารทูลความไปตามเรื่อง	สองกุมารทูลความไปตามกษัตรีย์	เอือ	กง	ไอ	กา	เรื่อง	override	กะสัดตรี	override	นี่(อี/กา);แล(แอ/กา);เมือง(เอือ/กง);ข้า(อา/กา);น้อย(ออ/เกย)	oracle_blind	N	N	-	khobut#khobut_3:40	oracle-blind (first_sara): real rhyme the oracle misses
pos_011247	positive	r1_w1_w2	HP_oracle_blind	w1	กลิ้ง->ศัตรู	ทั้งพ่อลูกถูกมัดอยู่นอนกลิ้ง	ทั้งพ่อลูกถูกมัดอยู่นอนศัตรู	อิ	กง	ไอ	กา	กลิ้ง	override	สัดตรู	override	พวก(อัว/กก);ผู้(อู/กา);หญิง(อิ/กง);เห็น(เอะ/กน);ยักษ์(อะ/กก)	oracle_blind	N	N	-	khobut#khobut_3:50	oracle-blind (first_sara): real rhyme the oracle misses
pos_011248	positive	r1_w1_w2	HP_oracle_blind	w1	ศรี->ศัตรู	พระพี่น้องร้องเชิญพระโฉมศรี	พระพี่น้องร้องเชิญพระโฉมศัตรู	อี	กา	ไอ	กา	สี	override	สัดตรู	override	มา(อา/กา);สู่(อู/กา);ที่(อี/กา);โกศ(โอ/กด);ทอง(ออ/กง)	oracle_blind	N	N	-	khobut#khobut_3:52	oracle-blind (first_sara): real rhyme the oracle misses
pos_011249	positive	r1_w1_w2	HP_oracle_blind	w1	คลอด->กษัตรีย์	พระมารดาอาสัญแต่วันคลอด	พระมารดาอาสัญแต่วันกษัตรีย์	ออ	กด	ไอ	กา	คลอด	w2p	กะสัดตรี	override	ชี(อี/กา);วิต(อิ/กด);รอด(ออ/กด);ด้วย(อัว/เกย);ราช(อา/กด)	oracle_blind	N	N	-	khobut#khobut_3:60	oracle-blind (first_sara): real rhyme the oracle misses
pos_011250	positive	r1_w1_w2	HP_oracle_blind	w1	สนอง->กษัตรีย์	ทำกระไรจะได้แทนคุณสนอง	ทำกระไรจะได้แทนคุณกษัตรีย์	ออ	กง	ไอ	กา	สะหนอง	override	กะสัดตรี	override	ที่(อี/กา);ช่วย(อัว/เกย);สอง(ออ/กง);สุด(อุ/กด);สวาท(อา/กด)	oracle_blind	N	N	-	khobut#khobut_3:64	oracle-blind (first_sara): real rhyme the oracle misses
pos_011251	positive	r1_w1_w2	HP_oracle_blind	w1	มั่ง->ศัตรู	ถึงจะไปอาลัยแก่พ่อมั่ง	ถึงจะไปอาลัยแก่พ่อศัตรู	อะ	กง	ไอ	กา	มั่ง	override	สัดตรู	override	จง(โอะ/กง);รอ(ออ/กา);รั้ง(อะ/กง);อยู่(อู/กา);เมือง(เอือ/กง)	oracle_blind	N	N	-	khobut#khobut_3:68	oracle-blind (first_sara): real rhyme the oracle misses
pos_011252	positive	r1_w1_w2	HP_oracle_blind	w1	ซัก->กษัตรี	ให้ยักษาพาพราหมณ์มาถามซัก	ให้ยักษาพาพราหมณ์มาถามกษัตรี	อะ	กก	ไอ	กา	ซัก	w2p	กะสัดตรี	w2p	เอา(เอา/กา);เพื่อน(เอือ/กน);พรรค(อะ/กก);พี่(อี/กา);น้อง(ออ/กง)	oracle_blind	N	N	-	khobut#khobut_3:73	oracle-blind (first_sara): real rhyme the oracle misses
pos_011253	positive	r1_w1_w2	HP_oracle_blind	w1	เอ๋ย->ศัตรู	เสียงหม่องหม่องร้องว่าเจ้าข้าเอ๋ย	เสียงหม่องหม่องร้องว่าเจ้าข้าศัตรู	เออ	เกย	ไอ	กา	เอ๋ย	override	สัดตรู	override	อย่า(อา/กา);ดู(อู/กา);เยี่ยง(เอีย/กง);ข้า(อา/กา);เลย(เออ/เกย)	oracle_blind	N	N	-	khobut#khobut_3:79	oracle-blind (first_sara): real rhyme the oracle misses
pos_011254	positive	r1_w1_w2	HP_oracle_blind	w1	เกลื่อน->ศัตรู	ทั้งชาวบ้านร้านตลาดก็กลาดเกลื่อน	ทั้งชาวบ้านร้านตลาดก็กลาดศัตรู	เอือ	กน	ไอ	กา	เกลื่อน	w2p	สัดตรู	override	ร้อง(ออ/กง);เรียก(เอีย/กก);เพื่อน(เอือ/กน);วิ่ง(อิ/กง);กรู(อู/กา)	oracle_blind	N	N	-	khobut#khobut_3:80	oracle-blind (first_sara): real rhyme the oracle misses
pos_011255	positive	r1_w1_w2	HP_oracle_blind	w1	รัก->ศัตรู	แล้วผินหน้ามาสั่งพระน้องรัก	แล้วผินหน้ามาสั่งพระน้องศัตรู	อะ	กก	ไอ	กา	รัก	override	สัดตรู	override	อยู่(อู/กา);ตำ(อำ/กา);หนัก(อะ/กก);เถิด(เออ/กด);เจ้า(เอา/กา)	oracle_blind	N	N	-	khobut#khobut_3:87	oracle-blind (first_sara): real rhyme the oracle misses
pos_011256	positive	r1_w1_w2	HP_oracle_blind	w1	สอน->กษัตรีย์	อนุชาพ่อจงพาไปฝึกสอน	อนุชาพ่อจงพาไปฝึกกษัตรีย์	ออ	กน	ไอ	กา	สอน	override	กะสัดตรี	override	นาง(อา/กง);มณี(อี/กา);สา(อา/กา);คร(ออ/กน);จะ(อะ/กา)	oracle_blind	N	N	-	khobut#khobut_3:95	oracle-blind (first_sara): real rhyme the oracle misses
pos_011257	positive	r1_w1_w2	HP_oracle_blind	w1	มาศ->ศัตรู	ในอ่างทองรองฝักปทุมมาศ	ในอ่างทองรองฝักปทุมศัตรู	อา	กด	ไอ	กา	มาด	override	สัดตรู	override	ดู(อู/กา);สะ(อะ/กา);อาด(อา/กด);ชล(โอะ/กน);ปรอย(ออ/เกย)	oracle_blind	N	N	-	khobut#khobut_3:102	oracle-blind (first_sara): real rhyme the oracle misses
pos_011258	positive	r1_w1_w2	HP_oracle_blind	w1	สณฑ์->กษัตรีย์	ครั้นถึงที่เขาใหญ่ในไพรสณฑ์	ครั้นถึงที่เขาใหญ่ในไพรกษัตรีย์	โอะ	กน	ไอ	กา	สน	w2p	กะสัดตรี	override	แล(แอ/กา);เห็น(เอะ/กน);ต้น(โอะ/กน);นา(อา/กา);รี(อี/กา)	oracle_blind	N	N	-	khobut#khobut_3:112	oracle-blind (first_sara): real rhyme the oracle misses
pos_011259	positive	r1_w1_w2	HP_oracle_blind	w1	น้อง->กษัตรี	นั่นโฉมงามนามชื่ออรุณน้อง	นั่นโฉมงามนามชื่ออรุณกษัตรี	ออ	กง	ไอ	กา	น้อง	override	กะสัดตรี	w2p	อัน(อะ/กน);ตัว(อัว/กา);ของ(ออ/กง);เรา(เอา/กา);นี้(อี/กา)	oracle_blind	N	N	-	khobut#khobut_4:12	oracle-blind (first_sara): real rhyme the oracle misses
pos_011260	positive	r1_w1_w2	HP_oracle_blind	w1	เวศ->กษัตรีย์	เชิญพระไปชมป่าพนาเวศ	เชิญพระไปชมป่าพนากษัตรีย์	เอ	กด	ไอ	กา	เวด	w2p	กะสัดตรี	override	มี(อี/กา);ประ(อะ/กา);เทศ(เอ/กด);หนึ่ง(อึ/กง);โตร(โอ/กา)	oracle_blind	N	N	-	khobut#khobut_4:16	oracle-blind (first_sara): real rhyme the oracle misses
pos_011261	positive	r1_w1_w2	HP_oracle_blind	w1	เวศ->กษัตรี	เราพี่น้องจะไปชมพนาเวศ	เราพี่น้องจะไปชมพนากษัตรี	เอ	กด	ไอ	กา	เวด	w2p	กะสัดตรี	w2p	สี(อี/กา);ขเรศ(เอ/กด);ถ้ำ(อำ/กา);เขา(เอา/กา);ลำ(อำ/กา)	oracle_blind	N	N	-	khobut#khobut_4:25	oracle-blind (first_sara): real rhyme the oracle misses
pos_011262	positive	r1_w1_w2	HP_oracle_blind	w1	รพา->กษัตรีย์	ไปตามทางข้างทิศบูรพา	ไปตามทางข้างทิศบูกษัตรีย์	อา	กา	ไอ	กา	ระพา	w2p	กะสัดตรี	override	ที่(อี/กา);บิ(อิ/กา);ดา(อา/กา);บอก(ออ/กก);ทิศ(อิ/กด)	oracle_blind	N	N	-	khobut#khobut_4:30	oracle-blind (first_sara): real rhyme the oracle misses
pos_011263	positive	r1_w1_w2	HP_oracle_blind	w1	ยักษ์->ศัตรู	หางนั้นเป็นหางปลาหน้าเป็นยักษ์	หางนั้นเป็นหางปลาหน้าเป็นศัตรู	อะ	กก	ไอ	กา	ยัก	override	สัดตรู	override	ดู(อู/กา);โต(โอ/กา);นัก(อะ/กก);เทียม(เอีย/กม);เท่า(เอา/กา)	oracle_blind	N	N	-	khobut#khobut_4:36	oracle-blind (first_sara): real rhyme the oracle misses
pos_011264	positive	r1_w1_w2	HP_oracle_blind	w1	ฉาย->กษัตรี	จนสิ้นเครื่องประดับองค์พระโฉมฉาย	จนสิ้นเครื่องประดับองค์พระโฉมกษัตรี	อา	เกย	ไอ	กา	ฉาย	override	กะสัดตรี	w2p	พวก(อัว/กก);มาร(อา/กน);ร้าย(อา/เกย);ชี(อี/กา);วา(อา/กา)	oracle_blind	N	N	-	khobut#khobut_4:46	oracle-blind (first_sara): real rhyme the oracle misses
pos_011265	positive	r1_w1_w2	HP_oracle_blind	w1	เวศ->ศัตรู	ว่าดูก่อนฝูงเทพเทเวศ	ว่าดูก่อนฝูงเทพเทศัตรู	เอ	กด	ไอ	กา	เวด	w2p	สัดตรู	override	จง(โอะ/กง);อยู่(อู/กา);รอ(ออ/กา);ต่อ(ออ/กา);เดช(เอ/กด)	oracle_blind	N	N	-	khobut#khobut_4:55	oracle-blind (first_sara): real rhyme the oracle misses
pos_011266	positive	r1_w1_w2	HP_oracle_blind	w1	หาญ->ศัตรู	แต่ก่อนมิเคยอวดศักดิ์มาหักหาญ	แต่ก่อนมิเคยอวดศักดิ์มาหักศัตรู	อา	กน	ไอ	กา	หาน	override	สัดตรู	override	กู(อู/กา);จะ(อะ/กา);ผลาญ(อา/กน);ชีพ(อี/กบ);วิ(อิ/กา)	oracle_blind	N	N	-	khobut#khobut_4:58	oracle-blind (first_sara): real rhyme the oracle misses
pos_011267	positive	r1_w1_w2	HP_oracle_blind	w1	ฤทธิ์->กษัตรีย์	ว่าพลางต่างแผลงสำแดงฤทธิ์	ว่าพลางต่างแผลงสำแดงกษัตรีย์	อิ	กด	ไอ	กา	ริด	override	กะสัดตรี	override	เข้า(เอา/กา);ต่อ(ออ/กา);ติด(อิ/กด);ตาม(อา/กม);ตี(อี/กา)	oracle_blind	N	N	-	khobut#khobut_4:59	oracle-blind (first_sara): real rhyme the oracle misses
pos_011268	positive	r1_w1_w2	HP_oracle_blind	w1	ผู้->ศัตรู	แต่พญาวานรเป็นเผือกผู้	แต่พญาวานรเป็นเผือกศัตรู	อู	กา	ไอ	กา	ผู้	override	สัดตรู	override	เข้า(เอา/กา);นั่ง(อะ/กง);อยู่(อู/กา);ท่าม(อา/กม);กลาง(อา/กง)	oracle_blind	N	N	-	khobut#khobut_4:63	oracle-blind (first_sara): real rhyme the oracle misses
pos_011269	positive	r1_w1_w2	HP_oracle_blind	w1	รู้->เพชร	อยากเห็นฤทธิ์หรือไรจะให้รู้	อยากเห็นฤทธิ์หรือไรจะให้เพชร	อู	กา	เอ	กด	รู้	override	เพ็ด	override	กำ(อำ/กา);ลัง(อะ/กง);กู(อู/กา);ถึง(อึ/กง);เจ็ด(เอะ/กด)	oracle_blind	N	N	-	khobut#khobut_4:80	oracle-blind (silent_r): real rhyme the oracle misses
pos_011270	positive	r1_w1_w2	HP_oracle_blind	w1	โอษฐ์->กษัตรีย์	พระโคบุตรยิ้มเยื้อนเอื้อนพระโอษฐ์	พระโคบุตรยิ้มเยื้อนเอื้อนพระกษัตรีย์	โอ	กด	ไอ	กา	โอด	w2p	กะสัดตรี	override	อัน(อะ/กน);ที่(อี/กา);โทษ(โอ/กด);เอ็ง(เออะ/กง);ถึง(อึ/กง)	oracle_blind	N	N	-	khobut#khobut_4:85	oracle-blind (first_sara): real rhyme the oracle misses
pos_011271	positive	r1_w1_w2	HP_oracle_blind	w1	เคี้ยว->กษัตรี	ทั้งสามคนครึ่งคำไม่พอเคี้ยว	ทั้งสามคนครึ่งคำไม่พอกษัตรี	เอีย	เกอว	ไอ	กา	เคี้ยว	w2p	กะสัดตรี	w2p	ประ(อะ/กา);เดี๋ยว(เอีย/เกอว);เดียว(เอีย/เกอว);ชี(อี/กา);วัง(อะ/กง)	oracle_blind	N	N	-	khobut#khobut_4:101	oracle-blind (first_sara): real rhyme the oracle misses
pos_011272	positive	r1_w1_w2	HP_oracle_blind	w1	เชี่ยว->กษัตรี	โอ้เสียดายชลสายกระแสเชี่ยว	โอ้เสียดายชลสายกระแสกษัตรี	เอีย	เกอว	ไอ	กา	เชี่ยว	w2p	กะสัดตรี	w2p	เคย(เออ/เกย);มา(อา/กา);เที่ยว(เอีย/เกอว);ปรีดิ์(อี/กา);เปรม(เอ/กม)	oracle_blind	N	N	-	khobut#khobut_4:114	oracle-blind (first_sara): real rhyme the oracle misses
pos_011273	positive	r1_w1_w2	HP_oracle_blind	w1	บุตร->ศัตรู	พระอรุณขุนกบี่พระโคบุตร	พระอรุณขุนกบี่พระโคศัตรู	อุ	กด	ไอ	กา	บุด	override	สัดตรู	override	ทั้ง(อะ/กง);สาม(อา/กม);หยุด(อุ/กด);อยู่(อู/กา);บน(โอะ/กน)	oracle_blind	N	N	-	khobut#khobut_4:117	oracle-blind (first_sara): real rhyme the oracle misses
pos_011274	positive	r1_w1_w2	HP_oracle_blind	w1	ถวาย->ศัตรู	เราจะไปจับระบำรำถวาย	เราจะไปจับระบำรำศัตรู	อา	เกย	ไอ	กา	ถะหวาย	override	สัดตรู	override	พระ(อะ/กา);โฉม(โอ/กม);ฉาย(อา/เกย);หยุด(อุ/กด);อยู่(อู/กา)	oracle_blind	N	N	-	khobut#khobut_4:128	oracle-blind (first_sara): real rhyme the oracle misses
pos_011275	positive	r1_w1_w2	HP_oracle_blind	w1	วาก->ศัตรู	ที่เนินผาเป็นศิลาเวิ้งชะวาก	ที่เนินผาเป็นศิลาเวิ้งชะศัตรู	อา	กก	ไอ	กา	วาก	w2p	สัดตรู	override	ดู(อู/กา);หลาย(อา/เกย);หลาก(อา/กก);แล(แอ/กา);โปร่ง(โอ/กง)	oracle_blind	N	N	-	khobut#khobut_4:140	oracle-blind (first_sara): real rhyme the oracle misses
pos_011276	positive	r1_w1_w2	HP_oracle_blind	w1	หา->ศัตรู	บ้างไล่โลดโดดดำเที่ยวคลำหา	บ้างไล่โลดโดดดำเที่ยวคลำศัตรู	อา	กา	ไอ	กา	หา	override	สัดตรู	override	เล่น(เอ/กน);ปิด(อิ/กด);ตา(อา/กา);อยู่(อู/กา);โยง(โอ/กง)	oracle_blind	N	N	-	khobut#khobut_4:144	oracle-blind (first_sara): real rhyme the oracle misses
pos_011277	positive	r1_w1_w2	HP_oracle_blind	w1	สุก->กษัตรีย์	จงปกป้องครองกันให้ผาสุก	จงปกป้องครองกันให้ผากษัตรีย์	อุ	กก	ไอ	กา	สุก	w2p	กะสัดตรี	override	อย่า(อา/กา);มี(อี/กา);ทุกข์(อุ/กก);จง(โอะ/กง);ภิญ(อิ/กน)	oracle_blind	N	N	-	khobut#khobut_4:148	oracle-blind (first_sara): real rhyme the oracle misses
pos_011278	positive	r1_w1_w2	HP_oracle_blind	w1	พักตร์->ศัตรู	เมื่อนานไปคงจะได้มาพบพักตร์	เมื่อนานไปคงจะได้มาพบศัตรู	อะ	กก	ไอ	กา	พัก	override	สัดตรู	override	จง(โอะ/กง);อยู่(อู/กา);รัก(อะ/กก);ษา(อา/กา);กัน(อะ/กน)	oracle_blind	N	N	-	khobut#khobut_4:151	oracle-blind (first_sara): real rhyme the oracle misses
pos_011279	positive	r1_w1_w2	HP_oracle_blind	w1	อื้น->เนตร	ยักขินีฟังคำทำสะอื้น	ยักขินีฟังคำทำสะเนตร	อือ	กน	เอ	กด	อื้น	w2p	เนด	override	แล้ว(แอ/เกอว);หยุด(อุ/กด);ยืน(อือ/กน);เช็ด(เอะ/กด);ชล(โอะ/กน)	oracle_blind	N	N	-	khobut#khobut_5:10	oracle-blind (silent_r): real rhyme the oracle misses
pos_011280	positive	r1_w1_w2	HP_oracle_blind	w1	ข้าง->ศัตรู	อสุรีดีใจเข้าเคียงข้าง	อสุรีดีใจเข้าเคียงศัตรู	อา	กง	ไอ	กา	ข้าง	override	สัดตรู	override	อยู่(อู/กา);หว่าง(อา/กง);กลาง(อา/กง);สอง(ออ/กง);องค์(โอะ/กง)	oracle_blind	N	N	-	khobut#khobut_5:15	oracle-blind (first_sara): real rhyme the oracle misses
pos_011281	positive	r1_w1_w2	HP_oracle_blind	w1	พี่->กษัตรีย์	พระตกใจว่าอะไรนั่นแก้วพี่	พระตกใจว่าอะไรนั่นแก้วกษัตรีย์	อี	กา	ไอ	กา	พี่	override	กะสัดตรี	override	อ(อะ/กา);สุ(อุ/กา);รี(อี/กา);แกล้ง(แอ/กง);บอก(ออ/กก)	oracle_blind	N	N	-	khobut#khobut_5:17	oracle-blind (first_sara): real rhyme the oracle misses
pos_011282	positive	r1_w1_w2	HP_oracle_blind	w1	แก้ว->ศัตรู	มีทวารบานบังที่นั่งแก้ว	มีทวารบานบังที่นั่งศัตรู	แอ	เกอว	ไอ	กา	แก้ว	override	สัดตรู	override	ดู(อู/กา);เลิศ(เออ/กด);แล้ว(แอ/เกอว);ล้วน(อัว/กน);วิ(อิ/กา)	oracle_blind	N	N	-	khobut#khobut_5:25	oracle-blind (first_sara): real rhyme the oracle misses
pos_011283	positive	r1_w1_w2	HP_oracle_blind	w1	มนุษย์->กษัตรีย์	อันชาติยักษ์มักหอมเนื้อมนุษย์	อันชาติยักษ์มักหอมเนื้อกษัตรีย์	อุ	กด	ไอ	กา	มะนุด	override	กะสัดตรี	override	เป็น(เอะ/กน);แสน(แอ/กน);สุด(อุ/กด);ที่(อี/กา);จะ(อะ/กา)	oracle_blind	N	N	-	khobut#khobut_5:29	oracle-blind (first_sara): real rhyme the oracle misses
pos_011284	positive	r1_w1_w2	HP_oracle_blind	w1	รื่น->กษัตรีย์	จูบพระน้องต้องแก้มอร่อยรื่น	จูบพระน้องต้องแก้มอร่อยกษัตรีย์	อือ	กน	ไอ	กา	รื่น	override	กะสัดตรี	override	แล้ว(แอ/เกอว);จูบ(อู/กบ);พี่(อี/กา);หอม(ออ/กม);ชื่น(อือ/กน)	oracle_blind	N	N	-	khobut#khobut_5:32	oracle-blind (first_sara): real rhyme the oracle misses
pos_011285	positive	r1_w1_w2	HP_oracle_blind	w1	ศักดิ์->ศัตรู	เชิงฉลาดชาติเชื้อประยูรศักดิ์	เชิงฉลาดชาติเชื้อประยูรศัตรู	อะ	กก	ไอ	กา	สัก	override	สัดตรู	override	รู้(อู/กา);ประ(อะ/กา);จักษ์(อะ/กก);แจ้ง(แอ/กง);ตาม(อา/กม)	oracle_blind	N	N	-	khobut#khobut_5:39	oracle-blind (first_sara): real rhyme the oracle misses
pos_011286	positive	r1_w1_w2	HP_oracle_blind	w1	เห็น->กษัตรีย์	บ้านเมืองนี้วิปริตพี่คิดเห็น	บ้านเมืองนี้วิปริตพี่คิดกษัตรีย์	เอะ	กน	ไอ	กา	เห็น	override	กะสัดตรี	override	อัน(อะ/กน);จะ(อะ/กา);เป็น(เอะ/กน);ธา(อา/กา);นี(อี/กา)	oracle_blind	N	N	-	khobut#khobut_5:41	oracle-blind (first_sara): real rhyme the oracle misses
pos_011287	positive	r1_w1_w2	HP_oracle_blind	w1	ฤทธิ์->กษัตรี	อสุรินทร์สิ้นแรงจะแผลงฤทธิ์	อสุรินทร์สิ้นแรงจะแผลงกษัตรี	อิ	กด	ไอ	กา	ริด	override	กะสัดตรี	w2p	ขอ(ออ/กา);ชี(อี/กา);วิต(อิ/กด);ร้อง(ออ/กง);ก้อง(ออ/กง)	oracle_blind	N	N	-	khobut#khobut_5:51	oracle-blind (first_sara): real rhyme the oracle misses
pos_011288	positive	r1_w1_w2	HP_oracle_blind	w1	ปลูก->กษัตรีย์	ดูไม้ตั้งดังดัดมาจัดปลูก	ดูไม้ตั้งดังดัดมาจัดกษัตรีย์	อู	กก	ไอ	กา	ปลูก	override	กะสัดตรี	override	บ้าง(อา/กง);มี(อี/กา);ลูก(อู/กก);สุก(อุ/กก);ห่าม(อา/กม)	oracle_blind	N	N	-	khobut#khobut_5:64	oracle-blind (first_sara): real rhyme the oracle misses
pos_011289	positive	r1_w1_w2	HP_oracle_blind	w1	น้ำ->กษัตรีย์	กระบือเปลี่ยวเดินตรงลงกินน้ำ	กระบือเปลี่ยวเดินตรงลงกินกษัตรีย์	อำ	กา	ไอ	กา	น้ำ	override	กะสัดตรี	override	ทั้ง(อะ/กง);ที่(อี/กา);ดำ(อำ/กา);เรี่ยว(เอีย/เกอว);แรง(แอ/กง)	oracle_blind	N	N	-	khobut#khobut_5:69	oracle-blind (first_sara): real rhyme the oracle misses
pos_011290	positive	r1_w1_w2	HP_oracle_blind	w1	ยาบ->ศัตรู	พฤกษาโศกโยกโยนอยู่ยวบยาบ	พฤกษาโศกโยกโยนอยู่ยวบศัตรู	อา	กบ	ไอ	กา	ยาบ	w2p	สัดตรู	override	งู(อู/กา);เหลือม(เอือ/กม);คาบ(อา/กบ);ควาย(อา/เกย);ดึง(อึ/กง)	oracle_blind	N	N	-	khobut#khobut_5:70	oracle-blind (first_sara): real rhyme the oracle misses
pos_011291	positive	r1_w1_w2	HP_oracle_blind	w1	เห็จ->เพชร	แล้วชวนน้องประคองนกเหาะระเห็จ	แล้วชวนน้องประคองนกเหาะระเพชร	เอะ	กด	เอ	กด	เห็ด	w2p	เพ็ด	override	สอง(ออ/กง);เสด็จ(เอะ/กด);มา(อา/กา);ใน(ไอ/กา);ท้อง(ออ/กง)	oracle_blind	N	N	-	khobut#khobut_6:9	oracle-blind (silent_r): real rhyme the oracle misses
pos_011292	positive	r1_w1_w2	HP_oracle_blind	w1	ถี->กษัตรี	ทั้งตึกกว้านบ้านเรือนโรงหัตถี	ทั้งตึกกว้านบ้านเรือนโรงหัตกษัตรี	อี	กา	ไอ	กา	ถี	w2p	กะสัดตรี	w2p	ตลอด(ออ/กด);มี(อี/กา);ร้าน(อา/กน);ราย(อา/เกย);ขาย(อา/เกย)	oracle_blind	N	N	-	khobut#khobut_6:11	oracle-blind (first_sara): real rhyme the oracle misses
pos_011293	positive	r1_w1_w2	HP_oracle_blind	w1	จิต->กษัตรีย์	นกขุนทองสององค์ก็พร้อมจิต	นกขุนทองสององค์ก็พร้อมกษัตรีย์	อิ	กด	ไอ	กา	จิด	override	กะสัดตรี	override	พลาง(อา/กง);พิ(อิ/กา);นิจ(อิ/กด);หา(อา/กา);ที่(อี/กา)	oracle_blind	N	N	-	khobut#khobut_6:13	oracle-blind (first_sara): real rhyme the oracle misses
pos_011294	positive	r1_w1_w2	HP_oracle_blind	w1	นั้น->ศัตรู	อันลูกสาวเจ้านายของยายนั้น	อันลูกสาวเจ้านายของยายศัตรู	อะ	กน	ไอ	กา	นั้น	override	สัดตรู	override	ดู(อู/กา);ผิว(อิ/เกอว);พรรณ(อะ/กน);ชัน(อะ/กน);ษา(อา/กา)	oracle_blind	N	N	-	khobut#khobut_6:22	oracle-blind (first_sara): real rhyme the oracle misses
pos_011295	positive	r1_w1_w2	HP_oracle_blind	w1	เกศ->ศัตรู	ถึงเงินทองจะมากองให้ท่วมเกศ	ถึงเงินทองจะมากองให้ท่วมศัตรู	เอ	กด	ไอ	กา	เกด	override	สัดตรู	override	ลูก(อู/กก);เกรง(เอ/กง);เดช(เอ/กด);พระ(อะ/กา);ผู้(อู/กา)	oracle_blind	N	N	-	khobut#khobut_6:24	oracle-blind (first_sara): real rhyme the oracle misses
pos_011296	positive	r1_w1_w2	HP_oracle_blind	w1	ห้อง->ศัตรู	สนธยาจะไปหาเจ้าถึงห้อง	สนธยาจะไปหาเจ้าถึงศัตรู	ออ	กง	ไอ	กา	ห้อง	override	สัดตรู	override	ที่(อี/กา);อยู่(อู/กา);ของ(ออ/กง);น้อง(ออ/กง);รัก(อะ/กก)	oracle_blind	N	N	-	khobut#khobut_6:31	oracle-blind (first_sara): real rhyme the oracle misses
pos_011297	positive	r1_w1_w2	HP_oracle_blind	w1	แก้ว->กษัตรี	พระกอดจูบลูบสาลิกาแก้ว	พระกอดจูบลูบสาลิกากษัตรี	แอ	เกอว	ไอ	กา	แก้ว	override	กะสัดตรี	w2p	ดี(อี/กา);จริง(อิ/กง);แล้ว(แอ/เกอว);คิด(อิ/กด);เหมือน(เอือ/กน)	oracle_blind	N	N	-	khobut#khobut_7:2	oracle-blind (first_sara): real rhyme the oracle misses
pos_011298	positive	r1_w1_w2	HP_oracle_blind	w1	จิต->ศัตรู	โสตสดับตรับเหตุสังเกตจิต	โสตสดับตรับเหตุสังเกตศัตรู	อิ	กด	ไอ	กา	จิด	override	สัดตรู	override	ว่า(อา/กา);มิ่ง(อิ/กง);มิตร(อิ/กด);อยู่(อู/กา);ปรางค์(อา/กง)	oracle_blind	N	N	-	khobut#khobut_7:4	oracle-blind (first_sara): real rhyme the oracle misses
pos_011299	positive	r1_w1_w2	HP_oracle_blind	w1	หน่อย->ศัตรู	เออนี่แน่แม่จะถามเนื้อความหน่อย	เออนี่แน่แม่จะถามเนื้อความศัตรู	ออ	เกย	ไอ	กา	หน่อย	w2p	สัดตรู	override	เขา(เอา/กา);เลี้ยง(เอีย/กง);ปล่อย(ออ/เกย);หรือ(อือ/กา);อยู่(อู/กา)	oracle_blind	N	N	-	khobut#khobut_7:27	oracle-blind (first_sara): real rhyme the oracle misses
pos_011300	positive	r1_w1_w2	HP_oracle_blind	w1	หนี->กษัตรีย์	มาพบเหยี่ยวเฉี่ยวโฉบลูกบินหนี	มาพบเหยี่ยวเฉี่ยวโฉบลูกบินกษัตรีย์	อี	กา	ไอ	กา	หนี	override	กะสัดตรี	override	มัน(อะ/กน);ตาม(อา/กม);ตี(อี/กา);สา(อา/กา);ลิ(อิ/กา)	oracle_blind	N	N	-	khobut#khobut_7:32	oracle-blind (first_sara): real rhyme the oracle misses
pos_011301	positive	r1_w1_w2	HP_oracle_blind	w1	หลวง->ศัตรู	หอมจำปาดอกลำดวนในสวนหลวง	หอมจำปาดอกลำดวนในสวนศัตรู	อัว	กง	ไอ	กา	หลวง	override	สัดตรู	override	เร(เอ/กา);ณู(อู/กา);ร่วง(อัว/กง);หอม(ออ/กม);หวน(อัว/กน)	oracle_blind	N	N	-	khobut#khobut_7:65	oracle-blind (first_sara): real rhyme the oracle misses
pos_011302	positive	r1_w1_w2	HP_oracle_blind	w1	เรื่อง->กษัตรี	แกล้งทรงฉีกยอดตองที่รองเรื่อง	แกล้งทรงฉีกยอดตองที่รองกษัตรี	เอือ	กง	ไอ	กา	เรื่อง	override	กะสัดตรี	w2p	ทำ(อำ/กา);ที(อี/กา);เคือง(เอือ/กง);สกุ(อุ/กา);ณิน(อิ/กน)	oracle_blind	N	N	-	khobut#khobut_7:95	oracle-blind (first_sara): real rhyme the oracle misses
pos_011303	positive	r1_w1_w2	HP_oracle_blind	w1	ฐา->ศัตรู	อรุณรับแล้วกำชับพระเชษฐา	อรุณรับแล้วกำชับพระเชษศัตรู	อา	กา	ไอ	กา	ถา	w2p	สัดตรู	override	อย่า(อา/กา);อยู่(อู/กา);ช้า(อา/กา);สาย(อา/เกย);แสง(แอ/กง)	oracle_blind	N	N	-	khobut#khobut_8:3	oracle-blind (first_sara): real rhyme the oracle misses
pos_011304	positive	r1_w1_w2	HP_oracle_blind	w1	ชื่น->กษัตรี	ได้ฟังน้องผ่องแผ้วพระทัยชื่น	ได้ฟังน้องผ่องแผ้วพระทัยกษัตรี	อือ	กน	ไอ	กา	ชื่น	override	กะสัดตรี	w2p	สำ(อำ/กา);ราญ(อา/กน);รื่น(อือ/กน);ยิน(อิ/กน);ดี(อี/กา)	oracle_blind	N	N	-	khobut#khobut_8:4	oracle-blind (first_sara): real rhyme the oracle misses
pos_011305	positive	r1_w1_w2	HP_oracle_blind	w1	หก->กษัตรีย์	บ้างนอนวัดปัดโถเขม่าหก	บ้างนอนวัดปัดโถเขม่ากษัตรีย์	โอะ	กก	ไอ	กา	หก	override	กะสัดตรี	override	หวี(อี/กา);กระ(อะ/กา);จก(โอะ/กก);โถ(โอ/กา);แป้ง(แอ/กง)	oracle_blind	N	N	-	khobut#khobut_8:10	oracle-blind (first_sara): real rhyme the oracle misses
pos_011306	positive	r1_w1_w2	HP_oracle_blind	w1	ต้อง->กษัตรีย์	นี่อะไรไล่จูบประโลมต้อง	นี่อะไรไล่จูบประโลมกษัตรีย์	ออ	กง	ไอ	กา	ต้อง	override	กะสัดตรี	override	พี่(อี/กา);รัก(อะ/กก);น้อง(ออ/กง);นั่น(อะ/กน);สิ(อิ/กา)	oracle_blind	N	N	-	khobut#khobut_8:27	oracle-blind (first_sara): real rhyme the oracle misses
pos_011307	positive	r1_w1_w2	HP_oracle_blind	w1	แก้ว->กษัตรีย์	ตะวันดับจึงจะกลับมาหาแก้ว	ตะวันดับจึงจะกลับมาหากษัตรีย์	แอ	เกอว	ไอ	กา	แก้ว	override	กะสัดตรี	override	สว่าง(อา/กง);แล้ว(แอ/เกอว);พี่(อี/กา);จะ(อะ/กา);อยู่(อู/กา)	oracle_blind	N	N	-	khobut#khobut_8:35	oracle-blind (first_sara): real rhyme the oracle misses
pos_011308	positive	r1_w1_w2	HP_oracle_blind	w1	ภพ->กษัตรี	ถึงปราสาทสององค์พระทรงภพ	ถึงปราสาทสององค์พระทรงกษัตรี	โอะ	กบ	ไอ	กา	ภพ	override	กะสัดตรี	w2p	นาง(อา/กง);เคา(เอา/กา);รพ(โอะ/กบ);อัญ(อะ/กน);ชลี(อี/กา)	oracle_blind	N	N	-	khobut#khobut_8:53	oracle-blind (first_sara): real rhyme the oracle misses
pos_011309	positive	r1_w1_w2	HP_oracle_blind	w1	ชิด->ศัตรู	พระลูกรักดีร้ายมีชายชิด	พระลูกรักดีร้ายมีชายศัตรู	อิ	กด	ไอ	กา	ชิด	override	สัดตรู	override	จึง(อึ/กง);ดู(อู/กา);ผิด(อิ/กด);ผิว(อิ/เกอว);พรรณ(อะ/กน)	oracle_blind	N	N	-	khobut#khobut_8:55	oracle-blind (first_sara): real rhyme the oracle misses
pos_011310	positive	r1_w1_w2	HP_oracle_blind	w1	ขร->ศัตรู	ครั้นสุริยงลงลับเหลี่ยมสิงขร	ครั้นสุริยงลงลับเหลี่ยมสิงศัตรู	ออ	กน	ไอ	กา	ขอน	w2p	สัดตรู	override	พระ(อะ/กา);ภู(อู/กา);ธร(ออ/กน);ครวญ(อัว/กน);คิด(อิ/กด)	oracle_blind	N	N	-	khobut#khobut_8:67	oracle-blind (first_sara): real rhyme the oracle misses
pos_011311	positive	r1_w1_w2	HP_oracle_blind	w1	เจื้อย->กษัตรีย์	มโหรีปี่แก้วจะแจ้วเจื้อย	มโหรีปี่แก้วจะแจ้วกษัตรีย์	เอือ	เกย	ไอ	กา	เจื้อย	w2p	กะสัดตรี	override	ระ(อะ/กา);รี่(อี/กา);เรื่อย(เอือ/เกย);ฟัง(อะ/กง);เสนาะ(เอาะ/กา)	oracle_blind	N	N	-	khobut#khobut_8:72	oracle-blind (first_sara): real rhyme the oracle misses
pos_011312	positive	r1_w1_w2	HP_oracle_blind	w1	รัตน์->ศัตรู	เมืองพาราณสีบุรีรัตน์	เมืองพาราณสีบุรีศัตรู	อะ	กด	ไอ	กา	รัด	override	สัดตรู	override	อยู่(อู/กา);จัง(อะ/กง);หวัด(อะ/กด);บู(อู/กา);รพา(อา/กา)	oracle_blind	N	N	-	khobut#khobut_9:4	oracle-blind (first_sara): real rhyme the oracle misses
pos_011313	positive	r1_w1_w2	HP_oracle_blind	w1	กาศ->ศัตรู	ถนอมนวลชวนเหาะขึ้นอากาศ	ถนอมนวลชวนเหาะขึ้นอาศัตรู	อา	กด	ไอ	กา	กาดสะสา	w2p	สัดตรู	override	ดู(อู/กา);โอ(โอ/กา);ภาส(อา/กด);เพียง(เอีย/กง);เทพ(เอ/กบ)	oracle_blind	N	N	-	khobut#khobut_9:13	oracle-blind (first_sara): real rhyme the oracle misses
pos_011314	positive	r1_w1_w2	HP_oracle_blind	w1	ทึก->กษัตรีย์	พวกผู้หญิงวิ่งตามกันอึกทึก	พวกผู้หญิงวิ่งตามกันอึกกษัตรีย์	อึ	กก	ไอ	กา	ทึก	w2p	กะสัดตรี	override	สะ(อะ/กา);อื้น(อือ/กน);สะ(อะ/กา);อึก(อึ/กก);ตี(อี/กา)	oracle_blind	N	N	-	khobut#khobut_9:17	oracle-blind (first_sara): real rhyme the oracle misses
pos_011315	positive	r1_w1_w2	HP_oracle_blind	w1	เดช->กษัตรี	ทั้งสมทรงวงศาศักดาเดช	ทั้งสมทรงวงศาศักดากษัตรี	เอ	กด	ไอ	กา	เดด	override	กะสัดตรี	w2p	มง(โอะ/กง);กุฎ(อุ/กด);เกศ(เอ/กด);ตรี(อี/กา);ภพ(โอะ/กบ)	oracle_blind	N	N	-	khobut#khobut_9:28	oracle-blind (first_sara): real rhyme the oracle misses
pos_011316	positive	r1_w1_w2	HP_oracle_blind	w1	ปัด->เพชร	บ้างฟุ้งฟูปรูปรายเป็นเกลียวปัด	บ้างฟุ้งฟูปรูปรายเป็นเกลียวเพชร	อะ	กด	เอ	กด	ปัด	override	เพ็ด	override	กระ(อะ/กา);เด็น(เอะ/กน);ซัด(อะ/กด);ทราย(อา/เกย);เม็ด(เอะ/กด)	oracle_blind	N	N	-	khobut#khobut_9:36	oracle-blind (silent_r): real rhyme the oracle misses
pos_011317	positive	r1_w1_w2	HP_oracle_blind	w1	ศรี->กษัตรี	จึงเอื้อนอรรถตรัสสั่งกับสาวศรี	จึงเอื้อนอรรถตรัสสั่งกับสาวกษัตรี	อี	กา	ไอ	กา	สี	override	กะสัดตรี	w2p	บอก(ออ/กก);มณี(อี/กา);สา(อา/กา);คร(ออ/กน);ผู้(อู/กา)	oracle_blind	N	N	-	khobut#khobut_9:57	oracle-blind (first_sara): real rhyme the oracle misses
pos_011318	positive	r1_w1_w2	HP_oracle_blind	w1	สนอง->ศัตรู	สาวสนมต่างก้มบังคมสนอง	สาวสนมต่างก้มบังคมศัตรู	ออ	กง	ไอ	กา	สะหนอง	override	สัดตรู	override	มา(อา/กา);สู่(อู/กา);ห้อง(ออ/กง);บรร(อะ/กน);ทม(โอะ/กม)	oracle_blind	N	N	-	khobut#khobut_9:58	oracle-blind (first_sara): real rhyme the oracle misses
pos_011319	positive	r1_w1_w2	HP_oracle_blind	w1	นี้->กษัตรีย์	อรุณน้องจะได้ครองพารานี้	อรุณน้องจะได้ครองพารากษัตรีย์	อี	กา	ไอ	กา	นี้	override	กะสัดตรี	override	แม่(แอ/กา);มณี(อี/กา);วร(ออ/กน);นุช(อุ/กด);สุด(อุ/กด)	oracle_blind	N	N	-	khobut#khobut_9:75	oracle-blind (first_sara): real rhyme the oracle misses
pos_011320	positive	r1_w1_w2	HP_oracle_blind	w1	เสร็จ->เนตร	จะสร้างเมืองเครื่องอุภิเษกเสร็จ	จะสร้างเมืองเครื่องอุภิเษกเนตร	เอะ	กด	เอ	กด	เส็ด	override	เนด	override	ให้(ไอ/กา);สำ(อำ/กา);เร็จ(เอะ/กด);ตาม(อา/กม);จริง(อิ/กง)	oracle_blind	N	N	-	khobut#khobut_10:9	oracle-blind (silent_r): real rhyme the oracle misses
pos_011321	positive	r1_w1_w2	HP_oracle_blind	w1	เรศ->กษัตรี	พระโคบุตรเหาะชิดกับบิตุเรศ	พระโคบุตรเหาะชิดกับบิตุกษัตรี	เอ	กด	ไอ	กา	เรด	w2p	กะสัดตรี	w2p	ชาว(อา/เกอว);นิ(อิ/กา);เวศน์(เอ/กด);ชี้(อี/กา);ชวน(อัว/กน)	oracle_blind	N	N	-	khobut#khobut_10:16	oracle-blind (first_sara): real rhyme the oracle misses
pos_011322	positive	r1_w1_w2	HP_oracle_blind	w1	โยชน์->ศัตรู	ทั้งกว้างใหญ่ได้สามสิบห้าโยชน์	ทั้งกว้างใหญ่ได้สามสิบห้าศัตรู	โอ	กด	ไอ	กา	โยด	w2p	สัดตรู	override	ภู(อู/กา);เขา(เอา/กา);โขด(โอ/กด);ล้อม(ออ/กม);รอบ(ออ/กบ)	oracle_blind	N	N	-	khobut#khobut_10:21	oracle-blind (first_sara): real rhyme the oracle misses
pos_011323	positive	r1_w1_w2	HP_oracle_blind	w1	รับ->กษัตรี	ให้เทียมรถเรียงเรียบประเทียบรับ	ให้เทียมรถเรียงเรียบประเทียบกษัตรี	อะ	กบ	ไอ	กา	รับ	override	กะสัดตรี	w2p	ที่(อี/กา);สำ(อำ/กา);หรับ(อะ/กบ);สอง(ออ/กง);นาง(อา/กง)	oracle_blind	N	N	-	khobut#khobut_10:29	oracle-blind (first_sara): real rhyme the oracle misses
pos_011324	positive	r1_w1_w2	HP_oracle_blind	w1	ญาติ->กษัตรีย์	รถสำหรับวงศาคณาญาติ	รถสำหรับวงศาคณากษัตรีย์	อา	กด	ไอ	กา	ยาด	override	กะสัดตรี	override	เทียม(เอีย/กม);ด้วย(อัว/เกย);พา(อา/กา);ชี(อี/กา);ชาติ(อา/กด)	oracle_blind	N	N	-	khobut#khobut_10:30	oracle-blind (first_sara): real rhyme the oracle misses
pos_011325	positive	r1_w1_w2	HP_oracle_blind	w1	รุ่น->กษัตรีย์	สั่งให้จัดคัดนางที่แรกรุ่น	สั่งให้จัดคัดนางที่แรกกษัตรีย์	อุ	กน	ไอ	กา	รุ่น	override	กะสัดตรี	override	เนื้อ(เอือ/กา);ละ(อะ/กา);มุน(อุ/กน);งาม(อา/กม);ดี(อี/กา)	oracle_blind	N	N	-	khobut#khobut_10:31	oracle-blind (first_sara): real rhyme the oracle misses
pos_011326	positive	r1_w1_w2	HP_oracle_blind	w1	ทัพ->เนตร	ฝ่ายมนตรีดีใจไปจัดทัพ	ฝ่ายมนตรีดีใจไปจัดเนตร	อะ	กบ	เอ	กด	ทับ	override	เนด	override	ให้(ไอ/กา);เสร็จ(เอะ/กด);สรรพ(อะ/กบ);พร้อม(ออ/กม);หมด(โอะ/กด)	oracle_blind	N	N	-	khobut#khobut_10:33	oracle-blind (silent_r): real rhyme the oracle misses
pos_011327	positive	r1_w1_w2	HP_oracle_blind	w1	นาท->ศัตรู	ตะโกนก้องร้องด้วยเสียงสิงหนาท	ตะโกนก้องร้องด้วยเสียงสิงหศัตรู	อา	กด	ไอ	กา	นาด	w2p	สัดตรู	override	กู่(อู/กา);ประ(อะ/กา);กาศ(อา/กด);เท(เอ/กา);วา(อา/กา)	oracle_blind	N	N	-	khobut#khobut_10:36	oracle-blind (first_sara): real rhyme the oracle misses
pos_011328	positive	r1_w1_w2	HP_oracle_blind	w1	ชาติ->กษัตรี	ฝูงอัปสรมือถือปทุมชาติ	ฝูงอัปสรมือถือปทุมกษัตรี	อา	กด	ไอ	กา	ชาด	override	กะสัดตรี	w2p	มา(อา/กา);โรง(โอ/กง);ราช(อา/กด);พิ(อิ/กา);ธี(อี/กา)	oracle_blind	N	N	-	khobut#khobut_10:39	oracle-blind (first_sara): real rhyme the oracle misses
pos_011329	positive	r1_w1_w2	HP_oracle_blind	w1	บส->ศัตรู	ฤาษีสิทธิ์วิทยาพวกดาบส	ฤาษีสิทธิ์วิทยาพวกดาศัตรู	โอะ	กด	ไอ	กา	บะสบ	w2p	สัดตรู	override	ต่าง(อา/กง);รู้(อู/กา);หมด(โอะ/กด);เหมือน(เอือ/กน);หมาย(อา/เกย)	oracle_blind	N	N	-	khobut#khobut_10:40	oracle-blind (first_sara): real rhyme the oracle misses
pos_011330	positive	r1_w1_w2	HP_oracle_blind	w1	สี->กษัตรี	จะกล่าวกลับจับเรื่องพาราณสี	จะกล่าวกลับจับเรื่องพาราณกษัตรี	อี	กา	ไอ	กา	สี	override	กะสัดตรี	w2p	ครั้น(อะ/กน);รา(อา/กา);ตรี(อี/กา);รุ่ง(อุ/กง);แจ้ง(แอ/กง)	oracle_blind	N	N	-	khobut#khobut_10:44	oracle-blind (first_sara): real rhyme the oracle misses
pos_011331	positive	r1_w1_w2	HP_oracle_blind	w1	สี->กษัตรีย์	พรหมทัตกับพระมเหสี	พรหมทัตกับพระมเหกษัตรีย์	อี	กา	ไอ	กา	สี	override	กะสัดตรี	override	เห็น(เอะ/กน);ธา(อา/กา);นี(อี/กา);เหมือน(เอือ/กน);นัด(อะ/กด)	oracle_blind	N	N	-	khobut#khobut_10:46	oracle-blind (first_sara): real rhyme the oracle misses
pos_011332	positive	r1_w1_w2	HP_oracle_blind	w1	สี->ศัตรู	พวกสนมพรหมทัตมเหสี	พวกสนมพรหมทัตมเหศัตรู	อี	กา	ไอ	กา	สี	override	สัดตรู	override	นั่ง(อะ/กง);อยู่(อู/กา);ที่(อี/กา);เบื้อง(เอือ/กง);ซ้าย(อา/เกย)	oracle_blind	N	N	-	khobut#khobut_10:51	oracle-blind (first_sara): real rhyme the oracle misses
pos_011333	positive	r1_w1_w2	HP_oracle_blind	w1	เนตร->ศัตรู	พระอาทิตย์พรหมทัตหัสเนตร	พระอาทิตย์พรหมทัตหัสศัตรู	เอ	กด	ไอ	กา	เนด	override	สัดตรู	override	อยู่(อู/กา);ท่าม(อา/กม);กลาง(อา/กง);เท(เอ/กา);เวศ(เอ/กด)	oracle_blind	N	N	-	khobut#khobut_10:52	oracle-blind (first_sara): real rhyme the oracle misses
pos_011334	positive	r1_w1_w2	HP_oracle_blind	w1	กรณ์->กษัตรี	ขึ้นนั่งเหนือกองแก้วอลงกรณ์	ขึ้นนั่งเหนือกองแก้วอลงกษัตรี	ออ	กน	ไอ	กา	กอน	w2p	กะสัดตรี	w2p	นาง(อา/กง);มณี(อี/กา);สา(อา/กา);คร(ออ/กน);อยู่(อู/กา)	oracle_blind	N	N	-	khobut#khobut_10:53	oracle-blind (first_sara): real rhyme the oracle misses
pos_011335	positive	r1_w1_w2	HP_oracle_blind	w1	ริก->กษัตรีย์	เจ้าบ่าวเสียดเบียดสีระรี้ริก	เจ้าบ่าวเสียดเบียดสีระรี้กษัตรีย์	อิ	กก	ไอ	กา	ริก	w2p	กะสัดตรี	override	นาง(อา/กง);ฟ้า(อา/กา);หยิก(อิ/กก);เอา(เอา/กา);ที่(อี/กา)	oracle_blind	N	N	-	khobut#khobut_10:58	oracle-blind (first_sara): real rhyme the oracle misses
pos_011336	positive	r1_w1_w2	HP_oracle_blind	w1	รุก->กษัตรี	เทวราชเพื่อนบ่าวเบียดสาวรุก	เทวราชเพื่อนบ่าวเบียดสาวกษัตรี	อุ	กก	ไอ	กา	รุก	override	กะสัดตรี	w2p	ฤา(อือ/กา);ษี(อี/กา);ลุก(อุ/กก);ขึ้น(อึ/กน);ป้อง(ออ/กง)	oracle_blind	N	N	-	khobut#khobut_10:60	oracle-blind (first_sara): real rhyme the oracle misses
pos_011337	positive	r1_w1_w2	HP_oracle_blind	w1	ซ้าย->ศัตรู	นางอำพันนั้นอยู่ปราสาทซ้าย	นางอำพันนั้นอยู่ปราสาทศัตรู	อา	เกย	ไอ	กา	ซ้าย	override	สัดตรู	override	นาง(อา/กง);มณี(อี/กา);โฉม(โอ/กม);ฉาย(อา/เกย);อยู่(อู/กา)	oracle_blind	N	N	-	khobut#khobut_10:63	oracle-blind (first_sara): real rhyme the oracle misses
pos_011338	positive	r1_w1_w2	HP_oracle_blind	w1	มิ่ง->กษัตรีย์	สวาทไหนหรือจะเปรียบสวาทมิ่ง	สวาทไหนหรือจะเปรียบสวาทกษัตรีย์	อิ	กง	ไอ	กา	มิ่ง	override	กะสัดตรี	override	สวาท(อา/กด);แม่(แอ/กา);นี่(อี/กา);แน่(แอ/กา);ยิ่ง(อิ/กง)	oracle_blind	N	N	-	khobut#khobut_10:85	oracle-blind (first_sara): real rhyme the oracle misses
pos_011339	positive	r1_w1_w2	HP_oracle_blind	w1	ด้าน->ศัตรู	ชมกำแพงแสงเพชรทั้งเจ็ดด้าน	ชมกำแพงแสงเพชรทั้งเจ็ดศัตรู	อา	กน	ไอ	กา	ด้าน	w2p	สัดตรู	override	ดู(อู/กา);ท(อะ/กา);วาร(อา/กน);แก้ว(แอ/เกอว);เก้า(เอา/กา)	oracle_blind	N	N	-	khobut#khobut_10:97	oracle-blind (first_sara): real rhyme the oracle misses
pos_011340	positive	r1_w1_w2	HP_oracle_blind	w1	เสร็จ->เพชร	ต่างอวยไชยให้พรสั่งสอนเสร็จ	ต่างอวยไชยให้พรสั่งสอนเพชร	เอะ	กด	เอ	กด	เส็ด	override	เพ็ด	override	พระ(อะ/กา);เสด็จ(เอะ/กด);มา(อา/กา);ด้วย(อัว/เกย);พระ(อะ/กา)	oracle_blind	N	N	-	khobut#khobut_10:102	oracle-blind (silent_r): real rhyme the oracle misses
pos_011341	positive	r1_w1_w2	HP_oracle_blind	w1	เห็น->กษัตรี	ครั้นเหลียวกลับลับเหมือนไม่แลเห็น	ครั้นเหลียวกลับลับเหมือนไม่แลกษัตรี	เอะ	กน	ไอ	กา	เห็น	override	กะสัดตรี	w2p	ก็(เอาะ/กา);โล่ง(โอ/กง);เป็น(เอะ/กน);ที่(อี/กา);ป่า(อา/กา)	oracle_blind	N	N	-	khobut#khobut_10:103	oracle-blind (first_sara): real rhyme the oracle misses
pos_011342	positive	r1_w1_w2	HP_oracle_blind	w1	ณต->กษัตรีย์	บ้างก็แต่งธิดามาประณต	บ้างก็แต่งธิดามาประกษัตรีย์	โอะ	กด	ไอ	กา	นด	w2p	กะสัดตรี	override	ก็(เอาะ/กา);ปรา(อา/กา);กฏ(โอะ/กด);ตรี(อี/กา);ภพ(โอะ/กบ)	oracle_blind	N	N	-	khobut#khobut_11:1	oracle-blind (first_sara): real rhyme the oracle misses
pos_011343	positive	r1_w1_w2	HP_oracle_blind	w1	อ่อน->ศัตรู	นางอำพันทรงครรภ์อยู่อ่อนอ่อน	นางอำพันทรงครรภ์อยู่อ่อนศัตรู	ออ	กน	ไอ	กา	อ่อน	override	สัดตรู	override	พระ(อะ/กา);ภู(อู/กา);ธร(ออ/กน);ละ(อะ/กา);เมิน(เออ/กน)	oracle_blind	N	N	-	khobut#khobut_11:3	oracle-blind (first_sara): real rhyme the oracle misses
pos_011344	positive	r1_w1_w2	HP_oracle_blind	w1	ห้อง->เกษตร	นางสาวใช้คลาไคลออกจากห้อง	นางสาวใช้คลาไคลออกจากเกษตร	ออ	กง	เอ	กด	ห้อง	override	กะเสด	w2p	มา(อา/กา);จัด(อะ/กด);ของ(ออ/กง);เป็ด(เอะ/กด);ไข่(ไอ/กา)	oracle_blind	N	N	-	khobut#khobut_11:16	oracle-blind (silent_r): real rhyme the oracle misses
pos_011345	positive	r1_w1_w2	HP_oracle_blind	w1	น้อง->กษัตรีย์	อนิจจังอนิจจาสีกาน้อง	อนิจจังอนิจจาสีกากษัตรีย์	ออ	กง	ไอ	กา	น้อง	override	กะสัดตรี	override	พี่(อี/กา);คิด(อิ/กด);ครอง(ออ/กง);โลก(โอ/กก);นิ(อิ/กา)	oracle_blind	N	N	-	khobut#khobut_11:29	oracle-blind (first_sara): real rhyme the oracle misses
pos_011346	positive	r1_w1_w2	HP_oracle_blind	w1	นี่->กษัตรีย์	โอ้อะไรเหลวไหลไปเจียวนี่	โอ้อะไรเหลวไหลไปเจียวกษัตรีย์	อี	กา	ไอ	กา	นี่	override	กะสัดตรี	override	เนื้อ(เอือ/กา);ความ(อา/กม);มี(อี/กา);เขา(เอา/กา);มา(อา/กา)	oracle_blind	N	N	-	khobut#khobut_11:31	oracle-blind (first_sara): real rhyme the oracle misses
pos_011347	positive	r1_w1_w2	HP_oracle_blind	w1	เจ้า->กษัตรี	ตาเถรว่าช้าหน่อยหนึ่งเถิดเจ้า	ตาเถรว่าช้าหน่อยหนึ่งเถิดกษัตรี	เอา	กา	ไอ	กา	เจ้า	override	กะสัดตรี	w2p	แล้ว(แอ/เกอว);ลุก(อุ/กก);เข้า(เอา/กา);กุ(อุ/กา);ฎี(อี/กา)	oracle_blind	N	N	-	khobut#khobut_11:33	oracle-blind (first_sara): real rhyme the oracle misses
pos_011348	positive	r1_w1_w2	HP_oracle_blind	w1	ซ้าย->กษัตรีย์	รูปอำพันนั้นวางไว้ข้างซ้าย	รูปอำพันนั้นวางไว้ข้างกษัตรีย์	อา	เกย	ไอ	กา	ซ้าย	override	กะสัดตรี	override	รูป(อู/กบ);มณี(อี/กา);โฉม(โอ/กม);ฉาย(อา/เกย);อยู่(อู/กา)	oracle_blind	N	N	-	khobut#khobut_11:46	oracle-blind (first_sara): real rhyme the oracle misses
pos_011349	positive	r1_w1_w2	HP_oracle_blind	w1	ภู่->ศัตรู	เสกจำปากลายเป็นแมลงภู่	เสกจำปากลายเป็นแมลงศัตรู	อู	กา	ไอ	กา	พู่	w2p	สัดตรู	override	แล้ว(แอ/เกอว);บิน(อิ/กน);วู่(อู/กา);ด้วย(อัว/เกย);พระ(อะ/กา)	oracle_blind	N	N	-	khobut#khobut_11:49	oracle-blind (first_sara): real rhyme the oracle misses
pos_011350	positive	r1_w1_w2	HP_oracle_blind	w1	ค้อน->ศัตรู	ได้ยินคำซ้ำเคืองชำเลืองค้อน	ได้ยินคำซ้ำเคืองชำเลืองศัตรู	ออ	กน	ไอ	กา	ค้อน	w2p	สัดตรู	override	ดู(อู/กา);แสน(แอ/กน);งอน(ออ/กน);ลวน(อัว/กน);ลาม(อา/กม)	oracle_blind	N	N	-	khobut#khobut_11:55	oracle-blind (first_sara): real rhyme the oracle misses
pos_011351	positive	r1_w1_w2	HP_oracle_blind	w1	ก่อน->กษัตรีย์	วิปริตผิดอย่างแต่ปางก่อน	วิปริตผิดอย่างแต่ปางกษัตรีย์	ออ	กน	ไอ	กา	ก่อน	override	กะสัดตรี	override	แม่(แอ/กา);มณี(อี/กา);สา(อา/กา);คร(ออ/กน);หล่อน(ออ/กน)	oracle_blind	N	N	-	khobut#khobut_11:61	oracle-blind (first_sara): real rhyme the oracle misses
pos_011352	positive	r1_w1_w2	HP_oracle_blind	w1	สมร->กษัตรีย์	สงสารเจ้าเยาวมาลย์มิ่งสมร	สงสารเจ้าเยาวมาลย์มิ่งกษัตรีย์	ออ	กน	ไอ	กา	สะหมอน	override	กะสัดตรี	override	องค์(โอะ/กง);มณี(อี/กา);สา(อา/กา);คร(ออ/กน);เสน่(เอ/กน)	oracle_blind	N	N	-	khobut#khobut_11:69	oracle-blind (first_sara): real rhyme the oracle misses
pos_011353	positive	r1_w1_w2	HP_oracle_blind	w1	กล้า->เนตร	ชะรอยผู้รู้เวทวิเศษกล้า	ชะรอยผู้รู้เวทวิเศษเนตร	อา	กา	เอ	กด	กล้า	override	เนด	override	ใช้(ไอ/กา);จำ(อำ/กา);ปา(อา/กา);เชิญ(เออ/กน);เสด็จ(เอะ/กด)	oracle_blind	N	N	-	khobut#khobut_11:71	oracle-blind (silent_r): real rhyme the oracle misses
pos_011354	positive	r1_w1_w2	HP_oracle_blind	w1	คิด->กษัตรีย์	สนมนางต่างคนฉงนคิด	สนมนางต่างคนฉงนกษัตรีย์	อิ	กด	ไอ	กา	คิด	override	กะสัดตรี	override	แต่(แอ/กา);จน(โอะ/กน);จิต(อิ/กด);ที่(อี/กา);จะ(อะ/กา)	oracle_blind	N	N	-	khobut#khobut_11:75	oracle-blind (first_sara): real rhyme the oracle misses
pos_011355	positive	r1_w1_w2	HP_oracle_blind	w1	ปริต->ศัตรู	อันเลขายันต์นี้วิปริต	อันเลขายันต์นี้วิศัตรู	อิ	กด	ไอ	กา	ปะริด	w2p	สัดตรู	override	ผู้(อู/กา);ประ(อะ/กา);สิทธิ์(อิ/กด);ห้าว(อา/เกอว);หาญ(อา/กน)	oracle_blind	N	N	-	khobut#khobut_11:77	oracle-blind (first_sara): real rhyme the oracle misses
pos_011356	positive	r1_w1_w2	HP_oracle_blind	w1	มี->กษัตรี	เห็นอำพันมาลากับสามี	เห็นอำพันมาลากับสากษัตรี	อี	กา	ไอ	กา	มี	override	กะสัดตรี	w2p	สถิต(อิ/กด);ที่(อี/กา);แท่น(แอ/กน);ทอง(ออ/กง);อัน(อะ/กน)	oracle_blind	N	N	-	khobut#khobut_11:80	oracle-blind (first_sara): real rhyme the oracle misses
pos_011357	positive	r1_w1_w2	HP_oracle_blind	w1	ชื่น->กษัตรีย์	นางอำพันกระสันเกษมชื่น	นางอำพันกระสันเกษมกษัตรีย์	อือ	กน	ไอ	กา	ชื่น	override	กะสัดตรี	override	สำ(อำ/กา);ราญ(อา/กน);รื่น(อือ/กน);ปรีดิ์(อี/กา);เปรม(เอ/กม)	oracle_blind	N	N	-	khobut#khobut_11:88	oracle-blind (first_sara): real rhyme the oracle misses
pos_011358	positive	r1_w1_w2	HP_oracle_blind	w1	จบ->กษัตรีย์	ข้ามันจ้านร่านรักเขารู้จบ	ข้ามันจ้านร่านรักเขารู้กษัตรีย์	โอะ	กบ	ไอ	กา	จบ	override	กะสัดตรี	override	เหมือน(เอือ/กน);ดัง(อะ/กง);กบ(โอะ/กบ);สี่(อี/กา);ตีน(อี/กน)	oracle_blind	N	N	-	khobut#khobut_11:91	oracle-blind (first_sara): real rhyme the oracle misses
pos_011359	positive	r1_w1_w2	HP_oracle_blind	w1	หน้า->กษัตรี	สมคะเนแล้วกระไรไม่ไว้หน้า	สมคะเนแล้วกระไรไม่ไว้กษัตรี	อา	กา	ไอ	กา	หน้า	override	กะสัดตรี	w2p	สาร(อา/กน);พัด(อะ/กด);ที่(อี/กา);จะ(อะ/กา);ว่า(อา/กา)	oracle_blind	N	N	-	khobut#khobut_11:92	oracle-blind (first_sara): real rhyme the oracle misses
pos_011360	positive	r1_w1_w2	HP_oracle_blind	w1	เหิน->ศัตรู	ข้าเจ้าชั่วผัวร้างไว้ห่างเหิน	ข้าเจ้าชั่วผัวร้างไว้ห่างศัตรู	เออ	กน	ไอ	กา	เหิน	w2p	สัดตรู	override	จึ่ง(อึ/กง);เสาะ(เอาะ/กา);เดิน(เออ/กน);หา(อา/กา);คู่(อู/กา)	oracle_blind	N	N	-	khobut#khobut_11:96	oracle-blind (first_sara): real rhyme the oracle misses
pos_011361	positive	r1_w1_w2	HP_oracle_blind	w1	บาท->กษัตรีย์	พระโคบุตรสุดแค้นกระทืบบาท	พระโคบุตรสุดแค้นกระทืบกษัตรีย์	อา	กด	ไอ	กา	บาด	override	กะสัดตรี	override	ร้อง(ออ/กง);ตวาด(อา/กด);นาง(อา/กง);มณี(อี/กา);นี้(อี/กา)	oracle_blind	N	N	-	khobut#khobut_11:114	oracle-blind (first_sara): real rhyme the oracle misses
pos_011362	positive	r1_w1_w2	HP_oracle_blind	w1	โรธ->กษัตรีย์	ว่าพระจอมจักรพงศ์ทรงพิโรธ	ว่าพระจอมจักรพงศ์ทรงพิกษัตรีย์	โอ	กด	ไอ	กา	โรด	w2p	กะสัดตรี	override	พระ(อะ/กา);ลง(โอะ/กง);โทษ(โอ/กด);แม่(แอ/กา);มณี(อี/กา)	oracle_blind	N	N	-	khobut#khobut_11:121	oracle-blind (first_sara): real rhyme the oracle misses
pos_011363	positive	r1_w1_w2	HP_oracle_blind	w1	ษี->กษัตรีย์	นางดีใจปราศรัยกับปักษี	นางดีใจปราศรัยกับปักกษัตรีย์	อี	กา	ไอ	กา	สี	w2p	กะสัดตรี	override	เข้า(เอา/กา);มา(อา/กา);นี่(อี/กา);เจ้า(เอา/กา);สา(อา/กา)	oracle_blind	N	N	-	khobut#khobut_11:145	oracle-blind (first_sara): real rhyme the oracle misses
pos_011364	positive	r1_w1_w2	HP_oracle_blind	w1	น้อย->กษัตรีย์	ลงจับแกลแลเห็นอรุณน้อย	ลงจับแกลแลเห็นอรุณกษัตรีย์	ออ	เกย	ไอ	กา	น้อย	override	กะสัดตรี	override	กระ(อะ/กา);โดด(โอ/กด);ลอย(ออ/เกย);ลง(โอะ/กง);ที่(อี/กา)	oracle_blind	N	N	-	khobut#khobut_12:5	oracle-blind (first_sara): real rhyme the oracle misses
pos_011365	positive	r1_w1_w2	HP_oracle_blind	w1	สดับ->กษัตรีย์	ปางอรุณสุริยวงศ์ทรงสดับ	ปางอรุณสุริยวงศ์ทรงกษัตรีย์	อะ	กบ	ไอ	กา	สะดับ	override	กะสัดตรี	override	พระ(อะ/กา);หัตถ์(อะ/กด);จับ(อะ/กบ);คลี่(อี/กา);กระ(อะ/กา)	oracle_blind	N	N	-	khobut#khobut_12:8	oracle-blind (first_sara): real rhyme the oracle misses
pos_011366	positive	r1_w1_w2	HP_oracle_blind	w1	โศก->กษัตรีย์	ในสารศรีว่าพี่นางไม่สร่างโศก	ในสารศรีว่าพี่นางไม่สร่างกษัตรีย์	โอ	กก	ไอ	กา	โสก	override	กะสัดตรี	override	แสน(แอ/กน);วิ(อิ/กา);โยค(โอ/กก);เพียง(เอีย/กง);ชี(อี/กา)	oracle_blind	N	N	-	khobut#khobut_12:9	oracle-blind (first_sara): real rhyme the oracle misses
pos_011367	positive	r1_w1_w2	HP_oracle_blind	w1	ทับ->กษัตรีย์	นางอำพันฝ่ายน้อยพลอยสำทับ	นางอำพันฝ่ายน้อยพลอยสำกษัตรีย์	อะ	กบ	ไอ	กา	ทับ	override	กะสัดตรี	override	พี่(อี/กา);อาย(อา/เกย);กับ(อะ/กบ);หญิง(อิ/กง);ชาย(อา/เกย)	oracle_blind	N	N	-	khobut#khobut_12:10	oracle-blind (first_sara): real rhyme the oracle misses
pos_011368	positive	r1_w1_w2	HP_oracle_blind	w1	พื้น->กษัตรีย์	ครั้นรุ่งแสงแจ้งจบพิภพพื้น	ครั้นรุ่งแสงแจ้งจบพิภพกษัตรีย์	อือ	กน	ไอ	กา	พื้น	override	กะสัดตรี	override	พระ(อะ/กา);พลิก(อิ/กก);ฟื้น(อือ/กน);ปรีดิ์(อี/กา);เปรม(เอ/กม)	oracle_blind	N	N	-	khobut#khobut_12:27	oracle-blind (first_sara): real rhyme the oracle misses
pos_011369	positive	r1_w1_w2	HP_oracle_blind	w1	ฉาย->ศัตรู	พระทรงเครื่องเรืองงามอร่ามฉาย	พระทรงเครื่องเรืองงามอร่ามศัตรู	อา	เกย	ไอ	กา	ฉาย	override	สัดตรู	override	ดู(อู/กา);แพรว(แอ/เกอว);พราย(อา/เกย);จำ(อำ/กา);รัส(อะ/กด)	oracle_blind	N	N	-	khobut#khobut_12:28	oracle-blind (first_sara): real rhyme the oracle misses
pos_011370	positive	r1_w1_w2	HP_oracle_blind	w1	มาตย์->กษัตรีย์	พร้อมตำแหน่งเสนาพฤฒามาตย์	พร้อมตำแหน่งเสนาพฤฒากษัตรีย์	อา	กด	ไอ	กา	มาด	w2p	กะสัดตรี	override	เดียร(เอีย/กน);ดาษ(อา/กด);ดุษ(อุ/กด);ฎี(อี/กา);พระ(อะ/กา)	oracle_blind	N	N	-	khobut#khobut_12:50	oracle-blind (first_sara): real rhyme the oracle misses
pos_011371	positive	r1_w1_w2	HP_oracle_blind	w1	รู้->ศัตรู	ด้วยตัวร้ายหมายว่าอรุณรู้	ด้วยตัวร้ายหมายว่าอรุณศัตรู	อู	กา	ไอ	กา	รู้	override	สัดตรู	override	จะ(อะ/กา);จับ(อะ/กบ);กุม(อุ/กม);ท่าน(อา/กน);ครู(อู/กา)	oracle_blind	N	N	-	khobut#khobut_12:58	oracle-blind (first_sara): real rhyme the oracle misses
pos_011372	positive	r1_w1_w2	HP_oracle_blind	w1	นาถ->กษัตรีย์	อรุณฟังบังคมบรมนาถ	อรุณฟังบังคมบรมกษัตรีย์	อา	กด	ไอ	กา	นาด	override	กะสัดตรี	override	ถึง(อึ/กง);ชี(อี/กา);วาตม์(อา/กด);ก็(เอาะ/กา);ถวาย(อา/เกย)	oracle_blind	N	N	-	khobut#khobut_12:64	oracle-blind (first_sara): real rhyme the oracle misses
pos_011373	positive	r1_w1_w2	HP_oracle_blind	w1	สาร->กษัตรีย์	นางมณีฟังน้องสนองสาร	นางมณีฟังน้องสนองกษัตรีย์	อา	กน	ไอ	กา	สาน	override	กะสัดตรี	override	พี่(อี/กา);แจ้ง(แอ/กง);การ(อา/กน);มั่น(อะ/กน);คง(โอะ/กง)	oracle_blind	N	N	-	khobut#khobut_12:72	oracle-blind (first_sara): real rhyme the oracle misses
pos_011374	positive	r1_w1_w2	HP_oracle_blind	w1	เฉลย->ศัตรู	นางทาสีอัญชลีทูลเฉลย	นางทาสีอัญชลีทูลศัตรู	เออ	เกย	ไอ	กา	ฉะเหลย	override	สัดตรู	override	อย่า(อา/กา);กลัว(อัว/กา);เลย(เออ/เกย);ครู(อู/กา);เฒ่า(เอา/กา)	oracle_blind	N	N	-	khobut#khobut_12:77	oracle-blind (first_sara): real rhyme the oracle misses
pos_011375	positive	r1_w1_w2	HP_oracle_blind	w1	ชี้->กษัตรีย์	แลเห็นกายฝ่ายนางสาวใช้ชี้	แลเห็นกายฝ่ายนางสาวใช้กษัตรีย์	อี	กา	ไอ	กา	ชี้	override	กะสัดตรี	override	อี(อี/กา);ห่ม(โอะ/กม);สี(อี/กา);นวล(อัว/กน);นั้น(อะ/กน)	oracle_blind	N	N	-	khobut#khobut_12:81	oracle-blind (first_sara): real rhyme the oracle misses
pos_011376	positive	r1_w1_w2	HP_oracle_blind	w1	ผม->กษัตรีย์	บินวู่จู่ไปจับที่ปลายผม	บินวู่จู่ไปจับที่ปลายกษัตรีย์	โอะ	กม	ไอ	กา	ผม	w2p	กะสัดตรี	override	อี(อี/กา);ทา(อา/กา);สา(อา/กา);เดิน(เออ/กน);งม(โอะ/กม)	oracle_blind	N	N	-	khobut#khobut_12:84	oracle-blind (first_sara): real rhyme the oracle misses
pos_011377	positive	r1_w1_w2	HP_oracle_blind	w1	ยักษ์->กษัตรี	เสียงสนั่นครั่นครื้นพื้นฤทธิ์ยักษ์	เสียงสนั่นครั่นครื้นพื้นฤทธิ์กษัตรี	อะ	กก	ไอ	กา	ยัก	override	กะสัดตรี	w2p	กุ(อุ/กา);ฎี(อี/กา);หัก(อะ/กก);โครม(โอ/กม);ครืน(อือ/กน)	oracle_blind	N	N	-	khobut#khobut_12:96	oracle-blind (first_sara): real rhyme the oracle misses
pos_011378	positive	r1_w1_w2	HP_oracle_blind	w1	เลื้อย->ศัตรู	เป็นนาคินทร์ปลิ้นปลูดกระลูดเลื้อย	เป็นนาคินทร์ปลิ้นปลูดกระลูดศัตรู	เอือ	เกย	ไอ	กา	เลื้อย	w2p	สัดตรู	override	ดู(อู/กา);ยาว(อา/เกอว);เฟื้อย(เอือ/เกย);ขู่(อู/กา);ฟ้อ(ออ/กา)	oracle_blind	N	N	-	khobut#khobut_12:97	oracle-blind (first_sara): real rhyme the oracle misses
pos_011379	positive	r1_w1_w2	HP_oracle_blind	w1	หลัง->ศัตรู	ทั้งรูปรอยเถรถือมาตามหลัง	ทั้งรูปรอยเถรถือมาตามศัตรู	อะ	กง	ไอ	กา	หลัง	override	สัดตรู	override	ดู(อู/กา);รุง(อุ/กง);รัง(อะ/กง);พัน(อะ/กน);พัว(อัว/กา)	oracle_blind	N	N	-	khobut#khobut_12:112	oracle-blind (first_sara): real rhyme the oracle misses
pos_011380	positive	r1_w1_w2	HP_oracle_blind	w1	หัส->กษัตรี	เราหลงตีนางมณีถึงสาหัส	เราหลงตีนางมณีถึงสากษัตรี	อะ	กด	ไอ	กา	หัด	override	กะสัดตรี	w2p	สาร(อา/กน);พัด(อะ/กด);ที่(อี/กา);เรา(เอา/กา);ผิด(อิ/กด)	oracle_blind	N	N	-	khobut#khobut_13:2	oracle-blind (first_sara): real rhyme the oracle misses
pos_011381	positive	r1_w1_w2	HP_oracle_blind	w1	จิต->กษัตรี	ยุพาพาลฟังถามให้คร้ามจิต	ยุพาพาลฟังถามให้คร้ามกษัตรี	อิ	กด	ไอ	กา	จิด	override	กะสัดตรี	w2p	เห็น(เอะ/กน);สุด(อุ/กด);คิด(อิ/กด);ที่(อี/กา);จะ(อะ/กา)	oracle_blind	N	N	-	khobut#khobut_13:9	oracle-blind (first_sara): real rhyme the oracle misses
pos_011382	positive	r1_w1_w2	HP_oracle_blind	w1	วาตม์->กษัตรี	จะทำลายเสียให้วายชีวาวาตม์	จะทำลายเสียให้วายชีวากษัตรี	อา	กด	ไอ	กา	วาด	w2p	กะสัดตรี	w2p	ทั้ง(อะ/กง);วงศ์(อัว/กง);ญาติ(อา/กด);ที่(อี/กา);อยู่(อู/กา)	oracle_blind	N	N	-	khobut#khobut_13:15	oracle-blind (first_sara): real rhyme the oracle misses
pos_011383	positive	r1_w1_w2	HP_oracle_blind	w1	เด็ด->เพชร	พราหมณ์กำจัดตัดนิ้วกระเด็นเด็ด	พราหมณ์กำจัดตัดนิ้วกระเด็นเพชร	เอะ	กด	เอ	กด	เด็ด	w2p	เพ็ด	override	ก็(เอาะ/กา);หาย(อา/เกย);เสร็จ(เอะ/กด);สิ้น(อิ/กน);พิษ(อิ/กด)	oracle_blind	N	N	-	khobut#khobut_13:21	oracle-blind (silent_r): real rhyme the oracle misses
pos_011384	positive	r1_w1_w2	HP_oracle_blind	w1	แก้->กษัตรี	แพทย์ประสิทธิ์คิดประกอบโอสถแก้	แพทย์ประสิทธิ์คิดประกอบโอสถกษัตรี	แอ	กา	ไอ	กา	แก้	override	กะสัดตรี	w2p	ที่(อี/กา);เจ็บ(เอะ/กบ);แผล(แอ/กา);มิ(อิ/กา);อาจ(อา/กด)	oracle_blind	N	N	-	khobut#khobut_13:26	oracle-blind (first_sara): real rhyme the oracle misses
pos_011385	positive	r1_w1_w2	HP_oracle_blind	w1	หวะ->กษัตรี	เอาคมมีดกรีดเจาะเฉพาะหวะ	เอาคมมีดกรีดเจาะเฉพาะกษัตรี	อะ	กา	ไอ	กา	หวะ	w2p	กะสัดตรี	w2p	ถอน(ออ/กน);ศีร(อี/กน);ษะ(อะ/กา);ฝี(อี/กา);ออก(ออ/กก)	oracle_blind	N	N	-	khobut#khobut_13:27	oracle-blind (first_sara): real rhyme the oracle misses
pos_011386	positive	r1_w1_w2	HP_oracle_blind	w1	ษี->กษัตรี	จึ่งจาบจ้วงล่วงว่าพระฤาษี	จึ่งจาบจ้วงล่วงว่าพระฤากษัตรี	อี	กา	ไอ	กา	สี	w2p	กะสัดตรี	w2p	นิ(อิ/กา);ทาน(อา/กน);นี้(อี/กา);เป็น(เอะ/กน);ทำ(อำ/กา)	oracle_blind	N	N	-	khobut#khobut_13:34	oracle-blind (first_sara): real rhyme the oracle misses
pos_011387	positive	r1_w1_w2	HP_oracle_blind	w1	ผัว->กษัตรี	ธรรมดานารีที่ร่วมผัว	ธรรมดานารีที่ร่วมกษัตรี	อัว	กา	ไอ	กา	ผัว	override	กะสัดตรี	w2p	ก็(เอาะ/กา);มี(อี/กา);ทั่ว(อัว/กา);ดิน(อิ/กน);ฟ้า(อา/กา)	oracle_blind	N	N	-	khobut#khobut_13:45	oracle-blind (first_sara): real rhyme the oracle misses
pos_011388	positive	r1_w1_w2	HP_oracle_blind	w1	ฆ่า->ศัตรู	นางผิดพลั้งครั้งเดียวไม่ควรฆ่า	นางผิดพลั้งครั้งเดียวไม่ควรศัตรู	อา	กา	ไอ	กา	ฆ่า	override	สัดตรู	override	ด้วย(อัว/เกย);วง(อัว/กง);ศา(อา/กา);นั้น(อะ/กน);อยู่(อู/กา)	oracle_blind	N	N	-	khobut#khobut_13:48	oracle-blind (first_sara): real rhyme the oracle misses
pos_011389	positive	r1_w1_w2	HP_oracle_blind	w1	คลอด->กษัตรี	ประจวบจวนถ้วนทศมาสคลอด	ประจวบจวนถ้วนทศมาสกษัตรี	ออ	กด	ไอ	กา	คลอด	w2p	กะสัดตรี	w2p	พี่(อี/กา);ม้วย(อัว/เกย);มอด(ออ/กด);ก็(เอาะ/กา);จะ(อะ/กา)	oracle_blind	N	N	-	khobut#khobut_13:54	oracle-blind (first_sara): real rhyme the oracle misses
pos_011390	positive	r1_w1_w2	HP_oracle_blind	w1	ปราชญ์->กษัตรี	ใครเกิดมาถ้าจิตนั้นติดปราชญ์	ใครเกิดมาถ้าจิตนั้นติดกษัตรี	อา	กด	ไอ	กา	ปราด	w2p	กะสัดตรี	w2p	ย่อม(ออ/กม);หมาย(อา/เกย);มาด(อา/กด);ขัน(อะ/กน);ตี(อี/กา)	oracle_blind	N	N	-	khobut#khobut_13:64	oracle-blind (first_sara): real rhyme the oracle misses
pos_011391	positive	r1_w1_w2	HP_oracle_blind	w1	ติด->กษัตรีย์	อุตส่าห์ตั้งพยายามมาตามติด	อุตส่าห์ตั้งพยายามมาตามกษัตรีย์	อิ	กด	ไอ	กา	ติด	override	กะสัดตรี	override	สิ้น(อิ/กน);ชี(อี/กา);วิต(อิ/กด);พ่อ(ออ/กา);แม่(แอ/กา)	oracle_blind	N	N	-	khobut#khobut_13:92	oracle-blind (first_sara): real rhyme the oracle misses
pos_011392	positive	r1_w1_w2	HP_oracle_blind	w1	หลัง->กษัตรี	พระฟังนกยกเรื่องแต่เบื้องหลัง	พระฟังนกยกเรื่องแต่เบื้องกษัตรี	อะ	กง	ไอ	กา	หลัง	override	กะสัดตรี	w2p	ที่(อี/กา);แค้น(แอ/กน);คั่ง(อะ/กง);แทบ(แอ/กบ);จะ(อะ/กา)	oracle_blind	N	N	-	khobut#khobut_13:94	oracle-blind (first_sara): real rhyme the oracle misses
pos_011393	positive	r1_w1_w2	HP_oracle_blind	w1	มณี->กษัตรีย์	บินมาถึงหน้าปรางค์นางมณี	บินมาถึงหน้าปรางค์นางกษัตรีย์	อี	กา	ไอ	กา	มะนี	override	กะสัดตรี	override	ลง(โอะ/กง);จับ(อะ/กบ);ที่(อี/กา);เพลาอ(อา/กา);รุณ(อุ/กน)	oracle_blind	N	N	-	khobut#khobut_13:101	oracle-blind (first_sara): real rhyme the oracle misses
pos_011394	positive	r1_w1_w2	HP_oracle_blind	w1	นิ่ง->ศัตรู	พระโฉมยงนั้นทรงบรรทมนิ่ง	พระโฉมยงนั้นทรงบรรทมศัตรู	อิ	กง	ไอ	กา	นิ่ง	override	สัดตรู	override	เห็น(เอะ/กน);อยู่(อู/กา);จริง(อิ/กง);ลูก(อู/กก);รัก(อะ/กก)	oracle_blind	N	N	-	khobut#khobut_13:102	oracle-blind (first_sara): real rhyme the oracle misses
pos_011395	positive	r1_w1_w2	HP_oracle_blind	w1	สาร->ศัตรู	อรุณฟังนกขุนทองสนองสาร	อรุณฟังนกขุนทองสนองศัตรู	อา	กน	ไอ	กา	สาน	override	สัดตรู	override	พ่อ(ออ/กา);ดู(อู/กา);การ(อา/กน);เห็น(เอะ/กน);ยัง(อะ/กง)	oracle_blind	N	N	-	khobut#khobut_13:103	oracle-blind (first_sara): real rhyme the oracle misses
pos_011396	positive	r1_w1_w2	HP_oracle_blind	w1	ญาติ->กษัตรี	กับข้อหนึ่งเทวีไม่มีญาติ	กับข้อหนึ่งเทวีไม่มีกษัตรี	อา	กด	ไอ	กา	ยาด	override	กะสัดตรี	w2p	พอ(ออ/กา);พลั้ง(อะ/กง);พลาด(อา/กด);ชี(อี/กา);วา(อา/กา)	oracle_blind	N	N	-	khobut#khobut_13:108	oracle-blind (first_sara): real rhyme the oracle misses
pos_011397	positive	r1_w1_w2	HP_oracle_blind	w1	หา->กษัตรี	ประโลมลูบจูบน้องเสน่หา	ประโลมลูบจูบน้องเสน่กษัตรี	อา	กา	ไอ	กา	หา	override	กะสัดตรี	w2p	พ่อ(ออ/กา);ปรี(อี/กา);ชา(อา/กา);ว่า(อา/กา);ชอบ(ออ/กบ)	oracle_blind	N	N	-	khobut#khobut_14:1	oracle-blind (first_sara): real rhyme the oracle misses
pos_011398	positive	r1_w1_w2	HP_oracle_blind	w1	นารถ->ศัตรู	เขาถึงกรรมตามบทพจนารถ	เขาถึงกรรมตามบทพจศัตรู	อา	กด	ไอ	กา	นาด	w2p	สัดตรู	override	เพชฌ(เอ/กา);ฆาต(อา/กด);ก้ม(โอะ/กม);กราบ(อา/กบ);อยู่(อู/กา)	oracle_blind	N	N	-	khobut#khobut_14:15	oracle-blind (first_sara): real rhyme the oracle misses
pos_011399	positive	r1_w1_w2	HP_oracle_blind	w1	ผี->กษัตรี	ลูกตายจากปลดเปลื้องไปเมืองผี	ลูกตายจากปลดเปลื้องไปเมืองกษัตรี	อี	กา	ไอ	กา	ผี	override	กะสัดตรี	w2p	เพราะ(เอาะ/กา);กรรม(อำ/กม);มี(อี/กา);ดล(โอะ/กน);จิต(อิ/กด)	oracle_blind	N	N	-	khobut#khobut_14:19	oracle-blind (first_sara): real rhyme the oracle misses
pos_011400	positive	r1_w1_w2	HP_oracle_blind	w1	ลักษณ์->ศัตรู	ชาตินี้ลูกอาภัพอัปลักษณ์	ชาตินี้ลูกอาภัพอัปศัตรู	อะ	กก	ไอ	กา	ลัก	w2p	สัดตรู	override	จะ(อะ/กา);รู้(อู/กา);จัก(อะ/กก);คุณ(อุ/กน);แม่(แอ/กา)	oracle_blind	N	N	-	khobut#khobut_14:20	oracle-blind (first_sara): real rhyme the oracle misses
pos_011401	positive	r1_w1_w2	HP_oracle_blind	w1	แจ้ง->ศัตรู	อันหนทางกลางป่าก็ไม่แจ้ง	อันหนทางกลางป่าก็ไม่ศัตรู	แอ	กง	ไอ	กา	แจ้ง	override	สัดตรู	override	จะ(อะ/กา);รู้(อู/กา);แห่ง(แอ/กง);จร(ออ/กน);ดล(โอะ/กน)	oracle_blind	N	N	-	khobut#khobut_14:38	oracle-blind (first_sara): real rhyme the oracle misses
pos_011402	positive	r1_w1_w2	HP_oracle_blind	w1	สุก->กษัตรี	จงปกป้องครองกันเป็นผาสุก	จงปกป้องครองกันเป็นผากษัตรี	อุ	กก	ไอ	กา	สุก	w2p	กะสัดตรี	w2p	อย่า(อา/กา);มี(อี/กา);ทุกข์(อุ/กก);เศร้า(เอา/กา);สร้อย(ออ/เกย)	oracle_blind	N	N	-	khobut#khobut_14:45	oracle-blind (first_sara): real rhyme the oracle misses
pos_011403	positive	r1_w1_w2	HP_oracle_blind	w1	พลับ->กษัตรี	ขุนไกรพลพ่ายอยู่บ้านพลับ	ขุนไกรพลพ่ายอยู่บ้านกษัตรี	อะ	กบ	ไอ	กา	พลับ	w2p	กะสัดตรี	w2p	มี(อี/กา);ทรัพย์(อะ/กบ);เงิน(เออ/กน);ทอง(ออ/กง);ของ(ออ/กง)	oracle_blind	N	N	-	khunChangKhunPhaen#khunChangKhunPhaen_1:6	oracle-blind (first_sara): real rhyme the oracle misses
pos_011404	positive	r1_w1_w2	HP_oracle_blind	w1	หัว->เนตร	กรมการเมืองสุพรรณสั่นหัว	กรมการเมืองสุพรรณสั่นเนตร	อัว	กา	เอ	กด	หัว	override	เนด	override	เข็ด(เอะ/กด);ขาม(อา/กม);คร้าม(อา/กม);กลัว(อัว/กา);ใคร(ไอ/กา)	oracle_blind	N	N	-	khunChangKhunPhaen#khunChangKhunPhaen_1:9	oracle-blind (silent_r): real rhyme the oracle misses
pos_011405	positive	r1_w1_w2	HP_oracle_blind	w1	พรรณ->กษัตรี	อยู่ท่าพี่เลี้ยงเมืองสุพรรณ	อยู่ท่าพี่เลี้ยงเมืองสุกษัตรี	อะ	กน	ไอ	กา	พัน	w2p	กะสัดตรี	w2p	น้อง(ออ/กง);นาง(อา/กง);ศรี(อี/กา);ประ(อะ/กา);จัน(อะ/กน)	oracle_blind	N	N	-	khunChangKhunPhaen#khunChangKhunPhaen_1:13	oracle-blind (first_sara): real rhyme the oracle misses
pos_011406	positive	r1_w1_w2	HP_oracle_blind	w1	ขิก->กษัตรีย์	กลางคืนปั้นรูปหัวเราะขิก	กลางคืนปั้นรูปหัวเราะกษัตรีย์	อิ	กก	ไอ	กา	ขิก	w2p	กะสัดตรี	override	แล้ว(แอ/เกอว);หยิบ(อิ/กบ);หยิก(อิ/กก);บีบ(อี/กบ);บี้(อี/กา)	oracle_blind	N	N	-	khunChangKhunPhaen#khunChangKhunPhaen_1:16	oracle-blind (first_sara): real rhyme the oracle misses
pos_011407	positive	r1_w1_w2	HP_oracle_blind	w1	ฝัน->กษัตรี	ขุนศรีวิชัยจึงทำนายฝัน	ขุนศรีวิชัยจึงทำนายกษัตรี	อะ	กน	ไอ	กา	ฝัน	override	กะสัดตรี	w2p	อ่อ(ออ/กา);เจ้า(เอา/กา);จะ(อะ/กา);มี(อี/กา);ครรภ์(อะ/กน)	oracle_blind	N	N	-	khunChangKhunPhaen#khunChangKhunPhaen_1:24	oracle-blind (first_sara): real rhyme the oracle misses
pos_011408	positive	r1_w1_w2	HP_oracle_blind	w1	เศษ->กษัตรี	ฝันว่าได้ธำมรงค์วงวิเศษ	ฝันว่าได้ธำมรงค์วงวิกษัตรี	เอ	กด	ไอ	กา	เศษ	override	กะสัดตรี	w2p	ของ(ออ/กง);โก(โอ/กา);สีย์(อี/กา);ตรี(อี/กา);เนตร(เอ/กด)	oracle_blind	N	N	-	khunChangKhunPhaen#khunChangKhunPhaen_1:30	oracle-blind (first_sara): real rhyme the oracle misses
pos_011409	positive	r1_w1_w2	HP_oracle_blind	w1	ชาย->ศัตรู	นางเทพทองเหลียวหน้าคว้าลูกชาย	นางเทพทองเหลียวหน้าคว้าลูกศัตรู	อา	เกย	ไอ	กา	ชาย	override	สัดตรู	override	พลิก(อิ/กก);คว่ำ(อำ/กา);พลิก(อิ/กก);หงาย(อา/เกย);อยู่(อู/กา)	oracle_blind	N	N	-	khunChangKhunPhaen#khunChangKhunPhaen_1:50	oracle-blind (first_sara): real rhyme the oracle misses
pos_011410	positive	r1_w1_w2	HP_oracle_blind	w1	ชู->ศัตรู	ไม่มีใจที่จะใคร่เข้าอุ้มชู	ไม่มีใจที่จะใคร่เข้าอุ้มศัตรู	อู	กา	ไอ	กา	ชู	override	สัดตรู	override	เหมือน(เอือ/กน);ค่าง(อา/กง);ครอก(ออ/กก);หลอก(ออ/กก);กู(อู/กา)	oracle_blind	N	N	-	khunChangKhunPhaen#khunChangKhunPhaen_1:60	oracle-blind (first_sara): real rhyme the oracle misses
pos_011411	positive	r1_w1_w2	HP_oracle_blind	w1	วาย->ศัตรู	เจ็บท้องร้องแรกอยู่เวยวาย	เจ็บท้องร้องแรกอยู่เวยศัตรู	อา	เกย	ไอ	กา	วาย	override	สัดตรู	override	ปู่(อู/กา);ตา(อา/กา);ย่า(อา/กา);ยาย(อา/เกย);อึง(อึ/กง)	oracle_blind	N	N	-	khunChangKhunPhaen#khunChangKhunPhaen_1:67	oracle-blind (first_sara): real rhyme the oracle misses
pos_011412	positive	r1_w1_w2	HP_oracle_blind	w1	ลอย->กษัตรีย์	เอวคาดสร้อยอ่อนซ้อนดอกลอย	เอวคาดสร้อยอ่อนซ้อนดอกกษัตรีย์	ออ	เกย	ไอ	กา	ลอย	override	กะสัดตรี	override	ฝัง(อะ/กง);พลอย(ออ/เกย);มร(ออ/กน);กต(โอะ/กด);สี(อี/กา)	oracle_blind	N	N	-	khunChangKhunPhaen#khunChangKhunPhaen_1:76	oracle-blind (first_sara): real rhyme the oracle misses
pos_011413	positive	r1_w1_w2	HP_oracle_blind	w1	กัน->ศัตรู	จัดแจงแขกนั่งเป็นวงกัน	จัดแจงแขกนั่งเป็นวงศัตรู	อะ	กน	ไอ	กา	กัน	override	สัดตรู	override	พงศ์(โอะ/กง);พันธุ์(อะ/กน);พร้อม(ออ/กม);อยู่(อู/กา);ทั้ง(อะ/กง)	oracle_blind	N	N	-	khunChangKhunPhaen#khunChangKhunPhaen_1:77	oracle-blind (first_sara): real rhyme the oracle misses
pos_011414	positive	r1_w1_w2	HP_oracle_blind	w1	ที->กษัตรี	ครั้นแล้วก็โห่อิกสามที	ครั้นแล้วก็โห่อิกสามกษัตรี	อี	กา	ไอ	กา	ที	override	กะสัดตรี	w2p	ดับ(อะ/กบ);อัค(อะ/กก);คี(อี/กา);โบก(โอ/กก);ควัน(อะ/กน)	oracle_blind	N	N	-	khunChangKhunPhaen#khunChangKhunPhaen_1:80	oracle-blind (first_sara): real rhyme the oracle misses
pos_011415	positive	r1_w1_w2	HP_oracle_blind	w1	การ->กษัตรีย์	ครั้นทำขวัญเสร็จสำเร็จการ	ครั้นทำขวัญเสร็จสำเร็จกษัตรีย์	อา	กน	ไอ	กา	กาน	override	กะสัดตรี	override	วงศ์(อัว/กง);วาน(อา/กน);ปรีดิ์(อี/กา);เปรม(เอ/กม);เกษม(เอ/กม)	oracle_blind	N	N	-	khunChangKhunPhaen#khunChangKhunPhaen_1:81	oracle-blind (first_sara): real rhyme the oracle misses
pos_011416	positive	r1_w1_w2	HP_oracle_blind	w1	จัน->กษัตรีย์	จะกล่าวถึงนางศรีประจัน	จะกล่าวถึงนางศรีประกษัตรีย์	อะ	กน	ไอ	กา	จัน	w2p	กะสัดตรี	override	เมื่อ(เอือ/กา);เจ้า(เอา/กา);มี(อี/กา);ครรภ์(อะ/กน);ท้อง(ออ/กง)	oracle_blind	N	N	-	khunChangKhunPhaen#khunChangKhunPhaen_1:82	oracle-blind (first_sara): real rhyme the oracle misses
pos_011417	positive	r1_w1_w2	HP_oracle_blind	w1	ซ้ำ->ศัตรู	คว้าเหล้าเข้าปากเคี้ยวหมากซ้ำ	คว้าเหล้าเข้าปากเคี้ยวหมากศัตรู	อำ	กา	ไอ	กา	ซ้ำ	override	สัดตรู	override	ลุก(อุ/กก);ขึ้น(อึ/กน);เต้น(เอ/กน);รำ(อำ/กา);อยู่(อู/กา)	oracle_blind	N	N	-	khunChangKhunPhaen#khunChangKhunPhaen_1:86	oracle-blind (first_sara): real rhyme the oracle misses
pos_011418	positive	r1_w1_w2	HP_oracle_blind	w1	ว่า->ศัตรู	มึงอย่าร้อนใจฟังกูว่า	มึงอย่าร้อนใจฟังกูศัตรู	อา	กา	ไอ	กา	ว่า	override	สัดตรู	override	ลุก(อุ/กก);ขึ้น(อึ/กน);หลก(โอะ/กก);ผ้า(อา/กา);อยู่(อู/กา)	oracle_blind	N	N	-	khunChangKhunPhaen#khunChangKhunPhaen_1:88	oracle-blind (first_sara): real rhyme the oracle misses
pos_011419	positive	r1_w1_w2	HP_oracle_blind	w1	ขวาง->กษัตรี	สอนเย็บเก็บปักหักทองขวาง	สอนเย็บเก็บปักหักทองกษัตรี	อา	กง	ไอ	กา	ขวาง	override	กะสัดตรี	w2p	ที่(อี/กา);รุ่น(อุ/กน);ราว(อา/เกอว);คราว(อา/เกอว);นาง(อา/กง)	oracle_blind	N	N	-	khunChangKhunPhaen#khunChangKhunPhaen_1:94	oracle-blind (first_sara): real rhyme the oracle misses
pos_011420	positive	r1_w1_w2	HP_oracle_blind	w1	คอก->ศัตรู	นางพิมว่าไปอ้ายนอกคอก	นางพิมว่าไปอ้ายนอกศัตรู	ออ	กก	ไอ	กา	คอก	w2p	สัดตรู	override	รูป(อู/กบ);ชั่ว(อัว/กา);หัว(อัว/กา);ถลอก(ออ/กก);กู(อู/กา)	oracle_blind	N	N	-	khunChangKhunPhaen#khunChangKhunPhaen_1:103	oracle-blind (first_sara): real rhyme the oracle misses
pos_011421	positive	r1_w1_w2	HP_oracle_blind	w1	กลาง->กษัตรีย์	พลายแก้วโดดแหวกเข้าแทรกกลาง	พลายแก้วโดดแหวกเข้าแทรกกษัตรีย์	อา	กง	ไอ	กา	กลาง	override	กะสัดตรี	override	ชก(โอะ/กก);หัว(อัว/กา);ขุน(อุ/กน);ช้าง(อา/กง);ที่(อี/กา)	oracle_blind	N	N	-	khunChangKhunPhaen#khunChangKhunPhaen_1:106	oracle-blind (first_sara): real rhyme the oracle misses
pos_011422	positive	r1_w1_w2	HP_oracle_blind	w1	โวย->ศัตรู	ขุนช้างวางร้องก้องกู่โวย	ขุนช้างวางร้องก้องกู่ศัตรู	โอ	เกย	ไอ	กา	โวย	w2p	สัดตรู	override	ขโมย(โอ/เกย);ลัก(อะ/กก);เมีย(เอีย/กา);กู(อู/กา);จู่(อู/กา)	oracle_blind	N	N	-	khunChangKhunPhaen#khunChangKhunPhaen_1:107	oracle-blind (first_sara): real rhyme the oracle misses
pos_011423	positive	r1_w1_w2	HP_oracle_blind	w1	โหง->ศัตรู	นางพิมด่าให้อ้ายตายโหง	นางพิมด่าให้อ้ายตายศัตรู	โอ	กง	ไอ	กา	โหง	w2p	สัดตรู	override	พวก(อัว/กก);อ้าย(อา/เกย);โล้ง(โอ/กง);โต้ง(โอ/กง);กู(อู/กา)	oracle_blind	N	N	-	khunChangKhunPhaen#khunChangKhunPhaen_1:110	oracle-blind (first_sara): real rhyme the oracle misses
pos_011424	positive	r1_w1_w2	HP_oracle_blind	w1	เกิด->กษัตรี	จะว่าค่างฤๅลิงวิ่งมาเกิด	จะว่าค่างฤๅลิงวิ่งมากษัตรี	เออ	กด	ไอ	กา	เกิด	override	กะสัดตรี	w2p	อ้าย(อา/เกย);ผี(อี/กา);นอก(ออ/กก);ละ(อะ/กา);เมิด(เออ/กด)	oracle_blind	N	N	-	khunChangKhunPhaen#khunChangKhunPhaen_1:122	oracle-blind (first_sara): real rhyme the oracle misses
pos_011425	positive	r1_w1_w2	HP_oracle_blind	w1	ตรี->กษัตรีย์	ทั้งพวกจำเรียงเสียงดนตรี	ทั้งพวกจำเรียงเสียงดนกษัตรีย์	อี	กา	ไอ	กา	ตรี	override	กะสัดตรี	override	ก็(เอาะ/กา);เรื่อย(เอือ/เกย);รี่(อี/กา);ขับ(อะ/กบ);ประ(อะ/กา)	oracle_blind	N	N	-	khunChangKhunPhaen#khunChangKhunPhaen_1:129	oracle-blind (first_sara): real rhyme the oracle misses
pos_011426	positive	r1_w1_w2	HP_oracle_blind	w1	เศษ->กษัตรีย์	พระสุริย์ฉายบ่ายแล้วสี่โมงเศษ	พระสุริย์ฉายบ่ายแล้วสี่โมงกษัตรีย์	เอ	กด	ไอ	กา	เศษ	override	กะสัดตรี	override	จะ(อะ/กา);ประ(อะ/กา);เวศ(เอ/กด);ออก(ออ/กก);ที่(อี/กา)	oracle_blind	N	N	-	khunChangKhunPhaen#khunChangKhunPhaen_1:130	oracle-blind (first_sara): real rhyme the oracle misses
pos_011427	positive	r1_w1_w2	HP_oracle_blind	w1	กลิ่น->ศัตรู	ทรงสุคนธ์หอมฟุ้งจรุงกลิ่น	ทรงสุคนธ์หอมฟุ้งจรุงศัตรู	อิ	กน	ไอ	กา	กลิ่น	override	สัดตรู	override	พระ(อะ/กา);ภู(อู/กา);ษา(อา/กา);ดอก(ออ/กก);กิน(อิ/กน)	oracle_blind	N	N	-	khunChangKhunPhaen#khunChangKhunPhaen_1:131	oracle-blind (first_sara): real rhyme the oracle misses
pos_011428	positive	r1_w1_w2	HP_oracle_blind	w1	ภาณ->กษัตรีย์	เรียกทั้งพันเภากับพันภาณ	เรียกทั้งพันเภากับพันกษัตรีย์	อา	กน	ไอ	กา	พาน	w2p	กะสัดตรี	override	เอา(เอา/กา);บาญ(อา/กน);ชี(อี/กา);คลี่(อี/กา);อ่าน(อา/กน)	oracle_blind	N	N	-	khunChangKhunPhaen#khunChangKhunPhaen_2:10	oracle-blind (first_sara): real rhyme the oracle misses
pos_011429	positive	r1_w1_w2	HP_oracle_blind	w1	คลา->ศัตรู	ทนายรับหมายแล้วไคลคลา	ทนายรับหมายแล้วไคลศัตรู	อา	กา	ไอ	กา	คลา	override	สัดตรู	override	วิ่ง(อิ/กง);มา(อา/กา);ครู่(อู/กา);หนึ่ง(อึ/กง);ก็(เอาะ/กา)	oracle_blind	N	N	-	khunChangKhunPhaen#khunChangKhunPhaen_2:14	oracle-blind (first_sara): real rhyme the oracle misses
pos_011430	positive	r1_w1_w2	HP_oracle_blind	w1	อึง->กษัตรี	ให้มีลางคืนนั้นสนั่นอึง	ให้มีลางคืนนั้นสนั่นกษัตรี	อึ	กง	ไอ	กา	อึง	override	กะสัดตรี	w2p	แมลง(แอ/กง);มุม(อุ/กม);ตี(อี/กา);อก(โอะ/กก);ผึง(อึ/กง)	oracle_blind	N	N	-	khunChangKhunPhaen#khunChangKhunPhaen_2:17	oracle-blind (first_sara): real rhyme the oracle misses
pos_011431	positive	r1_w1_w2	HP_oracle_blind	w1	ผลาญ->กษัตรีย์	ขุนไกรได้ฟังดังใครผลาญ	ขุนไกรได้ฟังดังใครกษัตรีย์	อา	กน	ไอ	กา	ผลาน	override	กะสัดตรี	override	เอ๊ะ(เออะ/กา);จะ(อะ/กา);มี(อี/กา);เหตุ(เอ/กด);การ(อา/กน)	oracle_blind	N	N	-	khunChangKhunPhaen#khunChangKhunPhaen_2:20	oracle-blind (first_sara): real rhyme the oracle misses
pos_011432	positive	r1_w1_w2	HP_oracle_blind	w1	เสด็จ->เกษตร	พระที่นั่งพุดตานสำหรับเสด็จ	พระที่นั่งพุดตานสำหรับเกษตร	เอะ	กด	เอ	กด	สะเด็ด	override	กะเสด	w2p	ผูก(อู/กก);เสร็จ(เอะ/กด);ทอด(ออ/กด);พระ(อะ/กา);แสง(แอ/กง)	oracle_blind	N	N	-	khunChangKhunPhaen#khunChangKhunPhaen_2:40	oracle-blind (silent_r): real rhyme the oracle misses
pos_011433	positive	r1_w1_w2	HP_oracle_blind	w1	ศอ->ศัตรู	ผูกทั้งพระที่นั่งเถลิงศอ	ผูกทั้งพระที่นั่งเถลิงศัตรู	ออ	กา	ไอ	กา	สอ	w2p	สัดตรู	override	พระ(อะ/กา);ยี่(อี/กา);ภู่(อู/กา);ปู(อู/กา);คอ(ออ/กา)	oracle_blind	N	N	-	khunChangKhunPhaen#khunChangKhunPhaen_2:42	oracle-blind (first_sara): real rhyme the oracle misses
pos_011434	positive	r1_w1_w2	HP_oracle_blind	w1	เสด็จ->เพชร	ขุนนางขี่ช้างตามเสด็จ	ขุนนางขี่ช้างตามเพชร	เอะ	กด	เอ	กด	สะเด็ด	override	เพ็ด	override	เตรียม(เอีย/กม);เสร็จ(เอะ/กด);ตาม(อา/กม);ที่(อี/กา);ถี่(อี/กา)	oracle_blind	N	N	-	khunChangKhunPhaen#khunChangKhunPhaen_2:51	oracle-blind (silent_r): real rhyme the oracle misses
pos_011435	positive	r1_w1_w2	HP_oracle_blind	w1	ขนัด->เพชร	สาวสนมกรมในเป็นขนัด	สาวสนมกรมในเป็นเพชร	อะ	กด	เอ	กด	ขะหนัด	override	เพ็ด	override	รำ(อำ/กา);เพย(เออ/เกย);พัด(อะ/กด);เสร็จ(เอะ/กด);ทรง(โอะ/กง)	oracle_blind	N	N	-	khunChangKhunPhaen#khunChangKhunPhaen_2:54	oracle-blind (silent_r): real rhyme the oracle misses
pos_011436	positive	r1_w1_w2	HP_oracle_blind	w1	เสด็จ->เนตร	กลองชนะตีจ้าท้าเชิญเสด็จ	กลองชนะตีจ้าท้าเชิญเนตร	เอะ	กด	เอ	กด	สะเด็ด	override	เนด	override	กระ(อะ/กา);บวน(อัว/กน);หน้า(อา/กา);เตรียม(เอีย/กม);เสร็จ(เอะ/กด)	oracle_blind	N	N	-	khunChangKhunPhaen#khunChangKhunPhaen_2:59	oracle-blind (silent_r): real rhyme the oracle misses
pos_011437	positive	r1_w1_w2	HP_oracle_blind	w1	ฮึก->ศัตรู	คลายคลี่โยธีอันหาญฮึก	คลายคลี่โยธีอันหาญศัตรู	อึ	กก	ไอ	กา	ฮึก	override	สัดตรู	override	ก้อง(ออ/กง);กึก(อึ/กก);อล(โอะ/กน);หม่าน(อา/กน);อยู่(อู/กา)	oracle_blind	N	N	-	khunChangKhunPhaen#khunChangKhunPhaen_2:62	oracle-blind (first_sara): real rhyme the oracle misses
pos_011438	positive	r1_w1_w2	HP_oracle_blind	w1	ก้อง->กษัตรีย์	เสียงเอิกเกริกอึงคะนึงก้อง	เสียงเอิกเกริกอึงคะนึงกษัตรีย์	ออ	กง	ไอ	กา	ก้อง	override	กะสัดตรี	override	ทั้ง(อะ/กง);ฆ้อง(ออ/กง);กลอง(ออ/กง);ดน(โอะ/กน);ตรี(อี/กา)	oracle_blind	N	N	-	khunChangKhunPhaen#khunChangKhunPhaen_2:65	oracle-blind (first_sara): real rhyme the oracle misses
pos_011439	positive	r1_w1_w2	HP_oracle_blind	w1	พัน->ศัตรู	วายุภักษ์จับกิ่งแสลงพัน	วายุภักษ์จับกิ่งแสลงศัตรู	อะ	กน	ไอ	กา	พัน	override	สัดตรู	override	เบญจ(เอ/กด);วรรณ(อะ/กน);จับ(อะ/กบ);หว้า(อา/กา);อยู่(อู/กา)	oracle_blind	N	N	-	khunChangKhunPhaen#khunChangKhunPhaen_2:69	oracle-blind (first_sara): real rhyme the oracle misses
pos_011440	positive	r1_w1_w2	HP_oracle_blind	w1	ฉุด->ศัตรู	บ้างฟันบ้างถากบ้างลากฉุด	บ้างฟันบ้างถากบ้างลากศัตรู	อุ	กด	ไอ	กา	ฉุด	override	สัดตรู	override	บ้าง(อา/กง);ปัก(อะ/กก);บ้าง(อา/กง);ขุด(อุ/กด);อยู่(อู/กา)	oracle_blind	N	N	-	khunChangKhunPhaen#khunChangKhunPhaen_2:81	oracle-blind (first_sara): real rhyme the oracle misses
pos_011441	positive	r1_w1_w2	HP_oracle_blind	w1	ตี->กษัตรี	ผู้ตรวจกวดขันรันโบยตี	ผู้ตรวจกวดขันรันโบยกษัตรี	อี	กา	ไอ	กา	ตี	override	กะสัดตรี	w2p	คน(โอะ/กน);ละ(อะ/กา);ที(อี/กา);สอง(ออ/กง);ที(อี/กา)	oracle_blind	N	N	-	khunChangKhunPhaen#khunChangKhunPhaen_2:85	oracle-blind (first_sara): real rhyme the oracle misses
pos_011442	positive	r1_w1_w2	HP_oracle_blind	w1	ดง->ศัตรู	ฝนตกห่าใหญ่ลงในดง	ฝนตกห่าใหญ่ลงในศัตรู	โอะ	กง	ไอ	กา	ดง	override	สัดตรู	override	เดิน(เออ/กน);หลง(โอะ/กง);ล้ม(โอะ/กม);กลิ้ง(อิ/กง);อยู่(อู/กา)	oracle_blind	N	N	-	khunChangKhunPhaen#khunChangKhunPhaen_2:86	oracle-blind (first_sara): real rhyme the oracle misses
pos_011443	positive	r1_w1_w2	HP_oracle_blind	w1	ทราย->กษัตรีย์	เนื้อเบื้อเสือสางกวางทราย	เนื้อเบื้อเสือสางกวางกษัตรีย์	อา	เกย	ไอ	กา	ซาย	override	กะสัดตรี	override	หมี(อี/กา);หมู(อู/กา);หมู่(อู/กา);กระ(อะ/กา);ต่าย(อา/เกย)	oracle_blind	N	N	-	khunChangKhunPhaen#khunChangKhunPhaen_2:91	oracle-blind (first_sara): real rhyme the oracle misses
pos_011444	positive	r1_w1_w2	HP_oracle_blind	w1	ษา->เพชร	ครานั้นสมเด็จพระพันวษา	ครานั้นสมเด็จพระพันวเพชร	อา	กา	เอ	กด	สาสะ	w2p	เพ็ด	override	เสด็จ(เอะ/กด);บน(โอะ/กน);พลับ(อะ/กบ);พลา(อา/กา);แล้ว(แอ/เกอว)	oracle_blind	N	N	-	khunChangKhunPhaen#khunChangKhunPhaen_2:95	oracle-blind (silent_r): real rhyme the oracle misses
pos_011445	positive	r1_w1_w2	HP_oracle_blind	w1	หัน->ศัตรู	ถีบโดดโลดแทงเป็นกังหัน	ถีบโดดโลดแทงเป็นกังศัตรู	อะ	กน	ไอ	กา	หัน	override	สัดตรู	override	เสียง(เอีย/กง);หอก(ออ/กก);สนั่น(อะ/กน);อยู่(อู/กา);ฉับ(อะ/กบ)	oracle_blind	N	N	-	khunChangKhunPhaen#khunChangKhunPhaen_2:99	oracle-blind (first_sara): real rhyme the oracle misses
pos_011446	positive	r1_w1_w2	HP_oracle_blind	w1	กาล->กษัตรี	ว่าข้าขุนไกรนั้นถึงกาล	ว่าข้าขุนไกรนั้นถึงกษัตรี	อา	กน	ไอ	กา	กาน	override	กะสัดตรี	w2p	ท่าน(อา/กน);ประ(อะ/กา);หาร(อา/กน);ชี(อี/กา);วิต(อิ/กด)	oracle_blind	N	N	-	khunChangKhunPhaen#khunChangKhunPhaen_2:112	oracle-blind (first_sara): real rhyme the oracle misses
pos_011447	positive	r1_w1_w2	HP_oracle_blind	w1	ผี->กษัตรีย์	ลูกแก้วก็มิได้มาเห็นผี	ลูกแก้วก็มิได้มาเห็นกษัตรีย์	อี	กา	ไอ	กา	ผี	override	กะสัดตรี	override	ทอง(ออ/กง);ประ(อะ/กา);ศรี(อี/กา);ก็(เอาะ/กา);มิ(อิ/กา)	oracle_blind	N	N	-	khunChangKhunPhaen#khunChangKhunPhaen_2:114	oracle-blind (first_sara): real rhyme the oracle misses
pos_011448	positive	r1_w1_w2	HP_oracle_blind	w1	ผิด->กษัตรี	ด้วยตัวข้าขุนไกรกระทำผิด	ด้วยตัวข้าขุนไกรกระทำกษัตรี	อิ	กด	ไอ	กา	ผิด	override	กะสัดตรี	w2p	ถึง(อึ/กง);ชี(อี/กา);วิต(อิ/กด);จะ(อะ/กา);ม้วย(อัว/เกย)	oracle_blind	N	N	-	khunChangKhunPhaen#khunChangKhunPhaen_2:120	oracle-blind (first_sara): real rhyme the oracle misses
pos_011449	positive	r1_w1_w2	HP_oracle_blind	w1	รี->กษัตรีย์	เอ็งเร่งไปสุพรรณบุรี	เอ็งเร่งไปสุพรรณบุกษัตรีย์	อี	กา	ไอ	กา	รี	override	กะสัดตรี	override	บอก(ออ/กก);นาง(อา/กง);ทอง(ออ/กง);ประ(อะ/กา);ศรี(อี/กา)	oracle_blind	N	N	-	khunChangKhunPhaen#khunChangKhunPhaen_2:124	oracle-blind (first_sara): real rhyme the oracle misses
pos_011450	positive	r2_w2_w3	HP_oracle_blind	w3	รี->กษัตรี	ปากก็หวานเหมือนน้ำตาลเพชรบุรี	ปากก็หวานเหมือนน้ำตาลเพชรบุกษัตรี	อี	กา	ไอ	กา	รี	override	กะสัดตรี	w2p	ถี่(อี/กา)	oracle_blind	N	N	-	SuphasaetSonYing#SuphasaetSonYing_1:101	oracle-blind (first_sara): real rhyme the oracle misses
pos_011451	positive	r2_w2_w3	HP_oracle_blind	w3	ดี->กษัตรีย์	ทั้งล่วมปัดจัดแจงแต่งให้ดี	ทั้งล่วมปัดจัดแจงแต่งให้กษัตรีย์	อี	กา	ไอ	กา	ดี	override	กะสัดตรี	override	ศรี(อี/กา)	oracle_blind	N	N	-	SuphasaetSonYing#SuphasaetSonYing_1:174	oracle-blind (first_sara): real rhyme the oracle misses
pos_011452	positive	r2_w2_w3	HP_oracle_blind	w3	ลี->กษัตรีย์	จงลาแม่ลาพ่อจรลี	จงลาแม่ลาพ่อจรกษัตรีย์	อี	กา	ไอ	กา	ลี	override	กะสัดตรี	override	สี(อี/กา)	oracle_blind	N	N	-	khobut#khobut_1:62	oracle-blind (first_sara): real rhyme the oracle misses
pos_011453	positive	r2_w2_w3	HP_oracle_blind	w3	นี->กษัตรี	จะแก้ไขให้สองราคืนธานี	จะแก้ไขให้สองราคืนธากษัตรี	อี	กา	ไอ	กา	นี	override	กะสัดตรี	w2p	ษี(อี/กา)	oracle_blind	N	N	-	khobut#khobut_3:28	oracle-blind (first_sara): real rhyme the oracle misses
pos_011454	positive	r2_w2_w3	HP_oracle_blind	w3	นี->กษัตรีย์	โน่นปรางค์ทองของพระชนนี	โน่นปรางค์ทองของพระชนกษัตรีย์	อี	กา	ไอ	กา	นี	override	กะสัดตรี	override	ศรี(อี/กา)	oracle_blind	N	N	-	khobut#khobut_3:40	oracle-blind (first_sara): real rhyme the oracle misses
pos_011455	positive	r2_w2_w3	HP_oracle_blind	w3	ฆี->กษัตรีย์	แล้วพากันเหาะเหขึ้นเมฆี	แล้วพากันเหาะเหขึ้นเมกษัตรีย์	อี	กา	ไอ	กา	คี	w2p	กะสัดตรี	override	ศรี(อี/กา)	oracle_blind	N	N	-	khobut#khobut_4:28	oracle-blind (first_sara): real rhyme the oracle misses
pos_011456	positive	r2_w2_w3	HP_oracle_blind	w3	ที->กษัตรีย์	เป็นสัจจังวาจาน้องพาที	เป็นสัจจังวาจาน้องพากษัตรีย์	อี	กา	ไอ	กา	ที	override	กะสัดตรี	override	ศรี(อี/กา)	oracle_blind	N	N	-	khobut#khobut_5:12	oracle-blind (first_sara): real rhyme the oracle misses
pos_011457	positive	r2_w2_w3	HP_oracle_blind	w3	ดี->กษัตรี	ดูพฤกษาน่าชมอุดมดี	ดูพฤกษาน่าชมอุดมกษัตรี	อี	กา	ไอ	กา	ดี	override	กะสัดตรี	w2p	ศรี(อี/กา)	oracle_blind	N	N	-	khobut#khobut_6:16	oracle-blind (first_sara): real rhyme the oracle misses
pos_011458	positive	r2_w2_w3	HP_oracle_blind	w3	ณี->กษัตรีย์	ว่าโฉมยงองค์หนึ่งในธรณี	ว่าโฉมยงองค์หนึ่งในธรกษัตรีย์	อี	กา	ไอ	กา	นี	w2p	กะสัดตรี	override	ศรี(อี/กา)	oracle_blind	N	N	-	khobut#khobut_7:30	oracle-blind (first_sara): real rhyme the oracle misses
pos_011459	positive	r2_w2_w3	HP_oracle_blind	w3	คลี->กษัตรี	เห็นพยนต์ยับลงเป็นผงคลี	เห็นพยนต์ยับลงเป็นผงกษัตรี	อี	กา	ไอ	กา	คลี	w2p	กะสัดตรี	w2p	ศรี(อี/กา)	oracle_blind	N	N	-	khobut#khobut_8:77	oracle-blind (first_sara): real rhyme the oracle misses
pos_011460	positive	r2_w2_w3	HP_oracle_blind	w3	ครู->ศัตรู	ตัวใครเล่าสิว่าเที่ยวหาครู	ตัวใครเล่าสิว่าเที่ยวหาศัตรู	อู	กา	ไอ	กา	ครู	override	สัดตรู	override	หู(อู/กา)	oracle_blind	N	N	-	khobut#khobut_11:98	oracle-blind (first_sara): real rhyme the oracle misses
pos_011461	positive	r2_w2_w3	HP_oracle_blind	w3	คี->กษัตรีย์	พระพี่กับเชษฐาเป็นราคี	พระพี่กับเชษฐาเป็นรากษัตรีย์	อี	กา	ไอ	กา	คี	w2p	กะสัดตรี	override	ศรี(อี/กา)	oracle_blind	N	N	-	khobut#khobut_12:13	oracle-blind (first_sara): real rhyme the oracle misses
pos_011462	positive	r2_w2_w3	HP_oracle_blind	w3	ฎี->กษัตรีย์	ให้เถรแก่แดดิ้นอยู่กุฎี	ให้เถรแก่แดดิ้นอยู่กุกษัตรีย์	อี	กา	ไอ	กา	ดีเดีย	w2p	กะสัดตรี	override	ศรี(อี/กา)	oracle_blind	N	N	-	khobut#khobut_12:93	oracle-blind (first_sara): real rhyme the oracle misses
pos_011463	positive	r2_w2_w3	HP_oracle_blind	w3	วี->กษัตรีย์	พระเห็นเถรกับทาสนางเทวี	พระเห็นเถรกับทาสนางเทกษัตรีย์	อี	กา	ไอ	กา	วี	w2p	กะสัดตรี	override	ผี(อี/กา)	oracle_blind	N	N	-	khobut#khobut_12:112	oracle-blind (first_sara): real rhyme the oracle misses
pos_011464	positive	r2_w2_w3	HP_oracle_blind	w3	คี->กษัตรี	เข้าหยุดร่มพฤกษาพอนาคี	เข้าหยุดร่มพฤกษาพอนากษัตรี	อี	กา	ไอ	กา	คี	w2p	กะสัดตรี	w2p	ศรี(อี/กา)	oracle_blind	N	N	-	khobut#khobut_13:20	oracle-blind (first_sara): real rhyme the oracle misses
pos_011465	positive	r2_w2_w3	HP_oracle_blind	w3	ตี->กษัตรีย์	เห็นแต่องค์ผ่านฟ้าก็ฆ่าตี	เห็นแต่องค์ผ่านฟ้าก็ฆ่ากษัตรีย์	อี	กา	ไอ	กา	ตี	override	กะสัดตรี	override	ผี(อี/กา)	oracle_blind	N	N	-	khobut#khobut_13:92	oracle-blind (first_sara): real rhyme the oracle misses
pos_011466	positive	r2_w2_w3	HP_oracle_blind	w3	ลี->กษัตรี	แต่ใจหญิงแพศยาเป็นกาลี	แต่ใจหญิงแพศยาเป็นกากษัตรี	อี	กา	ไอ	กา	ลี	override	กะสัดตรี	w2p	ศรี(อี/กา)	oracle_blind	N	N	-	khobut#khobut_14:1	oracle-blind (first_sara): real rhyme the oracle misses
pos_011467	positive	r2_w2_w3	HP_oracle_blind	w3	ดู->ศัตรู	ฝ่าตาตะแกเป็นหมอดู	ฝ่าตาตะแกเป็นหมอศัตรู	อู	กา	ไอ	กา	ดู	override	สัดตรู	override	ปู่(อู/กา)	oracle_blind	N	N	-	khunChangKhunPhaen#khunChangKhunPhaen_1:71	oracle-blind (first_sara): real rhyme the oracle misses
pos_011468	positive	r2_w2_w3	HP_oracle_blind	w3	ณี->กษัตรี	กึกก้องทั่วท้องธรณี	กึกก้องทั่วท้องธรกษัตรี	อี	กา	ไอ	กา	นี	w2p	กะสัดตรี	w2p	ปี่(อี/กา)	oracle_blind	N	N	-	khunChangKhunPhaen#khunChangKhunPhaen_2:60	oracle-blind (first_sara): real rhyme the oracle misses
pos_011469	positive	r2_w2_w3	HP_oracle_blind	w3	ตรี->กษัตรี	ประพาสป่ามาได้หลายราตรี	ประพาสป่ามาได้หลายรากษัตรี	อี	กา	ไอ	กา	ตรี	override	กะสัดตรี	w2p	ศรี(อี/กา)	oracle_blind	N	N	-	khunChangKhunPhaen#khunChangKhunPhaen_2:126	oracle-blind (first_sara): real rhyme the oracle misses
pos_011470	positive	r2_w2_w3	HP_oracle_blind	w3	พี->กษัตรีย์	ไม่เจ็บไข้เมื่อไปยังอ้วนพี	ไม่เจ็บไข้เมื่อไปยังอ้วนกษัตรีย์	อี	กา	ไอ	กา	พี	w2p	กะสัดตรี	override	ผี(อี/กา)	oracle_blind	N	N	-	khunChangKhunPhaen#khunChangKhunPhaen_2:137	oracle-blind (first_sara): real rhyme the oracle misses
pos_011471	positive	r2_w2_w3	HP_oracle_blind	w3	ยี->กษัตรี	กรมการสุพรรณจะยํ่ายี	กรมการสุพรรณจะยํ่ากษัตรี	อี	กา	ไอ	กา	ยี	w2p	กะสัดตรี	w2p	หนี(อี/กา)	oracle_blind	N	N	-	khunChangKhunPhaen#khunChangKhunPhaen_2:143	oracle-blind (first_sara): real rhyme the oracle misses
pos_011472	positive	r2_w2_w3	HP_oracle_blind	w3	ชู้->ศัตรู	รักทั้งเรียนเสกเป่าเป็นเจ้าชู้	รักทั้งเรียนเสกเป่าเป็นเจ้าศัตรู	อู	กา	ไอ	กา	ชู้	w2p	สัดตรู	override	สู้(อู/กา)	oracle_blind	N	N	-	khunChangKhunPhaen#khunChangKhunPhaen_3:53	oracle-blind (first_sara): real rhyme the oracle misses
pos_011473	positive	r2_w2_w3	HP_oracle_blind	w3	วู->ศัตรู	ร้อนรุ่มกลุ้มใจดังไฟวู	ร้อนรุ่มกลุ้มใจดังไฟศัตรู	อู	กา	ไอ	กา	วู	w2p	สัดตรู	override	อยู่(อู/กา)	oracle_blind	N	N	-	khunChangKhunPhaen#khunChangKhunPhaen_3:64	oracle-blind (first_sara): real rhyme the oracle misses
pos_011474	positive	r2_w2_w3	HP_oracle_blind	w3	ภีร์->กษัตรีย์	จบจับรับเอาห่อคัมภีร์	จบจับรับเอาห่อคัมกษัตรีย์	อี	กา	ไอ	กา	พี	w2p	กะสัดตรี	override	สี(อี/กา)	oracle_blind	N	N	-	khunChangKhunPhaen#khunChangKhunPhaen_3:159	oracle-blind (first_sara): real rhyme the oracle misses
pos_011475	positive	r2_w2_w3	HP_oracle_blind	w3	พี->กษัตรี	จัดแจงข้าวปลาทารพี	จัดแจงข้าวปลาทารกษัตรี	อี	กา	ไอ	กา	พี	w2p	กะสัดตรี	w2p	พี่(อี/กา)	oracle_blind	N	N	-	khunChangKhunPhaen#khunChangKhunPhaen_4:3	oracle-blind (first_sara): real rhyme the oracle misses
pos_011476	positive	r2_w2_w3	HP_oracle_blind	w3	พรู->ศัตรู	ข้าไทตามหลังมาพรั่งพรู	ข้าไทตามหลังมาพรั่งศัตรู	อู	กา	ไอ	กา	พรู	w2p	สัดตรู	override	อยู่(อู/กา)	oracle_blind	N	N	-	khunChangKhunPhaen#khunChangKhunPhaen_4:57	oracle-blind (first_sara): real rhyme the oracle misses
pos_011477	positive	r2_w2_w3	HP_oracle_blind	w3	คดี->กษัตรี	จะนัดเณรเสียให้แจ้งแห่งคดี	จะนัดเณรเสียให้แจ้งแห่งกษัตรี	อี	กา	ไอ	กา	คะดี	override	กะสัดตรี	w2p	พี่(อี/กา)	oracle_blind	N	N	-	khunChangKhunPhaen#khunChangKhunPhaen_4:137	oracle-blind (first_sara): real rhyme the oracle misses
pos_011478	positive	r2_w2_w3	HP_oracle_blind	w3	คดี->กษัตรีย์	จะใคร่ได้แจ้งแห่งคดี	จะใคร่ได้แจ้งแห่งกษัตรีย์	อี	กา	ไอ	กา	คะดี	override	กะสัดตรี	override	อี้(อี/กา)	oracle_blind	N	N	-	khunChangKhunPhaen#khunChangKhunPhaen_5:90	oracle-blind (first_sara): real rhyme the oracle misses
pos_011479	positive	r2_w2_w3	HP_oracle_blind	w3	รีย์->กษัตรี	อ้ายหัวล้านอกขนคนอัปรีย์	อ้ายหัวล้านอกขนคนอัปกษัตรี	อี	กา	ไอ	กา	รี	w2p	กะสัดตรี	w2p	นี่(อี/กา)	oracle_blind	N	N	-	khunChangKhunPhaen#khunChangKhunPhaen_5:107	oracle-blind (first_sara): real rhyme the oracle misses
pos_011480	positive	r2_w2_w3	HP_oracle_blind	w3	ตู->ศัตรู	แอบฟังบังทวารบานประตู	แอบฟังบังทวารบานประศัตรู	อู	กา	ไอ	กา	ตู	w2p	สัดตรู	override	อยู่(อู/กา)	oracle_blind	N	N	-	khunChangKhunPhaen#khunChangKhunPhaen_6:195	oracle-blind (first_sara): real rhyme the oracle misses
pos_011481	positive	r2_w2_w3	HP_oracle_blind	w3	กวี->กษัตรีย์	ข้าทูลละอองบาทราชกวี	ข้าทูลละอองบาทราชกษัตรีย์	อี	กา	ไอ	กา	กะวี	override	กะสัดตรี	override	สี่(อี/กา)	oracle_blind	N	N	-	khunChangKhunPhaen#khunChangKhunPhaen_8:57	oracle-blind (first_sara): real rhyme the oracle misses
pos_011482	positive	r2_w2_w3	HP_oracle_blind	w3	ปี->กษัตรี	มันม้วยมอดวอดวายเสียหลายปี	มันม้วยมอดวอดวายเสียหลายกษัตรี	อี	กา	ไอ	กา	ปี	override	กะสัดตรี	w2p	ผี(อี/กา)	oracle_blind	N	N	-	khunChangKhunPhaen#khunChangKhunPhaen_8:63	oracle-blind (first_sara): real rhyme the oracle misses
pos_011483	positive	r2_w2_w3	HP_oracle_blind	w3	งู->ศัตรู	นิ้วก้อยช้อยแขนใส่แหวนงู	นิ้วก้อยช้อยแขนใส่แหวนศัตรู	อู	กา	ไอ	กา	งู	w2p	สัดตรู	override	ครู่(อู/กา)	oracle_blind	N	N	-	khunChangKhunPhaen#khunChangKhunPhaen_8:96	oracle-blind (first_sara): real rhyme the oracle misses
pos_011484	positive	r2_w2_w3	HP_oracle_blind	w3	รู->ศัตรู	กระแตตามกระรอกมาเข้าคารู	กระแตตามกระรอกมาเข้าคาศัตรู	อู	กา	ไอ	กา	รู	w2p	สัดตรู	override	อยู่(อู/กา)	oracle_blind	N	N	-	khunChangKhunPhaen#khunChangKhunPhaen_9:54	oracle-blind (first_sara): real rhyme the oracle misses
pos_011485	positive	r2_w2_w3	HP_oracle_blind	w3	วี->กษัตรี	พอได้ยินปืนผาที่ราวี	พอได้ยินปืนผาที่รากษัตรี	อี	กา	ไอ	กา	วี	w2p	กะสัดตรี	w2p	ถี่(อี/กา)	oracle_blind	N	N	-	khunChangKhunPhaen#khunChangKhunPhaen_9:114	oracle-blind (first_sara): real rhyme the oracle misses
pos_011486	positive	r2_w2_w3	HP_oracle_blind	w3	พลู->ศัตรู	ทั้งมะพร้าวน้ำตาลหมากพลู	ทั้งมะพร้าวน้ำตาลหมากศัตรู	อู	กา	ไอ	กา	พลู	w2p	สัดตรู	override	พู่(อู/กา)	oracle_blind	N	N	-	khunChangKhunPhaen#khunChangKhunPhaen_12:2	oracle-blind (first_sara): real rhyme the oracle misses
pos_011487	positive	r2_w2_w3	HP_oracle_blind	w3	ทวี->กษัตรี	น้องแค้นแสนศัลย์พันทวี	น้องแค้นแสนศัลย์พันกษัตรี	อี	กา	ไอ	กา	ทะวี	override	กะสัดตรี	w2p	สี(อี/กา)	oracle_blind	N	N	-	khunChangKhunPhaen#khunChangKhunPhaen_13:72	oracle-blind (first_sara): real rhyme the oracle misses
pos_011488	positive	r2_w2_w3	HP_oracle_blind	w3	ปี->กษัตรีย์	ถ้าอดใจกลั้นไว้สักครึ่งปี	ถ้าอดใจกลั้นไว้สักครึ่งกษัตรีย์	อี	กา	ไอ	กา	ปี	override	กะสัดตรี	override	ที่(อี/กา)	oracle_blind	N	N	-	khunChangKhunPhaen#khunChangKhunPhaen_13:155	oracle-blind (first_sara): real rhyme the oracle misses
pos_011489	positive	r2_w2_w3	HP_oracle_blind	w3	ชี->กษัตรีย์	ขุนแผนเผ่นขึ้นหลังพาชี	ขุนแผนเผ่นขึ้นหลังพากษัตรีย์	อี	กา	ไอ	กา	ชี	override	กะสัดตรี	override	รี่(อี/กา)	oracle_blind	N	N	-	khunChangKhunPhaen#khunChangKhunPhaen_14:21	oracle-blind (first_sara): real rhyme the oracle misses
pos_011490	positive	r2_w2_w3	HP_oracle_blind	w3	ธี->กษัตรี	ก็แก่เก่าเศร้าเสื่อมซึ่งฤทธี	ก็แก่เก่าเศร้าเสื่อมซึ่งฤทกษัตรี	อี	กา	ไอ	กา	ธี	override	กะสัดตรี	w2p	ผี(อี/กา)	oracle_blind	N	N	-	khunChangKhunPhaen#khunChangKhunPhaen_16:8	oracle-blind (first_sara): real rhyme the oracle misses
pos_011491	positive	r2_w2_w3	HP_oracle_blind	w3	ยี->กษัตรีย์	สารพัดโรคาอย่ายายี	สารพัดโรคาอย่ายากษัตรีย์	อี	กา	ไอ	กา	ยี	w2p	กะสัดตรี	override	ผี(อี/กา)	oracle_blind	N	N	-	khunChangKhunPhaen#khunChangKhunPhaen_16:106	oracle-blind (first_sara): real rhyme the oracle misses
pos_011492	positive	r2_w2_w3	HP_oracle_blind	w3	ปู->ศัตรู	เห็นแต่นกตะกรุมมันสุ่มปู	เห็นแต่นกตะกรุมมันสุ่มศัตรู	อู	กา	ไอ	กา	ปู	override	สัดตรู	override	ครู่(อู/กา)	oracle_blind	N	N	-	khunChangKhunPhaen#khunChangKhunPhaen_18:86	oracle-blind (first_sara): real rhyme the oracle misses
pos_011493	positive	r2_w2_w3	HP_oracle_blind	w3	รีย์->กษัตรีย์	โล้นเกลี้ยงเพียงหูดูอัปรีย์	โล้นเกลี้ยงเพียงหูดูอัปกษัตรีย์	อี	กา	ไอ	กา	รี	w2p	กะสัดตรี	override	สี(อี/กา)	oracle_blind	N	N	-	khunChangKhunPhaen#khunChangKhunPhaen_20:4	oracle-blind (first_sara): real rhyme the oracle misses
pos_011494	positive	r2_w2_w3	HP_oracle_blind	w3	คู้->ศัตรู	เอาหัวมุดเข้าในโพรงโก้งโค้งคู้	เอาหัวมุดเข้าในโพรงโก้งโค้งศัตรู	อู	กา	ไอ	กา	คู้	w2p	สัดตรู	override	อยู่(อู/กา)	oracle_blind	N	N	-	khunChangKhunPhaen#khunChangKhunPhaen_20:179	oracle-blind (first_sara): real rhyme the oracle misses
pos_011495	positive	r2_w2_w3	HP_oracle_blind	w3	กู->ศัตรู	ก็จะวิ่งปะเลงโทษเอ็งกู	ก็จะวิ่งปะเลงโทษเอ็งศัตรู	อู	กา	ไอ	กา	กู	override	สัดตรู	override	ดู๋(อู/กา)	oracle_blind	N	N	-	khunChangKhunPhaen#khunChangKhunPhaen_20:221	oracle-blind (first_sara): real rhyme the oracle misses
pos_011496	positive	r2_w2_w3	HP_oracle_blind	w3	ธี->กษัตรีย์	ฤๅจะยกจัตุรงคโยธี	ฤๅจะยกจัตุรงคโยกษัตรีย์	อี	กา	ไอ	กา	ธี	override	กะสัดตรี	override	นี่(อี/กา)	oracle_blind	N	N	-	khunChangKhunPhaen#khunChangKhunPhaen_25:18	oracle-blind (first_sara): real rhyme the oracle misses
pos_011497	positive	r2_w2_w3	HP_oracle_blind	w3	ชี->กษัตรี	เหนื่อยนักให้พักพาชี	เหนื่อยนักให้พักพากษัตรี	อี	กา	ไอ	กา	ชี	override	กะสัดตรี	w2p	ขี่(อี/กา)	oracle_blind	N	N	-	khunChangKhunPhaen#khunChangKhunPhaen_25:107	oracle-blind (first_sara): real rhyme the oracle misses
pos_011498	positive	r2_w2_w3	HP_oracle_blind	w3	รมี->กษัตรี	ด้วยหวังใจจะได้พึ่งพระบารมี	ด้วยหวังใจจะได้พึ่งพระบากษัตรี	อี	กา	ไอ	กา	ระมี	w2p	กะสัดตรี	w2p	ศรี(อี/กา)	oracle_blind	N	N	-	khunChangKhunPhaen#khunChangKhunPhaen_25:125	oracle-blind (first_sara): real rhyme the oracle misses
pos_011499	positive	r2_w2_w3	HP_oracle_blind	w3	ทวี->กษัตรีย์	จะตั้งแต่โศกศัลย์พันทวี	จะตั้งแต่โศกศัลย์พันกษัตรีย์	อี	กา	ไอ	กา	ทะวี	override	กะสัดตรี	override	นี่(อี/กา)	oracle_blind	N	N	-	khunChangKhunPhaen#khunChangKhunPhaen_26:48	oracle-blind (first_sara): real rhyme the oracle misses
pos_011500	positive	r2_w2_w3	HP_oracle_blind	w3	ชลี->กษัตรีย์	ครั้นรุ่งเช้าเข้าไปอัญชลี	ครั้นรุ่งเช้าเข้าไปอัญกษัตรีย์	อี	กา	ไอ	กา	ชะลี	w2p	กะสัดตรี	override	ศรี(อี/กา)	oracle_blind	N	N	-	khunChangKhunPhaen#khunChangKhunPhaen_27:304	oracle-blind (first_sara): real rhyme the oracle misses
pos_011501	positive	r2_w2_w3	HP_oracle_blind	w3	คลี->กษัตรีย์	อันจะเข้ารบรุกกันคลุกคลี	อันจะเข้ารบรุกกันคลุกกษัตรีย์	อี	กา	ไอ	กา	คลี	w2p	กะสัดตรี	override	หนี(อี/กา)	oracle_blind	N	N	-	khunChangKhunPhaen#khunChangKhunPhaen_29:331	oracle-blind (first_sara): real rhyme the oracle misses
pos_011502	positive	r2_w2_w3	HP_oracle_blind	w3	กรู->ศัตรู	บ่าวนายพ่ายหนีวิ่งกรีกรู	บ่าวนายพ่ายหนีวิ่งกรีศัตรู	อู	กา	ไอ	กา	กรู	w2p	สัดตรู	override	อยู่(อู/กา)	oracle_blind	N	N	-	khunChangKhunPhaen#khunChangKhunPhaen_29:343	oracle-blind (first_sara): real rhyme the oracle misses
pos_011503	positive	r2_w2_w3	HP_oracle_blind	w3	ชลี->กษัตรี	เห็นเพี้ยกวานคลานมาอัญชลี	เห็นเพี้ยกวานคลานมาอัญกษัตรี	อี	กา	ไอ	กา	ชะลี	w2p	กะสัดตรี	w2p	สีห์(อี/กา)	oracle_blind	N	N	-	khunChangKhunPhaen#khunChangKhunPhaen_30:216	oracle-blind (first_sara): real rhyme the oracle misses
pos_011504	positive	r2_w2_w3	HP_oracle_blind	w3	ฎี->กษัตรี	เมื่อกระนั้นท่านพามากุฎี	เมื่อกระนั้นท่านพามากุกษัตรี	อี	กา	ไอ	กา	ดีเดีย	w2p	กะสัดตรี	w2p	นี่(อี/กา)	oracle_blind	N	N	-	khunChangKhunPhaen#khunChangKhunPhaen_38:190	oracle-blind (first_sara): real rhyme the oracle misses
pos_011505	positive	r2_w2_w3	HP_oracle_blind	w3	ทู->ศัตรู	แต่พอปลงหม้อข้าวเผาปลาทู	แต่พอปลงหม้อข้าวเผาปลาศัตรู	อู	กา	ไอ	กา	ทู	w2p	สัดตรู	override	หนู(อู/กา)	oracle_blind	N	N	-	khunChangKhunPhaen#khunChangKhunPhaen_38:212	oracle-blind (first_sara): real rhyme the oracle misses
pos_011506	positive	r2_w2_w3	HP_oracle_blind	w3	ยู->ศัตรู	ไม่เพี้ยนเพศแขกชวามลายู	ไม่เพี้ยนเพศแขกชวามลาศัตรู	อู	กา	ไอ	กา	ยู	w2p	สัดตรู	override	คู่(อู/กา)	oracle_blind	N	N	-	khunChangKhunPhaen#khunChangKhunPhaen_41:57	oracle-blind (first_sara): real rhyme the oracle misses
pos_011507	positive	r2_w2_w3	HP_oracle_blind	w3	ซี้->กษัตรี	เถรว่าอย่าพูดให้เซ้าซี้	เถรว่าอย่าพูดให้เซ้ากษัตรี	อี	กา	ไอ	กา	ซี้	w2p	กะสัดตรี	w2p	ผี(อี/กา)	oracle_blind	N	N	-	khunChangKhunPhaen#khunChangKhunPhaen_41:71	oracle-blind (first_sara): real rhyme the oracle misses
pos_011508	positive	r2_w2_w3	HP_oracle_blind	w3	ทรีย์->กษัตรี	จึงหมายว่าจะแกล้งแปลงอินทรีย์	จึงหมายว่าจะแกล้งแปลงอินกษัตรี	อี	กา	ไอ	กา	ทรี	w2p	กะสัดตรี	w2p	ผี(อี/กา)	oracle_blind	N	N	-	khunChangKhunPhaen#khunChangKhunPhaen_43:24	oracle-blind (first_sara): real rhyme the oracle misses
pos_011509	positive	r2_w2_w3	HP_oracle_blind	w3	บดี->กษัตรีย์	จึงดำรัสตรัสสั่งอธิบดี	จึงดำรัสตรัสสั่งอธิกษัตรีย์	อี	กา	ไอ	กา	บอดี	w2p	กะสัดตรี	override	ศรี(อี/กา)	oracle_blind	N	N	-	khunChangKhunPhaen#khunChangKhunPhaen_43:140	oracle-blind (first_sara): real rhyme the oracle misses
pos_011510	positive	r2_w2_w3	HP_oracle_blind	w3	ซี้->กษัตรีย์	ถ้าขืนขัดก็อย่าเฝ้ามาเซ้าซี้	ถ้าขืนขัดก็อย่าเฝ้ามาเซ้ากษัตรีย์	อี	กา	ไอ	กา	ซี้	w2p	กะสัดตรี	override	สี(อี/กา)	oracle_blind	N	N	-	phraAphai#phraAphai_5:32	oracle-blind (first_sara): real rhyme the oracle misses
pos_011511	positive	r2_w2_w3	HP_oracle_blind	w3	ทรีย์->กษัตรีย์	แล้วผัดหน้าทาแป้งแต่งอินทรีย์	แล้วผัดหน้าทาแป้งแต่งอินกษัตรีย์	อี	กา	ไอ	กา	ทรี	w2p	กะสัดตรี	override	หวี(อี/กา)	oracle_blind	N	N	-	phraAphai#phraAphai_6:33	oracle-blind (first_sara): real rhyme the oracle misses
pos_011512	positive	r2_w2_w3	HP_oracle_blind	w3	กรี->กษัตรีย์	เป็นมนุษย์ครุฑาวาสุกรี	เป็นมนุษย์ครุฑาวาสุกษัตรีย์	อี	กา	ไอ	กา	กรี	w2p	กะสัดตรี	override	ศรี(อี/กา)	oracle_blind	N	N	-	phraAphai#phraAphai_7:89	oracle-blind (first_sara): real rhyme the oracle misses
pos_011513	positive	r2_w2_w3	HP_oracle_blind	w3	มณี->กษัตรี	ทั้งสององค์ลงจากแท่นมณี	ทั้งสององค์ลงจากแท่นกษัตรี	อี	กา	ไอ	กา	มะนี	override	กะสัดตรี	w2p	ศรี(อี/กา)	oracle_blind	N	N	-	phraAphai#phraAphai_8:106	oracle-blind (first_sara): real rhyme the oracle misses
pos_011514	positive	r2_w2_w3	HP_oracle_blind	w3	ญู->ศัตรู	จะถือคำธรรมขันธ์สัพพัญญู	จะถือคำธรรมขันธ์สัพพัญศัตรู	อู	กา	ไอ	กา	ยู	w2p	สัดตรู	override	หู(อู/กา)	oracle_blind	N	N	-	phraAphai#phraAphai_12:4	oracle-blind (first_sara): real rhyme the oracle misses
pos_011515	positive	r2_w2_w3	HP_oracle_blind	w3	วดี->กษัตรี	เจ้าโมราพานางประภาวดี	เจ้าโมราพานางประภากษัตรี	อี	กา	ไอ	กา	วะดี	w2p	กะสัดตรี	w2p	ศรี(อี/กา)	oracle_blind	N	N	-	phraAphai#phraAphai_16:26	oracle-blind (first_sara): real rhyme the oracle misses
pos_011516	positive	r2_w2_w3	HP_oracle_blind	w3	กี->กษัตรีย์	แล้วทูลลาท้าวไทพระอัยกี	แล้วทูลลาท้าวไทพระอัยกษัตรีย์	อี	กา	ไอ	กา	กี	w2p	กะสัดตรี	override	ศรี(อี/กา)	oracle_blind	N	N	-	phraAphai#phraAphai_17:193	oracle-blind (first_sara): real rhyme the oracle misses
pos_011517	positive	r2_w2_w3	HP_oracle_blind	w3	พู->ศัตรู	แม้นคิดเห็นเช่นเราสั่งทั้งชมพู	แม้นคิดเห็นเช่นเราสั่งทั้งชมศัตรู	อู	กา	ไอ	กา	พู	w2p	สัดตรู	override	หู(อู/กา)	oracle_blind	N	N	-	phraAphai#phraAphai_26:238	oracle-blind (first_sara): real rhyme the oracle misses
pos_011518	positive	r2_w2_w3	HP_oracle_blind	w3	กวี->กษัตรี	จึงแก้ฝันบรรดาโหรากวี	จึงแก้ฝันบรรดาโหรากษัตรี	อี	กา	ไอ	กา	กะวี	override	กะสัดตรี	w2p	สี(อี/กา)	oracle_blind	N	N	-	phraAphai#phraAphai_27:53	oracle-blind (first_sara): real rhyme the oracle misses
pos_011519	positive	r2_w2_w3	HP_oracle_blind	w3	สตรี->กษัตรี	เราเป็นชายฝ่ายเจ้าเป็นสตรี	เราเป็นชายฝ่ายเจ้าเป็นกษัตรี	อี	กา	ไอ	กา	สะตรี	override	กะสัดตรี	w2p	ศรี(อี/กา)	oracle_blind	N	N	-	phraAphai#phraAphai_32:208	oracle-blind (first_sara): real rhyme the oracle misses
pos_011520	positive	r2_w2_w3	HP_oracle_blind	w3	ที่->กษัตรีย์	เอาแต่พร้าอีโต้โตเต็มที่	เอาแต่พร้าอีโต้โตเต็มกษัตรีย์	อี	กา	ไอ	กา	ที่	override	กะสัดตรี	override	ศี(อี/กา)	oracle_blind	N	N	-	phraAphai#phraAphai_33:109	oracle-blind (first_sara): real rhyme the oracle misses
pos_011521	positive	r2_w2_w3	HP_oracle_blind	w3	ฟู->ศัตรู	เหราร้ายว่ายล่องขึ้นฟ่องฟู	เหราร้ายว่ายล่องขึ้นฟ่องศัตรู	อู	กา	ไอ	กา	ฟู	w2p	สัดตรู	override	สู(อู/กา)	oracle_blind	N	N	-	phraAphai#phraAphai_38:50	oracle-blind (first_sara): real rhyme the oracle misses
pos_011522	positive	r2_w2_w3	HP_oracle_blind	w3	กี->กษัตรี	ทั้งโยธาข้าเฝ้าเศร้าโศกี	ทั้งโยธาข้าเฝ้าเศร้าโศกษัตรี	อี	กา	ไอ	กา	กี	w2p	กะสัดตรี	w2p	สี(อี/กา)	oracle_blind	N	N	-	phraAphai#phraAphai_41:95	oracle-blind (first_sara): real rhyme the oracle misses
pos_011523	positive	r2_w2_w3	HP_oracle_blind	w3	บดี->กษัตรี	จุดโคมเวียนเทียนประทีปให้ดิบดี	จุดโคมเวียนเทียนประทีปให้ดิกษัตรี	อี	กา	ไอ	กา	บอดี	w2p	กะสัดตรี	w2p	ษี(อี/กา)	oracle_blind	N	N	-	phraAphai#phraAphai_49:113	oracle-blind (first_sara): real rhyme the oracle misses
pos_011524	positive	r2_w2_w3	HP_oracle_blind	w3	นีย์->กษัตรีย์	ต่างตกใจไปเฝ้าพระเสาวนีย์	ต่างตกใจไปเฝ้าพระเสาวกษัตรีย์	อี	กา	ไอ	กา	นี	w2p	กะสัดตรี	override	ศรี(อี/กา)	oracle_blind	N	N	-	phraAphai#phraAphai_58:2	oracle-blind (first_sara): real rhyme the oracle misses
pos_011525	positive	r2_w2_w3	HP_oracle_blind	w3	สนี->กษัตรีย์	ทูลพระองค์ทรงพรตดาบสนี	ทูลพระองค์ทรงพรตดาบกษัตรีย์	อี	กา	ไอ	กา	สะหนี	w2p	กะสัดตรี	override	ศรี(อี/กา)	oracle_blind	N	N	-	phraAphai#phraAphai_64:112	oracle-blind (first_sara): real rhyme the oracle misses
pos_011526	positive	r2_w2_w3	HP_oracle_blind	w3	ภีร์->กษัตรี	เคยแจ้งเรื่องเมืองกำพลค้นคัมภีร์	เคยแจ้งเรื่องเมืองกำพลค้นคัมกษัตรี	อี	กา	ไอ	กา	พี	w2p	กะสัดตรี	w2p	ศี(อี/กา)	oracle_blind	N	N	-	phraAphai#phraAphai_65:73	oracle-blind (first_sara): real rhyme the oracle misses
pos_011527	positive	r2_w2_w3	HP_oracle_blind	w3	นีย์->กษัตรี	มีธุระจะไปเฝ้าพระเสาวนีย์	มีธุระจะไปเฝ้าพระเสาวกษัตรี	อี	กา	ไอ	กา	นี	w2p	กะสัดตรี	w2p	ศรี(อี/กา)	oracle_blind	N	N	-	phraAphai#phraAphai_66:325	oracle-blind (first_sara): real rhyme the oracle misses
pos_011528	positive	r2_w2_w3	HP_oracle_blind	w3	พลี->กษัตรีย์	จะตั้งสรวงสารพัดทำบัดพลี	จะตั้งสรวงสารพัดทำบัดกษัตรีย์	อี	กา	ไอ	กา	พลี	w2p	กะสัดตรี	override	ศรี(อี/กา)	oracle_blind	N	N	-	phraAphai#phraAphai_99:81	oracle-blind (first_sara): real rhyme the oracle misses
pos_011529	positive	r2_w2_w3	HP_oracle_blind	w3	รมี->กษัตรีย์	ทั้งนี้เพราะบุญญาบารมี	ทั้งนี้เพราะบุญญาบากษัตรีย์	อี	กา	ไอ	กา	ระมี	w2p	กะสัดตรี	override	ศรี(อี/กา)	oracle_blind	N	N	-	phraAphai#phraAphai_100:205	oracle-blind (first_sara): real rhyme the oracle misses
pos_011530	positive	r2_w2_w3	HP_oracle_blind	w3	วดี->กษัตรีย์	อานฝรั่งลงยาราชาวดี	อานฝรั่งลงยาราชากษัตรีย์	อี	กา	ไอ	กา	วะดี	w2p	กะสัดตรี	override	ศรี(อี/กา)	oracle_blind	N	N	-	phraAphai#phraAphai_102:46	oracle-blind (first_sara): real rhyme the oracle misses
pos_011531	positive	r2_w2_w3	HP_oracle_blind	w3	กีย์->กษัตรีย์	ไม่ห่วงใยในสันดานการโลกีย์	ไม่ห่วงใยในสันดานการโลกษัตรีย์	อี	กา	ไอ	กา	กี	w2p	กะสัดตรี	override	ขี(อี/กา)	oracle_blind	N	N	-	phraAphai#phraAphai_104:111	oracle-blind (first_sara): real rhyme the oracle misses
pos_011532	positive	r2_w2_w3	HP_oracle_blind	w3	นที->กษัตรี	รีบเข้าไปให้กระทั่งฝั่งนที	รีบเข้าไปให้กระทั่งฝั่งกษัตรี	อี	กา	ไอ	กา	นะที	override	กะสัดตรี	w2p	หนี(อี/กา)	oracle_blind	N	N	-	phraAphai#phraAphai_110:12	oracle-blind (first_sara): real rhyme the oracle misses
pos_011533	positive	r2_w2_w3	HP_oracle_blind	w3	ภีล์->กษัตรีย์	ตัวเป็นแพะเบื้องหางอย่างกุมภีล์	ตัวเป็นแพะเบื้องหางอย่างกุมกษัตรีย์	อี	กา	ไอ	กา	พี	w2p	กะสัดตรี	override	หมี(อี/กา)	oracle_blind	N	N	-	phraAphai#phraAphai_111:167	oracle-blind (first_sara): real rhyme the oracle misses
pos_011534	positive	r2_w2_w3	HP_oracle_blind	w3	นที->กษัตรีย์	ดูบ้านเมืองเขามาตั้งฝั่งนที	ดูบ้านเมืองเขามาตั้งฝั่งกษัตรีย์	อี	กา	ไอ	กา	นะที	override	กะสัดตรี	override	ถี(อี/กา)	oracle_blind	N	N	-	phraAphai#phraAphai_120:13	oracle-blind (first_sara): real rhyme the oracle misses
pos_011535	positive	r2_w2_w3	HP_oracle_blind	w3	ธู->ศัตรู	วิ่งผางผางกลางวารินท้องสินธู	วิ่งผางผางกลางวารินท้องสินศัตรู	อู	กา	ไอ	กา	ทู	w2p	สัดตรู	override	หู(อู/กา)	oracle_blind	N	N	-	phraAphai#phraAphai_120:151	oracle-blind (first_sara): real rhyme the oracle misses
pos_011536	positive	r2_w2_w3	HP_oracle_blind	w3	พลี->กษัตรี	กับของข้าวสารพัดเครื่องบัดพลี	กับของข้าวสารพัดเครื่องบัดกษัตรี	อี	กา	ไอ	กา	พลี	w2p	กะสัดตรี	w2p	ศรี(อี/กา)	oracle_blind	N	N	-	phraAphai#phraAphai_131:127	oracle-blind (first_sara): real rhyme the oracle misses
pos_011537	positive	r3_w3_w4	HP_oracle_blind	w3	แชง->กษัตรีย์	สำรากก้องร้องแรกแหกกระแชง	สำรากก้องร้องแรกแหกกระกษัตรีย์	แอ	กง	ไอ	กา	แชง	w2p	กะสัดตรี	override	ตะ(อะ/กา);คอก(ออ/กก);แกล้ง(แอ/กง);ข่ม(โอะ/กม);ขี่(อี/กา)	oracle_blind	N	N	-	SuphasaetSonYing#SuphasaetSonYing_1:188	oracle-blind (first_sara): real rhyme the oracle misses
pos_011538	positive	r3_w3_w4	HP_oracle_blind	w3	ทรง->ศัตรู	ก็ลืมอยากราคร้อนด้วยรูปทรง	ก็ลืมอยากราคร้อนด้วยรูปศัตรู	โอะ	กง	ไอ	กา	ทรง	override	สัดตรู	override	ทั้ง(อะ/กง);สอง(ออ/กง);องค์(โอะ/กง);ดู(อู/กา);ละ(อะ/กา)	oracle_blind	N	N	-	khobut#khobut_5:30	oracle-blind (first_sara): real rhyme the oracle misses
pos_011539	positive	r3_w3_w4	HP_oracle_blind	w3	ชาตรี->กษัตรี	อาจองคงกระพันชาตรี	อาจองคงกระพันกษัตรี	อา	กา	ไอ	กา	ชาตรี	w2p	กะสัดตรี	w2p	เค(เอ/กา);หา(อา/กา);อยู่(อู/กา);ที่(อี/กา);บ้าน(อา/กน)	oracle_blind	N	N	-	khunChangKhunPhaen#khunChangKhunPhaen_2:194	oracle-blind (first_sara): real rhyme the oracle misses
pos_011540	positive	r3_w3_w4	HP_oracle_blind	w3	แคง->กษัตรีย์	ปะหน้าสีกาพิมยิ้มตะแคง	ปะหน้าสีกาพิมยิ้มตะกษัตรีย์	แอ	กง	ไอ	กา	แคง	w2p	กะสัดตรี	override	สี(อี/กา);กา(อา/กา);นี้(อี/กา);มิ(อิ/กา);แกล้ง(แอ/กง)	oracle_blind	N	N	-	khunChangKhunPhaen#khunChangKhunPhaen_3:82	oracle-blind (first_sara): real rhyme the oracle misses
pos_011541	positive	r3_w3_w4	HP_oracle_blind	w3	โยง->ศัตรู	เถาวัลย์พันย้อยดังแกล้งโยง	เถาวัลย์พันย้อยดังแกล้งศัตรู	โอ	กง	ไอ	กา	โยง	w2p	สัดตรู	override	โจง(โอ/กง);โคร่ง(โอ/กง);ครือ(อือ/กา);คระ(อะ/กา);อยู่(อู/กา)	oracle_blind	N	N	-	khunChangKhunPhaen#khunChangKhunPhaen_9:58	oracle-blind (first_sara): real rhyme the oracle misses
pos_011542	positive	r3_w3_w4	HP_oracle_blind	w3	แยง->ศัตรู	พรายทั้งห้ากายาก็เยาะแยง	พรายทั้งห้ากายาก็เยาะศัตรู	แอ	กง	ไอ	กา	แยง	w2p	สัดตรู	override	เฟี้ยม(เอีย/กม);แฝง(แอ/กง);เข้า(เอา/กา);แอบ(แอ/กบ);ดู(อู/กา)	oracle_blind	N	N	-	khunChangKhunPhaen#khunChangKhunPhaen_17:51	oracle-blind (first_sara): real rhyme the oracle misses
pos_011543	positive	r3_w3_w4	HP_oracle_blind	w3	พำ->กษัตรี	ไม่ตามใจขัดใจจึงเพ้อพำ	ไม่ตามใจขัดใจจึงเพ้อกษัตรี	อำ	กา	ไอ	กา	พำ	w2p	กะสัดตรี	w2p	นี่(อี/กา);อด(โอะ/กด);น้ำ(อำ/กา);แล้ว(แอ/เกอว);สิ(อิ/กา)	oracle_blind	N	N	-	khunChangKhunPhaen#khunChangKhunPhaen_17:232	oracle-blind (first_sara): real rhyme the oracle misses
pos_011544	positive	r3_w3_w4	HP_oracle_blind	w3	แนว->กษัตรี	พาโลหยิกกันเล่นจนเป็นแนว	พาโลหยิกกันเล่นจนเป็นกษัตรี	แอ	เกอว	ไอ	กา	แนว	w2p	กะสัดตรี	w2p	ถึง(อึ/กง);แล้ว(แอ/เกอว);ถิ่น(อิ/กน);ที่(อี/กา);จะ(อะ/กา)	oracle_blind	N	N	-	khunChangKhunPhaen#khunChangKhunPhaen_18:105	oracle-blind (first_sara): real rhyme the oracle misses
pos_011545	positive	r3_w3_w4	HP_oracle_blind	w3	ชาตรี->กษัตรีย์	มันแต่ล้วนยืนยงคงชาตรี	มันแต่ล้วนยืนยงคงกษัตรีย์	อา	กา	ไอ	กา	ชาตรี	w2p	กะสัดตรี	override	เก้า(เอา/กา);ที(อี/กา);สิบ(อิ/กบ);ที(อี/กา);อย่า(อา/กา)	oracle_blind	N	N	-	khunChangKhunPhaen#khunChangKhunPhaen_19:199	oracle-blind (first_sara): real rhyme the oracle misses
pos_011546	positive	r3_w3_w4	HP_oracle_blind	w3	เร่->ศัตรู	ขวัญอ่อนร่อนเร่	ขวัญอ่อนร่อนศัตรู	เอ	กา	ไอ	กา	เร่	w2p	สัดตรู	override	ว้า(อา/กา);เหว่(เอ/กา);สู่(อู/กา);กาย(อา/เกย)	oracle_blind	N	N	-	khunChangKhunPhaen#khunChangKhunPhaen_24:158	oracle-blind (first_sara): real rhyme the oracle misses
pos_011547	positive	r3_w3_w4	HP_oracle_blind	w3	วาร->ศัตรู	แต่แรมร้อนผ่อนมาสิบห้าวาร	แต่แรมร้อนผ่อนมาสิบห้าศัตรู	อา	กน	ไอ	กา	วาน	w2p	สัดตรู	override	ถึง(อึ/กง);หมู่(อู/กา);บ้าน(อา/กน);ภู(อู/กา);เวียง(เอีย/กง)	oracle_blind	N	N	-	khunChangKhunPhaen#khunChangKhunPhaen_26:172	oracle-blind (first_sara): real rhyme the oracle misses
pos_011548	positive	r3_w3_w4	HP_oracle_blind	w3	หเสนา->กษัตรีย์	ได้ฤกษ์เบิกพยุหเสนา	ได้ฤกษ์เบิกพยุกษัตรีย์	เอา	กา	ไอ	กา	หะเสนา	w2p	กะสัดตรี	override	เว(เอ/กา);ลา(อา/กา);สี่(อี/กา);โมง(โอ/กง);เช้า(เอา/กา)	oracle_blind	N	N	-	khunChangKhunPhaen#khunChangKhunPhaen_27:298	oracle-blind (first_sara): real rhyme the oracle misses
pos_011549	positive	r3_w3_w4	HP_oracle_blind	w3	อะ->ศัตรู	ไม่พรั่นพรึงมึงดอกอีหน้าเคอะ	ไม่พรั่นพรึงมึงดอกอีหน้าเคศัตรู	อะ	กา	ไอ	กา	อะ	w2p	สัดตรู	override	เซ(เอ/กา);อะ(อะ/กา);เข้า(เอา/กา);มา(อา/กา);กู(อู/กา)	oracle_blind	N	N	-	khunChangKhunPhaen#khunChangKhunPhaen_29:81	oracle-blind (first_sara): real rhyme the oracle misses
pos_011550	positive	r3_w3_w4	HP_oracle_blind	w3	เทห์->กษัตรีย์	อุตส่าห์เฝ้าเอาใจใช้อุปเทห์	อุตส่าห์เฝ้าเอาใจใช้อุปกษัตรีย์	เอ	กา	ไอ	กา	เท	w2p	กะสัดตรี	override	แก่(แอ/กา);ขี้(อี/กา);เหร่(เอ/กา);ดี(อี/กา);นัก(อะ/กก)	oracle_blind	N	N	-	khunChangKhunPhaen#khunChangKhunPhaen_30:99	oracle-blind (first_sara): real rhyme the oracle misses
pos_011551	positive	r3_w3_w4	HP_oracle_blind	w3	ชัก->กษัตรี	มีม่านทองสองไขใส่เชือกชัก	มีม่านทองสองไขใส่เชือกกษัตรี	อะ	กก	ไอ	กา	ชัก	override	กะสัดตรี	w2p	ที่(อี/กา);ฝา(อา/กา);ทำ(อำ/กา);จำ(อำ/กา);หลัก(อะ/กก)	oracle_blind	N	N	-	khunChangKhunPhaen#khunChangKhunPhaen_30:125	oracle-blind (first_sara): real rhyme the oracle misses
pos_011552	positive	r3_w3_w4	HP_oracle_blind	w3	โกรง->กษัตรี	ตัวสั่นเทาเทาก้าวตะโกรง	ตัวสั่นเทาเทาก้าวตะกษัตรี	โอ	กง	ไอ	กา	โกรง	w2p	กะสัดตรี	w2p	ขึ้น(อึ/กน);เสียง(เอีย/กง);โผง(โอ/กง);ชี้(อี/กา);หน้า(อา/กา)	oracle_blind	N	N	-	khunChangKhunPhaen#khunChangKhunPhaen_37:91	oracle-blind (first_sara): real rhyme the oracle misses
pos_011553	positive	r3_w3_w4	HP_oracle_blind	w3	ธา->กษัตรี	จะให้หมดโมโหโกรธา	จะให้หมดโมโหโกรกษัตรี	อา	กา	ไอ	กา	ทา	w2p	กะสัดตรี	w2p	สุด(อุ/กด);ปัญ(อะ/กน);ญา(อา/กา);ที่(อี/กา);ลูก(อู/กก)	oracle_blind	N	N	-	khunChangKhunPhaen#khunChangKhunPhaen_39:27	oracle-blind (first_sara): real rhyme the oracle misses
pos_011554	positive	r3_w3_w4	HP_oracle_blind	w3	เบือ->ศัตรู	แล้วขบกัดฟัดตายเสียเป็นเบือ	แล้วขบกัดฟัดตายเสียเป็นศัตรู	เอือ	กา	ไอ	กา	เบือ	w2p	สัดตรู	override	ชุม(อุ/กม);พล(โอะ/กน);ดู(อู/กา);รู้(อู/กา);เชื่อ(เอือ/กา)	oracle_blind	N	N	-	khunChangKhunPhaen#khunChangKhunPhaen_43:175	oracle-blind (first_sara): real rhyme the oracle misses
pos_011555	positive	r3_w3_w4	HP_oracle_blind	w3	ตา->กษัตรี	ทั้งสองข้างต่างชม้อยชายหางตา	ทั้งสองข้างต่างชม้อยชายหางกษัตรี	อา	กา	ไอ	กา	ตา	override	กะสัดตรี	w2p	แล้ว(แอ/เกอว);ลุก(อุ/กก);มา(อา/กา);จาก(อา/กก);ที่(อี/กา)	oracle_blind	N	N	-	phraAphai#phraAphai_4:85	oracle-blind (first_sara): real rhyme the oracle misses
pos_011556	positive	r3_w3_w4	HP_oracle_blind	w3	ไล->เกษตร	พลางสำรวลชวนสามพราหมณ์ครรไล	พลางสำรวลชวนสามพราหมณ์ครรเกษตร	ไอ	กา	เอ	กด	ไล	w2p	กะเสด	w2p	เสด็จ(เอะ/กด);ไป(ไอ/กา);ที่(อี/กา);สำ(อำ/กา);นัก(อะ/กก)	oracle_blind	N	N	-	phraAphai#phraAphai_4:169	oracle-blind (silent_r): real rhyme the oracle misses
pos_011557	positive	r3_w3_w4	HP_oracle_blind	w3	เศษ->ศัตรู	ตามบรรดาสานุศิษย์ทั้งร้อยเศษ	ตามบรรดาสานุศิษย์ทั้งร้อยศัตรู	เอ	กด	ไอ	กา	เศษ	override	สัดตรู	override	อยู่(อู/กา);กุฏิ์(อุ/กา);รอบ(ออ/กบ);ขอบ(ออ/กบ);เขต(เอ/กด)	oracle_blind	N	N	-	phraAphai#phraAphai_22:138	oracle-blind (first_sara): real rhyme the oracle misses
pos_011558	positive	r3_w3_w4	HP_oracle_blind	w3	ลักษณ์->กษัตรีย์	ฝ่ายองค์พระอภัยวิไลลักษณ์	ฝ่ายองค์พระอภัยวิไลกษัตรีย์	อะ	กก	ไอ	กา	ลัก	w2p	กะสัดตรี	override	ชวน(อัว/กน);น้อง(ออ/กง);รัก(อะ/กก);ศรี(อี/กา);สุ(อุ/กา)	oracle_blind	N	N	-	phraAphai#phraAphai_22:139	oracle-blind (first_sara): real rhyme the oracle misses
pos_011559	positive	r3_w3_w4	HP_oracle_blind	w3	รบ->ศัตรู	บรรดาคนทนคงณรงค์รบ	บรรดาคนทนคงณรงค์ศัตรู	โอะ	กบ	ไอ	กา	รบ	override	สัดตรู	override	รู้(อู/กา);หลีก(อี/กก);หลบ(โอะ/กบ);ล่อง(ออ/กง);หน(โอะ/กน)	oracle_blind	N	N	-	phraAphai#phraAphai_22:158	oracle-blind (first_sara): real rhyme the oracle misses
pos_011560	positive	r3_w3_w4	HP_oracle_blind	w3	ถู->ศัตรู	ลงอาบน้ำซ้ำเอาผ้าเมล็ดงาถู	ลงอาบน้ำซ้ำเอาผ้าเมล็ดงาศัตรู	อู	กา	ไอ	กา	ถู	w2p	สัดตรู	override	แล้ว(แอ/เกอว);แล(แอ/กา);ดู(อู/กา);เนื้อ(เอือ/กา);ตัว(อัว/กา)	oracle_blind	N	N	-	phraAphai#phraAphai_22:170	oracle-blind (first_sara): real rhyme the oracle misses
pos_011561	positive	r3_w3_w4	HP_oracle_blind	w3	ห้าม->ศัตรู	หลานข้าเจ้าเขาจะไปเป็นหม่อมห้าม	หลานข้าเจ้าเขาจะไปเป็นหม่อมศัตรู	อา	กม	ไอ	กา	ห้าม	override	สัดตรู	override	มัน(อะ/กน);เหลือ(เอือ/กา);งาม(อา/กม);อยู่(อู/กา);เพียง(เอีย/กง)	oracle_blind	N	N	-	phraAphai#phraAphai_22:176	oracle-blind (first_sara): real rhyme the oracle misses
pos_011562	positive	r3_w3_w4	HP_oracle_blind	w3	เพื่อน->กษัตรี	พวกขุนนางต่างพินิจสะกิดเพื่อน	พวกขุนนางต่างพินิจสะกิดกษัตรี	เอือ	กน	ไอ	กา	เพื่อน	override	กะสัดตรี	w2p	อี(อี/กา);นั่น(อะ/กน);เหมือน(เอือ/กน);ตอ(ออ/กา);ตะ(อะ/กา)	oracle_blind	N	N	-	phraAphai#phraAphai_22:179	oracle-blind (first_sara): real rhyme the oracle misses
pos_011563	positive	r3_w3_w4	HP_oracle_blind	w3	แน่->กษัตรีย์	ดีหรือบ้าตาดูให้รู้แน่	ดีหรือบ้าตาดูให้รู้กษัตรีย์	แอ	กา	ไอ	กา	แน่	override	กะสัดตรี	override	เมื่อ(เอือ/กา);มี(อี/กา);แต่(แอ/กา);ปาก(อา/กก);นิด(อิ/กด)	oracle_blind	N	N	-	phraAphai#phraAphai_22:190	oracle-blind (first_sara): real rhyme the oracle misses
pos_011564	positive	r3_w3_w4	HP_oracle_blind	w3	แสน->ศัตรู	แต่หากว่าข้าศึกมาสิบแสน	แต่หากว่าข้าศึกมาสิบศัตรู	แอ	กน	ไอ	กา	แสน	override	สัดตรู	override	ถึง(อึ/กง);ด้าว(อา/เกอว);แดน(แอ/กน);ดู(อู/กา);ถนัด(อะ/กด)	oracle_blind	N	N	-	phraAphai#phraAphai_22:201	oracle-blind (first_sara): real rhyme the oracle misses
pos_011565	positive	r3_w3_w4	HP_oracle_blind	w3	ยิ่ง->ศัตรู	ข้าแผ่นดินยินดีเป็นที่ยิ่ง	ข้าแผ่นดินยินดีเป็นที่ศัตรู	อิ	กง	ไอ	กา	ยิ่ง	override	สัดตรู	override	ชั้น(อะ/กน);ผู้(อู/กา);หญิง(อิ/กง);ก็(เอาะ/กา);ยัง(อะ/กง)	oracle_blind	N	N	-	phraAphai#phraAphai_22:221	oracle-blind (first_sara): real rhyme the oracle misses
pos_011566	positive	r3_w3_w4	HP_oracle_blind	w3	โลง->กษัตรี	พวกขอเฝ้าเข้ายุดฉุดชะโลง	พวกขอเฝ้าเข้ายุดฉุดชะกษัตรี	โอ	กง	ไอ	กา	โลง	w2p	กะสัดตรี	w2p	ปี(อี/กา);ศาจ(อา/กด);โหง(โอ/กง);ฮึด(อึ/กด);ฮาด(อา/กด)	oracle_blind	N	N	-	phraAphai#phraAphai_26:131	oracle-blind (first_sara): real rhyme the oracle misses
pos_011567	positive	r3_w3_w4	HP_oracle_blind	w3	หลาย->ศัตรู	แล้วจะให้ไพร่พลคนทั้งหลาย	แล้วจะให้ไพร่พลคนทั้งศัตรู	อา	เกย	ไอ	กา	หลาย	override	สัดตรู	override	รู้(อู/กา);สึก(อึ/กก);กาย(อา/เกย);เห็น(เอะ/กน);เรา(เอา/กา)	oracle_blind	N	N	-	phraAphai#phraAphai_31:44	oracle-blind (first_sara): real rhyme the oracle misses
pos_011568	positive	r3_w3_w4	HP_oracle_blind	w3	เฒ่า->กษัตรีย์	แล้วนึกได้ในวิชาพฤฒาเฒ่า	แล้วนึกได้ในวิชาพฤฒากษัตรีย์	เอา	กา	ไอ	กา	เท่า	override	กะสัดตรี	override	จะ(อะ/กา);ลอง(ออ/กง);เป่า(เอา/กา);ปี่(อี/กา);ประ(อะ/กา)	oracle_blind	N	N	-	phraAphai#phraAphai_31:51	oracle-blind (first_sara): real rhyme the oracle misses
pos_011569	positive	r3_w3_w4	HP_oracle_blind	w3	เลี่ยง->กษัตรี	ถ้าขืนอยู่สู้อีกไม่หลีกเลี่ยง	ถ้าขืนอยู่สู้อีกไม่หลีกกษัตรี	เอีย	กง	ไอ	กา	เลี่ยง	override	กะสัดตรี	w2p	ฉวย(อัว/เกย);พลั้ง(อะ/กง);เพลี่ยง(เอีย/กง);เพลง(เอ/กง);ปี่(อี/กา)	oracle_blind	N	N	-	phraAphai#phraAphai_31:61	oracle-blind (first_sara): real rhyme the oracle misses
pos_011570	positive	r3_w3_w4	HP_oracle_blind	w3	ปะ->กษัตรีย์	เที่ยวควบม้าหาจบไม่พบปะ	เที่ยวควบม้าหาจบไม่พบกษัตรีย์	อะ	กา	ไอ	กา	ปะ	override	กะสัดตรี	override	สุด(อุ/กด);ที่(อี/กา);จะ(อะ/กา);ติด(อิ/กด);ตาม(อา/กม)	oracle_blind	N	N	-	phraAphai#phraAphai_31:68	oracle-blind (first_sara): real rhyme the oracle misses
pos_011571	positive	r3_w3_w4	HP_oracle_blind	w3	เรื่อย->เพชร	พลางบรรเลงเพลงปี่ระรี่เรื่อย	พลางบรรเลงเพลงปี่ระรี่เพชร	เอือ	เกย	เอ	กด	เรื่อย	w2p	เพ็ด	override	จน(โอะ/กน);เหน็ด(เอะ/กด);เหนื่อย(เอือ/เกย);ใน(ไอ/กา);อา(อา/กา)	oracle_blind	N	N	-	phraAphai#phraAphai_31:70	oracle-blind (silent_r): real rhyme the oracle misses
pos_011572	positive	r3_w3_w4	HP_oracle_blind	w3	ทับ->ศัตรู	ไปพร้อมพรั่งฝั่งสมุทรหยุดประทับ	ไปพร้อมพรั่งฝั่งสมุทรหยุดประศัตรู	อะ	กบ	ไอ	กา	ทับ	override	สัดตรู	override	อยู่(อู/กา);คั่ง(อะ/กง);คับ(อะ/กบ);คอย(ออ/เกย);ฟัง(อะ/กง)	oracle_blind	N	N	-	phraAphai#phraAphai_31:81	oracle-blind (first_sara): real rhyme the oracle misses
pos_011573	positive	r3_w3_w4	HP_oracle_blind	w3	เกต->ศัตรู	ศรีสุวรรณพรั่นจิตผิดสังเกต	ศรีสุวรรณพรั่นจิตผิดสังศัตรู	เอ	กด	ไอ	กา	เกด	w2p	สัดตรู	override	แลช(แอ/กด);ม้าย(อา/เกย);ชาย(อา/เกย);เนตร(เอ/กด);ดู(อู/กา)	oracle_blind	N	N	-	phraAphai#phraAphai_31:91	oracle-blind (first_sara): real rhyme the oracle misses
pos_011574	positive	r3_w3_w4	HP_oracle_blind	w3	ผูก->กษัตรี	พระอภัยใจกระสันยังพันผูก	พระอภัยใจกระสันยังพันกษัตรี	อู	กก	ไอ	กา	ผูก	override	กะสัดตรี	w2p	เขา(เอา/กา);เกา(เอา/กา);ถูก(อู/กก);เข้า(เอา/กา);ที่(อี/กา)	oracle_blind	N	N	-	phraAphai#phraAphai_31:93	oracle-blind (first_sara): real rhyme the oracle misses
pos_011575	positive	r3_w3_w4	HP_oracle_blind	w3	อด->ศัตรู	ได้เข้าเรียงเคียงใกล้แล้วไม่อด	ได้เข้าเรียงเคียงใกล้แล้วไม่ศัตรู	โอะ	กด	ไอ	กา	อด	override	สัดตรู	override	คง(โอะ/กง);ชิม(อิ/กม);รส(โอะ/กด);รู้(อู/กา);กำ(อำ/กา)	oracle_blind	N	N	-	phraAphai#phraAphai_31:94	oracle-blind (first_sara): real rhyme the oracle misses
pos_011576	positive	r3_w3_w4	HP_oracle_blind	w3	ว่า->กษัตรี	พระฟังพี่ศรีสุวรรณรำพันว่า	พระฟังพี่ศรีสุวรรณรำพันกษัตรี	อา	กา	ไอ	กา	ว่า	override	กะสัดตรี	w2p	นาง(อา/กง);วัณ(อะ/กน);ฬา(อา/กา);ข้า(อา/กา);นี้(อี/กา)	oracle_blind	N	N	-	phraAphai#phraAphai_31:95	oracle-blind (first_sara): real rhyme the oracle misses
pos_011577	positive	r3_w3_w4	HP_oracle_blind	w3	สมุทร->ศัตรู	พระอภัยได้ยินสินสมุทร	พระอภัยได้ยินสินศัตรู	อุ	กด	ไอ	กา	สะหมุด	override	สัดตรู	override	อด(โอะ/กด);สู(อู/กา);สุด(อุ/กด);แสน(แอ/กน);สะ(อะ/กา)	oracle_blind	N	N	-	phraAphai#phraAphai_31:99	oracle-blind (first_sara): real rhyme the oracle misses
pos_011578	positive	r3_w3_w4	HP_oracle_blind	w3	จ่าง->ศัตรู	แต่เดือนหงายฉายแสงแจ้งกระจ่าง	แต่เดือนหงายฉายแสงแจ้งกระศัตรู	อา	กง	ไอ	กา	จ่าง	w2p	สัดตรู	override	ดู(อู/กา);พราย(อา/เกย);พร่าง(อา/กง);พฤก(อึ/กก);ษา(อา/กา)	oracle_blind	N	N	-	phraAphai#phraAphai_31:108	oracle-blind (first_sara): real rhyme the oracle misses
pos_011579	positive	r3_w3_w4	HP_oracle_blind	w3	ทวีป->ศัตรู	เดชะผลปรนนิบัติจังหวัดทวีป	เดชะผลปรนนิบัติจังหวัดศัตรู	อี	กบ	ไอ	กา	ทะวีบ	override	สัดตรู	override	ช่วย(อัว/เกย);ชู(อู/กา);ชีพ(อี/กบ);ชน(โอะ/กน);ชาติ(อา/กด)	oracle_blind	N	N	-	phraAphai#phraAphai_31:115	oracle-blind (first_sara): real rhyme the oracle misses
pos_011580	positive	r3_w3_w4	HP_oracle_blind	w3	ทวีป->เพชร	แม้ข้านี้มิได้คงดำรงทวีป	แม้ข้านี้มิได้คงดำรงเพชร	อี	กบ	เอ	กด	ทะวีบ	override	เพ็ด	override	ขอ(ออ/กา);สิ้น(อิ/กน);ชีพ(อี/กบ);เด็ด(เอะ/กด);ดับ(อะ/กบ)	oracle_blind	N	N	-	phraAphai#phraAphai_31:116	oracle-blind (silent_r): real rhyme the oracle misses
pos_011581	positive	r3_w3_w4	HP_oracle_blind	w3	ครื้น->ศัตรู	พอได้ยินดินลั่นเสียงครั่นครื้น	พอได้ยินดินลั่นเสียงครั่นศัตรู	อือ	กน	ไอ	กา	ครื้น	w2p	สัดตรู	override	สะ(อะ/กา);เทื้อน(เอือ/กน);พื้น(อือ/กน);ภู(อู/กา);ผา(อา/กา)	oracle_blind	N	N	-	phraAphai#phraAphai_31:124	oracle-blind (first_sara): real rhyme the oracle misses
pos_011582	positive	r3_w3_w4	HP_oracle_blind	w3	รื่น->กษัตรี	เหลืองอร่ามงามงอมหอมระรื่น	เหลืองอร่ามงามงอมหอมระกษัตรี	อือ	กน	ไอ	กา	รื่น	override	กะสัดตรี	w2p	ดู(อู/กา);สด(โอะ/กด);ชื่น(อือ/กน);ชู(อู/กา);สี(อี/กา)	oracle_blind	N	N	-	phraAphai#phraAphai_31:125	oracle-blind (first_sara): real rhyme the oracle misses
pos_011583	positive	r3_w3_w4	HP_oracle_blind	w3	ถึก->ศัตรู	ทั้งเนื้อเบื้อเสือสิงห์กระทิงถึก	ทั้งเนื้อเบื้อเสือสิงห์กระทิงศัตรู	อึ	กก	ไอ	กา	ถึก	w2p	สัดตรู	override	หมู่(อู/กา);มฤค(อึ/กก);แรด(แอ/กด);ควาย(อา/เกย);ทั้ง(อะ/กง)	oracle_blind	N	N	-	phraAphai#phraAphai_31:129	oracle-blind (first_sara): real rhyme the oracle misses
pos_011584	positive	r3_w3_w4	HP_oracle_blind	w3	เปล้า->ศัตรู	ขมิ้นอ่อนนอนรายบนปลายเปล้า	ขมิ้นอ่อนนอนรายบนปลายศัตรู	เอา	กา	ไอ	กา	เปล้า	w2p	สัดตรู	override	เป็น(เอะ/กน);คู่(อู/กา);เคล้า(เอา/กา);คลึง(อึ/กง);คลอล(ออ/กน)	oracle_blind	N	N	-	phraAphai#phraAphai_31:149	oracle-blind (first_sara): real rhyme the oracle misses
pos_011585	positive	r3_w3_w4	HP_oracle_blind	w3	เวศน์->ศัตรู	พินิจพลางนางรำพึงถึงนิเวศน์	พินิจพลางนางรำพึงถึงนิศัตรู	เอ	กด	ไอ	กา	เวด	w2p	สัดตรู	override	อยู่(อู/กา);ขอบ(ออ/กบ);เขต(เอ/กด);เคย(เออ/เกย);รัก(อะ/กก)	oracle_blind	N	N	-	phraAphai#phraAphai_31:150	oracle-blind (first_sara): real rhyme the oracle misses
pos_011586	positive	r3_w3_w4	HP_oracle_blind	w3	บ้าน->กษัตรีย์	มีนักปราชญ์บาทหลวงเป็นหลักบ้าน	มีนักปราชญ์บาทหลวงเป็นหลักกษัตรีย์	อา	กน	ไอ	กา	บ้าน	override	กะสัดตรี	override	ปรี(อี/กา);ชา(อา/กา);ชาญ(อา/กน);ชาว(อา/เกอว);อรัญ(อะ/กน)	oracle_blind	N	N	-	phraAphai#phraAphai_31:155	oracle-blind (first_sara): real rhyme the oracle misses
pos_011587	positive	r3_w3_w4	HP_oracle_blind	w3	สู้->ศัตรู	อันดวงดาวเจ้าผลึกเป็นศึกสู้	อันดวงดาวเจ้าผลึกเป็นศึกศัตรู	อู	กา	ไอ	กา	สู้	override	สัดตรู	override	กลับ(อะ/กบ);ร่วม(อัว/กม);รู้(อู/กา);รัก(อะ/กก);กัน(อะ/กน)	oracle_blind	N	N	-	phraAphai#phraAphai_31:161	oracle-blind (first_sara): real rhyme the oracle misses
pos_011588	positive	r3_w3_w4	HP_oracle_blind	w3	ดาษ->ศัตรู	มีรอยคนปนเกวียนเดีษรดาษ	มีรอยคนปนเกวียนเดีษรศัตรู	อา	กด	ไอ	กา	ดาด	w2p	สัดตรู	override	ดู(อู/กา);เกลื่อน(เอือ/กน);กลาด(อา/กด);กลาง(อา/กง);ทาง(อา/กง)	oracle_blind	N	N	-	phraAphai#phraAphai_31:171	oracle-blind (first_sara): real rhyme the oracle misses
pos_011589	positive	r3_w3_w4	HP_oracle_blind	w3	ห้า->กษัตรีย์	จะกล่าวฝ่ายนายโจรสามสิบห้า	จะกล่าวฝ่ายนายโจรสามสิบกษัตรีย์	อา	กา	ไอ	กา	ห้า	override	กะสัดตรี	override	กับ(อะ/กบ);กะ(อะ/กา);ลา(อา/กา);สี(อี/กา);ฉกรรจ์(อะ/กน)	oracle_blind	N	N	-	phraAphai#phraAphai_31:173	oracle-blind (first_sara): real rhyme the oracle misses
pos_011590	positive	r3_w3_w4	HP_oracle_blind	w3	ดื้อ->กษัตรี	อ้ายโจรแจ้งแกล้งว่าประสาดื้อ	อ้ายโจรแจ้งแกล้งว่าประสากษัตรี	อือ	กา	ไอ	กา	ดื้อ	w2p	กะสัดตรี	w2p	เรา(เอา/กา);นี้(อี/กา);คือ(อือ/กา);เจ้า(เอา/กา);ป่า(อา/กา)	oracle_blind	N	N	-	phraAphai#phraAphai_31:181	oracle-blind (first_sara): real rhyme the oracle misses
pos_011591	positive	r3_w3_w4	HP_oracle_blind	w3	จับ->ศัตรู	จะลวงล่อพอให้ไปจะได้จับ	จะลวงล่อพอให้ไปจะได้ศัตรู	อะ	กบ	ไอ	กา	จับ	override	สัดตรู	override	บีบ(อี/กบ);ขมับ(อะ/กบ);เฆี่ยน(เอีย/กน);ขู่(อู/กา);กระ(อะ/กา)	oracle_blind	N	N	-	phraAphai#phraAphai_31:183	oracle-blind (first_sara): real rhyme the oracle misses
pos_011592	positive	r3_w3_w4	HP_oracle_blind	w3	ม้า->กษัตรีย์	อ้ายตัวนายหลายคนขึ้นขี่ม้า	อ้ายตัวนายหลายคนขึ้นขี่กษัตรีย์	อา	กา	ไอ	กา	ม้า	override	กะสัดตรี	override	บ้าง(อา/กง);ขี่(อี/กา);ลา(อา/กา);อูฐ(อู/กด);อาจ(อา/กด)	oracle_blind	N	N	-	phraAphai#phraAphai_31:191	oracle-blind (first_sara): real rhyme the oracle misses
pos_011593	positive	r3_w3_w4	HP_oracle_blind	w3	หนี->กษัตรี	ช่วยรบตีโจรป่าจนล่าหนี	ช่วยรบตีโจรป่าจนล่ากษัตรี	อี	กา	ไอ	กา	หนี	override	กะสัดตรี	w2p	เรา(เอา/กา);ยิน(อิ/กน);ดี(อี/กา);นับ(อะ/กบ);เนื้อ(เอือ/กา)	oracle_blind	N	N	-	phraAphai#phraAphai_31:199	oracle-blind (first_sara): real rhyme the oracle misses
pos_011594	positive	r3_w3_w4	HP_oracle_blind	w3	เสริญ->กษัตรีย์	นางฟังคำรำลึกนึกสรรเสริญ	นางฟังคำรำลึกนึกสรรกษัตรีย์	เออ	กน	ไอ	กา	เสิยน	w2p	กะสัดตรี	override	ฉลาด(อา/กด);เกิน(เออ/กน);วา(อา/กา);จา(อา/กา);ที่(อี/กา)	oracle_blind	N	N	-	phraAphai#phraAphai_31:207	oracle-blind (first_sara): real rhyme the oracle misses
pos_011595	positive	r3_w3_w4	HP_oracle_blind	w3	เล่น->ศัตรู	ตึกน้อยน้อยห้อยระฆังน่าฟังเล่น	ตึกน้อยน้อยห้อยระฆังน่าฟังศัตรู	เอ	กน	ไอ	กา	เล่น	override	สัดตรู	override	ดู(อู/กา);เหมือน(เอือ/กน);เช่น(เอ/กน);ฉาก(อา/กก);ฉาย(อา/เกย)	oracle_blind	N	N	-	phraAphai#phraAphai_31:209	oracle-blind (first_sara): real rhyme the oracle misses
pos_011596	positive	r3_w3_w4	HP_oracle_blind	w3	บุตรี->กษัตรีย์	เห็นรถทรงนงนุชพระบุตรี	เห็นรถทรงนงนุชพระกษัตรีย์	อุ	กา	ไอ	กา	บุดตรี	override	กะสัดตรี	override	ทั้ง(อะ/กง);ชน(โอะ/กน);นี(อี/กา);บิ(อิ/กา);ตุ(อุ/กา)	oracle_blind	N	N	-	phraAphai#phraAphai_44:101	oracle-blind (first_sara): real rhyme the oracle misses
pos_011597	positive	r3_w3_w4	HP_oracle_blind	w3	มา->กษัตรีย์	กับข้อหนึ่งซึ่งเกิดกำเนิดมา	กับข้อหนึ่งซึ่งเกิดกำเนิดกษัตรีย์	อา	กา	ไอ	กา	มา	override	กะสัดตรี	override	มี(อี/กา);หู(อู/กา);ตา(อา/กา);ปาก(อา/กก);จมูก(อู/กก)	oracle_blind	N	N	-	phraAphai#phraAphai_44:214	oracle-blind (first_sara): real rhyme the oracle misses
pos_011598	positive	r3_w3_w4	HP_oracle_blind	w3	คง->ศัตรู	สังเกตจำสำคัญได้มั่นคง	สังเกตจำสำคัญได้มั่นศัตรู	โอะ	กง	ไอ	กา	คง	override	สัดตรู	override	รู้(อู/กา);ว่า(อา/กา);องค์(โอะ/กง);เชษ(เอ/กด);ฐา(อา/กา)	oracle_blind	N	N	-	phraAphai#phraAphai_51:66	oracle-blind (first_sara): real rhyme the oracle misses
pos_011599	positive	r3_w3_w4	HP_oracle_blind	w3	ม->กษัตรี	น้อยหรือรูปซูบผอมด้วยตรอมตรม	น้อยหรือรูปซูบผอมด้วยตรอมตรกษัตรี	อะ	กา	ไอ	กา	มะ	override	กะสัดตรี	w2p	เพราะ(เอาะ/กา);ระ(อะ/กา);ทม(โอะ/กม);ทุกข์(อุ/กก);ทวี(อี/กา)	oracle_blind	N	N	-	phraAphai#phraAphai_52:74	oracle-blind (first_sara): real rhyme the oracle misses
pos_011600	positive	r3_w3_w4	HP_oracle_blind	w3	แพลง->ศัตรู	ฟันประตูดูประหลาดพลิ้วพลาดแพลง	ฟันประตูดูประหลาดพลิ้วพลาดศัตรู	แอ	กง	ไอ	กา	แพลง	w2p	สัดตรู	override	จน(โอะ/กน);สิ้น(อิ/กน);แรง(แอ/กง);รู้(อู/กา);ว่า(อา/กา)	oracle_blind	N	N	-	phraAphai#phraAphai_54:117	oracle-blind (first_sara): real rhyme the oracle misses
pos_011601	positive	r3_w3_w4	HP_oracle_blind	w3	บุตรี->กษัตรี	กับมาตุรงค์นงนุชพระบุตรี	กับมาตุรงค์นงนุชพระกษัตรี	อุ	กา	ไอ	กา	บุดตรี	override	กะสัดตรี	w2p	คืน(อือ/กน);บุ(อุ/กา);รี(อี/กา);ดี(อี/กา);กว่า(อา/กา)	oracle_blind	N	N	-	phraAphai#phraAphai_56:152	oracle-blind (first_sara): real rhyme the oracle misses
pos_011602	positive	r3_w3_w4	HP_oracle_blind	w3	พิน->กษัตรีย์	ข้านี้คือชื่อเทพเทพิน	ข้านี้คือชื่อเทพเทกษัตรีย์	อิ	กน	ไอ	กา	พิน	w2p	กะสัดตรี	override	น้อง(ออ/กง);ชื่อ(อือ/กา);นิล(อิ/กน);กัณ(อะ/กน);ฐี(อี/กา)	oracle_blind	N	N	-	phraAphai#phraAphai_69:54	oracle-blind (first_sara): real rhyme the oracle misses
pos_011603	positive	r3_w3_w4	HP_oracle_blind	w3	ธา->กษัตรีย์	สิบเอ็ดองค์จงกำกับทัพโยธา	สิบเอ็ดองค์จงกำกับทัพโยกษัตรีย์	อา	กา	ไอ	กา	ทา	w2p	กะสัดตรี	override	ถึง(อึ/กง);เว(เอ/กา);ลา(อา/กา);รา(อา/กา);ตรี(อี/กา)	oracle_blind	N	N	-	phraAphai#phraAphai_74:8	oracle-blind (first_sara): real rhyme the oracle misses
pos_011604	positive	r3_w3_w4	HP_oracle_blind	w3	พลา->กษัตรี	เกณฑ์พหลคนกำกับทำพลับพลา	เกณฑ์พหลคนกำกับทำพลับกษัตรี	อา	กา	ไอ	กา	พลา	w2p	กะสัดตรี	w2p	ดาด(อา/กด);หลัง(อะ/กง);คา(อา/กา);พระ(อะ/กา);ที่(อี/กา)	oracle_blind	N	N	-	phraAphai#phraAphai_83:171	oracle-blind (first_sara): real rhyme the oracle misses
pos_011605	positive	r3_w3_w4	HP_oracle_blind	w3	แปลง->ศัตรู	เราขึ้นบกยกไปตั้งเอากลางแปลง	เราขึ้นบกยกไปตั้งเอากลางศัตรู	แอ	กง	ไอ	กา	แปลง	override	สัดตรู	override	ตั้ง(อะ/กง);ค่าย(อา/เกย);แบ่ง(แอ/กง);ผู้(อู/กา);คน(โอะ/กน)	oracle_blind	N	N	-	phraAphai#phraAphai_87:61	oracle-blind (first_sara): real rhyme the oracle misses
pos_011606	positive	r3_w3_w4	HP_oracle_blind	w3	แซง->เพชร	ที่ตั้งค่ายไว้ถ้วนกระบวนแซง	ที่ตั้งค่ายไว้ถ้วนกระบวนเพชร	แอ	กง	เอ	กด	แซง	override	เพ็ด	override	รีบ(อี/กบ);จัด(อะ/กด);แจง(แอ/กง);พร้อม(ออ/กม);เสร็จ(เอะ/กด)	oracle_blind	N	N	-	phraAphai#phraAphai_89:14	oracle-blind (silent_r): real rhyme the oracle misses
pos_011607	positive	r3_w3_w4	HP_oracle_blind	w3	แคลง->ศัตรู	เฮ้ยอ้ายท้าวโกสัยอย่าได้แคลง	เฮ้ยอ้ายท้าวโกสัยอย่าได้ศัตรู	แอ	กง	ไอ	กา	แคลง	override	สัดตรู	override	กู(อู/กา);เหมือน(เอือ/กน);แสง(แอ/กง);พระ(อะ/กา);อา(อา/กา)	oracle_blind	N	N	-	phraAphai#phraAphai_100:301	oracle-blind (first_sara): real rhyme the oracle misses
pos_011608	positive	r3_w3_w4	HP_oracle_blind	w3	ทิน->กษัตรี	ตัดห่วงใยเสียให้พ้นที่มลทิน	ตัดห่วงใยเสียให้พ้นที่มลกษัตรี	อิ	กน	ไอ	กา	ทิน	w2p	กะสัดตรี	w2p	กว่า(อา/กา);จะ(อะ/กา);สิ้น(อิ/กน);ชี(อี/กา);วิต(อิ/กด)	oracle_blind	N	N	-	phraAphai#phraAphai_106:174	oracle-blind (first_sara): real rhyme the oracle misses
pos_011609	positive	r3_w3_w4	HP_oracle_blind	w3	รอ->ศัตรู	กะเข้าไปชายฝั่งได้รั้งรอ	กะเข้าไปชายฝั่งได้รั้งศัตรู	ออ	กา	ไอ	กา	รอ	override	สัดตรู	override	ตั้ง(อะ/กง);เข็ม(เอะ/กม);ต่อ(ออ/กา);บู(อู/กา);รพา(อา/กา)	oracle_blind	N	N	-	phraAphai#phraAphai_107:94	oracle-blind (first_sara): real rhyme the oracle misses
pos_011610	positive	r3_w3_w4	HP_oracle_blind	w3	ไคล->เกษตร	พลางจูงกรกัลยาให้คลาไคล	พลางจูงกรกัลยาให้คลาเกษตร	ไอ	กา	เอ	กด	ไคล	w2p	กะเสด	w2p	เสด็จ(เอะ/กด);เข้า(เอา/กา);ใน(ไอ/กา);ห้อง(ออ/กง);สรง(โอะ/กง)	oracle_blind	N	N	-	phraAphai#phraAphai_108:40	oracle-blind (silent_r): real rhyme the oracle misses
pos_011611	positive	r3_w3_w4	HP_oracle_blind	w3	คลา->กษัตรี	กับพระจอมเจ้าฝรั่งมังคลา	กับพระจอมเจ้าฝรั่งมังกษัตรี	อา	กา	ไอ	กา	คลา	override	กะสัดตรี	w2p	ขึ้น(อึ/กน);ทรง(โอะ/กง);ม้า(อา/กา);ทั้ง(อะ/กง);สี่(อี/กา)	oracle_blind	N	N	-	phraAphai#phraAphai_117:6	oracle-blind (first_sara): real rhyme the oracle misses
pos_011612	positive	r3_w3_w4	HP_oracle_blind	w3	แดง->กษัตรี	วันอาทิตย์ธงชัยให้ใช้แดง	วันอาทิตย์ธงชัยให้ใช้กษัตรี	แอ	กง	ไอ	กา	แดง	override	กะสัดตรี	w2p	ตาม(อา/กม);สี(อี/กา);แสง(แอ/กง);ทุก(อุ/กก);กระ(อะ/กา)	oracle_blind	N	N	-	phraAphai#phraAphai_125:71	oracle-blind (first_sara): real rhyme the oracle misses
pos_011613	positive	r3_w3_w4	HP_oracle_blind	w3	คิน->ศัตรู	ใครได้ความทุกขาเป็นราคิน	ใครได้ความทุกขาเป็นราศัตรู	อิ	กน	ไอ	กา	คิน	w2p	สัดตรู	override	หรือ(อือ/กา);เพิ่ม(เออ/กม);ภิญ(อิ/กน);โญ(โอ/กา);อยู่(อู/กา)	oracle_blind	N	N	-	phraAphai#phraAphai_127:227	oracle-blind (first_sara): real rhyme the oracle misses
pos_011614	positive	r3_w3_w4	HP_oracle_blind	w3	แรง->ศัตรู	กำลังหนาวหาวนอนทั้งอ่อนแรง	กำลังหนาวหาวนอนทั้งอ่อนศัตรู	แอ	กง	ไอ	กา	แรง	override	สัดตรู	override	คว่ำ(อำ/กา);ตะ(อะ/กา);แคง(แอ/กง);คุด(อุ/กด);คู้(อู/กา)	oracle_blind	N	N	-	phraAphai#phraAphai_128:193	oracle-blind (first_sara): real rhyme the oracle misses
pos_011615	positive	r3_w3_w4	HP_oracle_blind	w3	ซน->ศัตรู	ภาษาใครใครก็ถือไม่ดื้อซน	ภาษาใครใครก็ถือไม่ดื้อศัตรู	โอะ	กน	ไอ	กา	ซน	w2p	สัดตรู	override	ทุก(อุ/กก);ตำ(อำ/กา);บล(โอะ/กน);โจร(โอ/กน);ผู้(อู/กา)	oracle_blind	N	N	-	phraAphai#phraAphai_129:33	oracle-blind (first_sara): real rhyme the oracle misses
pos_011616	positive	r3_w3_w4	HP_oracle_blind	w3	เว้น->กษัตรี	เปนที่อยู่ผู้ร้ายไม่วายเว้น	เปนที่อยู่ผู้ร้ายไม่วายกษัตรี	เอ	กน	ไอ	กา	เว้น	w2p	กะสัดตรี	w2p	เที่ยว(เอีย/เกอว);ซ่อน(ออ/กน);เร้น(เอ/กน);ตี(อี/กา);เรือ(เอือ/กา)	oracle_blind	N	N	-	phukaoTong#phukaoTong_1:44	oracle-blind (first_sara): real rhyme the oracle misses
pos_011617	positive	rX_inter	HP_oracle_blind	w2	สีห์->กษัตรีย์	กล้าหาญมาแต่ก่อนดังราชสีห์	กล้าหาญมาแต่ก่อนดังราชกษัตรีย์	อี	กา	ไอ	กา	สี	w2p	กะสัดตรี	override	ปี(อี/กา)	oracle_blind	N	N	-	khunChangKhunPhaen#khunChangKhunPhaen_2:194	oracle-blind (first_sara): real rhyme the oracle misses
pos_011618	positive	rX_inter	HP_oracle_blind	w2	หรี->กษัตรีย์	พระนุชนาถเสนหารำภาสะหรี	พระนุชนาถเสนหารำภาสะกษัตรีย์	อี	กา	ไอ	กา	หรี	w2p	กะสัดตรี	override	ดี(อี/กา)	oracle_blind	N	N	-	phraAphai#phraAphai_38:20	oracle-blind (first_sara): real rhyme the oracle misses
pos_011619	positive	rX_inter	HP_oracle_blind	w2	หรี->กษัตรี	มาพร้อมพรั่งทั้งม้ารำภาสะหรี	มาพร้อมพรั่งทั้งม้ารำภาสะกษัตรี	อี	กา	ไอ	กา	หรี	w2p	กะสัดตรี	w2p	นี้(อี/กา)	oracle_blind	N	N	-	phraAphai#phraAphai_44:101	oracle-blind (first_sara): real rhyme the oracle misses
pos_011620	positive	rX_inter	HP_oracle_blind	w2	ถี->กษัตรีย์	มาชั้นนอกเดินทางกลางวิถี	มาชั้นนอกเดินทางกลางวิกษัตรีย์	อี	กา	ไอ	กา	ถี	w2p	กะสัดตรี	override	รี(อี/กา)	oracle_blind	N	N	-	phraAphai#phraAphai_77:200	oracle-blind (first_sara): real rhyme the oracle misses
pos_011621	positive	rX_inter	HP_oracle_blind	w2	สีย์->กษัตรี	นิราศทุกข์อิศโรดั่งโกสีย์	นิราศทุกข์อิศโรดั่งโกกษัตรี	อี	กา	ไอ	กา	สี	w2p	กะสัดตรี	w2p	ดี(อี/กา)	oracle_blind	N	N	-	phraAphai#phraAphai_121:8	oracle-blind (first_sara): real rhyme the oracle misses
pos_011622	positive	rX_inter	HP_oracle_blind	w2	ฉวี->กษัตรี	ทูลขอองค์นงลักษณ์วิไลฉวี	ทูลขอองค์นงลักษณ์วิไลกษัตรี	อี	กา	ไอ	กา	ฉะหวี	override	กะสัดตรี	w2p	ตรี(อี/กา)	oracle_blind	N	N	-	phraAphai#phraAphai_130:107	oracle-blind (first_sara): real rhyme the oracle misses
